43700,14501,772.5036,Bryan Gray
43701,11003,3756.989,Jenna Young
43703,16624,3953.9884,Nichole Goel
43704,11005,3729.364,Joe Madan
43705,11011,3756.989,Joe Rana
43708,20042,772.5036,Donald Raman
43709,16351,3953.9884,Luke Nelson
43710,16517,3953.9884,Kelsey Raje
43712,13513,3953.9884,Jeremy Powell
43714,13591,3953.9884,Jon Yuan
43715,16483,3953.9884,Misty Nath
43716,16529,3953.9884,Kelsey Nath
43720,13264,3953.9884,Roger Zheng
43721,13590,3953.9884,Briana Gutierrez
43722,13581,3953.9884,Blake Price
43723,14520,772.5036,Lucas Gray
43724,16520,3953.9884,Kelsey Chande
43725,13258,3953.9884,Roger Ma
43726,14560,772.5036,Sebastian Ramirez
43727,16607,3953.9884,Nichole Jai
43729,11238,3756.989,Ruben Martin
43731,16629,3953.9884,Logan Hill
43732,11025,3729.364,Marshall Sun
43735,16522,3953.9884,Carlos Mitchell
43736,11002,3756.989,Courtney Young
43737,13261,3953.9884,Carson Simmons
43738,11606,3953.9884,Anna Robinson
43739,13563,3953.9884,Miguel Flores
43740,16527,3953.9884,Alex Mitchell
43742,13576,3953.9884,Miguel Russell
43743,11007,3756.989,Marshall Xu
43744,16631,3953.9884,Caleb Scott
43745,16514,3953.9884,Samuel Hill
43746,16616,3953.9884,Gloria Carlson
43750,11591,3953.9884,Barbara Xu
43751,11592,3953.9884,Barbara Luo
43752,13265,3953.9884,Carson Bryant
43753,16482,3953.9884,Thomas Mitchell
43756,19941,772.5036,Julie Xie
43757,11017,3729.364,Chloe Clark
43759,13257,3953.9884,Carson Butler
43760,16352,3953.9884,Jordan Nelson
43761,16493,3953.9884,Kelsey She
43763,16525,3953.9884,Kelsey Nara
43764,16612,3953.9884,Jesse Lopez
43765,11010,3756.989,Joe Schmidt
43766,16518,3953.9884,Caleb Mitchell
43767,11001,3729.364,Amber Young
43771,14559,772.5036,Micheal Alvarez
43772,16524,3953.9884,Gloria Gill
43773,16526,3953.9884,Isaiah Mitchell
43774,16348,3953.9884,Connor Nelson
43775,11027,3756.989,Chloe Hall
43776,13260,3953.9884,Roger Guo
43777,16515,3953.9884,Kelsey Jai
43778,11018,3756.989,Joe Mehta
43780,11599,3953.9884,Anna Harris
43781,16495,3953.9884,Kelsey Shen
43782,16516,3953.9884,Kelsey Pal
43783,16620,3953.9884,Nichole Nath
43785,11601,3953.9884,Anna Martin
43786,11607,3953.9884,Barbara Jai
43788,11239,3729.364,Isabella Martinez
43791,16484,3953.9884,Misty Goel
43792,16623,3953.9884,Jonathan Hill
43793,11000,3756.989,Mary Young
43794,11029,3756.989,Joe Gonzalez
43796,17956,772.5036,Christian Smith
43797,16345,3953.9884,Caleb Nelson
43798,16521,3953.9884,Carlos Hill
43799,16636,3953.9884,Alison Shen
43801,13583,3953.9884,Jon Xu
43802,11593,3953.9884,Barbara Yuan
43804,13585,3953.9884,Y. Yong
43805,14510,772.5036,Jonathon Ortega
43806,16523,3953.9884,Angel Mitchell
43807,11611,3953.9884,Anna Lewis
43808,13259,3953.9884,Roger Liang
43809,16350,3953.9884,Katrina Chapman
43810,11004,3756.989,Chloe Harris
43811,11026,3756.989,Joe Martinez
43815,16494,3953.9884,Kevin Mitchell
43816,16496,3953.9884,Gabriel Mitchell
43817,16519,3953.9884,Jackson Mitchell
43818,16528,3953.9884,Kelsey Rai
43819,11006,3756.989,Chloe Martin
43823,19942,772.5036,Nicole Sandberg
43824,14558,772.5036,Juan Ramirez
43825,16349,3953.9884,Katrina Chande
43826,11008,3729.364,Joe Srini
43830,16347,3953.9884,Katrina Raje
43831,11028,3729.364,Julia Smith
43832,13584,3953.9884,Blake Bennett
43835,19802,3729.364,Byron Ramos
43837,11009,3729.364,Joe Prasad
43840,17957,772.5036,Ethan Thompson
43841,13406,3953.9884,Briana Diaz
43842,16630,3953.9884,Thomas Hill
43919,12124,3953.9884,Taylor Smith
43921,16743,3953.9884,Martin Srini
43922,13546,3953.9884,Miguel Henderson
43924,12132,3953.9884,Taylor Jones
43925,16661,3953.9884,Alison Chande
43926,11055,3729.364,Judith White
43927,16662,3953.9884,Noah Adams
43928,16740,3953.9884,Jack Scott
43931,13548,3953.9884,Miguel Coleman
43932,16741,3953.9884,Martin Madan
43933,11031,3756.989,Julia Williams
43934,11034,3756.989,Joe Perez
43935,20048,772.5036,Donald Garcia
43937,17047,3953.9884,Melody Browning
43938,16686,3953.9884,Francisco Patel
43939,16659,3953.9884,Noah Green
43941,13600,3953.9884,Blake Long
43942,17051,3953.9884,Mason Hernandez
43943,14565,772.5036,Steven Ramirez
43944,11054,3756.989,Julia Jackson
43945,16675,3953.9884,Alison Anand
43946,16687,3953.9884,Francisco Vance
43947,16712,3953.9884,Francisco Fernandez
43948,11047,3756.989,Julia Moore
43951,16696,3953.9884,Francisco Madan
43952,16639,3953.9884,Alison Xie
43953,20049,772.5036,Destiny Brooks
43954,13602,3953.9884,Blake Hughes
43955,13661,3953.9884,Edward Griffin
43956,11030,3756.989,Julia Johnston
43958,16658,3953.9884,Luis Hill
43959,11035,3729.364,Julia Brown
43960,11046,3729.364,Julia Wilson
43963,16685,3953.9884,Robert Green
43964,16745,3953.9884,Martin Prasad
43965,11038,3729.364,Joe Diaz
43966,11039,3756.989,Julia Davis
43970,16684,3953.9884,Francisco Chandra
43971,16657,3953.9884,Alison Andersen
43974,13687,3953.9884,Wyatt Butler
43975,13540,3953.9884,Miguel Bennett
43977,16703,3953.9884,Jonathan Scott
43979,14576,772.5036,Ian Ramirez
43980,11048,3729.364,Julia Taylor
43981,16664,3953.9884,Aaron Hill
43984,13545,3953.9884,Miguel Ross
43985,13515,3953.9884,Jeremiah Long
43988,11244,3756.989,Isabella Lewis
43991,16660,3953.9884,Alison Raje
43992,16638,3953.9884,Samuel Adams
43993,16929,3953.9884,Luke Hernandez
43998,11033,3729.364,Julia Jones
44002,14572,772.5036,Devin Ramirez
44003,19325,772.5036,Olivia Gray
44006,16744,3953.9884,Luis Green
44010,13680,3953.9884,Wyatt Powell
44011,13514,3953.9884,Colin Anand
44012,11052,3729.364,Joe Romero
44013,16928,3953.9884,Caleb Young
44015,13693,3953.9884,Wyatt Bryant
44016,11247,3729.364,Isabella Walker
44019,16701,3953.9884,Francisco Sara
44020,16931,3953.9884,Henry Young
44021,11032,3729.364,Joe Sanchez
44023,19830,3729.364,Lindsay Shan
44024,16663,3953.9884,Alison Chander
44025,16708,3953.9884,Logan Scott
44026,17045,3953.9884,Johnny Yuan
44028,17048,3953.9884,Johnny Kumar
44029,11050,3729.364,Julia Thomas
44030,12131,3953.9884,Kelli Chander
44031,13689,3953.9884,Wyatt Foster
44032,11243,3756.989,Isabella Rodriguez
44033,16693,3953.9884,Timothy Hill
44034,16702,3953.9884,Francisco Rana
44035,16707,3953.9884,Francisco Garcia
44036,17046,3953.9884,Evan Hernandez
44039,17971,772.5036,Ryan Johnson
44040,11057,3729.364,Julia Martin
44041,16742,3953.9884,Jose Scott
44042,13678,3953.9884,Wyatt Perry
44043,13679,3953.9884,Rodney Alonso
44044,13690,3953.9884,Rodney Torres
44048,16713,3953.9884,Kyle Green
44049,13538,3953.9884,Jon Wu
44050,17050,3953.9884,Johnny Lal
44051,13691,3953.9884,Rodney Dominguez
44052,16637,3953.9884,Gabriel Hill
44053,19329,772.5036,Cory Madan
44054,13542,3953.9884,Jon Zhou
44055,13543,3953.9884,Miguel Barnes
44056,13559,3953.9884,Jon Gao
44057,14577,772.5036,Micheal Navarro
44058,11056,3729.364,Julia Harris
44059,16688,3953.9884,Jose Green
44063,11240,3756.989,Isabella Robinson
44067,17049,3953.9884,Jesse King
44068,13541,3953.9884,Miguel Wood
44070,19829,3729.364,Lindsay Sharma
44071,16691,3953.9884,Carlos Adams
44072,16656,3953.9884,Hunter Adams
44073,11044,3729.364,Joe Moreno
44134,13821,3953.9884,Linda Dominguez
44137,17328,3953.9884,Noah Rodriguez
44138,13765,3953.9884,Richard Price
44139,13792,3953.9884,Richard Butler
44140,12221,3953.9884,Emily Williams
44141,13572,3953.9884,Miguel Gonzales
44144,17071,3953.9884,Timothy Wright
44145,17309,3953.9884,Jose Walker
44146,17310,3953.9884,Alan Zhou
44147,17320,3953.9884,Alan Sun
44149,17242,3953.9884,Terry Champion
44150,17315,3953.9884,Alan Lu
44152,11334,3756.989,Christy Li
44157,17055,3953.9884,Sean King
44158,13567,3953.9884,Joan Navarro
44161,13772,3953.9884,Richard Ross
44165,17065,3953.9884,Johnny Chavez
44166,14581,772.5036,Seth Ramirez
44167,17308,3953.9884,Alan Lin
44168,12211,3953.9884,Dawn Yuan
44172,14584,772.5036,Dalton Ramirez
44173,13784,3953.9884,Monique Serrano
44174,17229,3953.9884,Noah Lopez
44175,17246,3953.9884,Terry Rai
44176,12220,3953.9884,Dawn Shan
44177,11337,3729.364,Christy Liu
44180,11058,3756.989,Joe Gutierrez
44181,17294,3953.9884,Noah Brown
44182,17299,3953.9884,Alan Chen
44184,17247,3953.9884,Kevin Lopez
44185,17280,3953.9884,Bethany Jai
44187,17069,3953.9884,Sean Wright
44188,20052,772.5036,Donald Fernandez
44189,20054,772.5036,Destiny Price
44190,11061,3729.364,Joe Torres
44191,17248,3953.9884,Terry Nath
44192,13570,3953.9884,Miguel Foster
44194,17064,3953.9884,Jesse Wright
44195,17249,3953.9884,Hunter Lewis
44196,17295,3953.9884,Bethany Nara
44199,17259,3953.9884,Robert Robinson
44200,17312,3953.9884,Jose Moore
44201,12254,3953.9884,Colleen Chen
44204,14580,772.5036,Micheal Gutierrez
44205,17285,3953.9884,Bethany Pal
44206,11250,3756.989,Natalie Smith
44209,17257,3953.9884,Luis Lopez
44210,13783,3953.9884,Monique Blanco
44213,17351,3953.9884,Krystal Wagner
44214,17332,3953.9884,Robert Lee
44216,13560,3953.9884,Jon Ma
44219,14590,772.5036,Isaiah James
44220,11060,3756.989,Julia Garcia
44221,17255,3953.9884,Jason Lopez
44222,17258,3953.9884,Bethany She
44223,13847,3953.9884,Desiree Munoz
44225,20060,772.5036,Donald Sanchez
44226,12255,3953.9884,Emily Clark
44228,11333,3756.989,Grace Hall
44230,17241,3953.9884,Terry Raje
44231,17973,772.5036,Vincent He
44232,17334,3953.9884,Alan He
44233,13841,3953.9884,Marcus Butler
44237,17056,3953.9884,Johnny Shan
44238,17079,3953.9884,Shaun Deng
44239,12217,3953.9884,Dawn Lal
44240,13580,3953.9884,Miguel Hayes
44243,17278,3953.9884,Noah Smith
44244,17329,3953.9884,Noah Lewis
44246,12219,3953.9884,Emily Johnson
44247,17233,3953.9884,Terry Lal
44248,17240,3953.9884,Kyle Lopez
44249,13845,3953.9884,Desirée Moreno
44252,13777,3953.9884,Richard Johnston
44255,14585,772.5036,Micheal Dominguez
44256,17232,3953.9884,Hunter Rodriguez
44257,12212,3953.9884,Gail Griffin
44258,13579,3953.9884,Miguel Diaz
44262,20149,772.5036,Phillip Suri
44263,17279,3953.9884,Noah Johnson
44264,17286,3953.9884,Robert Lewis
44267,19339,772.5036,Olivia Bennett
44268,13820,3953.9884,Marcus Henderson
44269,14589,772.5036,Angel James
44270,13794,3953.9884,Monique Rubio
44271,13846,3953.9884,Marcus Foster
44272,12256,3953.9884,Colleen Li
44275,17256,3953.9884,Terry Raji
44276,17277,3953.9884,Bethany Shan
44277,17288,3953.9884,Noah Martin
44278,17293,3953.9884,Bethany Chander
44279,17326,3953.9884,Noah Clark
44320,14429,3953.9884,Lee Oliver
44322,17975,772.5036,Vincent Hu
44323,11072,3756.989,Julia Lee
44324,12267,3953.9884,Hannah Smith
44325,11095,3729.364,Roy Vance
44326,17728,3953.9884,Samuel Martinez
44328,17921,3953.9884,Ethan Taylor
44329,17904,3953.9884,Dennis Ye
44332,17510,3953.9884,Gabriel Allen
44333,11343,3756.989,Rachel Davis
44335,20165,772.5036,Shannon Vazquez
44337,11097,3729.364,Roy Malhotra
44338,18188,3953.9884,Todd Wang
44339,18189,3953.9884,Alexander Davis
44340,17354,3953.9884,Thomas Williams
44342,14610,772.5036,Clinton Alvarez
44343,17920,3953.9884,Dennis He
44344,14427,3953.9884,Lee Rubio
44346,14602,772.5036,Micheal Saunders
44347,17911,3953.9884,Hunter Thomas
44348,14159,3953.9884,Sabrina Diaz
44353,14591,772.5036,Micheal Vazquez
44354,14603,772.5036,Micheal Rubio
44355,11093,3756.989,Jennifer Anderson
44356,11099,3756.989,Jennifer Harris
44357,17511,3953.9884,Valerie Zhu
44358,17732,3953.9884,Margaret Zheng
44359,14525,3953.9884,Mathew Romero
44360,14158,3953.9884,Ian Brooks
44361,13686,3953.9884,Wyatt Washington
44364,11092,3729.364,Roy Patel
44365,17912,3953.9884,Dennis Zhu
44366,17502,3953.9884,Jordan Hall
44368,14150,3953.9884,Louis Liu
44370,18193,3953.9884,Benjamin Garcia
44371,17514,3953.9884,Valerie Gao
44372,17736,3953.9884,Logan Miller
44373,13767,3953.9884,Richard Bradley
44374,14157,3953.9884,Louis Wu
44375,14183,3953.9884,Brian Kelly
44379,11080,3729.364,Joe Rubio
44380,17915,3953.9884,David Moore
44381,14191,3953.9884,Sabrina Suarez
44382,11341,3756.989,Rachel Brown
44387,11096,3729.364,Jennifer Jackson
44388,17924,3953.9884,Dennis Zheng
44389,17925,3953.9884,Dennis Hu
44390,17353,3953.9884,Krystal Li
44391,17730,3953.9884,Jonathan Walker
44392,17910,3953.9884,Dennis Sun
44397,14596,772.5036,Mason James
44398,17733,3953.9884,Nathan Williams
44401,17515,3953.9884,Cameron Thompson
44402,13666,3953.9884,Rodney Alvarez
44403,19844,3729.364,Jasmine Barnes
44407,11077,3729.364,Jennifer Smith
44408,11103,3729.364,Roy Arun
44412,11100,3729.364,Roy Sai
44413,13606,3953.9884,Blake Butler
44416,11069,3756.989,Julia Rodriguez
44417,17917,3953.9884,Dennis Liang
44418,17919,3953.9884,Dennis Guo
44419,17352,3953.9884,Krystal Chen
44420,17512,3953.9884,Carlos Hall
44421,13607,3953.9884,Walter Vazquez
44422,19353,772.5036,Olivia Long
44424,17916,3953.9884,Dennis Ma
44425,17504,3953.9884,Adam Hall
44426,13770,3953.9884,Monique Navarro
44427,14146,3953.9884,Louis Chen
44430,17927,3953.9884,Justin Jackson
44431,17725,3953.9884,Margaret Gao
44432,14165,3953.9884,Dalton Brooks
44437,11076,3756.989,Julia Hall
44438,17909,3953.9884,Ethan Wilson
44439,14195,3953.9884,Sabrina Rubio
44440,12261,3953.9884,Emily Lee
44442,14599,772.5036,Micheal Carlson
44443,17370,3953.9884,Jose Martin
44444,13697,3953.9884,Devin Coleman
44445,17478,3953.9884,Robert Hall
44446,17914,3953.9884,Dennis Gao
44447,12265,3953.9884,Colleen Wu
44452,20164,772.5036,Phillip Sara
44453,17923,3953.9884,Benjamin Brown
44454,17926,3953.9884,David Taylor
44455,17513,3953.9884,Angel Hall
44460,20150,772.5036,Phillip Kapoor
44461,17918,3953.9884,Ethan Moore
44462,14155,3953.9884,Louis Huang
44463,19340,772.5036,Cory Raman
44465,14613,772.5036,Clinton Moreno
44467,11070,3756.989,Julia Lewis
44468,11075,3729.364,Julia Walker
44469,17734,3953.9884,Samuel Smith
44470,17735,3953.9884,Zachary Lewis
44472,13685,3953.9884,Wyatt Flores
44474,14601,772.5036,Sheila Gutierrez
44475,11101,3756.989,Jennifer Thompson
44476,17913,3953.9884,Abby Sandberg
44477,17922,3953.9884,Ethan Anderson
44478,17726,3953.9884,Margaret Ma
44574,11107,3729.364,Roy Madan
44575,11110,3756.989,Jennifer Lee
44580,13782,3953.9884,Richard Long
44581,11108,3729.364,Jennifer Lewis
44582,11134,3756.989,Marshall Guo
44583,18210,3953.9884,Todd Zhao
44589,11104,3756.989,Jennifer Robinson
44590,13795,3953.9884,Richard Foster
44591,17987,772.5036,Brent Chen
44594,18250,3953.9884,John Robinson
44595,11124,3756.989,Roy Garcia
44596,18238,3953.9884,Curtis Wang
44597,12290,3953.9884,Colleen Harrison
44600,18243,3953.9884,William Martin
44601,11117,3756.989,Kaitlyn Johnson
44602,14702,3953.9884,Hector Diaz
44603,20167,772.5036,Alyssa Kelly
44604,19364,772.5036,Nelson Blanco
44608,18200,3953.9884,Christopher Martin
44609,18220,3953.9884,Todd Gao
44610,18241,3953.9884,William Harris
44611,13778,3953.9884,Monique Gill
44618,18205,3953.9884,John Garcia
44619,13789,3953.9884,Richard Washington
44620,18204,3953.9884,Benjamin Lewis
44621,18217,3953.9884,Todd Sun
44622,13771,3953.9884,Richard Blue
44623,12301,3953.9884,Hannah Clark
44624,19357,772.5036,Olivia Flores
44626,18272,3953.9884,Curtis Zheng
44627,11109,3729.364,Roy Srini
44628,11356,3729.364,Rachel White
44629,18209,3953.9884,William White
44632,18196,3953.9884,Benjamin Robinson
44633,18203,3953.9884,Todd Lin
44634,18213,3953.9884,Todd Lu
44635,18218,3953.9884,Alexander Walker
44636,14705,3953.9884,Jesse Richardson
44639,14617,772.5036,Clinton Munoz
44640,18246,3953.9884,Christopher Martinez
44641,18255,3953.9884,Christopher Clark
44643,12280,3953.9884,Hannah Moore
44644,12279,3953.9884,Colleen Zhu
44645,11344,3756.989,Rachel Miller
44650,11147,3729.364,Roy Hernandez
44651,14720,3953.9884,Hector Gutierrez
44653,20170,772.5036,Phillip Sullivan
44655,11105,3756.989,Jennifer Clark
44656,18275,3953.9884,Alexander Taylor
44657,11120,3729.364,Kaitlyn Williams
44658,18201,3953.9884,Benjamin Clark
44659,18208,3953.9884,Janelle Chandra
44661,14639,772.5036,Isaac Cooper
44662,11151,3729.364,Kaitlyn Rodriguez
44663,18212,3953.9884,Austin Brown
44664,18222,3953.9884,John Smith
44670,18245,3953.9884,Curtis Liu
44671,18268,3953.9884,Alexander Miller
44672,18207,3953.9884,John Martinez
44673,13790,3953.9884,Monique Suarez
44676,18198,3953.9884,Todd Yang
44679,11106,3756.989,Jennifer Rodriguez
44680,12296,3953.9884,Hannah Garcia
44681,17982,772.5036,Ryan Davis
44685,18249,3953.9884,William Thompson
44686,14712,3953.9884,Hector Alonso
44687,20172,772.5036,Phillip Mehta
44688,18244,3953.9884,Christopher Garcia
44689,18269,3953.9884,Curtis Guo
44690,11111,3756.989,Jennifer Walker
44695,19855,3756.989,Lindsay Raji
44696,18254,3953.9884,Curtis Zhou
44697,18219,3953.9884,Todd Zhu
44701,14636,772.5036,Clinton Serrano
44702,18260,3953.9884,Zachary Johnson
44703,12300,3953.9884,Colleen She
44709,18240,3953.9884,Austin Harris
44711,18248,3953.9884,Curtis Wu
44712,11112,3729.364,Marshall Liang
44717,14616,772.5036,Marcus Rivera
44718,18239,3953.9884,Austin White
44719,14700,3953.9884,Walter Romero
44722,13774,3953.9884,Richard Coleman
44726,14614,772.5036,Eduardo Rivera
44727,18273,3953.9884,Curtis Hu
44728,11126,3756.989,Roy Fernandez
44729,12307,3953.9884,Colleen Tang
44730,14697,3953.9884,Alex Richardson
44732,18251,3953.9884,John Jones
44733,18214,3953.9884,Christian Martinez
44734,12285,3953.9884,Colleen Guo
44736,14634,772.5036,Clinton Blanco
44737,18242,3953.9884,Curtis Li
44738,18252,3953.9884,Curtis Lin
44739,18202,3953.9884,Benjamin Rodriguez
44803,12383,3953.9884,Samantha Harris
44806,18452,3953.9884,Larry Serrano
44807,11365,3729.364,Rachel Garcia
44808,13836,3953.9884,Marcus Flores
44809,20552,772.5036,Kaitlyn Rogers
44813,18695,3953.9884,Erika Alvarez
44814,18281,3953.9884,William Martinez
44815,11444,3729.364,Jenny Huang
44816,12321,3953.9884,Madison Miller
44817,14777,3953.9884,Jesse Cox
44822,18486,3953.9884,Brandi Dominguez
44823,18488,3953.9884,Daniel Thompson
44824,18694,3953.9884,Jacob Thomas
44825,18309,3953.9884,Alexander Martinez
44826,12308,3953.9884,Hannah Lee
44829,14643,772.5036,Jamie Hernandez
44830,18337,3953.9884,Frank Moreno
44835,18338,3953.9884,Frank Munoz
44836,18465,3953.9884,Larry Ortega
44837,13808,3953.9884,Richard Diaz
44838,14138,3953.9884,Lori Rubio
44841,18335,3953.9884,Zachary Davis
44842,14140,3953.9884,Lori Ortega
44846,18334,3953.9884,John Anderson
44847,11445,3756.989,Nicole Anderson
44849,17996,772.5036,Ryan Anderson
44850,19417,772.5036,Victoria Watson
44853,19874,3729.364,Jasmine Alexander
44856,14651,772.5036,Jamie Ashe
44857,18484,3953.9884,Dylan Jones
44858,18487,3953.9884,Brandi Gill
44859,18495,3953.9884,Zachary Anderson
44860,18693,3953.9884,Jacob Anderson
44861,18288,3953.9884,Brandon Jackson
44862,18457,3953.9884,Nicholas Lee
44863,18467,3953.9884,Brandon Walker
44864,11364,3729.364,Christy Liang
44865,11372,3729.364,Christy Zheng
44866,11443,3729.364,Nicole Taylor
44867,14793,3953.9884,Juan Cox
44869,18700,3953.9884,Erika Romero
44870,18301,3953.9884,Alexander White
44871,11363,3756.989,Rachel Thompson
44874,18004,772.5036,Brent Ye
44880,18470,3953.9884,Brandi Diaz
44881,18496,3953.9884,Brandi Serrano
44882,18703,3953.9884,Jacob Martinez
44883,18296,3953.9884,Jorge Zhou
44884,18308,3953.9884,Dylan Miller
44885,14833,3953.9884,Mason Howard
44889,11351,3729.364,Rachel Thomas
44890,11381,3756.989,Rachel Hall
44897,18696,3953.9884,Jacob White
44898,18307,3953.9884,Jorge Xu
44899,11353,3729.364,Marshall Sutton
44900,14778,3953.9884,Sean Cox
44901,12332,3953.9884,Madison White
44902,13829,3953.9884,Linda Ramos
44903,18284,3953.9884,Jorge Wang
44904,11359,3729.364,Christy Gao
44905,13822,3953.9884,Linda Gill
44906,14832,3953.9884,Roberto Sanz
44907,19415,772.5036,Victoria James
44913,18468,3953.9884,Brandi Gomez
44914,18491,3953.9884,Dylan Anderson
44915,18461,3953.9884,Brandon Lewis
44916,18463,3953.9884,Larry Rubio
44917,13842,3953.9884,Desiree Alvarez
44920,14648,772.5036,Jamie Moreno
44921,18489,3953.9884,Daniel Taylor
44922,18277,3953.9884,Curtis Zeng
44923,18336,3953.9884,Janelle Madan
44925,18493,3953.9884,Brandi Blanco
44927,11448,3729.364,Nicole Thomas
44928,14843,3953.9884,Patrick Howard
44929,12398,3953.9884,Lacey Cai
44932,18303,3953.9884,Jorge Lu
44933,18276,3953.9884,Janelle Sai
44934,14771,3953.9884,Evan Cox
44935,12333,3953.9884,Colleen Andersen
44940,18490,3953.9884,Brandi Vazquez
44941,18697,3953.9884,Jacob Harris
44942,18701,3953.9884,Erika Navarro
44946,11357,3729.364,Christy Sun
44947,11446,3756.989,Jenny Wu
44948,12395,3953.9884,Lacey Zheng
44956,11449,3729.364,Jenny Zhou
44958,20173,772.5036,Phillip Garcia
44964,14647,772.5036,Timothy Cooper
44965,14649,772.5036,Brian Cooper
44966,18458,3953.9884,Tyler Smith
44967,14794,3953.9884,Sebastian Cox
44968,19365,772.5036,Shane Kovar
44973,18482,3953.9884,Janelle Garcia
44974,14776,3953.9884,Danny Suarez
44978,14652,772.5036,Bryce Cooper
44979,18469,3953.9884,Brandi Ruiz
44980,18699,3953.9884,Erika Munoz
44981,18462,3953.9884,Daniel Weisman
44985,18692,3953.9884,Erika Hernandez
44987,12323,3953.9884,Colleen Sharma
44988,17999,772.5036,Brent Wu
44990,14645,772.5036,Sean Cooper
44991,18698,3953.9884,Orlando Hernandez
44992,18464,3953.9884,Brandon Lee
44993,11368,3729.364,Christy Guo
44998,14646,772.5036,Jamie Jimenez
44999,18485,3953.9884,Dylan Brown
45000,18297,3953.9884,Jorge Ye
45001,18302,3953.9884,Alexander Harris
45002,13844,3953.9884,Desiree Jimenez
45006,12373,3953.9884,Samantha Wilson
45007,14137,3953.9884,Cole Brooks
45008,14831,3953.9884,Evan Howard
45009,19387,772.5036,Shane Mehta
45012,14650,772.5036,Jamie Muñoz
45013,18483,3953.9884,Brandi Gutierrez
45015,11360,3756.989,Rachel Harris
45016,14770,3953.9884,Danny Blanco
45018,18494,3953.9884,Tyler Williams
45019,18691,3953.9884,Jacob Taylor
45020,18332,3953.9884,Alan Zhang
45021,11358,3729.364,Christy Zhu
45022,11447,3729.364,Jenny Lin
45023,13807,3953.9884,Linda Munoz
45028,18702,3953.9884,Erika Gutierrez
45029,18331,3953.9884,Nicholas Rodriguez
45030,11450,3729.364,Marshall Lal
45031,14792,3953.9884,Chase Cox
45032,14139,3953.9884,Jared Brooks
45078,12494,3953.9884,Sarah Lee
45080,14657,772.5036,Juan Cooper
45082,11455,3729.364,Jenny Lu
45083,14947,3953.9884,Randall Hernandez
45085,18746,3953.9884,Michael Martinez
45086,18747,3953.9884,Michael Robinson
45087,11388,3729.364,Jasmine Brown
45088,11398,3756.989,Christy Lal
45091,18909,3953.9884,Joseph Johnson
45092,18899,3953.9884,Orlando Gill
45093,18906,3953.9884,Andrew Walker
45095,11394,3756.989,Jill Moore
45096,12483,3953.9884,Sarah Garcia
45100,19428,772.5036,Douglas Rana
45106,19987,3729.364,Tara Yuan
45109,14937,3953.9884,Randall Martin
45110,18710,3953.9884,Erika Gill
45112,20558,772.5036,Kaitlyn Blue
45117,14727,772.5036,Hector Blanco
45118,18722,3953.9884,Erika Carlson
45119,18740,3953.9884,Michael Martin
45120,11751,3756.989,Ross Vance
45124,18725,3953.9884,Michael Wilson
45125,18708,3953.9884,Jacob Rodriguez
45126,12480,3953.9884,Sarah Harris
45128,18726,3953.9884,Erika Sanz
45129,11759,3729.364,Ross Srini
45130,14975,3953.9884,Paula Jimenez
45136,19084,3953.9884,Megan Morgan
45137,18735,3953.9884,Orlando Jiménez
45138,11452,3729.364,Nicole Jackson
45139,12468,3953.9884,Alejandro Chen
45140,12485,3953.9884,Alejandro Zhou
45144,19093,3953.9884,Craig Ortega
45145,18716,3953.9884,Erika Blanco
45146,14950,3953.9884,Bryce Morgan
45148,14656,772.5036,Chase Cooper
45149,14941,3953.9884,Isaac Morgan
45153,19089,3953.9884,Craig Rubio
45154,18767,3953.9884,Natasha Ramos
45155,18900,3953.9884,Whitney Sara
45156,11465,3756.989,Nicole Robinson
45157,11750,3756.989,Olivia Brown
45159,11400,3729.364,Jasmine Thomas
45160,14984,3953.9884,Randall Suarez
45162,18721,3953.9884,Michael Davis
45164,11453,3729.364,Nicole White
45166,19083,3953.9884,Craig Carlson
45167,18706,3953.9884,Jacob Clark
45168,18738,3953.9884,Natasha Diaz
45169,18766,3953.9884,Joshua Davis
45170,11462,3729.364,Jenny Liang
45171,11754,3756.989,Ross Arun
45172,18008,772.5036,Brent Sun
45177,18903,3953.9884,Andrew Lee
45178,11456,3756.989,Jenny Xu
45179,11457,3729.364,Jenny Sun
45180,15046,3953.9884,Ian Bell
45181,14929,3953.9884,Albert Castro
45182,18769,3953.9884,Natasha Carlson
45185,14949,3953.9884,Brian Morgan
45186,14991,3953.9884,Carlos Bell
45187,15047,3953.9884,Paula Romero
45188,14861,3953.9884,Jared Howard
45190,18931,3953.9884,Chelsea Patel
45191,14660,772.5036,Jamie Gutierrez
45192,14846,3953.9884,Paula Martin
45195,18929,3953.9884,Joseph Thomas
45196,18739,3953.9884,Michael Harris
45197,18902,3953.9884,Whitney Rana
45198,14847,3953.9884,Lance Alvarez
45202,19094,3953.9884,Derrick Martin
45203,18907,3953.9884,Joseph Smith
45204,11460,3756.989,Nicole Thompson
45206,12474,3953.9884,Sarah Thomas
45208,19884,3756.989,Christine Chande
45211,18724,3953.9884,Erika Suarez
45212,18729,3953.9884,Erika Ortega
45213,11464,3729.364,Jenny Guo
45214,12464,3953.9884,Alejandro Zhang
45222,14728,772.5036,Garrett Richardson
45223,18930,3953.9884,Chelsea Chandra
45224,18723,3953.9884,Michael Miller
45225,14653,772.5036,Nathaniel Cooper
45226,14662,772.5036,Bryan Cooper
45227,14726,772.5036,Hector Vazquez
45228,18768,3953.9884,Joshua Miller
45229,11387,3729.364,Jasmine Jones
45231,18908,3953.9884,Whitney Mehta
45232,18736,3953.9884,Natasha Ruiz
45233,11472,3756.989,Jenny Hu
45234,18009,772.5036,David Jackson
45236,18731,3953.9884,Natasha Martin
45237,18737,3953.9884,Michael White
45238,11459,3756.989,Jenny Zhu
45239,19420,772.5036,Douglas Arun
45244,11756,3729.364,Olivia Wilson
45245,18928,3953.9884,Chelsea Jordan
45246,18709,3953.9884,Jacob Lewis
45248,11451,3756.989,Jenny Ye
45249,14928,3953.9884,Paula Hernandez
45250,14147,3953.9884,Charles Brooks
45251,19422,772.5036,Victoria Sanders
45256,14664,772.5036,Jamie Dominguez
45257,18718,3953.9884,Erika Serrano
45263,14722,772.5036,Hector Torres
45264,11454,3729.364,Nicole Harris
45265,11461,3729.364,Jenny McDonald
45345,15048,3953.9884,Gina Alvarez
45347,14733,772.5036,Cody Richardson
45348,19562,3953.9884,Monica Lopez
45349,19568,3953.9884,Monica Perez
45350,19613,3953.9884,Cassandra Sai
45351,12520,3953.9884,Alejandro She
45352,15081,3953.9884,Jill Diaz
45354,19432,772.5036,Douglas Subram
45356,19096,3953.9884,Derrick Ruiz
45359,11227,3953.9884,Isabella Thomas
45362,19271,3953.9884,Brianna Foster
45363,19565,3953.9884,Monica Rodriguez
45364,14161,3953.9884,Lucas Brooks
45365,15078,3953.9884,Isaac Murphy
45366,18011,772.5036,Brent Zhu
45367,20561,772.5036,Kaitlyn Murphy
45368,14732,772.5036,Hector Ramos
45369,19269,3953.9884,Brianna Simmons
45370,19270,3953.9884,Erik Alvarez
45371,15062,3953.9884,Gina Gill
45375,19596,3953.9884,Grace Bell
45376,11761,3756.989,Ross Prasad
45377,15077,3953.9884,Jill Gomez
45380,18010,772.5036,Ryan Martinez
45381,19988,3756.989,Nicole Gonzales
45382,11129,3953.9884,Kaitlyn Moore
45383,14734,772.5036,Sheila Ramos
45385,14735,772.5036,Hector Carlson
45386,19607,3953.9884,Cassandra Chandra
45387,11224,3953.9884,Isabella Taylor
45389,11090,3953.9884,Jennifer Moore
45390,19560,3953.9884,Monica Garcia
45391,19588,3953.9884,Holly Subram
45392,11762,3756.989,Olivia Taylor
45393,14171,3953.9884,Sabrina Alonso
45394,11468,3729.364,Jenny He
45396,19594,3953.9884,Byron Jiménez
45397,15051,3953.9884,Gina Moreno
45398,15059,3953.9884,Dalton Bell
45399,19598,3953.9884,Grace Murphy
45400,14162,3953.9884,Sabrina Alvarez
45401,15058,3953.9884,Gina Torres
45402,11413,3756.989,Jill Martinez
45404,11217,3953.9884,Ruben Raman
45409,19612,3953.9884,Grace Cox
45410,14149,3953.9884,Louis Li
45413,11191,3953.9884,Morgan Martin
45414,18038,772.5036,Jeffery Li
45418,19264,3953.9884,Erik Gomez
45419,19555,3953.9884,Emma Hughes
45420,19561,3953.9884,Emma Butler
45421,19576,3953.9884,Holly Malhotra
45423,19997,3729.364,Destiny Stewart
45425,15056,3953.9884,Xavier Bell
45426,14164,3953.9884,Xavier Brooks
45428,11414,3756.989,Jasmine Robinson
45432,14167,3953.9884,Sabrina Jimenez
45433,12547,3953.9884,Samantha Alexander
45434,11252,3953.9884,Ruben Alvarez
45435,20562,772.5036,Dwayne Gill
45440,14198,3953.9884,Steven Kelly
45441,11216,3953.9884,Isabella Davis
45444,19102,3953.9884,Nelson Ruiz
45445,19105,3953.9884,Derrick Munoz
45447,19558,3953.9884,Monica Mehta
45449,14189,3953.9884,Sabrina Ramos
45452,19559,3953.9884,Emma Washington
45453,12549,3953.9884,Samantha Russell
45455,14163,3953.9884,Seth Brooks
45458,19599,3953.9884,Grace Bailey
45459,19605,3953.9884,Cassandra Suri
45463,11171,3953.9884,Roy Vazquez
45464,19586,3953.9884,Grace Morris
45466,19611,3953.9884,Cassandra Malhotra
45467,11422,3756.989,Christy Goel
45469,19989,3729.364,Nicole Bryant
45472,19095,3953.9884,Derrick Gomez
45473,19592,3953.9884,Holly Garcia
45474,19595,3953.9884,Holly Fernandez
45475,19601,3953.9884,Holly Sanchez
45476,19614,3953.9884,Grace Howard
45477,14160,3953.9884,Sabrina Hernandez
45479,19099,3953.9884,Megan Richardson
45480,19564,3953.9884,Monica Gonzalez
45481,19563,3953.9884,Monica Martinez
45482,12522,3953.9884,Samantha Ross
45483,14181,3953.9884,Patrick Kelly
45485,11257,3953.9884,Natalie Brown
45486,14737,772.5036,Hector Sanz
45487,19556,3953.9884,Monica Subram
45488,19577,3953.9884,Holly Sai
45489,19602,3953.9884,Holly Perez
45492,19429,772.5036,Victoria Wood
45493,14731,772.5036,Adrian Richardson
45494,19609,3953.9884,Grace Richardson
45500,11189,3953.9884,Ruben Chandra
45504,14730,772.5036,Steven Richardson
45505,19593,3953.9884,Grace Morgan
45506,19615,3953.9884,Grace Ward
45507,19616,3953.9884,Grace Torres
45508,12510,3953.9884,Madison Griffin
45509,14148,3953.9884,Joy Dominguez
45511,12523,3953.9884,Samantha Henderson
45512,11175,3953.9884,Morgan Davis
45515,19557,3953.9884,Emma Flores
45580,14428,3953.9884,Sebastian Peterson
45581,11263,3953.9884,Natalie Moore
45583,11274,3953.9884,Natalie Harris
45585,11905,3729.364,Elizabeth Jones
45586,12613,3953.9884,Clayton He
45587,11531,3953.9884,Jenny Ferrier
45588,11275,3953.9884,Ruben Gill
45589,19784,3953.9884,Byron Serrano
45590,19763,3953.9884,Rachel Powell
45592,11897,3756.989,Grace Smith
45593,15118,3953.9884,Jill Rubio
45594,11282,3953.9884,Ruben Serrano
45595,11515,3953.9884,Destiny Lewis
45596,20564,772.5036,April Anand
45597,14740,772.5036,Hector Ortega
45598,14744,772.5036,Richard Richardson
45599,19794,3953.9884,Jasmine Rogers
45600,19628,3953.9884,Cassandra Rana
45601,11893,3729.364,Tamara Yuan
45602,12607,3953.9884,Clayton Gao
45603,11296,3953.9884,Lacey Pal
45604,11317,3953.9884,Grace Martin
45605,11626,3953.9884,Barbara Goel
45606,19967,3953.9884,Nicole Powell
45608,11896,3729.364,Tamara Lal
45609,14774,3953.9884,Danny Ramos
45610,11303,3953.9884,Grace Davis
45611,11535,3953.9884,Alyssa Ashe
45612,14795,3953.9884,Cole Cox
45613,11522,3953.9884,Jenny Goel
45615,18137,772.5036,Christopher Thomas
45616,14800,3953.9884,Roberto Moreno
45617,15354,3953.9884,Angel Rogers
45618,12618,3953.9884,Sarah Henderson
45619,19787,3953.9884,Alicia Sharma
45620,19951,3953.9884,Nicole Wood
45621,11768,3756.989,Ross Raman
45623,14769,3953.9884,Danny Vazquez
45624,11291,3953.9884,Lacey Shan
45625,11307,3953.9884,Grace Moore
45626,11259,3953.9884,Natalie Miller
45627,18039,772.5036,Benjamin Taylor
45628,19795,3953.9884,Alicia Andersen
45629,11892,3756.989,Tamara Luo
45630,11899,3729.364,Sarah Hall
45631,11237,3729.364,Isabella Garcia
45632,14775,3953.9884,Danny Carlson
45634,19766,3953.9884,Brandy Patel
45636,11302,3953.9884,Grace Brown
45637,11525,3953.9884,Alyssa Brown
45638,14746,772.5036,Danny Diaz
45639,19782,3953.9884,Alicia Yuan
45640,19964,3953.9884,Julie Chander
45642,11623,3953.9884,Lauren Davis
45643,14541,3953.9884,Mathew Ramos
45645,11482,3729.364,Destiny Brown
45646,11289,3953.9884,Natalie Walker
45648,19791,3953.9884,Jasmine Stewart
45649,11319,3953.9884,Lacey Raji
45651,19771,3953.9884,Rachel Washington
45653,11764,3756.989,Olivia Thomas
45655,11323,3953.9884,Grace Martinez
45656,11617,3953.9884,Lauren Johnson
45657,11266,3953.9884,Ruben Navarro
45658,11270,3953.9884,Natalie Thomas
45660,19797,3953.9884,Jasmine Cook
45662,11906,3729.364,Tamara Pal
45663,11901,3756.989,Elizabeth Johnson
45664,14713,3953.9884,Bryce Richardson
45666,14738,772.5036,Charles Richardson
45667,19957,3953.9884,Julie Jai
45668,11298,3953.9884,Lacey Andersen
45669,11528,3953.9884,Alyssa Miller
45670,11541,3953.9884,Alyssa White
45671,11628,3953.9884,Barbara Beck
45672,19438,772.5036,Douglas Fernandez
45673,19790,3953.9884,Rachel Diaz
45674,19948,3953.9884,Kelvin Cai
45676,11765,3729.364,Ross Sara
45677,11895,3729.364,Emma Hall
45678,11281,3953.9884,Natalie Martinez
45679,11540,3953.9884,Alyssa Jackson
45681,19789,3953.9884,Alicia Shan
45682,19950,3953.9884,Nicole Bennett
45683,14709,3953.9884,Hector Moreno
45684,11485,3756.989,Destiny Miller
45685,18132,772.5036,David Davis
45688,14741,772.5036,Eduardo Richardson
45689,19773,3953.9884,Rachel Butler
45690,19958,3953.9884,Nicole Henderson
45691,11898,3756.989,Sarah Walker
45692,14425,3953.9884,Juan Peterson
45693,15083,3953.9884,Sean Murphy
45694,15097,3953.9884,Jill Travers
45695,11292,3953.9884,Natalie Hall
45696,11326,3953.9884,Grace Clark
45697,11516,3953.9884,Jenny Rai
45698,14747,772.5036,Danny Hernandez
45699,14750,772.5036,Danny Alvarez
45700,11278,3953.9884,Natalie Thompson
45701,11538,3953.9884,Barbara Li
45702,18131,772.5036,David Brown
45703,19947,3953.9884,Julie Yuan
45704,14772,3953.9884,Danny Serrano
45706,11267,3953.9884,Ruben Gutierrez
45707,11904,3756.989,Tamara Johnston
45708,19765,3953.9884,Rachel Patterson
45709,19793,3953.9884,Alicia Pal
45710,19963,3953.9884,Nicole Jenkins
45711,19621,3953.9884,Grace Ramirez
45712,11767,3756.989,Ross Rana
45713,15088,3953.9884,Jill Jimenez
45714,11534,3953.9884,Barbara Zhang
45715,19770,3953.9884,Rachel Flores
45716,19783,3953.9884,Kelvin Hu
45717,11325,3953.9884,Christy Zimmerman
45718,11272,3953.9884,Natalie Jackson
45719,20000,3729.364,Shannon Johnston
45720,19653,3953.9884,Grace Long
45721,11766,3756.989,Olivia Jackson
45722,11908,3729.364,Elizabeth Brown
45723,11290,3953.9884,Ruben Saunders
45724,12620,3953.9884,Sarah Coleman
45725,14789,3953.9884,Roberto Diaz
45726,12614,3953.9884,Nuan Zheng
45727,11909,3729.364,Elizabeth Davis
45728,14426,3953.9884,Lee Suarez
45729,15087,3953.9884,Brian Murphy
45731,11286,3953.9884,Natalie Lewis
45732,11537,3953.9884,Barbara Chen
45733,11624,3953.9884,Kirk Nason
45734,11630,3953.9884,Barbara Ashe
45735,19792,3953.9884,Alicia Jai
45736,19960,3953.9884,Julie Pal
45737,19965,3953.9884,Nicole Perry
45738,11900,3756.989,Tamara Sharma
45739,11903,3729.364,Warren Wu
45740,19786,3953.9884,Alicia Lal
45741,19788,3953.9884,Rachel Griffin
45742,19620,3953.9884,Grace Gray
45743,19631,3953.9884,Grace Kelly
45744,11894,3729.364,Tamara Kumar
45745,15089,3953.9884,Bryce Murphy
45747,11539,3953.9884,Alyssa Thomas
45748,18046,772.5036,Jeffery Wu
45749,14797,3953.9884,Jared Cox
45751,14739,772.5036,Devin Richardson
45752,19772,3953.9884,Alicia Xie
45753,19966,3953.9884,Shannon Hernandez
45754,11529,3953.9884,Alyssa Wilson
45755,11536,3953.9884,Barbara Wang
45756,11625,3953.9884,Lauren Miller
45757,12561,3953.9884,Ashley Bennett
45758,15106,3953.9884,Bryan Murphy
45759,11295,3953.9884,Grace Johnson
45760,11329,3953.9884,Christy Chow
45761,11629,3953.9884,Barbara Raji
45762,12621,3953.9884,Juan Vazquez
45763,19959,3953.9884,Nicole Coleman
45764,19652,3953.9884,Patricia Kapoor
45765,11245,3729.364,Ruben Ruiz
45766,11297,3953.9884,Grace Williams
45767,11299,3953.9884,Grace Jones
45768,11324,3953.9884,Marshall Xie
45769,11327,3953.9884,Christy Wang
45770,19956,3953.9884,Julie Shan
45771,11271,3953.9884,Ruben Dominguez
45772,19785,3953.9884,Rachel Russell
45773,19949,3953.9884,Julie Kumar
45774,11261,3953.9884,Ruben Alonso
45775,14207,3953.9884,Eduardo Kelly
45777,11907,3756.989,Tamara Andersen
45816,11830,3953.9884,Gerald Jordan
45817,14801,3953.9884,Steven Cox
45818,14868,772.5036,Adrian Howard
45819,20160,3953.9884,Phillip Madan
45822,20246,3953.9884,Derek Sharma
45823,20253,3953.9884,Carol Cooper
45824,11696,3953.9884,Pedro Muñoz
45827,15440,3953.9884,Sebastian Reed
45828,14753,772.5036,Lucas Richardson
45829,20245,3953.9884,Chloe Bell
45830,20151,3953.9884,Phillip Chapman
45831,20158,3953.9884,Phillip Sai
45832,11916,3729.364,Tamara Chander
45833,11815,3953.9884,Victoria White
45834,11816,3953.9884,Victoria Martin
45835,11688,3953.9884,Megan Martin
45836,14823,3953.9884,Jeremy Cox
45838,20213,3953.9884,George Fernandez
45839,11915,3729.364,Tamara Chande
45840,11246,3729.364,Isabella Lee
45841,12804,3953.9884,Oscar Gonzales
45842,11742,3953.9884,Marshall Raji
45843,11775,3953.9884,Ross Lopez
45844,11812,3953.9884,Ross Gutierrez
45848,14852,772.5036,Lance Munoz
45849,20154,3953.9884,Alyssa James
45850,11776,3953.9884,Olivia Garcia
45851,11683,3953.9884,Megan Thomas
45852,18143,772.5036,David Rodriguez
45853,15453,3953.9884,Rodrigo Ready
45854,15620,3953.9884,Jimmy Martin
45855,14754,772.5036,Danny Munoz
45856,20247,3953.9884,Derek Shan
45857,11919,3729.364,Elizabeth Jackson
45858,11952,3729.364,Kayla Miller
45859,12754,3953.9884,Alexis Jenkins
45861,12650,3953.9884,Sarah Diaz
45862,14827,3953.9884,Angel Howard
45863,11873,3953.9884,Tamara Guo
45864,19968,3953.9884,Julie Goel
45865,20157,3953.9884,Phillip Malhotra
45866,15621,3953.9884,Jason Evans
45867,11772,3953.9884,Ross Mehta
45868,14819,3953.9884,Lucas Cox
45869,14822,3953.9884,Dalton Cox
45872,11249,3756.989,Ruben Diaz
45873,11925,3953.9884,Tamara Goldberg
45874,20007,3729.364,Tara Raje
45875,20242,3953.9884,Don Lal
45876,19975,3953.9884,Tara She
45877,11910,3729.364,Elizabeth Miller
45878,12750,3953.9884,Omar Shan
45879,19443,772.5036,Douglas Rodriguez
45880,11707,3953.9884,Brianna Smith
45882,11745,3953.9884,Olivia Smith
45883,11799,3953.9884,Victoria Davis
45884,11678,3953.9884,Megan Moore
45885,12655,3953.9884,Elizabeth Bradley
45887,14880,772.5036,Lance Rubio
45888,20217,3953.9884,George Martinez
45889,11920,3729.364,Tamara Nath
45890,11338,3729.364,Rachel Williams
45891,11380,3756.989,Rachel Walker
45892,20226,3953.9884,Cory Kapoor
45894,19450,772.5036,Raymond Chandra
45895,11727,3953.9884,Brianna Martin
45896,12632,3953.9884,Clayton Tang
45897,11933,3953.9884,Elizabeth Lewis
45899,11817,3953.9884,Ross Gill
45900,11837,3953.9884,Victoria Lewis
45901,11665,3953.9884,Megan Smith
45902,15614,3953.9884,Ricky Sanz
45903,15619,3953.9884,Elijah Evans
45904,20241,3953.9884,Derek Kumar
45905,20152,3953.9884,Alyssa Ramirez
45906,20159,3953.9884,Phillip Arun
45907,20214,3953.9884,Alyssa Bryant
45908,11918,3756.989,Elizabeth Thomas
45909,11947,3729.364,Alisha Yang
45910,11777,3953.9884,Olivia Martinez
45911,11797,3953.9884,Victoria Brown
45914,11929,3729.364,Tammy Raji
45915,11930,3756.989,Elizabeth Robinson
45916,11964,3756.989,Alisha Zhu
45917,11332,3756.989,Grace Walker
45918,11741,3953.9884,Brianna Walker
45919,11780,3953.9884,Damien Xu
45921,11798,3953.9884,Ross Diaz
45923,11811,3953.9884,Ross Navarro
45924,14803,3953.9884,Adrian Cox
45925,11942,3756.989,Kayla Johnson
45927,11796,3953.9884,Victoria Jones
45928,11813,3953.9884,Victoria Jackson
45929,11825,3953.9884,Ross Carlson
45930,18148,772.5036,David Walker
45931,20249,3953.9884,Derek Jai
45932,20211,3953.9884,George Mehta
45933,11779,3953.9884,Ross Martinez
45934,11666,3953.9884,Megan Johnson
45935,19439,772.5036,Douglas Martinez
45937,14824,3953.9884,Roberto Ramos
45938,11654,3953.9884,Pedro Rana
45939,14757,772.5036,Xavier Richardson
45940,20244,3953.9884,Chloe Morgan
45941,19978,3953.9884,Nicole Washington
45942,20219,3953.9884,George Gonzalez
45943,20221,3953.9884,George Sanchez
45944,20225,3953.9884,Cory Suri
45946,11914,3729.364,Elizabeth Taylor
45947,11943,3729.364,Kayla Williams
45948,14879,772.5036,Ian Howard
45949,19970,3953.9884,Julie Becker
45950,19974,3953.9884,Nicole Flores
45951,11944,3729.364,Kayla Jones
45952,11969,3756.989,Warren Ye
45954,11810,3953.9884,Victoria Thomas
45956,19979,3953.9884,Shannon Alvarez
45957,11809,3953.9884,Victoria Anderson
45958,11818,3953.9884,Victoria Thompson
45959,11872,3953.9884,Emma Harris
45960,11671,3953.9884,Megan Jones
45961,12717,3953.9884,Omar Zheng
45962,20227,3953.9884,Cory Chandra
45963,20238,3953.9884,Chloe Reed
45964,20215,3953.9884,George Lopez
45966,11946,3756.989,Kayla Brown
45967,19454,772.5036,Victoria Hughes
45968,11834,3953.9884,Gerald Patel
45969,20156,3953.9884,Alyssa Watson
45970,11963,3729.364,Kayla Thomas
45971,11335,3756.989,Rachel Smith
45972,19472,772.5036,Victoria Alexander
45973,11773,3953.9884,Ross Fernandez
45975,14755,772.5036,Danny Alonso
45976,20239,3953.9884,Derek Yuan
45977,20216,3953.9884,Alyssa Alexander
45978,11967,3729.364,Alisha Gao
45979,15630,3953.9884,Luke Evans
45980,15631,3953.9884,Jimmy Hernandez
45981,12805,3953.9884,Oscar Bryant
45982,19977,3953.9884,Tara Simpson
45983,14830,3953.9884,Alex Howard
45984,11690,3953.9884,Marshall Goel
45985,11708,3953.9884,Brianna Johnson
45986,11743,3953.9884,Ross Jordan
45987,11854,3953.9884,Gerald Raman
45988,11675,3953.9884,Megan Miller
45989,12631,3953.9884,Sarah Hughes
45990,12711,3953.9884,Omar Liang
45991,11976,3729.364,Alisha He
45992,19451,772.5036,Victoria Long
45993,11924,3953.9884,Elizabeth Thompson
45994,11774,3953.9884,Olivia Thompson
45996,11839,3953.9884,Gerald Sai
45997,14756,772.5036,Danny Romero
46000,11778,3953.9884,Olivia Robinson
46002,11826,3953.9884,Ross Suarez
46003,11831,3953.9884,Warren Li
46004,11664,3953.9884,Lauren Hall
46005,12749,3953.9884,Alexis Henderson
46006,20236,3953.9884,Chloe Rogers
46007,20220,3953.9884,George Rodriguez
46008,11912,3729.364,Elizabeth Wilson
46009,11917,3756.989,Liz Anderson
46010,11488,3729.364,Jenny Xu
46011,11489,3729.364,Destiny Wilson
46012,19453,772.5036,Victoria Patterson
46013,11705,3953.9884,Megan Hall
46016,11885,3953.9884,Tamara Xie
46017,11886,3953.9884,Emma Rodriguez
46018,11663,3953.9884,Lauren Walker
46019,14752,772.5036,Danny Moreno
46020,20228,3953.9884,Chloe Sanchez
46021,19971,3953.9884,Nicole Patterson
46022,11968,3756.989,Damien Luo
46108,12018,3953.9884,Alisha Andersen
46109,12167,3953.9884,Taylor Lee
46110,12169,3953.9884,Dawn Zhao
46111,11937,3953.9884,Alisha Zhang
46112,11945,3953.9884,Alisha Liu
46113,11955,3953.9884,Alisha Ye
46114,12053,3953.9884,Abigail White
46115,12104,3953.9884,Kelli Tang
46116,14912,772.5036,Nathaniel Ward
46117,20446,3953.9884,Jennifer Cook
46118,20611,3953.9884,Katie Yuan
46120,12023,3953.9884,Alexis Lewis
46121,12069,3953.9884,Kelli Zhao
46123,12152,3953.9884,Dawn Chen
46124,20447,3953.9884,Corey Shen
46125,11956,3953.9884,Alisha Zhao
46126,14883,772.5036,Lance Ortega
46127,14895,772.5036,Albert Hernandez
46128,14945,3953.9884,Randall Diaz
46129,20420,3953.9884,Julia Foster
46130,12171,3953.9884,Dawn Lu
46131,11954,3953.9884,Kayla Wilson
46133,12105,3953.9884,Jessica Martin
46134,20259,3953.9884,Derek Chander
46135,20416,3953.9884,Peter Sharma
46136,20426,3953.9884,Peter Chander
46137,20600,3953.9884,Kaitlyn Bennett
46138,13405,3953.9884,Xavier Perry
46139,11977,3756.989,Kayla Garcia
46140,11991,3729.364,Alexis Johnson
46141,19501,772.5036,Byron Martin
46145,14881,772.5036,Lucas Howard
46146,11421,3756.989,Christy Nath
46147,19476,772.5036,Raymond Fernandez
46148,12052,3953.9884,Kelli Liu
46149,12120,3953.9884,Kelli Shan
46150,20569,772.5036,Kristin Shen
46152,20424,3953.9884,Peter Pal
46154,11989,3729.364,Alisha Deng
46155,12076,3953.9884,Jessica Smith
46156,12118,3953.9884,Kelli Sharma
46159,11996,3729.364,Alisha Xie
46160,11412,3729.364,Christy Raje
46161,12819,3953.9884,Rafael Gao
46162,12163,3953.9884,Dawn Zhou
46163,12042,3953.9884,Kelli Zhang
46164,12079,3953.9884,Jake Zukowski
46165,12141,3953.9884,Taylor Moore
46166,15657,3953.9884,Jimmy Vazquez
46167,11997,3756.989,Alexis Brown
46169,12094,3953.9884,Kelli Deng
46170,12156,3953.9884,Dawn Liu
46172,12030,3953.9884,Alexis Hall
46173,20283,3953.9884,Bradley Tang
46174,20608,3953.9884,Katie Xu
46175,12003,3729.364,Alisha Kumar
46176,11491,3729.364,Jenny Luo
46177,12102,3953.9884,Kelli Xie
46179,11983,3953.9884,Kayla Lewis
46180,12084,3953.9884,Kelli He
46181,12004,3729.364,Alisha Lal
46182,11995,3756.989,Alexis Jones
46184,14834,3953.9884,Roberto Rubio
46185,15632,3953.9884,Jordan Evans
46186,12041,3953.9884,Alisha Alan
46188,20430,3953.9884,Julia Russell
46189,20606,3953.9884,Kaitlyn Barnes
46190,15653,3953.9884,Mason Evans
46191,14956,3953.9884,Sebastian Morgan
46192,12830,3953.9884,Trevor Patterson
46193,18634,772.5036,Daniel Lee
46194,11939,3953.9884,Elizabeth Hall
46195,12027,3953.9884,Alisha Chander
46196,12109,3953.9884,Jessica Garcia
46199,20256,3953.9884,Chloe Cox
46200,20260,3953.9884,Chloe Ward
46201,20610,3953.9884,Kaitlyn Henderson
46203,11999,3756.989,Alisha Xu
46204,11988,3729.364,Kayla Hall
46205,12162,3953.9884,Dawn Lin
46206,20023,3729.364,Donald Suri
46208,20284,3953.9884,Bradley Xu
46209,12849,3953.9884,Trevor Russell
46210,12866,3953.9884,Rafael Jai
46211,18163,772.5036,Christian White
46212,12173,3953.9884,Anna Johnson
46213,12050,3953.9884,Kelli Li
46214,12072,3953.9884,Kelli Xu
46215,20429,3953.9884,Peter Nara
46216,20456,3953.9884,Jennifer Rivera
46217,20614,3953.9884,Katie Sharma
46218,12820,3953.9884,Trevor Ross
46222,14891,772.5036,Albert Gomez
46223,14892,772.5036,Albert Diaz
46224,14902,772.5036,Jesse Ward
46225,20261,3953.9884,Chloe Torres
46226,13263,3953.9884,Carson Gonzales
46227,11990,3729.364,Alexis Smith
46228,11993,3729.364,Warren Zhao
46229,11395,3756.989,Jasmine Taylor
46230,11493,3756.989,Jenny Zimmerman
46231,12016,3953.9884,Alisha Oliver
46232,12058,3953.9884,Kelli Huang
46234,12110,3953.9884,Jessica Martinez
46235,12151,3953.9884,Taylor Harris
46236,12001,3729.364,Alisha Yuan
46237,12843,3953.9884,Trevor Foster
46238,14838,3953.9884,Lance Martin
46239,14927,3953.9884,Jeremy Cook
46241,20034,3756.989,Donald Madan
46242,20423,3953.9884,Julia Bryant
46243,20613,3953.9884,Katie Lal
46244,13504,3953.9884,Briana Munoz
46245,14967,3953.9884,Randall Romero
46246,12143,3953.9884,Taylor Taylor
46247,14882,772.5036,Seth Howard
46248,14896,772.5036,Evan Ward
46249,12000,3756.989,Alisha Luo
46250,14940,3953.9884,Randall Gomez
46251,11998,3729.364,Alisha Tang
46252,14939,3953.9884,Evan Morgan
46253,12082,3953.9884,Kelli Liang
46254,12096,3953.9884,Jessica Anderson
46255,20451,3953.9884,Dwayne Munoz
46256,15652,3953.9884,Jimmy Dominguez
46257,11992,3756.989,Alexis Williams
46258,12160,3953.9884,Dawn Huang
46259,12025,3953.9884,Alisha Chande
46260,12108,3953.9884,Kelli Luo
46262,20445,3953.9884,Jennifer Reed
46263,12834,3953.9884,Rafael Zeng
46265,11934,3953.9884,Elizabeth Lee
46266,20425,3953.9884,Peter Raje
46267,20448,3953.9884,Jennifer Morgan
46268,20615,3953.9884,Kaitlyn Coleman
46269,15638,3953.9884,Jimmy Moreno
46271,12172,3953.9884,Dawn Xu
46272,12116,3953.9884,Jessica Lewis
46275,20450,3953.9884,Kelvin Deng
46276,20612,3953.9884,Katie Kumar
46277,19482,772.5036,Raymond Martinez
46278,19496,772.5036,Emma Bradley
46279,12155,3953.9884,Taylor Garcia
46280,12121,3953.9884,Jessica Hall
46284,14888,772.5036,Jeremiah Howard
46285,12005,3756.989,Alexis Wilson
46286,18175,772.5036,Randy Liang
46287,12026,3953.9884,Alexis Walker
46288,12059,3953.9884,Kelli Wu
46289,12075,3953.9884,Kelli Zhu
46291,20258,3953.9884,Chloe Howard
46292,20418,3953.9884,Peter Shan
46293,14951,3953.9884,Nathaniel Morgan
46294,11986,3756.989,Kayla Lee
46295,20567,772.5036,Kristin Deng
46296,12170,3953.9884,Taylor Hall
46297,12033,3953.9884,Alisha Goel
46298,12071,3953.9884,Kelli Lu
46299,20264,3953.9884,Chloe Ramirez
46300,20452,3953.9884,Corey Xie
46301,12817,3953.9884,Rafael Zhu
46302,12083,3953.9884,Jessica Jones
46304,12002,3729.364,Alexis Miller
46305,14952,3953.9884,Paula Ashe
46306,12164,3953.9884,Taylor Rodriguez
46307,20427,3953.9884,Julia Alexander
46308,20609,3953.9884,Katie Luo
46309,11994,3729.364,Alisha Shen
46311,12841,3953.9884,Trevor Simmons
46312,12153,3953.9884,Taylor Martin
46313,12078,3953.9884,Jessica Johnson
46314,12112,3953.9884,Jessica Clark
46315,12142,3953.9884,Kelli Raji
46317,14884,772.5036,Xavier Howard
46318,20444,3953.9884,Corey Deng
46319,12103,3953.9884,Jessica Harris
46321,14894,772.5036,Alex Ward
46390,12440,3953.9884,Ashley Garcia
46392,13537,3953.9884,Miguel Price
46393,15695,3953.9884,Connor Edwards
46394,15055,3953.9884,Gina Navarro
46395,11496,3756.989,Destiny Jackson
46396,12442,3953.9884,Ashley Robinson
46402,20616,3953.9884,Katie Shan
46403,14990,3953.9884,Dalton Morgan
46404,15692,3953.9884,Marc Munoz
46406,12779,3953.9884,Omar Anand
46408,12011,3729.364,Alisha Shan
46409,15073,3953.9884,Evan Murphy
46410,11548,3729.364,Barbara Lin
46413,20075,3756.989,Joel Arthur
46414,15006,772.5036,Paula Munoz
46416,12181,3953.9884,Anna Moore
46417,12441,3953.9884,Ashley Martinez
46419,12021,3756.989,Alisha Raje
46420,13511,3953.9884,Jeremy Perry
46422,12884,3953.9884,Rafael Rai
46423,12362,3953.9884,Samantha Williams
46424,12435,3953.9884,Jon Jai
46427,20182,3729.364,Alyssa Ross
46428,20629,3953.9884,Katie Chapman
46429,11428,3756.989,Christy Raji
46430,13564,3953.9884,Jon He
46431,12901,3953.9884,Aidan Barnes
46432,15016,772.5036,Nathaniel Bradley
46435,12251,3729.364,Emily Garcia
46436,12337,3756.989,Madison Martin
46437,15054,3953.9884,Seth Bell
46438,12174,3953.9884,Anna Williams
46440,20621,3953.9884,Karen Perry
46441,15661,3953.9884,Jimmy Serrano
46442,14997,3953.9884,Alex Bell
46443,15662,3953.9884,James Edwards
46444,12246,3729.364,Emily Harris
46445,12772,3953.9884,Alexis Foster
46446,12777,3953.9884,Alexis Bryant
46448,12250,3756.989,Colleen West
46449,12007,3756.989,Alexis Taylor
46450,12446,3953.9884,Jon Chander
46451,12709,3953.9884,Kayla Henderson
46453,20626,3953.9884,Katie Raje
46455,15669,3953.9884,Jimmy Suarez
46456,12014,3756.989,Alisha Holt
46458,12771,3953.9884,Omar Nath
46459,12190,3953.9884,Abigail Long
46460,12438,3953.9884,Jon Andersen
46462,12013,3756.989,Warren Lu
46463,11423,3729.364,Jasmine Lewis
46464,12885,3953.9884,Tristan Gonzales
46465,12898,3953.9884,Jaclyn Zhang
46466,12915,3953.9884,Jaclyn Wu
46467,12180,3953.9884,Dawn Zhu
46469,19033,772.5036,Gary Gill
46470,14915,772.5036,Richard Cook
46471,14979,3953.9884,Randall Blanco
46472,12248,3756.989,Emily Martin
46473,14969,3953.9884,Devin Morgan
46475,20575,772.5036,Kaitlyn Cox
46477,12009,3756.989,Alexis Thomas
46479,12768,3953.9884,Omar Rai
46481,20623,3953.9884,Kaitlyn Long
46482,12245,3756.989,Emily White
46483,12883,3953.9884,Robyn Diaz
46484,12437,3953.9884,Jon Pal
46485,12755,3953.9884,Omar Andersen
46486,19901,772.5036,Nicole Bailey
46487,14913,772.5036,Chase Ward
46488,20628,3953.9884,Kaitlyn Flores
46490,12189,3953.9884,Dawn Guo
46492,12198,3953.9884,Abigail Simmons
46493,15023,772.5036,Renee Ramos
46496,20627,3953.9884,Katie Chande
46497,13558,3953.9884,Miguel Patterson
46498,12881,3953.9884,Rafael Nara
46499,12179,3953.9884,Anna Miller
46500,12208,3953.9884,Gail Alexander
46501,19518,772.5036,Brett Garcia
46502,19051,772.5036,Gary Ortega
46503,12764,3953.9884,Alexis Flores
46504,15005,772.5036,Mark Bebbington
46505,12241,3756.989,Dawn Beck
46506,12242,3729.364,Emily Thomas
46509,12886,3953.9884,Tristan Bryant
46512,12209,3953.9884,Dawn Luo
46514,19028,772.5036,Gary Romero
46515,19904,772.5036,Shannon Martin
46517,20624,3953.9884,Kaitlyn Patterson
46519,15660,3953.9884,Timothy Evans
46521,12770,3953.9884,Alexis Simmons
46522,12882,3953.9884,Tristan Foster
46523,12756,3953.9884,Alexis Perry
46526,12253,3756.989,Emily Robinson
46528,15063,3953.9884,Gina Vazquez
46529,12784,3953.9884,Rafael Wang
46531,12423,3953.9884,Ashley Anderson
46532,19041,772.5036,Lauren Jenkins
46534,20620,3953.9884,Katie Pal
46536,13556,3953.9884,Jon Zhu
46537,11427,3756.989,Jasmine Hall
46538,12774,3953.9884,Alexis Gonzales
46539,12200,3953.9884,Dawn Zeng
46541,20617,3953.9884,Katie Holt
46542,11431,3756.989,Jenny Wagner
46543,11549,3756.989,Alyssa Garcia
46544,12766,3953.9884,Alexis Washington
46546,12780,3953.9884,Alexis Russell
46547,12917,3953.9884,Aidan Washington
46548,12418,3953.9884,Lacey Luo
46549,12452,3953.9884,Jon Rai
46551,14914,772.5036,Juan Ward
46552,15017,772.5036,Renee Dominguez
46555,12010,3729.364,Alexis White
46557,12904,3953.9884,Jaclyn Liu
46558,12184,3953.9884,Damien Yuan
46559,12762,3953.9884,Alexis Patterson
46561,20625,3953.9884,Kaitlyn Hughes
46562,14978,3953.9884,Marcus Morgan
46564,11494,3756.989,Destiny Anderson
46565,12769,3953.9884,Alexis Butler
46566,12789,3953.9884,Janice Bennett
46567,12707,3953.9884,Omar Ma
46568,12761,3953.9884,Omar Chander
46569,12450,3953.9884,Ashley Walker
46570,13536,3953.9884,Jeremiah Hayes
46571,15668,3953.9884,Samuel Edwards
46572,13552,3953.9884,Jon Xu
46573,13555,3953.9884,Jon Sun
46574,12243,3729.364,Emily Jackson
46575,12338,3729.364,Madison Thompson
46577,12913,3953.9884,Aidan Patterson
46578,12178,3953.9884,Anna Davis
46579,12186,3953.9884,Dawn Ma
46580,12187,3953.9884,Anna Anderson
46581,12188,3953.9884,Juha-Pekka Posti
46582,12207,3953.9884,Dawn Tang
46583,20622,3953.9884,Kaitlyn Powell
46584,12252,3729.364,Emily Martinez
46585,15050,3953.9884,Lucas Blue
46586,12364,3953.9884,Samantha Jones
46587,12448,3953.9884,Jon Nara
46588,20035,3729.364,Donald Srini
46591,12773,3953.9884,Omar Goel
46593,12912,3953.9884,Aidan Long
46595,15691,3953.9884,Luis Edwards
46596,12037,3729.364,Alisha Beck
46597,12039,3729.364,Alisha Raji
46598,15080,3953.9884,Jesse Murphy
46599,12206,3953.9884,Dawn Xie
46600,19027,772.5036,Gary Alonso
46603,12240,3756.989,Warren Cai
46676,18047,1105.4834,Abby Lopez
46677,15460,2410.6266,Marcus Reed
46678,19930,865.204,Nicole Ramirez
46679,13062,2410.6266,Hannah Russell
46681,12349,2264.2536,Madison Lewis
46682,12355,2264.2536,Lacey Wang
46683,12571,2288.9187,Clayton Wagner
46684,18125,1105.4834,David Williams
46685,12947,2410.6266,Jaclyn He
46686,20577,865.204,Dwayne Vazquez
46687,15457,2410.6266,Devin Reed
46688,12929,2699.9018,Jaclyn Xu
46689,13032,2699.9018,Louis Zhou
46690,13039,2699.9018,Damien Shan
46691,13142,2699.9018,Edwin Zhou
46692,13208,2699.9018,Antonio Flores
46693,13210,2410.6266,Antonio Washington
46694,13220,2410.6266,Antonio Alexander
46695,20208,2264.2536,George Raman
46700,16942,1105.4834,Carl Tang
46701,15114,2410.6266,Jill Suarez
46702,15116,2699.9018,Devin Murphy
46703,20576,865.204,Kristin Yuan
46704,13059,2699.9018,Robyn Navarro
46705,13085,2699.9018,Madison Patterson
46706,20186,2288.9187,George Patel
46707,15199,865.204,Isaac Rivera
46709,19172,1105.4834,Megan Gonzales
46710,11484,2288.9187,Destiny Davis
46711,13592,2699.9018,Walter Navarro
46712,13779,2410.6266,Briana Suarez
46714,13093,2699.9018,Wyatt Hayes
46718,12570,2264.2536,Clayton Zhang
46719,11604,2264.2536,Anna Garcia
46720,13667,2410.6266,Rodney Jimenez
46721,16046,2699.9018,Angel Turner
46722,17095,1105.4834,Shaun Jai
46723,12918,2699.9018,Aidan Butler
46728,12354,2264.2536,Lacey Zhang
46730,15100,2410.6266,Jill Dominguez
46731,15101,2410.6266,Cole Murphy
46732,13992,1105.4834,Seth Diaz
46734,13060,2410.6266,Louis Hu
46735,13226,2410.6266,Antonio Russell
46736,12341,2264.2536,Colleen Nath
46737,12346,2288.9187,Madison Clark
46738,12576,2264.2536,Clayton Li
46739,15699,2410.6266,Luke Edwards
46740,12980,2410.6266,Emily Price
46742,20206,2264.2536,Florian Stiller
46745,13056,2699.9018,Louis He
46746,13057,2699.9018,Louis Zheng
46749,12350,2288.9187,Madison Lee
46750,16054,2410.6266,Isaac Turner
46751,12934,2410.6266,Aidan Diaz
46752,19931,865.204,Shannon Ruiz
46756,13993,1105.4834,Joanna Blanco
46758,18130,1105.4834,Alexander Jones
46759,16033,2410.6266,Bobby Sanchez
46760,13986,1105.4834,Joanna Dominguez
46761,19924,865.204,Kathryn Nara
46762,13063,2699.9018,Hannah Griffin
46763,13202,2410.6266,Antonio Powell
46765,15191,865.204,Teresa Jimenez
46767,12573,2264.2536,Ashley Jenkins
46769,15702,2410.6266,Adam Edwards
46770,15357,2699.9018,Brenda Sai
46771,13068,2410.6266,Louis She
46772,13161,2410.6266,Edwin Gao
46773,13173,2410.6266,Spencer Russell
46774,13225,2410.6266,Roger Chen
46776,12356,2264.2536,Madison Hall
46777,11568,2288.9187,Barbara Gao
46778,11610,2288.9187,Barbara Andersen
46779,15929,2410.6266,Jonathan Roberts
46780,12942,2410.6266,Jaclyn Liang
46781,12949,2410.6266,Jaclyn Zheng
46782,12975,2410.6266,Jaclyn Lal
46783,19069,865.204,Lauren Alexander
46784,13178,2410.6266,Edwin Shen
46785,13190,2410.6266,Antonio Ross
46787,15195,865.204,Martin Rienstra
46788,12342,2264.2536,Madison Garcia
46790,12930,2410.6266,Aidan Russell
46791,13016,2699.9018,Emily Diaz
46792,13083,2410.6266,Madison Long
46793,13214,2410.6266,Antonio Simmons
46799,13662,2410.6266,Javier Rubio
46800,13019,2699.9018,Hannah Price
46802,15188,865.204,Dalton Bailey
46803,13595,2410.6266,Walter Gutierrez
46804,19052,865.204,Craig Martin
46805,13055,2410.6266,Hannah Gonzales
46807,12339,2288.9187,Colleen Nara
46808,12347,2264.2536,Warren Xie
46809,13766,2410.6266,Monique Alonso
46810,15622,2699.9018,Jimmy Gomez
46811,12941,2699.9018,Dakota Wood
46812,13069,2410.6266,Madison Bennett
46813,13152,2410.6266,Spencer Long
46814,13165,2410.6266,Spencer Gonzales
46816,13230,2699.9018,Antonio Hayes
46822,15155,865.204,Juan Bailey
46823,15193,865.204,Angel Rivera
46825,12574,2288.9187,Ashley Perry
46826,12575,2264.2536,Clayton Chen
46827,13799,2410.6266,Richard Bryant
46828,13990,1105.4834,Seth Griffin
46830,19910,865.204,Kathryn Yuan
46831,13066,2699.9018,Hannah Hayes
46832,20188,2288.9187,George Vance
46833,12360,2288.9187,Lacey Liu
46834,12923,2410.6266,Aidan Foster
46835,13768,2410.6266,Monique Romero
46836,13769,2410.6266,Richard Wood
46837,14003,1105.4834,Patrick James
46838,12922,2410.6266,Aidan Simmons
46840,13058,2699.9018,Hannah Bryant
46841,13174,2410.6266,Edwin She
46842,15166,865.204,Steven Bailey
46844,12343,2264.2536,Madison Martinez
46845,11603,2264.2536,Barbara Sharma
46846,13575,2410.6266,Miguel Alexander
46847,13793,2410.6266,Richard Simmons
46848,16201,2410.6266,Tina Rana
46850,13221,2699.9018,Edwin Ferrier
46851,20209,2264.2536,Alyssa Gonzales
46852,15194,865.204,Isaiah Rivera
46855,15117,2410.6266,Jill Sandoval
46856,12935,2699.9018,Jaclyn Zhu
46857,13064,2410.6266,Hannah Diaz
46858,13067,2699.9018,Madison Price
46859,13205,2699.9018,Edwin Nara
46862,11550,2264.2536,Barbara Zhou
46863,11575,2264.2536,Barbara He
46864,16045,2410.6266,Carlos Turner
46865,15456,2410.6266,Nancy Sai
46866,12981,2699.9018,Jaclyn Jai
46867,13029,2410.6266,Hannah Coleman
46868,13189,2699.9018,Edwin Yuan
46869,13577,2410.6266,Miguel Griffin
46870,13605,2699.9018,Blake Washington
46871,13800,2699.9018,Briana Sandoval
46872,19186,1105.4834,Philip Jimenez
46875,11470,2264.2536,Jenny Zheng
46876,15084,2410.6266,Timothy Murphy
46877,12926,2699.9018,Aidan Bryant
46879,13224,2410.6266,Robyn Ramos
46880,15167,865.204,Kendra Ramos
46881,12572,2288.9187,Ashley Coleman
46884,13565,2699.9018,Miguel Washington
46885,15933,2410.6266,Logan Roberts
46887,12340,2264.2536,Colleen Rai
46889,19173,1105.4834,Casey Rubio
46890,12921,2699.9018,Jaclyn Ye
46891,20592,865.204,Kaitlyn Watson
46892,13086,2699.9018,Louis Yuan
46896,15189,865.204,Teresa Alvarez
46899,13999,1105.4834,Xavier Bennett
46903,12353,2288.9187,Madison Walker
46904,17080,1105.4834,Shaun Shen
46905,16053,2410.6266,Sunil Uppal
46906,12950,2699.9018,Dakota Perry
46907,13087,2699.9018,Madison Hughes
46910,20710,865.204,Amy Lin
46912,13177,2410.6266,Spencer Diaz
46913,13212,2410.6266,Antonio Butler
46916,15196,865.204,Evan Rivera
46919,11481,2264.2536,Destiny Jones
46920,11609,2264.2536,Anna Rodriguez
46921,15454,2410.6266,Cody Reed
46922,13088,2699.9018,Louis Kumar
46923,13176,2699.9018,Spencer Griffin
46924,13203,2410.6266,Antonio Long
46927,12348,2264.2536,Colleen Beck
46928,12358,2288.9187,Lacey Chen
47068,13246,2699.9018,Damien Jai
47069,14017,1105.4834,Tanya Moreno
47070,14025,1105.4834,Charles James
47071,15667,2699.9018,Nathan Edwards
47072,20062,865.204,Destiny Wood
47075,12685,2264.2536,Omar Huang
47076,12588,2264.2536,Clayton Zhou
47077,16329,2699.9018,Katrina Tang
47078,13248,2410.6266,Roger Lu
47079,13359,2410.6266,Julian Hayes
47081,15203,865.204,Timothy Rivera
47082,15254,865.204,Heidi Arun
47083,15288,865.204,Xavier Sanchez
47085,16311,2410.6266,Sean Gonzalez
47086,13378,2410.6266,Willie Shen
47087,13383,2410.6266,Oscar Flores
47088,13274,2699.9018,Gavin Price
47089,15284,865.204,Heidi Rodriguez
47093,13380,2699.9018,Willie Tang
47094,15664,2410.6266,Jimmy Ramos
47098,12667,2264.2536,Elizabeth Perry
47100,11612,2264.2536,Marshall Chander
47101,16260,2410.6266,Denise Martinez
47102,13424,2699.9018,Xavier Butler
47103,13369,2699.9018,Willie Cai
47104,13279,2410.6266,Roger Deng
47105,13319,2410.6266,Julian Wood
47107,11616,2288.9187,Anna Hall
47108,13839,2699.9018,Briana Ortega
47112,20318,2288.9187,Cindy Foster
47113,15255,865.204,Heidi Srini
47117,12586,2288.9187,Clayton Lin
47119,16275,2699.9018,Caleb Gonzalez
47120,14006,1105.4834,Joanna Ortega
47122,13362,2410.6266,Willie Liang
47124,13384,2410.6266,Willie Luo
47125,13325,2410.6266,Roger Goel
47126,13326,2410.6266,Julian Coleman
47129,12677,2288.9187,Omar Chen
47130,16406,2410.6266,Latoya Becker
47131,13243,2410.6266,Carson Perry
47132,13283,2410.6266,Gavin Henderson
47133,13357,2410.6266,Willie Zhu
47137,13348,2410.6266,Willie Lin
47138,16308,2410.6266,Jesse Gonzalez
47139,13238,2410.6266,Roger Zhou
47143,12684,2264.2536,Elizabeth Simmons
47146,18133,1105.4834,Randy Zhang
47147,13324,2410.6266,Julian Henderson
47149,12669,2264.2536,Clayton Beck
47150,15625,2699.9018,Jimmy Ruiz
47155,13801,2699.9018,Linda Alvarez
47163,12671,2264.2536,Clayton Raji
47164,12123,2264.2536,Kelli Jai
47165,15649,2699.9018,Alex Evans
47166,15656,2699.9018,Jesse Evans
47167,13419,2410.6266,Xavier Flores
47168,13286,2410.6266,Gavin Coleman
47172,12668,2288.9187,Elizabeth Powell
47173,12675,2288.9187,Omar Wang
47174,12584,2288.9187,Ashley Hughes
47175,13812,2699.9018,Linda Romero
47176,11492,2264.2536,Destiny Taylor
47177,14022,1105.4834,Cody James
47178,14026,1105.4834,Devin James
47180,13287,2699.9018,Gavin Jenkins
47181,13329,2699.9018,Roger Raji
47183,15200,865.204,Jesse Rivera
47185,12133,2288.9187,Taylor Brown
47186,13806,2410.6266,Linda Moreno
47187,18134,1105.4834,Christian Thomas
47188,19253,1105.4834,Victor Carlson
47191,13382,2410.6266,Willie Xu
47192,16328,2410.6266,Katrina Xie
47193,20162,865.204,Phillip Smith
47194,13269,2410.6266,Roger Cai
47195,13355,2410.6266,Willie Xu
47198,14169,2699.9018,Carlos Kelly
47199,20051,865.204,Shannon Alonso
47200,13247,2410.6266,Robyn Carlson
47206,15256,865.204,Nathaniel Sanchez
47211,12578,2264.2536,Clayton Liu
47212,12580,2264.2536,Clayton Yang
47213,16287,2410.6266,Casey Yuan
47214,19195,1105.4834,Philip Romero
47219,12577,2264.2536,Josue Dominguez
47220,12579,2264.2536,Ashley Powell
47221,13823,2699.9018,Marcus Coleman
47224,15659,2699.9018,Jimmy Blanco
47225,13277,2410.6266,Gavin Wood
47226,13314,2699.9018,Robyn Rubio
47228,13237,2410.6266,Carson Barnes
47231,11564,2264.2536,Chloe Smith
47232,15627,2410.6266,Caleb Evans
47233,16250,2410.6266,Samuel Gonzalez
47234,19260,1105.4834,Victor Rubio
47235,16317,2410.6266,Logan Nelson
47236,14023,1105.4834,Joy Moyer
47238,16405,2699.9018,Latoya Goel
47243,20712,865.204,Amy Ye
47244,19193,1105.4834,Brianna Reed
47245,16420,2410.6266,Aaron Carter
47246,20713,865.204,Morgan Henderson
47247,13292,2410.6266,Robyn Sanz
47248,13340,2410.6266,Julian Flores
47249,13346,2410.6266,Julian Alexander
47252,12676,2288.9187,Elizabeth Hughes
47253,12683,2288.9187,Elizabeth Butler
47254,15276,865.204,Heidi Lopez
47255,11561,2264.2536,Alyssa Lee
47256,16417,2410.6266,Jason Carter
47257,14141,2699.9018,Louis Zhang
47258,13298,2410.6266,Gavin Hughes
47259,13351,2410.6266,Briana Martin
47260,13233,2410.6266,Carson Price
47263,12589,2264.2536,Clayton Ye
47264,16410,2699.9018,Tracy She
47265,13250,2410.6266,Roger Xu
47267,12674,2288.9187,Elizabeth Patterson
47271,18140,1105.4834,David Robinson
47273,13420,2699.9018,Colin Wang
47274,16407,2699.9018,Gloria Munoz
47275,19076,865.204,Craig Vazquez
47276,15289,865.204,Heidi Perez
47279,12680,2264.2536,Juan Ramos
47280,11615,2288.9187,Deb Wagner
47281,17099,1105.4834,Shaun Pal
47282,19258,1105.4834,Victor Sanz
47283,15655,2410.6266,Isaac Evans
47284,13402,2699.9018,Willie Chande
47286,19944,865.204,Julie Xu
47287,13280,2410.6266,Mason Bendixen
47288,13353,2410.6266,Julian Griffin
47291,16318,2410.6266,Nathan Nelson
47292,13811,2410.6266,Linda Ferrier
47293,19192,1105.4834,Philip Alonso
47294,18139,1105.4834,Randy Chen
47295,14005,1105.4834,Bryce James
47296,14024,1105.4834,Tanya Romero
47297,13385,2410.6266,Briana Ruiz
47298,13403,2410.6266,Xavier Coleman
47299,13425,2699.9018,Colin Li
47300,20717,865.204,Morgan Jenkins
47302,12670,2264.2536,Elizabeth Long
47304,16272,2410.6266,Aaron Gonzalez
47307,20711,865.204,Morgan Ross
47308,20718,865.204,Amy Sun
47309,13316,2410.6266,Gavin Hayes
47311,15252,865.204,Patrick Sanchez
47312,15280,865.204,Richard Sanchez
47314,12673,2264.2536,Omar Zhang
47315,13840,2410.6266,Marcus Washington
47316,13361,2699.9018,Oscar Price
47317,14154,2410.6266,Richard Brooks
47318,13273,2410.6266,Carson Hayes
47319,13299,2699.9018,Gavin Washington
47320,13315,2410.6266,Roger Chander
47321,13354,2410.6266,Julian Diaz
47322,15287,865.204,Heidi Sanchez
47324,13400,2410.6266,Willie Andersen
47325,13278,2410.6266,Roger She
47326,13288,2410.6266,Gavin Perry
47327,13304,2410.6266,Gavin Gonzales
47328,12681,2264.2536,Omar Liu
47329,13367,2410.6266,Willie Zheng
47330,16324,2699.9018,Casey Anand
47332,20350,2288.9187,Dwayne Ruiz
47335,12581,2288.9187,Ashley Long
47338,16277,2410.6266,Casey She
47339,15626,2410.6266,Aaron Evans
47340,13401,2699.9018,Willie Raje
47344,12686,2288.9187,Omar Lin
47345,12583,2288.9187,Nuan Wu
47346,12585,2264.2536,Ashley Flores
47460,19255,865.204,Victor Suarez
47462,15926,2410.6266,Manuel Madan
47463,14203,2410.6266,Cody Kelly
47464,16461,2699.9018,Misty Kumar
47465,15303,865.204,Mason Morris
47467,13446,2410.6266,Colin Lu
47469,19301,1105.4834,Erik Sanz
47471,14539,2699.9018,Mathew Blanco
47472,13438,2410.6266,Xavier Diaz
47476,12693,2288.9187,Omar Zhao
47483,14424,2410.6266,Chase Peterson
47484,16452,2410.6266,Misty Tang
47485,14524,2410.6266,Dalton Gray
47486,14538,2410.6266,Mason Ramirez
47487,16427,2410.6266,Luke Carter
47488,13426,2410.6266,Xavier Simmons
47491,15932,2699.9018,Manuel Rana
47492,19181,865.204,Philip Diaz
47494,15927,2410.6266,James Roberts
47495,16196,2699.9018,Tina Smith
47496,16470,2410.6266,Gloria Gutierrez
47497,14170,2699.9018,Angel Kelly
47501,12214,2264.2536,Roger Harui
47502,19278,1105.4834,Brianna Russell
47503,19299,1105.4834,Olivia Cook
47504,11605,2264.2536,Anna Martinez
47507,15311,865.204,Timothy Morris
47510,12688,2288.9187,Omar Zhou
47511,14200,2410.6266,Krista Gomez
47512,16446,2410.6266,Misty Shen
47513,15675,2699.9018,Noah Edwards
47514,15684,2410.6266,Marc Hernandez
47517,15308,865.204,Jillian Srini
47520,19263,1105.4834,Erik Martin
47521,16445,2699.9018,Carlos Carter
47522,14089,1105.4834,Adrian Watson
47523,13443,2410.6266,Warren Lal
47526,12215,2288.9187,Dawn Kumar
47528,11598,2288.9187,Anna White
47529,13429,2410.6266,Colin Liu
47530,15312,865.204,Patrick Morris
47531,15325,865.204,Jillian Garcia
47535,14083,1105.4834,Melinda Carlson
47536,14088,1105.4834,Melinda Rubio
47537,13436,2410.6266,Colin Lin
47538,13449,2410.6266,Colin Xu
47541,15314,865.204,Jillian Rana
47544,12694,2264.2536,Elizabeth Griffin
47547,20166,865.204,Phillip Rana
47549,19256,865.204,Brianna McDonald
47550,15290,865.204,Dalton Sanchez
47553,12698,2288.9187,Kayla Price
47554,12222,2264.2536,Emily Jones
47555,15674,2699.9018,Hunter Edwards
47556,14701,2410.6266,Hector Ruiz
47557,13431,2410.6266,Colin Huang
47559,12699,2264.2536,Omar Xu
47561,15328,865.204,Jillian Fernandez
47564,12210,2288.9187,Gail Russell
47565,15697,2410.6266,Marc Romero
47571,14185,2410.6266,Chase Kelly
47573,13435,2699.9018,Colin Wu
47574,20171,865.204,Alyssa Price
47578,12687,2288.9187,Elizabeth Gonzales
47579,16197,2410.6266,Sean Campbell
47580,14080,1105.4834,Joy Navarro
47582,13433,2410.6266,Xavier Alexander
47583,13442,2410.6266,Colin Zhao
47584,19194,865.204,Brianna Cook
47585,15320,865.204,Sebastian Morris
47586,15322,865.204,Jillian Mehta
47588,16428,2410.6266,Tracy Andersen
47589,14036,1105.4834,Tanya Vazquez
47595,14186,2699.9018,Sabrina Blanco
47596,16199,2410.6266,Timothy Campbell
47600,17188,1105.4834,Tony Pal
47601,14192,2410.6266,Cole Kelly
47602,19174,865.204,Casey Ortega
47605,17187,1105.4834,Naomi Martin
47606,15928,2410.6266,Manuel Srini
47607,14081,1105.4834,Melinda Ramos
47609,15309,865.204,Sean Morris
47612,16465,2699.9018,Misty Sharma
47613,14037,1105.4834,Tanya Blanco
47614,15302,865.204,Paula Rubio
47615,15329,865.204,Steven Morris
47619,12689,2288.9187,Elizabeth Bryant
47620,12239,2288.9187,Emily Anderson
47621,14044,1105.4834,Tanya Carlson
47627,16444,2699.9018,Misty Deng
47628,16509,2699.9018,Aaron Mitchell
47629,15685,2699.9018,Marc Alvarez
47634,11570,2288.9187,Barbara Ma
47635,12216,2288.9187,Emily Smith
47637,13447,2410.6266,Dalton Bennett
47639,15321,865.204,Cole Morris
47642,17109,1105.4834,Aaron King
47643,19290,1105.4834,Nelson Torres
47644,15693,2410.6266,Aaron Edwards
47645,14555,2410.6266,Mathew Ortega
47646,20373,2288.9187,Shawn Luo
47648,12263,2288.9187,Emily Hall
47649,16447,2410.6266,Angel Carter
47650,16512,2699.9018,Adam Mitchell
47653,20163,865.204,Phillip Prasad
47731,12283,2264.2536,Colleen Ma
47732,13452,2699.9018,Colin Sun
47733,13461,2410.6266,Dalton Powell
47734,15333,865.204,Jillian Lopez
47736,12705,2264.2536,Kayla Barnes
47737,13018,2288.9187,Robyn Alonso
47740,15337,865.204,Richard Morris
47741,15343,865.204,Seth Morris
47743,12988,2264.2536,Emily Ross
47744,12989,2264.2536,Jaclyn Chander
47745,12998,2264.2536,Emily Long
47746,13022,2264.2536,Tamara Yang
47747,16253,2410.6266,Hunter Gonzalez
47753,13020,2264.2536,Hannah Bennett
47754,14104,1105.4834,Lucas Watson
47755,17195,1105.4834,Robert Thomas
47756,12272,2288.9187,Hannah Jones
47757,16530,2410.6266,Hunter Hill
47758,16550,2410.6266,Kara Luo
47759,14773,2410.6266,Isaac Cox
47760,13482,2410.6266,Colin Xie
47761,20548,865.204,April Andersen
47769,12703,2264.2536,Kayla Wood
47773,15345,865.204,Jillian Perez
47774,15346,865.204,Brenda Suri
47776,13007,2288.9187,Tamara Wang
47778,12284,2288.9187,Colleen Liang
47779,16269,2410.6266,Denise Sanchez
47780,14105,1105.4834,Seth Watson
47784,13078,2288.9187,Madison Coleman
47786,14719,2699.9018,Juan Richardson
47787,16585,2699.9018,Eric Lopez
47788,16546,2410.6266,Kara Tang
47789,13453,2410.6266,Dalton Henderson
47791,13036,2264.2536,Carol Perry
47792,16207,2699.9018,Tina Mehta
47793,14716,2699.9018,Nathaniel Richardson
47794,20375,2288.9187,Shawn Yuan
47798,13000,2288.9187,Emily Patterson
47799,12264,2264.2536,Warren Zeng
47800,14798,2410.6266,Bryan Cox
47801,20555,865.204,Kaitlyn Cook
47806,15348,865.204,Dalton Morris
47807,16575,2410.6266,Jonathan Green
47811,12271,2288.9187,Colleen Zhao
47812,16252,2410.6266,Denise Mehta
47813,14098,1105.4834,Marcus Watson
47818,15364,865.204,Brenda Prasad
47820,13025,2288.9187,Tamara Wu
47821,13038,2288.9187,Hannah Long
47822,13051,2288.9187,Louis Liang
47824,16267,2699.9018,Jason Gonzalez
47825,20560,865.204,April Beck
47829,12706,2288.9187,Omar Gao
47830,19308,1105.4834,Frank Ruiz
47831,12281,2264.2536,Colleen Gao
47832,13478,2699.9018,Dalton Alexander
47837,12277,2288.9187,Colleen Sun
47838,13456,2410.6266,Colin Gao
47840,20584,865.204,Kaitlyn Torres
47842,15338,865.204,Marcus Morris
47843,15339,865.204,Ian Morris
47845,16206,2699.9018,Gabriel Baker
47846,14779,2699.9018,Danny Schmidt
47847,16278,2699.9018,Casey Deng
47849,15342,865.204,Lucas Morris
47850,15350,865.204,Diane Martin
47854,15341,865.204,Jillian Rodriguez
47855,12987,2288.9187,Jaclyn Chande
47856,12995,2264.2536,Emily Perry
47857,13024,2264.2536,Hannah Barnes
47858,19302,1105.4834,Erik Rubio
47861,20470,2288.9187,Corey Chavez
47863,15351,865.204,Brenda Chandra
47865,12701,2288.9187,Jose Carlson
47866,12990,2288.9187,Jaclyn Nara
47867,12991,2264.2536,Emily Coleman
47868,13021,2288.9187,Hannah Wood
47870,19305,1105.4834,Frank Gomez
47871,14708,2410.6266,Patrick Richardson
47872,14790,2410.6266,Roberto Hernandez
47874,13462,2410.6266,Dalton Long
47878,12702,2264.2536,Omar Sun
47879,18157,1105.4834,Randy Zhao
47881,16553,2410.6266,Jonathan Perez
47882,13464,2410.6266,Colin He
47886,13011,2264.2536,Emily Alexander
47887,13012,2288.9187,Tamara Chen
47888,13050,2288.9187,Hannah Butler
47889,16541,2410.6266,Elijah Scott
47890,16263,2699.9018,Denise Gonzalez
47891,16290,2410.6266,Casey Lal
47895,15347,865.204,Brenda Kapoor
47896,17206,1105.4834,Tony Black
47897,16573,2410.6266,Kara Goel
47898,19276,865.204,Brianna Alexander
47899,12996,2264.2536,Emily Powell
47900,13035,2264.2536,Louis Zhao
47901,13075,2288.9187,Madison Henderson
47902,13076,2264.2536,Louis Xie
47903,14714,2699.9018,Sheila Serrano
47904,16562,2410.6266,Luke Lopez
47908,20468,2264.2536,Jennifer Ward
47909,12999,2288.9187,Jaclyn Raji
47910,13049,2288.9187,Louis Ma
47911,13077,2264.2536,Louis Tang
47914,20556,865.204,April Nath
47917,13001,2264.2536,Emily Hughes
47918,13006,2264.2536,Emily Simmons
47919,17216,1105.4834,Terry Shen
47920,12282,2264.2536,Warren She
47921,14796,2410.6266,Roberto Jiménez
47922,13468,2410.6266,Dalton Washington
47926,13079,2264.2536,Madison Jenkins
47931,16531,2699.9018,Kelsey Goel
47932,16561,2410.6266,Timothy Scott
47933,16270,2410.6266,Denise Perez
47934,14106,1105.4834,Xavier Watson
47937,20549,865.204,April Raje
47940,12994,2288.9187,Emily Jenkins
47941,13010,2288.9187,Emily Bryant
47943,17196,1105.4834,Tony Rai
47945,14791,2699.9018,Roberto Alvarez
47946,14802,2699.9018,Roberto Munoz
47947,14109,1105.4834,Lori Romero
47948,13450,2699.9018,Dalton Barnes
47949,13477,2410.6266,Colin She
47951,12700,2288.9187,Kayla Bennett
47955,16554,2410.6266,Sean Scott
47956,16271,2699.9018,Bethany Goel
47957,14095,1105.4834,Lori Hernandez
47958,15349,865.204,Jeremiah Morris
48093,16588,2410.6266,Jackson Lopez
48094,13657,2699.9018,Edward Bryant
48095,20590,865.204,Kaitlyn James
48096,15398,865.204,Candace Patel
48099,12128,2264.2536,Kelli Chande
48103,16389,2410.6266,Nathan Carter
48106,20546,2264.2536,April Pal
48109,13489,2699.9018,Briana Moreno
48110,16307,2410.6266,Isaac Gonzalez
48111,14112,1105.4834,Lori Navarro
48112,13712,2410.6266,Robin Alvarez
48113,20716,865.204,Amy Lu
48116,19312,1105.4834,Olivia Cooper
48117,14930,2410.6266,Albert Suarez
48118,16309,2410.6266,Casey Chander
48119,14851,2410.6266,Nathaniel Howard
48120,15388,865.204,Brenda Rodriguez
48123,13080,2264.2536,Louis Xu
48125,14239,1105.4834,Patrick Sanders
48126,14115,1105.4834,Evan Brooks
48127,20598,865.204,Kaitlyn Price
48130,16829,2699.9018,Mario Goel
48131,20483,2264.2536,Jennifer Brooks
48136,13082,2288.9187,Madison Powell
48137,12130,2288.9187,Taylor Williams
48138,14818,2410.6266,Ian Cox
48140,15374,865.204,Brenda Subram
48141,12299,2288.9187,Colleen Zeng
48142,12213,2264.2536,Abigail Diaz
48143,20720,865.204,Amy Gao
48144,16823,2699.9018,Mario Moyer
48148,11614,2264.2536,Barbara Chande
48149,16298,2410.6266,Isaiah Gonzalez
48150,16822,2699.9018,Mario Chander
48151,19280,865.204,Brianna Griffin
48159,19322,1105.4834,Cory Weber
48160,14848,2410.6266,Bryce Howard
48161,16938,2410.6266,Carl Shen
48162,13714,2699.9018,Devin Simmons
48165,16327,2410.6266,Katrina Shen
48166,13484,2699.9018,Colin Tang
48169,13653,2410.6266,Briana Gill
48170,11613,2288.9187,Anna Lee
48171,16313,2699.9018,Timothy Gonzalez
48172,13658,2699.9018,Edward Alexander
48173,13704,2410.6266,Devin Long
48174,16827,2699.9018,Timothy Green
48176,15379,865.204,Chase Rogers
48177,17633,1105.4834,Stacey She
48178,12125,2288.9187,Kelli Pal
48179,16828,2699.9018,James Adams
48180,16316,2410.6266,Jonathan Nelson
48181,13705,2699.9018,Devin Patterson
48185,12286,2264.2536,Hannah Anderson
48186,16297,2410.6266,Casey Jai
48189,15371,865.204,Brenda Rana
48191,19292,865.204,Olivia Sanchez
48192,13702,2410.6266,Rodney Ramos
48198,18164,1105.4834,Randy Sun
48199,16595,2410.6266,Nichole Yuan
48202,12225,2288.9187,Emily Brown
48203,12226,2264.2536,Dawn Pal
48209,15369,865.204,Timothy Rogers
48210,13089,2288.9187,Madison Flores
48211,17634,1105.4834,James Garcia
48212,12289,2264.2536,Carol White
48213,12292,2264.2536,Hannah Harris
48214,16409,2699.9018,Latoya Anand
48216,20719,865.204,Amy Zhu
48217,15380,865.204,Brenda Lopez
48218,16594,2699.9018,Carlos Lopez
48221,15365,865.204,Isaac Rogers
48222,14116,1105.4834,Lori Gutierrez
48223,14120,1105.4834,Lori Gill
48227,14813,2699.9018,Roberto Gutierrez
48228,16598,2699.9018,Isaiah Lopez
48232,15396,865.204,Charles Rogers
48235,15367,865.204,Jesse Rogers
48237,14925,2410.6266,Xavier Cook
48238,16831,2699.9018,Jonathan Adams
48239,13700,2410.6266,Devin Perry
48245,12129,2288.9187,Taylor Johnson
48246,12218,2288.9187,Dawn Sharma
48247,16390,2410.6266,Samuel Carter
48249,15394,865.204,Candace Kapoor
48251,17641,1105.4834,Sandra Chen
48253,14926,2699.9018,Dalton Cook
48254,14117,1105.4834,Lori Dominguez
48256,14240,1105.4834,Krista Carlson
48257,19282,865.204,Brianna Diaz
48258,19287,865.204,Erik Gill
48265,16945,2699.9018,Carl Luo
48266,13713,2699.9018,Devin Butler
48270,13081,2264.2536,Madison Perry
48272,14931,2410.6266,Albert Sanz
48273,16589,2699.9018,Nichole Tang
48277,12287,2264.2536,Hannah Thomas
48278,16305,2699.9018,Casey Raje
48279,14121,1105.4834,Jesse Brooks
48280,13487,2410.6266,Jeremy Price
48281,13492,2410.6266,Jeremy Bennett
48283,15389,865.204,Bryan Rogers
48285,15372,865.204,Brian Rogers
48401,16451,2410.6266,Alex Carter
48402,17627,2410.6266,Stacey Hu
48403,14285,1105.4834,Felicia Townsend
48404,13730,2410.6266,Robin Gutierrez
48405,12316,2288.9187,Colleen Yuan
48406,15473,865.204,Carlos Cook
48411,17182,2410.6266,Carlos Wright
48412,19310,865.204,Olivia Rivera
48413,14288,1105.4834,Felicia Gill
48414,13718,2699.9018,Devin Alexander
48416,15472,865.204,Nancy Subram
48418,13114,2288.9187,Fernando Patterson
48420,14957,2410.6266,Cole Morgan
48421,19361,1105.4834,Shane Kapoor
48422,16946,2410.6266,Carl Yuan
48423,19297,865.204,Olivia Reed
48424,15070,2410.6266,Gina Carlson
48425,16475,2410.6266,Misty Raje
48426,14253,1105.4834,Garrett Sanders
48427,14289,1105.4834,Sebastian Ward
48428,13733,2410.6266,Eduardo Coleman
48429,12385,2288.9187,Samantha Martin
48436,14267,1105.4834,Felicia Jimenez
48437,15466,865.204,Diane Jimenez
48438,13117,2264.2536,Fernando Flores
48439,17651,1105.4834,Cameron Moore
48440,19309,865.204,Olivia Bailey
48442,13735,2410.6266,Robin Torres
48443,12232,2288.9187,Dawn Chande
48445,15411,865.204,Jeremy Rogers
48447,15471,865.204,Nancy Raman
48451,13107,2264.2536,Fernando Jenkins
48452,14998,2699.9018,Evan Bradley
48453,17647,1105.4834,Sandra Yang
48454,12328,2264.2536,Warren Shen
48455,12380,2264.2536,Lacey Xu
48456,20651,2264.2536,Morgan Morris
48457,13110,2264.2536,Fernando Perry
48458,17097,2410.6266,Kelvin Wu
48459,14966,2410.6266,Cody Morgan
48460,17098,2410.6266,Melody Carlson
48461,18167,1105.4834,Randy Zhu
48463,17225,2410.6266,Terry Luo
48464,13734,2410.6266,Eduardo Jenkins
48466,15404,865.204,Ian Rogers
48467,15409,865.204,Candace Arun
48468,15433,865.204,Candace Gonzalez
48475,17214,2699.9018,Robert Harris
48481,20669,2264.2536,Lindsey Chande
48484,13525,2288.9187,Briana Alonso
48488,12229,2288.9187,Emily Davis
48491,13126,2264.2536,Edwin Liu
48493,12402,2264.2536,Samantha Lee
48494,14272,1105.4834,Ian Sanders
48499,13132,2264.2536,Fernando Griffin
48500,13135,2264.2536,Edwin Wu
48501,19362,1105.4834,Shane Chandra
48503,15003,2699.9018,Renee Moreno
48505,15071,2410.6266,Alex Murphy
48506,15072,2410.6266,Gina Suarez
48507,14255,1105.4834,Krista Ortega
48508,13736,2410.6266,Eduardo Perry
48512,20656,2288.9187,Lindsey Luo
48513,15417,865.204,Candace Prasad
48514,15427,865.204,Candace Mehta
48516,13139,2288.9187,Spencer Wood
48517,16442,2699.9018,Misty She
48518,19337,1105.4834,Olivia Price
48519,18176,1105.4834,Randy Guo
48520,16411,2410.6266,Tracy Deng
48521,16422,2410.6266,Tracy Sharma
48522,15064,2699.9018,Jeremy Bell
48523,17203,2410.6266,Hunter Martinez
48524,15082,2410.6266,Jill Hernandez
48525,14284,1105.4834,Devin Wood
48526,13724,2410.6266,Devin Hayes
48530,13104,2288.9187,Louis Chande
48531,13105,2264.2536,Robyn Torres
48532,13112,2264.2536,Louis Becker
48534,16448,2410.6266,Isaiah Carter
48535,19295,865.204,Erik Ramos
48536,14256,1105.4834,Adrian Sanders
48537,12318,2264.2536,Madison Brown
48544,13119,2288.9187,Fernando Washington
48545,12335,2264.2536,Colleen Chavez
48546,14960,2410.6266,Bryan Morgan
48547,19029,1105.4834,Lauren Wood
48548,16414,2699.9018,Tracy Xu
48549,14946,2410.6266,Timothy Morgan
48550,19315,865.204,Frank Hernandez
48552,14242,1105.4834,Bryce Sanders
48553,13716,2699.9018,Devin Foster
48555,15399,865.204,Candace Van
48559,13122,2288.9187,Robyn Dominguez
48562,17085,2410.6266,Shaun Xu
48564,17218,2410.6266,Terry Xie
48567,14948,2410.6266,Patrick Morgan
48568,19296,865.204,Olivia Rogers
48569,20726,865.204,Morgan Powell
48571,13726,2410.6266,Eduardo Bennett
48573,15419,865.204,Evan Reed
48574,15422,865.204,Isaac Reed
48575,13123,2264.2536,Edwin Chen
48576,13133,2264.2536,Fernando Diaz
48578,17207,2410.6266,Jose Johnson
48579,13741,2410.6266,Robin Vazquez
48580,12231,2264.2536,Emily Wilson
48582,15428,865.204,Timothy Reed
48586,13113,2288.9187,Fernando Long
48589,17646,1105.4834,Cameron Miller
48592,12266,2288.9187,Colleen Lin
48593,12394,2264.2536,Lacey He
48598,13106,2288.9187,Louis Nara
48599,15002,2410.6266,Mason Blue
48600,18185,1105.4834,Janelle Kapoor
48602,12237,2288.9187,Dawn Nath
48610,13134,2264.2536,Fernando Hayes
48611,13518,2264.2536,Jeremiah Hughes
48612,13520,2288.9187,Jeremy Washington
48613,14965,2410.6266,Adrian Morgan
48614,14976,2410.6266,Randall Gill
48615,19360,1105.4834,Shane Suri
48616,13721,2410.6266,Devin Griffin
48617,13725,2410.6266,Eduardo Price
48620,20665,2264.2536,Lindsey Pal
48621,13129,2264.2536,Fernando Alexander
48622,13156,2288.9187,Spencer Flores
48623,13108,2288.9187,Louis Rai
48624,13109,2264.2536,Louis Nath
48628,12381,2288.9187,Samantha White
48631,17185,2410.6266,Tony Jai
48632,17192,2410.6266,Tony Chande
48634,12230,2264.2536,Emily Miller
48636,15429,865.204,Diane Hernandez
48637,15474,865.204,Angel Cook
48638,15475,865.204,Nancy Mehta
48639,20670,2264.2536,Morgan Murphy
48641,13524,2288.9187,Jeremiah Gonzales
48642,15061,2410.6266,Paula Navarro
48644,14270,1105.4834,Felicia Moreno
48645,14283,1105.4834,Devin Bennett
48646,13722,2699.9018,Robin Romero
48649,15432,865.204,Candace Martinez
48653,20680,2264.2536,Lindsey Raji
48654,17094,2410.6266,Shaun Shan
48655,18183,1105.4834,Benjamin Thompson
48657,15067,2410.6266,Angel Murphy
48658,12228,2288.9187,Dawn Raje
48661,15467,865.204,Nancy Schmidt
48663,13118,2264.2536,Edwin Zhang
48664,13521,2288.9187,Jeremy Butler
48666,13090,2264.2536,Wyatt Griffin
48667,19341,1105.4834,Olivia Blue
48668,18626,1105.4834,Anthony White
48669,19293,865.204,Erik Serrano
48670,13715,2410.6266,Robin Moreno
48671,12270,2264.2536,Hannah Williams
48673,13131,2264.2536,Edwin Huang
48675,15079,2410.6266,Jill Ruiz
48676,13729,2699.9018,Eduardo Barnes
48677,12391,2264.2536,Lacey Liang
48681,13160,2288.9187,Edwin Zhu
48682,13091,2288.9187,Louis Lal
48683,17648,1105.4834,Jonathan Moore
48684,16534,2410.6266,Kevin Scott
48685,13728,2699.9018,Eduardo Wood
48687,12317,2288.9187,Madison Jones
48690,13130,2264.2536,Fernando Russell
48692,18171,1105.4834,Benjamin Winter
48694,12315,2264.2536,Madison Williams
48699,13115,2264.2536,Fernando Hughes
48700,13519,2264.2536,Jeremiah Flores
48701,13103,2264.2536,Fernando Coleman
48702,17115,2410.6266,Melody Suarez
48703,15004,2699.9018,Renee Alonso
48704,16429,2699.9018,Tracy Raje
48705,14995,2410.6266,Renee Ruiz
48706,19359,1105.4834,Cory Perez
48707,19313,865.204,Olivia Richardson
48708,16466,2410.6266,Logan Mitchell
48709,14268,1105.4834,Damien Chander
48710,12305,2288.9187,Colleen Shen
48711,15410,865.204,Dalton Rogers
48716,17626,2410.6266,James Martin
48718,12382,2288.9187,Lacey Sun
48723,14944,2699.9018,Sean Morgan
48724,20722,865.204,Amy Liang
48725,17202,2410.6266,Isaac Wright
48727,13128,2264.2536,Fernando Bryant
48728,13111,2288.9187,Louis Goel
48795,16538,2410.6266,Isaac Mitchell
48796,15094,2410.6266,Chase Murphy
48797,14335,1105.4834,Bryce Torres
48800,15491,865.204,Rachael Chandra
48801,15493,865.204,Rachael Vance
48803,19416,1105.4834,Douglas Sai
48804,12276,2288.9187,Colleen Xu
48805,19318,865.204,Frank Jimenez
48808,16552,2699.9018,Kara Kumar
48811,15517,865.204,Garrett Cook
48812,13630,2288.9187,Briana Dominguez
48813,13631,2264.2536,Edward Barnes
48814,13647,2264.2536,Edward Flores
48815,17700,2410.6266,Jonathan Thompson
48816,12459,2288.9187,Sarah Williams
48818,15497,865.204,Diane Munoz
48819,13622,2288.9187,Javier Hernandez
48820,13958,2264.2536,Seth Jenkins
48822,17743,2410.6266,Susan Li
48823,16821,2699.9018,Sean Green
48830,17750,2410.6266,Samuel Johnston
48836,13959,2264.2536,Seth Perry
48839,16567,2699.9018,James Green
48840,17753,2699.9018,Logan Taylor
48841,17716,1105.4834,Margaret Lu
48842,12463,2288.9187,Sarah Miller
48843,15489,865.204,Jesse Cook
48844,15492,865.204,Rachael Patel
48845,13620,2264.2536,Walter Ortega
48846,13651,2264.2536,Edward Butler
48847,14336,1105.4834,Nathaniel Torres
48848,19424,1105.4834,Douglas Prasad
48852,15503,865.204,Rachael Smith
48853,15520,865.204,Rachael Gonzalez
48854,13643,2288.9187,Edward Long
48855,13955,2288.9187,Seth Ross
48856,13967,2264.2536,Joanna Hernandez
48858,15455,2699.9018,Charles Reed
48859,16603,2410.6266,Alex Lopez
48860,13849,2410.6266,Marcus Gonzales
48864,13964,2288.9187,Wendy Sanz
48866,13527,2264.2536,Jon Li
48867,15451,2410.6266,Nancy Kovar
48868,19320,865.204,Cory Patel
48871,20736,2264.2536,Morgan Butler
48872,15483,865.204,Evan Cook
48873,15499,865.204,Rachael Arun
48874,13970,2264.2536,Joanna Ashe
48878,17715,2410.6266,Nathan Lee
48879,12526,2264.2536,Samantha Jenkins
48880,13746,2699.9018,Robin Browning
48883,13528,2288.9187,Jon Liu
48885,17755,2410.6266,Logan Anderson
48886,12473,2288.9187,Sarah Anderson
48888,15482,865.204,Diane Moreno
48890,13618,2264.2536,Blake Russell
48891,13650,2264.2536,Javier Serrano
48892,17714,1105.4834,Margaret Ye
48893,17772,2410.6266,Susan Ma
48894,19034,1105.4834,Lauren Barnes
48895,19418,1105.4834,Victoria Brooks
48896,17632,2410.6266,Cameron Brown
48897,16540,2410.6266,Kara Deng
48898,13856,2410.6266,Marcus Diaz
48901,13960,2288.9187,Wendy Carlson
48902,13966,2264.2536,Wendy Ortega
48904,12492,2264.2536,Alejandro Lu
48908,13626,2264.2536,Blake Hayes
48909,13953,2288.9187,Wendy Serrano
48910,16587,2410.6266,Nichole Xie
48915,15481,865.204,Nancy Gonzalez
48916,13616,2264.2536,Walter Suarez
48917,13636,2288.9187,Edward Coleman
48918,13638,2264.2536,Edward Perry
48920,12275,2288.9187,Colleen Lu
48921,12560,2264.2536,Alejandro Nath
48922,15095,2699.9018,Jill Navarro
48923,14298,1105.4834,Adrian Ward
48925,15480,865.204,Nancy Martinez
48928,15502,865.204,Rachael Madan
48929,13526,2288.9187,Jon Chen
48930,15086,2410.6266,Patrick Murphy
48931,19382,1105.4834,Nelson Serrano
48932,14297,1105.4834,Felicia Carlson
48935,15518,865.204,Rachael Lopez
48936,13644,2288.9187,Edward Patterson
48937,13529,2288.9187,Jeremy Bryant
48938,17720,2410.6266,Jonathan Lewis
48939,15462,2699.9018,Ian Reed
48943,13973,2288.9187,Seth Washington
48945,17644,2699.9018,James Rodriguez
48947,13957,2288.9187,Wendy Ramos
48948,13974,2288.9187,Joanna Moreno
48950,12486,2264.2536,Sarah Robinson
48952,15093,2699.9018,Jill Alonso
48955,13645,2264.2536,Javier Vazquez
48956,13968,2288.9187,Seth Patterson
48961,13619,2264.2536,Walter Rubio
48962,13649,2264.2536,Edward Washington
48964,16824,2410.6266,Mario Rai
48965,19030,1105.4834,Gary Navarro
48966,17639,2410.6266,James Clark
48967,14292,1105.4834,Felicia Vazquez
48968,13742,2410.6266,Eduardo Patterson
48971,13625,2264.2536,Blake Diaz
48972,13629,2264.2536,Javier Muñoz
48974,17717,2410.6266,Jonathan Rodriguez
48975,17739,1105.4834,Logan Wilson
48976,12404,2288.9187,Lacey She
48978,14290,1105.4834,Cole Ward
48979,13855,2410.6266,Desiree Gutierrez
48982,15484,865.204,Mason Cook
48983,15500,865.204,Brian Cook
48984,13632,2288.9187,Edward Ross
48985,13646,2264.2536,Edward Hughes
48988,16565,2699.9018,Kara Andersen
48990,12559,2264.2536,Alejandro Rai
48991,12291,2288.9187,Colleen Zheng
48992,13862,2410.6266,Ian Price
48994,15506,865.204,Rachael Sara
48996,14334,1105.4834,Brian Torres
48997,13854,2699.9018,Desiree Navarro
48999,15463,2410.6266,Nancy Srini
49000,12460,2264.2536,Sarah Jones
49006,13633,2264.2536,Edward Henderson
49007,13637,2264.2536,Edward Jenkins
49012,16572,2699.9018,Kara Nath
49013,13745,2699.9018,Briana Ramos
49015,13965,2288.9187,Seth Long
49016,13971,2264.2536,Seth Flores
49017,17744,2410.6266,Logan Moore
49018,17747,2410.6266,Samuel Robinson
49019,17782,2410.6266,Susan Cai
49020,19035,1105.4834,Lauren Ross
49021,13744,2410.6266,Eduardo Flores
49025,19319,865.204,Olivia Ward
49026,16549,2699.9018,Jesse Scott
49027,15501,865.204,Bryce Cook
49028,13648,2264.2536,Javier Browning
49032,15085,2699.9018,Jill Ashe
49033,13747,2410.6266,Eduardo Butler
49037,20708,2288.9187,Amy Wu
49171,13865,2410.6266,Ian Barnes
49172,13885,2699.9018,Joy Gomez
49173,14047,2288.9187,Jeremiah James
49174,14049,2288.9187,Tanya Rubio
49178,14342,1105.4834,Kristy Carlson
49179,14365,1105.4834,Anne Moreno
49181,17890,2410.6266,Ethan Lewis
49182,16830,2699.9018,Mario Black
49183,16944,2699.9018,Thomas Young
49184,14129,2264.2536,Brian Brooks
49185,14134,2264.2536,Lori Suarez
49189,15525,865.204,Pamela Suri
49191,19435,1105.4834,Victoria Henderson
49192,19040,1105.4834,Lauren Coleman
49196,12386,2288.9187,Lacey Gao
49200,17889,2699.9018,Dennis Li
49201,17795,2699.9018,Nathan Davis
49202,17829,2410.6266,Dana Blanco
49203,19343,865.204,Cory Mehta
49204,14103,2288.9187,Lori Munoz
49205,14130,2264.2536,Bryce Brooks
49212,14337,1105.4834,Kristy Gill
49215,15521,865.204,Rachael Rodriguez
49217,15637,2410.6266,Jimmy Jimenez
49219,12619,2264.2536,Clayton Cai
49220,14032,2288.9187,Tanya Torres
49225,17191,2410.6266,Alex Wright
49226,17792,2699.9018,Nathan Brown
49227,13873,2699.9018,Ian Jenkins
49229,12390,2288.9187,Samantha Garcia
49232,15529,865.204,Diane Romero
49233,15531,865.204,Charles Cook
49234,15534,865.204,Eduardo Cook
49235,15537,865.204,Logan Parker
49239,14011,2288.9187,Tanya Alvarez
49240,14058,2288.9187,Damien Chande
49241,14065,2288.9187,Melinda Navarro
49247,17793,2699.9018,Logan Martinez
49248,17766,1105.4834,Logan Harris
49249,17767,1105.4834,Susan Sun
49250,19323,865.204,Cory Malhotra
49251,13871,2410.6266,Desiree Serrano
49252,12378,2288.9187,Lacey Zhao
49253,14211,2264.2536,Ian Kelly
49254,14216,2264.2536,Krista Jimenez
49255,15523,865.204,Rachael Sanchez
49256,13997,2288.9187,Joanna Carlson
49258,17828,2699.9018,Dana Vazquez
49260,12608,2264.2536,Sarah Price
49261,12609,2264.2536,Nuan Ma
49262,19335,865.204,Cory Prasad
49264,14046,2288.9187,Tanya Sanz
49265,14050,2288.9187,Isaiah Watson
49266,14051,2264.2536,Melinda Hernandez
49267,14131,2288.9187,Nathaniel Brooks
49269,13884,2410.6266,Ian Washington
49271,12630,2288.9187,Clayton Xie
49272,14055,2264.2536,Melinda Moreno
49276,17849,2410.6266,Carrie Ruiz
49277,12615,2288.9187,Sarah Wood
49278,14038,2264.2536,Seth James
49279,14045,2264.2536,Tanya Suarez
49280,17815,2699.9018,Nathan Taylor
49281,19324,865.204,Olivia Peterson
49282,14133,2264.2536,Juan Brooks
49283,14220,2288.9187,Dalton Kelly
49287,14007,2288.9187,Nathaniel James
49288,13994,2288.9187,Joanna Serrano
49290,16940,2699.9018,Jordan Hernandez
49291,19433,1105.4834,Todd Rowe
49292,19038,1105.4834,Gary Blanco
49293,12297,2264.2536,Hannah Martinez
49294,13882,2699.9018,Ian Flores
49295,12388,2264.2536,Lacey Ma
49296,14010,2288.9187,Sebastian James
49297,14127,2264.2536,Lori Ramos
49298,14210,2288.9187,Marcus Kelly
49300,14362,1105.4834,Anne Jiménez
49301,15665,2410.6266,Logan Edwards
49302,15651,2410.6266,Jimmy Travers
49303,17103,2410.6266,Shaun Andersen
49304,19437,1105.4834,Nelson Suarez
49305,13866,2410.6266,Desiree Gill
49306,13886,2410.6266,Desiree Ortega
49307,14071,2264.2536,Nathaniel Watson
49308,14128,2288.9187,Patrick Brooks
49309,14364,1105.4834,Sheila Martin
49310,15527,865.204,Adrian Cook
49312,17086,2699.9018,Shaun Luo
49313,14039,2264.2536,Xavier James
49314,14214,2264.2536,Krista Alvarez
49315,14215,2264.2536,Xavier Kelly
49317,14355,1105.4834,Anne Gomez
49323,12612,2264.2536,Sarah Bennett
49324,12461,2288.9187,Sarah Brown
49325,14219,2288.9187,Krista Alonso
49327,17790,2699.9018,Sam Wilson
49328,17812,2410.6266,Nathan Wilson
49329,17754,1105.4834,Susan Zhou
49330,12314,2288.9187,Madison Johnson
49331,12384,2264.2536,Lacey Zhu
49332,14063,2288.9187,Sean Watson
49333,14102,2288.9187,Joy Gutierrez
49334,14132,2264.2536,Chase Brooks
49339,17183,2699.9018,Robert Anderson
49340,15624,2410.6266,Diane Gill
49341,17756,1105.4834,Clarence Yang
49342,12599,2288.9187,Ashley Russell
49343,14033,2288.9187,Tanya Dominguez
49344,14048,2288.9187,Carlos Watson
49345,14070,2264.2536,Melinda Torres
49346,14218,2264.2536,Krista Munoz
49350,15547,865.204,Pamela Schmidt
49352,17082,2410.6266,Jonathan King
49354,13883,2410.6266,Desiree Rubio
49355,14031,2264.2536,Marcus James
49359,14343,1105.4834,Kristy Suarez
49361,15663,2410.6266,Jonathan Edwards
49362,12622,2264.2536,Clayton Zeng
49363,14062,2264.2536,Jesse Watson
49368,15528,865.204,Cody Cook
49369,15552,865.204,Pamela Subram
49372,15666,2699.9018,Jimmy Carlson
49373,17752,1105.4834,Susan Lin
49375,12330,2288.9187,Madison Thomas
49376,14125,2288.9187,Lori Serrano
49380,15542,865.204,Robert Parker
49381,15553,865.204,Kevin Parker
49385,17803,2410.6266,Logan Rodriguez
49386,17093,2410.6266,Greg White
49387,17114,2699.9018,Luis Wright
49388,12298,2288.9187,Hannah Robinson
49390,19326,865.204,Cory Sai
49391,13877,2410.6266,Desiree Suarez
49392,14066,2264.2536,Patrick Watson
49397,15551,865.204,Kyle Parker
49399,15540,865.204,Hunter Parker
49400,17794,2410.6266,Candice Liu
49401,17813,2699.9018,Candice Zhu
49402,12302,2288.9187,Colleen Deng
49403,12397,2264.2536,Samantha Clark
49407,14356,1105.4834,Adrian Torres
49408,15535,865.204,Pamela Malhotra
49409,13975,2264.2536,Joanna Munoz
49410,17184,2699.9018,Tony Shan
49411,15676,2699.9018,Marc Martin
49412,16826,2410.6266,Mario Nath
49413,17798,2699.9018,Candice Huang
49414,17096,2699.9018,Elijah King
49415,17107,2699.9018,Nathan Lopez
49417,12623,2264.2536,Sarah Perry
49418,14030,2288.9187,Richard James
49420,14354,1105.4834,Steven Torres
49425,15623,2699.9018,Damien Anand
49427,19338,865.204,Cory Rana
49428,13870,2699.9018,Desiree Bradley
49429,14012,2264.2536,Tanya Jimenez
49430,15538,865.204,Nathan Parker
49431,15548,865.204,Pamela Rana
49432,17841,2410.6266,Nathan Thompson
49434,14357,1105.4834,Anne Ruiz
49435,17181,2410.6266,Noah Thomas
49437,19336,865.204,Cory Sara
49438,14020,2288.9187,Adrian James
49439,14064,2288.9187,Timothy Watson
49440,14101,2264.2536,Lori Moreno
49442,15532,865.204,Pamela Patel
49549,19440,1105.4834,Victoria Coleman
49550,19380,865.204,Victoria Morris
49552,12647,2264.2536,Sarah Russell
49553,14302,2288.9187,Carol Saunders
49554,15739,865.204,Billy Moreno
49558,19366,865.204,Olivia Foster
49560,13892,2410.6266,Ian Gonzales
49561,14681,2264.2536,Jamie Sanz
49562,14234,2288.9187,Krista Vazquez
49566,15565,865.204,Pamela Lopez
49567,12634,2288.9187,Sarah Flores
49569,16262,2410.6266,Kevin Gonzalez
49570,14316,2264.2536,Kristy Diaz
49571,14345,2264.2536,Cole Torres
49575,15923,2699.9018,Manuel Sai
49576,17761,2410.6266,Susan Lu
49577,17762,2410.6266,Logan Jackson
49578,19057,1105.4834,Craig Diaz
49579,14322,2264.2536,Kristy Jimenez
49580,14225,2264.2536,Joy Serrano
49581,17937,2699.9018,Vincent Wang
49582,17220,2410.6266,Hunter Clark
49583,16203,2410.6266,Jonathan Parker
49584,13894,2699.9018,Theresa Moreno
49585,12644,2264.2536,Sarah Alexander
49586,12500,2288.9187,Madison Simmons
49587,14301,2288.9187,Charles Ward
49588,14226,2288.9187,Krista Gutierrez
49589,14263,2264.2536,Devin Sanders
49592,15558,865.204,Luis Parker
49593,15561,865.204,Pamela Garcia
49598,15710,2410.6266,Marc Vazquez
49599,15921,2699.9018,Jesse Perez
49600,14381,1105.4834,Lucas Torres
49601,14382,1105.4834,Anne Serrano
49602,15737,865.204,Billy Jiménez
49604,17221,2699.9018,Hunter Lopez
49605,19065,1105.4834,Craig Romero
49607,12475,2288.9187,Sarah Jackson
49608,14262,2288.9187,Felicia Diaz
49609,14367,1105.4834,Eduardo Torres
49611,15554,865.204,Gabriel Parker
49613,16052,2410.6266,Andre Sai
49616,12479,2288.9187,Alejandro Wu
49618,14306,2288.9187,Eduardo Ward
49619,14324,2264.2536,Alex Torres
49620,14326,2288.9187,Kristy Munoz
49621,14348,2288.9187,Kristy Rubio
49622,14668,2288.9187,Jamie Blanco
49627,14230,2264.2536,Mason Sanders
49629,15557,865.204,Jason Parker
49631,14260,2288.9187,Charles Sanders
49634,14279,2264.2536,Felicia Romero
49637,17943,2410.6266,Ethan White
49638,19067,1105.4834,Nelson Martin
49639,19386,865.204,Shane Subram
49640,12462,2264.2536,Sarah Davis
49641,14276,2264.2536,Xavier Sanders
49642,14299,2288.9187,Felicia Suarez
49645,15678,2699.9018,Marc Gomez
49646,15688,2410.6266,Diane Serrano
49647,17742,2699.9018,Susan Wang
49648,19455,1105.4834,Raymond Kovar
49650,12637,2264.2536,Sarah Simmons
49651,14670,2288.9187,Charles Cooper
49652,14855,2264.2536,Juan Howard
49653,15014,2288.9187,Renee Torres
49654,14224,2264.2536,Isaiah Sanders
49657,15750,865.204,Kyle Collins
49658,15763,865.204,Billy Serrano
49664,17896,2699.9018,Dennis Wu
49666,14287,2264.2536,Devin Ross
49667,14673,2288.9187,Rob Verhoff
49668,14261,2264.2536,Felicia Ruiz
49671,17199,2410.6266,Tony Natsuhara
49672,16259,2410.6266,Denise Lopez
49674,13887,2699.9018,Theresa Hernandez
49675,11241,2264.2536,Isabella Clark
49676,12658,2288.9187,Elizabeth Ross
49677,14666,2264.2536,Jamie Vazquez
49680,17969,2699.9018,Christian Williams
49681,13890,2410.6266,Theresa Alvarez
49685,17959,2410.6266,Vincent Sun
49686,16051,2410.6266,Evan Turner
49687,16205,2410.6266,Tina Subram
49688,12653,2264.2536,Clayton Raje
49689,14377,1105.4834,Ian Torres
49692,17960,2410.6266,Vincent Zhu
49693,17741,2699.9018,Susan Zhang
49694,17968,2699.9018,Vincent Liang
49695,12499,2264.2536,Madison Butler
49696,14323,2288.9187,Isaiah Torres
49697,14238,2264.2536,Timothy Sanders
49701,17933,2699.9018,Benjamin Davis
49702,15687,2410.6266,Elijah Edwards
49703,15924,2410.6266,Timothy Perez
49704,17962,2410.6266,Vincent Gao
49705,15925,2699.9018,Manuel Arun
49706,17770,1105.4834,Logan Thompson
49707,13889,2410.6266,Ian Foster
49708,12487,2288.9187,Alejandro Ye
49709,14300,2288.9187,Cody Ward
49710,14308,2264.2536,Richard Ward
49711,14676,2264.2536,Eduardo Cooper
49716,17722,2410.6266,Margaret Zhu
49717,16204,2699.9018,Kevin Baker
49718,19196,1105.4834,Brianna Morgan
49720,12640,2264.2536,Sarah Gonzales
49721,12645,2288.9187,Clayton Shan
49722,14264,2288.9187,Eduardo Sanders
49723,14366,1105.4834,Anne Munoz
49728,17635,2699.9018,Sandra Zhang
49729,19046,1105.4834,Lauren Powell
49732,14523,2288.9187,Xavier Gray
49733,14259,2264.2536,Felicia Gomez
49735,15569,865.204,Pamela Sanchez
49736,15555,865.204,Elijah Parker
49739,13895,2410.6266,Theresa Munoz
49740,14310,2288.9187,Marcus Ward
49741,14378,1105.4834,Anne Vazquez
49744,19188,1105.4834,Nelson Moreno
49745,19448,1105.4834,Victoria Powell
49747,12495,2288.9187,Madison Washington
49748,14380,1105.4834,Anne Blanco
49751,17966,2699.9018,Vincent Ma
49752,11242,2264.2536,Ruben Gomez
49753,14275,2264.2536,Seth Sanders
49754,14303,2264.2536,Felicia Rubio
49755,14305,2264.2536,Felicia Ortega
49757,17965,2410.6266,Ethan Garcia
49758,19381,865.204,Victoria Rogers
49759,14379,1105.4834,Sheila Gomez
49762,17948,2699.9018,Ethan Martin
49763,14277,2288.9187,Dalton Sanders
49764,14236,2288.9187,Sean Sanders
49766,19419,865.204,Nelson Carlson
49767,14347,2288.9187,Kristy Sanz
49771,15570,865.204,Jack Parker
49774,12648,2264.2536,Clayton Pal
49775,14235,2288.9187,Krista Blanco
49778,17198,2699.9018,Hunter Garcia
49779,17209,2699.9018,Tony Raji
49780,17958,2410.6266,Ethan Lee
49781,12484,2264.2536,Sarah Martinez
49784,14325,2264.2536,Evan Torres
49785,14667,2264.2536,Adrian Cooper
49791,16261,2699.9018,Kyle Gonzalez
49793,14671,2288.9187,Jamie Serrano
49796,15562,865.204,Pamela Fernandez
49797,15568,865.204,Jordan Parker
49801,15920,2410.6266,Manuel Malhotra
49802,17629,2699.9018,Logan Jones
49803,15931,2699.9018,Manuel Sara
49805,14286,2264.2536,Felicia Dominguez
49806,14304,2264.2536,Devin Ward
49807,14346,2288.9187,Joy Ortega
49808,14672,2288.9187,Jamie Ramos
49811,17892,2410.6266,Hunter Jones
49812,15677,2699.9018,Jose Edwards
49813,15700,2410.6266,Jordan Edwards
49814,11336,2288.9187,Rachel Johnson
49816,14374,1105.4834,Anne Dominguez
49895,17789,2410.6266,Candice Wang
49896,16388,2410.6266,Latoya Jai
49897,16392,2410.6266,Greg Carter
49898,17824,2699.9018,Dana Torres
49899,17873,2699.9018,Carrie Browning
49900,16286,2410.6266,Jack Gonzalez
49901,19427,865.204,Victoria Bennett
49902,12501,2288.9187,Alejandro Gao
49903,15851,865.204,Maurizio Macagno
49904,15882,865.204,Johnathan Kapoor
49909,17981,2699.9018,Benjamin Wilson
49910,13903,2410.6266,Joy Ruiz
49911,12857,2264.2536,Tristan Wood
49912,15185,2288.9187,Teresa Ruiz
49913,15192,2264.2536,Carlos Rivera
49914,15207,2288.9187,Brian Rivera
49915,15143,2288.9187,Jesse Bailey
49916,15145,2288.9187,Kendra Alonso
49919,17796,2410.6266,Ethan Johnson
49920,19477,1105.4834,Victoria Diaz
49921,13911,2410.6266,Theresa Vazquez
49922,15171,2264.2536,Kendra Suarez
49925,16391,2410.6266,Latoya Andersen
49926,16400,2699.9018,Latoya Nara
49927,17775,1105.4834,Zachary Lee
49928,19442,865.204,Victoria Jenkins
49929,11346,2264.2536,Rachel Moore
49930,12854,2264.2536,Rafael Yuan
49931,15860,865.204,Allen Subram
49932,14418,1105.4834,Bryce Peterson
49933,15169,2288.9187,Adrian Bailey
49938,19274,1105.4834,Nelson Harrison
49939,11379,2264.2536,Rachel Lee
49940,12859,2288.9187,Robyn Ruiz
49941,15022,2288.9187,Renee Serrano
49942,14400,1105.4834,Mason Peterson
49943,14417,1105.4834,Brian Peterson
49944,15210,2288.9187,Nathaniel Rivera
49946,18021,2410.6266,Ryan Lewis
49947,19471,1105.4834,Raymond Raman
49948,15015,2264.2536,Bryce Bell
49949,14411,1105.4834,Lee Gutierrez
49952,15840,865.204,Steven Stewart
49953,15213,2264.2536,Teresa Dominguez
49954,15144,2264.2536,Sean Bailey
49955,15152,2264.2536,Nathaniel Bailey
49963,17847,2699.9018,Abby Arthur
49964,16394,2410.6266,Latoya Raje
49966,12856,2288.9187,Tristan Bennett
49967,12521,2288.9187,Alejandro Deng
49968,15029,2288.9187,Renee Suarez
49969,15768,865.204,Diane Sanz
49970,15769,865.204,Billy Schmidt
49971,15208,2264.2536,Teresa Torres
49972,15211,2288.9187,Chase Rivera
49975,16291,2699.9018,Casey Sharma
49976,13906,2410.6266,Ian Hayes
49977,13910,2410.6266,Lucas Barnes
49978,12546,2288.9187,Wilson Pais
49979,12855,2288.9187,Tristan Price
49980,15027,2264.2536,Jared Bell
49981,15032,2264.2536,Adrian Bell
49982,14406,1105.4834,Sean Peterson
49983,15179,2288.9187,Ian Bailey
49985,11339,2264.2536,Rachel Jones
49987,15204,2264.2536,Teresa Romero
49988,15120,2264.2536,Jill Ortega
49989,15130,2264.2536,Jeremy Murphy
49990,15180,2288.9187,Lucas Bailey
49993,17781,2699.9018,Nathan Jones
49994,17799,2410.6266,Logan Clark
49996,12735,2264.2536,Kayla Russell
49997,12736,2288.9187,Omar Yuan
49998,12808,2264.2536,Oscar Russell
49999,14392,1105.4834,Isaiah Peterson
50001,15183,2288.9187,Teresa Gomez
50005,17848,2410.6266,Carrie Gomez
50007,15181,2288.9187,Paula Blanco
50008,15122,2288.9187,Marcus Murphy
50013,17979,2410.6266,Ryan Brown
50014,17833,2699.9018,Samuel Anderson
50015,19254,1105.4834,Brianna Powell
50020,12738,2264.2536,Omar Kumar
50021,12839,2264.2536,Rafael Deng
50022,12712,2264.2536,Kayla Jenkins
50023,15780,865.204,Martin Sanchez
50025,14386,1105.4834,Dalton Torres
50026,15205,2288.9187,Teresa Navarro
50031,19421,865.204,Douglas Madan
50032,13896,2699.9018,Theresa Alonso
50033,12713,2288.9187,Kayla Powell
50034,15129,2288.9187,Kendra Ruiz
50037,16289,2410.6266,Casey Kumar
50038,17784,2410.6266,Logan Garcia
50039,18000,2699.9018,Ryan Jackson
50040,15043,2288.9187,Gina Diaz
50041,15841,865.204,Adrian Stewart
50042,15770,865.204,Luke Collins
50043,14398,1105.4834,Lee Jimenez
50046,16404,2699.9018,Latoya Nath
50047,16408,2410.6266,Latoya Raji
50048,19197,1105.4834,Philip Navarro
50049,12745,2288.9187,Alexis Wood
50050,15035,2288.9187,Charles Bell
50051,15127,2288.9187,Xavier Murphy
50053,17811,2410.6266,Candice Sun
50054,16412,2699.9018,Tracy Simpson
50055,19479,1105.4834,Raymond Lopez
50056,15842,865.204,Cody Stewart
50057,15834,865.204,Cole Stewart
50058,14414,1105.4834,Lee Gill
50059,14415,1105.4834,Sheila Diaz
50060,15151,2264.2536,Kendra Navarro
50065,15044,2264.2536,Gina Hernandez
50069,17972,2410.6266,Abby Subram
50070,12624,2264.2536,Clayton She
50071,12853,2264.2536,Trevor Harrison
50072,15036,2264.2536,Renee Rubio
50073,15862,865.204,Hunter Perez
50075,15170,2288.9187,Cody Bailey
50081,19434,865.204,Douglas Mehta
50083,19446,865.204,Douglas Perez
50084,12548,2264.2536,Alejandro Andersen
50088,16393,2410.6266,Noah Carter
50089,17778,1105.4834,Susan He
50090,19423,865.204,Douglas Srini
50091,19436,865.204,Douglas Garcia
50092,11378,2288.9187,Rachel Lewis
50093,15781,865.204,Jackson Collins
50094,15184,2288.9187,Seth Bailey
50095,15178,2264.2536,Marcus Bailey
50096,17978,2410.6266,Ryan Jones
50097,19447,865.204,Raymond Suri
50098,15843,865.204,Charles Stewart
50099,15852,865.204,Marcus Stewart
50100,14385,1105.4834,Xavier Torres
50101,16310,2699.9018,Casey Nara
50102,13898,2699.9018,Theresa Navarro
50103,15827,865.204,Kellie Martin
50104,14394,1105.4834,Anne Ortega
50108,17974,2410.6266,Vincent Zheng
50109,16268,2410.6266,Luis Gonzalez
50110,19441,865.204,Douglas Gonzalez
50115,17764,2410.6266,Susan Xu
50116,17825,2410.6266,Dana Dominguez
50117,17893,2410.6266,Dennis Yang
50119,13907,2410.6266,Lucas Price
50120,15040,2288.9187,Eduardo Bell
50121,15042,2288.9187,Richard Blue
50122,15844,865.204,Allen Malhotra
50123,15778,865.204,Martin Rodriguez
50125,15209,2264.2536,Bryce Rivera
50126,15135,2288.9187,Alex Bailey
50129,17990,2410.6266,Abby Mehta
50130,19284,1105.4834,Erik Gutierrez
50131,19426,865.204,Douglas Sara
50133,11345,2264.2536,Rachel Wilson
50134,15028,2288.9187,Bryan Bell
50135,15037,2288.9187,Renee Ortega
50136,15845,865.204,Devin Stewart
50137,15865,865.204,Noah Perez
50138,14413,1105.4834,Lee Dominguez
50139,15182,2288.9187,Teresa Martin
50144,19459,1105.4834,Victoria Simmons
50145,19283,1105.4834,Olivia Stewart
50146,13897,2410.6266,Theresa Romero
50148,15771,865.204,Billy Rubio
50149,15134,2288.9187,Isaiah Bailey
50152,17768,2410.6266,Logan Martin
50154,13904,2410.6266,Theresa Torres
50155,15030,2288.9187,Garrett Bell
50156,15038,2264.2536,Devin Bell
50157,15121,2288.9187,Richard Murphy
50158,15133,2288.9187,Kendra Diaz
50160,15873,865.204,Kyle Perez
50164,17765,2410.6266,Logan White
50165,17977,2410.6266,Ryan Williams
50166,19467,1105.4834,Kelvin He
50167,13905,2410.6266,Theresa Dominguez
50168,15033,2288.9187,Renee Sanz
50169,15041,2288.9187,Gina Ruiz
50171,16288,2410.6266,Adam Gonzalez
50172,17773,1105.4834,Samuel Davis
50176,16273,2410.6266,Bethany Beck
50179,17769,2410.6266,Susan Zhu
50180,17777,2699.9018,Abby Kovár
50181,19257,1105.4834,Brianna Patterson
50184,11340,2264.2536,Christy Huang
50185,12657,2264.2536,Elizabeth Barnes
50186,14412,1105.4834,Lee Travers
50187,15150,2264.2536,Bryce Bailey
50324,18158,2410.6266,Randy Lu
50328,11401,2288.9187,Jasmine Jackson
50329,11403,2288.9187,Christy Shan
50330,15892,865.204,Caleb Perez
50331,15915,865.204,Alex Perez
50333,15580,2288.9187,Ricky Alvarez
50334,15595,2264.2536,Sean Parker
50335,15648,2288.9187,Isaiah Evans
50338,17946,2410.6266,Vincent Huang
50339,18026,2410.6266,Brent Zheng
50340,16424,2410.6266,Caleb Carter
50344,15937,865.204,Kellie Moreno
50345,15225,2288.9187,Teresa Carlson
50346,15575,2288.9187,Ricky Ruiz
50348,19311,1105.4834,Frank Diaz
50349,19314,1105.4834,Olivia Cox
50351,15885,865.204,Johnathan Chapman
50352,15948,865.204,Manuel Perez
50353,14440,1105.4834,Lawrence Munoz
50354,14456,1105.4834,Sheila Alvarez
50355,15268,2288.9187,Heidi Mehta
50356,15600,2288.9187,Ricky Dominguez
50357,15643,2288.9187,Carlos Evans
50361,19510,1105.4834,Brett Rana
50365,13925,2699.9018,Lucas Hughes
50368,15265,2264.2536,Heidi Subram
50369,15642,2288.9187,Jimmy Romero
50370,17941,2410.6266,Vincent Li
50371,16431,2410.6266,Jordan Carter
50374,17787,1105.4834,Ethan Smith
50375,17830,1105.4834,Dana Serrano
50376,17831,1105.4834,Dana Ramos
50378,19473,865.204,Raymond Subram
50379,13251,2264.2536,Roger Sun
50380,11420,2288.9187,Christy Rai
50381,15436,2288.9187,Chase Reed
50382,15591,2264.2536,Jesse Parker
50386,17942,2410.6266,Vincent Liu
50389,12813,2264.2536,Oscar Hayes
50390,13253,2288.9187,Carson Hughes
50391,15901,865.204,Jack Perez
50392,15902,865.204,Johnathan Fernandez
50393,15918,865.204,Manuel Patel
50395,14439,1105.4834,Lawrence Moreno
50396,15439,2264.2536,Juan Reed
50397,15588,2264.2536,Ricky Munoz
50398,15645,2264.2536,Diane Vazquez
50400,18173,2699.9018,Randy Ma
50401,18127,2410.6266,Wesley Zeng
50404,11382,2264.2536,Christy Deng
50405,14451,1105.4834,Lawrence Gutierrez
50406,15229,2264.2536,Jeremiah Stewart
50409,18177,2410.6266,Randy He
50410,18135,2410.6266,David Garcia
50411,18141,2410.6266,David Clark
50414,19285,1105.4834,Erik Torres
50416,11406,2264.2536,Jasmine Harris
50417,11417,2264.2536,Jasmine Clark
50418,15897,865.204,Johnathan Schmidt
50419,14453,1105.4834,Xavier Peterson
50421,15724,2264.2536,Billy Martin
50422,15223,2288.9187,Steven Rivera
50424,16433,2410.6266,Gloria Romero
50427,15944,865.204,Manuel Lopez
50428,14421,1105.4834,Lee Ramos
50429,14433,1105.4834,Garrett Peterson
50432,17940,2410.6266,Ethan Jackson
50434,13912,2410.6266,Theresa Blanco
50435,12873,2288.9187,Tristan Patterson
50437,15647,2264.2536,Angel Evans
50438,17929,2410.6266,Benjamin Lee
50440,19502,1105.4834,Brett Arun
50442,11402,2288.9187,Jasmine White
50443,11416,2264.2536,Christy Chander
50444,14438,1105.4834,Adrian Peterson
50447,15726,2264.2536,Isaac Edwards
50448,15219,2264.2536,Jared Rivera
50449,15435,2288.9187,Bryce Reed
50450,16416,2699.9018,Tracy Yuan
50453,17779,1105.4834,Susan Zheng
50454,19493,1105.4834,Brett Van
50455,19480,865.204,Emma Sanchez
50456,15723,2264.2536,Marc Ortega
50457,15227,2264.2536,Xavier Stewart
50458,15438,2288.9187,Candace Perez
50463,18166,2699.9018,Christian Harris
50464,19499,1105.4834,Emma Bailey
50465,19294,1105.4834,Olivia Morris
50467,15221,2288.9187,Teresa Ramos
50471,12807,2288.9187,Oscar Alexander
50473,17827,1105.4834,Dana Gill
50475,19911,1105.4834,Nicole Richardson
50477,13252,2288.9187,Carson Patterson
50478,15893,865.204,Johnathan Srini
50479,14449,1105.4834,Lawrence Navarro
50481,15262,2288.9187,Cole Sanchez
50483,15578,2288.9187,Carlos Parker
50484,18028,2410.6266,Abby Fernandez
50486,14448,1105.4834,Ian Peterson
50489,15717,2264.2536,Alex Edwards
50490,15226,2288.9187,Adrian Rivera
50491,15644,2288.9187,Jimmy Navarro
50494,16432,2410.6266,Tracy Chapman
50495,19475,865.204,Victoria Griffin
50496,14452,1105.4834,Lawrence Torres
50497,14419,1105.4834,Lee Blanco
50498,14434,1105.4834,Sheila Hernandez
50499,15214,2288.9187,Teresa Gill
50500,15425,2288.9187,Candace Subram
50501,18625,2410.6266,Stacy Serrano
50502,16425,2410.6266,Tracy Jai
50503,19286,1105.4834,Erik Dominguez
50504,12874,2288.9187,Tristan Hughes
50505,11410,2264.2536,Jasmine Garcia
50509,16415,2699.9018,Elijah Carter
50511,18621,2699.9018,Orlando Martin
50513,12825,2264.2536,Rafael Liang
50514,15904,865.204,Johnathan McDonald
50515,15215,2264.2536,Cole Rivera
50516,15646,2264.2536,Jimmy Gutierrez
50518,18136,2410.6266,Randy Wang
50519,17934,2410.6266,Dennis She
50522,17780,1105.4834,Susan Hu
50523,12860,2264.2536,Rafael Lal
50524,15914,865.204,Isaiah Perez
50525,14447,1105.4834,Marcus Peterson
50528,18160,2410.6266,Randy Xu
50530,19912,1105.4834,Nicole Cox
50531,19452,865.204,Nelson Sanz
50532,13915,2410.6266,Lucas Henderson
50533,11409,2264.2536,Jasmine Thompson
50534,12826,2288.9187,Trevor Perry
50540,19506,1105.4834,Brett Srini
50541,12806,2264.2536,Rafael Ye
50542,14442,1105.4834,Devin Peterson
50544,15722,2264.2536,Mason Edwards
50545,15587,2288.9187,Mason Parker
50546,15597,2288.9187,James Evans
50551,18168,2410.6266,Christopher Harris
50552,16430,2410.6266,Tracy Chande
50553,19500,1105.4834,Emma Rivera
50556,13927,2410.6266,Wendy Hernandez
50557,12861,2264.2536,Rafael Sharma
50558,12816,2264.2536,Trevor Wood
50559,15228,2264.2536,Dalton Stewart
50560,15716,2264.2536,Marc Carlson
50562,17945,2410.6266,Ethan Harris
50563,18633,2410.6266,Stacy Rubio
50570,13939,2410.6266,Lucas Griffin
50571,15890,865.204,Johnathan Arthur
50572,15899,865.204,Johnathan Raman
50573,15934,865.204,Manuel Subram
50574,15267,2264.2536,Bryan Sanchez
50578,18126,2410.6266,Wesley Cai
50579,17834,1105.4834,Ethan Jones
50581,15909,865.204,Johnathan Sanchez
50583,15725,2288.9187,Billy Gomez
50584,15585,2264.2536,Diane Torres
50586,17898,2699.9018,Hunter Miller
50591,11425,2264.2536,Jasmine Lee
50593,15266,2288.9187,Jared Sanchez
50594,15601,2264.2536,Ricky Gill
50595,17928,2410.6266,Dennis Cai
50600,19458,865.204,Raymond Malhotra
50601,12742,2288.9187,Juan Sanz
50602,15719,2264.2536,Marc Suarez
50603,15576,2264.2536,Jackson Parker
50609,15886,865.204,Johnathan Patel
50610,15941,865.204,Hunter Roberts
50611,15220,2264.2536,Bryan Rivera
50612,15590,2264.2536,Ricky Alonso
50613,15596,2264.2536,Timothy Parker
50621,19474,865.204,Victoria Russell
50626,18620,2410.6266,Stacy Vazquez
50627,18627,2699.9018,Anthony Harris
50628,17902,2699.9018,Greg Taylor
50629,16426,2410.6266,Tracy Pal
50630,19289,1105.4834,Kelvin Guo
50631,19511,1105.4834,Brett Raman
50632,15908,865.204,Jackson Perez
50633,14420,1105.4834,Lee Serrano
50634,15218,2264.2536,Teresa Serrano
50635,15586,2288.9187,Ricky Moreno
50636,15589,2288.9187,Isaac Parker
50642,18147,2410.6266,Randy Yang
50645,19288,1105.4834,Erik Vazquez
50646,19298,1105.4834,Erik Suarez
50648,13917,2699.9018,Theresa Ramos
50649,13938,2410.6266,Wendy Romero
50650,12747,2264.2536,Omar Sharma
50651,15888,865.204,Johnathan Malhotra
50652,15903,865.204,Adam Perez
50655,15582,2264.2536,Ricky Jimenez
50761,19321,1105.4834,Olivia Torres
50762,17963,2410.6266,Ethan Walker
50763,16513,2410.6266,Kelsey Shan
50766,13977,2699.9018,Joanna Alonso
50767,14486,1105.4834,Jonathon Navarro
50768,16176,2264.2536,Tina Suri
50773,19903,865.204,Kathryn Shen
50776,19940,1105.4834,Julie Shen
50777,11439,2288.9187,Jenny Yang
50778,11578,2288.9187,Barbara Zheng
50780,19945,865.204,Julie Luo
50781,13561,2264.2536,Jon Liang
50782,11587,2264.2536,Barbara Xie
50783,11588,2264.2536,Chloe Jackson
50784,14498,1105.4834,Jared Gray
50785,15785,2288.9187,Troy Kapoor
50786,15797,2288.9187,Timothy Collins
50787,15800,2264.2536,Troy Arun
50789,13553,2288.9187,Miguel Perry
50791,15969,865.204,Luke Roberts
50792,15972,865.204,Henry Rana
50793,14457,1105.4834,Lawrence Gill
50797,17964,2410.6266,Christian Johnson
50798,17900,1105.4834,Dennis Lin
50800,11590,2264.2536,Marshall Chavez
50801,15989,865.204,Kellie Romero
50802,14494,1105.4834,Jonathon Vazquez
50803,15789,2264.2536,Troy Chandra
50805,14471,1105.4834,Evan Gray
50806,17980,2699.9018,Gerrit Straatsma
50807,11433,2264.2536,Jenny Chen
50808,11546,2288.9187,Barbara Huang
50809,14484,1105.4834,Timothy Gray
50813,13255,2264.2536,Carson Flores
50816,17944,1105.4834,Vincent Yang
50817,17989,2410.6266,Brent Li
50818,18019,2410.6266,Christopher Brown
50819,15792,2288.9187,Troy Kovar
50820,15808,2264.2536,Evan Stewart
50821,16025,2288.9187,Bob Lopez
50822,16031,2264.2536,Caleb Turner
50826,16476,2410.6266,Misty Chande
50827,19917,1105.4834,Kathryn Shan
50828,13551,2264.2536,Miguel Jenkins
50831,15961,865.204,Jason Roberts
50832,14477,1105.4834,Jonathon Jimenez
50833,15754,2288.9187,Gabriel Collins
50839,19918,1105.4834,Kathryn Jai
50840,16436,2410.6266,Jack Carter
50841,19032,2410.6266,Gary Dominguez
50842,11479,2288.9187,Destiny Johnson
50843,12852,2264.2536,Trevor Diaz
50844,19503,865.204,Brett Madan
50845,13947,2410.6266,Wendy Torres
50846,13979,2699.9018,Seth Simmons
50847,15953,865.204,Kevin Roberts
50848,15986,865.204,Henry Gonzalez
50849,16026,2264.2536,Kevin Turner
50850,16155,2264.2536,Molly Mehta
50852,15831,2264.2536,Sebastian Stewart
50856,17949,1105.4834,Vincent Zhou
50857,16158,2264.2536,Kevin Campbell
50858,16163,2288.9187,Molly Martinez
50864,13411,2288.9187,Xavier Long
50865,11582,2264.2536,Chloe Moore
50866,15991,865.204,Isaiah Roberts
50867,15964,865.204,Aaron Roberts
50868,14473,1105.4834,Lawrence Ortega
50870,15764,2288.9187,Caleb Collins
50871,16027,2288.9187,Gabriel Turner
50874,16570,2699.9018,Kara Rai
50875,12829,2264.2536,Trevor Long
50876,12827,2288.9187,Rafael He
50877,12863,2288.9187,Tristan Ross
50878,15733,2264.2536,Timothy Edwards
50879,15752,2288.9187,Diane Suarez
50883,18045,2410.6266,Jeffery Huang
50886,19048,2699.9018,Lauren Patterson
50887,16596,2410.6266,Angel Lopez
50888,19916,1105.4834,Nicole Ward
50889,11572,2288.9187,Barbara Liang
50890,13984,2699.9018,Joanna Torres
50891,15976,865.204,Jack Roberts
50892,15753,2264.2536,Billy Gutierrez
50893,16028,2288.9187,Bob Gonzalez
50894,16160,2264.2536,Molly Fernandez
50897,11432,2288.9187,Nicole Williams
50898,13948,2410.6266,Wendy Dominguez
50899,15983,865.204,Jackson Roberts
50901,15833,2288.9187,Allen Kapoor
50906,17947,2410.6266,Vincent Lin
50907,17894,1105.4834,Dennis Huang
50908,13254,2264.2536,Roger Zhu
50909,13554,2288.9187,Miguel Powell
50911,12867,2288.9187,Tristan Coleman
50917,16533,2410.6266,Kelsey Becker
50918,16547,2699.9018,James Perez
50919,18027,2410.6266,Christian Davis
50920,11571,2288.9187,Chloe Brown
50923,15984,865.204,Carlos Roberts
50924,15732,2288.9187,Billy Hernandez
50925,15790,2288.9187,Evan Collins
50926,15799,2288.9187,Carlos Stewart
50930,17950,1105.4834,Abby Raman
50931,16569,2410.6266,Connor Green
50932,17885,1105.4834,Dennis Zhang
50933,19922,865.204,Kathryn Carson
50934,13256,2288.9187,Carson Washington
50935,15980,865.204,Henry Fernandez
50938,17983,2410.6266,Christian Robinson
50939,17897,1105.4834,Hunter Davis
50940,13408,2264.2536,Willie Nara
50941,19517,865.204,Emma Gray
50942,11429,2288.9187,Marshall Kumar
50943,15784,2264.2536,Troy Suri
50944,16169,2264.2536,Molly Rodriguez
50948,19037,2699.9018,Orlando Rubio
50949,19070,2699.9018,Lauren Russell
50950,11576,2288.9187,Chloe Miller
50951,13557,2288.9187,Miguel Long
50952,15994,865.204,Mason Roberts
50953,14464,1105.4834,Lawrence Carlson
50954,16161,2264.2536,Elijah Campbell
50957,17932,1105.4834,David Anderson
50958,16548,2410.6266,Kara Xu
50959,16560,2410.6266,Samuel Perez
50960,17986,2410.6266,Brent Wang
50961,16580,2699.9018,Jack Lopez
50962,16937,2410.6266,Luke Young
50963,13404,2264.2536,Xavier Jenkins
50964,12858,2288.9187,Rafael Kumar
50965,15952,865.204,Henry Kapoor
50966,15954,865.204,Gabriel Roberts
50967,15965,865.204,Henry Stone
50968,15968,865.204,Connor Roberts
50974,14470,1105.4834,Lawrence Rubio
50975,15788,2288.9187,Diane Rubio
50976,15793,2264.2536,Mason Collins
50977,16157,2288.9187,Kyle Campbell
50981,19031,2699.9018,Gary Gutierrez
50982,19073,2699.9018,Craig Gill
50984,19902,865.204,Kathryn Deng
50985,14481,1105.4834,Jonathon Munoz
50986,14485,1105.4834,Patrick Gray
50987,14495,1105.4834,Juan Gray
50988,16164,2264.2536,Molly Gonzalez
50997,17984,2699.9018,Brent Zhang
50998,19316,1105.4834,Olivia Howard
50999,19504,865.204,Emma Cooper
51002,17976,2410.6266,Vincent Cai
51003,18005,2410.6266,Brent Zhao
51004,13978,2699.9018,Joanna Romero
51005,15990,865.204,Henry Sanchez
51006,14461,1105.4834,Lawrence Serrano
51008,15830,2288.9187,Troy Perez
51009,16029,2288.9187,Shirleen Travers
51011,16551,2699.9018,Kara Yuan
51012,12846,2288.9187,Trevor Bryant
51013,11577,2264.2536,Chloe Wilson
51014,11583,2288.9187,Chloe Taylor
51015,17891,1105.4834,Dennis Liu
51016,19899,865.204,Nicole Murphy
51017,15987,865.204,Angel Roberts
51018,15751,2288.9187,Kevin Collins
51019,15767,2264.2536,Billy Suarez
51020,16159,2288.9187,Gabriel Campbell
51021,16532,2699.9018,Evan Mitchell
51022,11483,2288.9187,Jenny Shen
51023,13517,2264.2536,Jon Zhang
51027,15765,2264.2536,Connor Collins
51031,13562,2264.2536,Jon Guo
51032,15949,865.204,Thomas Roberts
51033,16339,2264.2536,Katrina Sharma
51039,17952,2410.6266,Benjamin Miller
51040,19036,2699.9018,Gary Vazquez
51041,16559,2410.6266,Kara Jai
51042,16566,2410.6266,Kara Chavez
51043,19049,2699.9018,Lauren Hughes
51044,17985,2699.9018,Ryan Miller
51045,12833,2264.2536,Robyn Gomez
51046,13976,2410.6266,Seth Butler
51047,15755,2264.2536,Billy Torres
51048,15757,2288.9187,Elijah Collins
51049,15802,2264.2536,Angel Stewart
51050,15832,2288.9187,Allen Suri
51052,17998,2699.9018,Ryan Thomas
51053,11480,2288.9187,Destiny Williams
51054,11547,2288.9187,Barbara Wu
51055,19943,865.204,Julie Tang
51056,13949,2410.6266,Wendy Gill
51057,15985,865.204,Henry Martinez
51058,14472,1105.4834,Mason Gray
51059,15734,2288.9187,James Collins
51060,15756,2288.9187,Billy Dominguez
51067,15992,865.204,Alex Roberts
51068,15801,2264.2536,Troy Madan
51069,16180,2264.2536,Eric Campbell
51073,19058,2410.6266,Craig Jiménez
51074,13407,2264.2536,Willie Chander
51075,12850,2288.9187,Rafael Xu
51076,15959,865.204,Elijah Roberts
51077,15729,2288.9187,Jesse Edwards
51078,15786,2264.2536,Isaiah Collins
51079,16156,2264.2536,Thomas Campbell
51176,18239,2709.8357,Austin White
51178,11245,2580.1419,Ruben Ruiz
51180,16313,2809.2526,Timothy Gonzalez
51181,12132,2778.9977,Taylor Jones
51183,20662,1934.8329,Lindsey Sharma
51184,11263,2646.4419,Natalie Moore
51188,12657,596.689,Elizabeth Barnes
51189,16688,2765.6272,Jose Green
51191,12390,2591.1808,Samantha Garcia
51192,11241,2574.6279,Isabella Clark
51193,11020,2560.2519,Chloe Rodriguez
51194,11089,2598.9158,Jennifer Wilson
51195,14066,888.9394,Patrick Watson
51196,18906,706.0398,Andrew Walker
51197,11448,2562.4508,Nicole Thomas
51198,11006,2580.1419,Chloe Martin
51203,18208,2715.3497,Janelle Chandra
51204,13519,2699.9018,Jeremiah Flores
51205,11240,2618.8058,Isabella Robinson
51206,11400,2562.4508,Jasmine Thomas
51207,11338,2618.8058,Rachel Williams
51209,13059,714.3273,Robyn Navarro
51210,11261,2574.6279,Ruben Alonso
51211,13841,830.2307,Marcus Butler
51214,19765,612.1369,Rachel Patterson
51215,11108,2574.639,Jennifer Lewis
51216,11117,2614.3637,Kaitlyn Johnson
51217,11449,2610.3084,Jenny Zhou
51218,11943,596.689,Kayla Williams
51221,12130,1307.7344,Taylor Williams
51224,11345,2602.264,Rachel Wilson
51228,11402,2650.8398,Jasmine White
51229,20038,2699.9018,Donald Prasad
51230,11292,2576.8048,Natalie Hall
51231,11257,2538.4944,Natalie Brown
51232,11615,858.9607,Deb Wagner
51233,18467,1879.594,Brandon Walker
51235,11105,2535.964,Jennifer Clark
51236,11106,2535.964,Jennifer Rodriguez
51237,11061,2618.8058,Joe Torres
51238,11002,2535.964,Courtney Young
51239,11076,2624.3529,Julia Hall
51242,19225,1346.9729,Victor Ruiz
51245,12124,2682.9953,Taylor Smith
51247,11249,2552.5169,Ruben Diaz
51248,12307,2699.9018,Colleen Tang
51249,11334,2580.1419,Christy Li
51250,19360,2775.0086,Shane Suri
51251,11433,2699.9018,Jenny Chen
51252,15551,654.4584,Kyle Parker
51254,20180,2749.1185,Alyssa Barnes
51256,11017,2560.2519,Chloe Clark
51257,19167,1238.1415,Casey Ramos
51258,18544,1276.8054,Leslie Rubio
51259,11433,2698.4432,Jenny Chen
51261,12271,1402.0682,Colleen Zhao
51262,11340,2612.1758,Christy Huang
51264,11282,2674.6083,Ruben Serrano
51265,11264,2625.4248,Ruben Romero
51267,11456,2642.5302,Jenny Xu
51268,18212,2708.6865,Austin Brown
51269,16693,2742.8642,Timothy Hill
51270,11341,2584.5619,Rachel Brown
51271,16944,2000.5583,Thomas Young
51272,19418,2735.9248,Victoria Brooks
51273,19341,2760.6657,Olivia Blue
51275,11265,2598.9158,Natalie Taylor
51276,11136,2630.4194,Roy Sanchez
51277,11278,2574.6279,Natalie Thompson
51279,20716,858.9607,Amy Lu
51280,18468,1939.2529,Brandi Gomez
51281,18697,1879.594,Jacob Harris
51282,11008,2555.0473,Joe Srini
51285,12397,2574.6279,Samantha Clark
51286,16311,891.4698,Sean Gonzalez
51288,11335,2590.4073,Rachel Smith
51289,11084,2566.1194,Roy Kapoor
51290,11445,2547.0029,Nicole Anderson
51291,11447,2552.5169,Jenny Lin
51292,11058,2624.3529,Joe Gutierrez
51293,11060,2563.589,Julia Garcia
51294,17512,654.4584,Carlos Hall
51296,19417,1276.8054,Victoria Watson
51299,14775,2673.0613,Danny Carlson
51300,16702,2699.9018,Francisco Rana
51301,14050,1352.3432,Isaiah Watson
51302,16569,1939.2529,Connor Green
51303,13774,899.9894,Richard Coleman
51304,17644,634.2479,James Rodriguez
51305,11242,2563.589,Ruben Gomez
51306,11333,2590.4073,Grace Hall
51307,11336,2618.8058,Rachel Johnson
51308,18958,624.5571,Chelsea Martinez
51309,15553,651.9058,Kevin Parker
51310,11328,2563.589,Grace Rodriguez
51315,11003,2562.4508,Jenna Young
51316,19320,1324.8619,Cory Patel
51321,18246,2709.8357,Christopher Martinez
51322,12296,2708.6865,Hannah Garcia
51323,11332,2602.2529,Grace Walker
51324,11155,2563.589,Roy Moreno
51325,11083,2646.4419,Jennifer Jones
51334,19335,1297.8004,Cory Prasad
51336,18243,2740.3337,William Martin
51337,18220,2699.9018,Todd Gao
51338,16339,1238.1415,Katrina Sharma
51339,12462,2622.6844,Sarah Davis
51340,13789,905.5254,Richard Washington
51341,12301,2742.8642,Hannah Clark
51342,19359,2738.5657,Cory Perez
51343,11439,2715.3497,Jenny Yang
51344,16793,1976.7898,Jonathan Baker
51345,11267,2613.2808,Ruben Gutierrez
51346,11270,2658.5748,Natalie Thomas
51347,11062,2598.9158,Joe Dominguez
51348,11167,2574.639,Morgan Jones
51350,11054,2656.3869,Julia Jackson
51351,11446,2602.2529,Jenny Wu
51352,11093,2608.8498,Jennifer Anderson
51354,11454,2535.964,Nicole Harris
51356,19393,1253.5894,Victoria Bailey
51358,17833,1382.4876,Samuel Anderson
51359,18240,2784.9426,Austin Harris
51360,11388,2588.9266,Jasmine Brown
51362,16797,1914.1473,Kyle Young
51363,15557,613.2419,Jason Parker
51364,13741,850.2865,Robin Vazquez
51365,11156,2640.9169,Kaitlyn Lewis
51366,14007,1879.594,Nathaniel James
51367,19270,606.6229,Erik Alvarez
51368,19763,635.3529,Rachel Powell
51374,18205,2738.5657,John Garcia
51375,18209,2738.5657,William White
51376,18218,2699.9018,Alexander Walker
51377,14047,1381.0732,Jeremiah James
51379,13745,927.6033,Briana Ramos
51380,11295,2740.3779,Grace Johnson
51381,11129,2535.964,Kaitlyn Moore
51382,11152,2535.964,Damien Shen
51384,11103,2639.2373,Roy Arun
51385,11070,2591.4681,Julia Lewis
51386,11072,2647.5358,Julia Lee
51387,11942,679.5308,Kayla Johnson
51388,11455,2563.589,Jenny Lu
51389,19428,1303.3144,Douglas Rana
51391,19437,2740.3337,Nelson Suarez
51392,16388,2754.0136,Latoya Jai
51393,16394,2738.5657,Latoya Raje
51394,19416,2735.9248,Douglas Sai
51395,20181,2699.9018,Phillip Perez
51396,13849,997.7929,Marcus Gonzales
51397,11835,2562.7823,Victoria Rodriguez
51398,11154,2563.589,Roy Jimenez
51399,11191,2607.7779,Morgan Martin
51407,18214,2778.9977,Christian Martinez
51408,11247,2585.9542,Isabella Walker
51409,11417,2720.4769,Jasmine Clark
51410,14945,753.5769,Randall Diaz
51411,11239,2601.1148,Isabella Martinez
51413,15549,635.3529,Pamela Raman
51414,16231,2791.1637,Kellie Rubio
51416,11550,858.9607,Barbara Zhou
51417,11281,2588.9266,Natalie Martinez
51419,18903,624.8444,Andrew Lee
51420,11109,2737.0408,Roy Srini
51421,11010,2535.964,Joe Schmidt
51422,17513,753.5769,Angel Hall
51425,19171,1297.8004,Casey Sanz
51426,18217,2738.5657,Todd Sun
51427,11243,2613.3029,Isabella Rodriguez
51428,12308,2762.9862,Hannah Lee
51429,11316,2596.7279,Lacey Goel
51430,11275,2626.5408,Ruben Gill
51431,11063,2622.1098,Julia Martinez
51432,11092,2587.8769,Roy Patel
51436,16218,635.3529,Luke Baker
51438,19212,1297.8004,Brianna Ward
51440,18244,2699.9018,Christopher Garcia
51441,12124,2708.6865,Taylor Smith
51443,11739,2607.7779,Brianna Lewis
51444,11272,2648.6408,Natalie Jackson
51445,11088,2614.9383,Jennifer Miller
51447,11107,2626.5408,Roy Madan
51448,11080,2607.7779,Joe Rubio
51450,11452,2668.564,Nicole Jackson
51451,19159,1238.1415,Casey Torres
51454,14198,2688.5092,Steven Kelly
51458,16803,1944.7669,Mario Lal
51459,16807,1909.7384,Mario Sharma
51460,11041,2630.4194,Marshall Zhu
51461,14146,914.1997,Louis Chen
51465,16794,1973.4969,Jackson Allen
51466,16804,1909.7384,Carlos Allen
51467,16805,1954.7008,Alex Green
51468,11259,2668.564,Natalie Miller
51469,11168,2606.9713,Roy Dominguez
51471,18899,596.689,Orlando Gill
51473,18907,650.8008,Joseph Smith
51474,19202,1293.3804,Philip Torres
51477,12264,1374.4432,Warren Zeng
51478,18213,2754.0136,Todd Lu
51479,16687,2754.0136,Francisco Vance
51480,16937,1928.1919,Luke Young
51481,17098,648.6019,Melody Carlson
51482,11484,2613.3029,Destiny Davis
51484,19433,2738.5657,Todd Rowe
51485,16316,2738.4552,Jonathan Nelson
51486,16798,1950.2808,Kevin Young
51487,15555,650.8008,Elijah Parker
51488,20036,2893.5751,Destiny Ward
51489,11289,2571.5671,Natalie Walker
51490,11171,2632.0548,Roy Vazquez
51491,11075,2535.964,Julia Walker
51492,11018,2587.8769,Joe Mehta
51493,11001,2674.0227,Amber Young
51497,19170,1272.6948,Nelson Jimenez
51498,19198,1276.8054,Brianna Bell
51502,19475,676.1937,Victoria Griffin
51503,13662,927.6254,Javier Rubio
51504,16792,1918.2579,Robert Adams
51505,11053,2574.6279,Joe Navarro
51506,11616,866.6294,Anna Hall
51507,16662,859.0712,Noah Adams
51510,12315,2673.0613,Madison Williams
51511,18241,2740.3337,William Harris
51512,11403,2649.7348,Christy Shan
51513,16570,1962.4469,Kara Rai
51514,17700,689.4869,Jonathan Thompson
51515,16391,2699.9018,Latoya Andersen
51516,11237,2563.589,Isabella Garcia
51517,20039,2715.3497,Destiny Peterson
51518,16132,2717.8801,Mason Phillips
51519,14078,927.6254,Cole Watson
51520,11015,2763.5719,Joe Subram
51522,11000,2587.8769,Mary Young
51528,18219,2718.6205,Todd Zhu
51529,18222,2725.2836,John Smith
51530,19362,2699.9018,Shane Chandra
51531,11337,2639.8008,Christy Liu
51533,11291,2535.964,Lacey Shan
51534,11158,2647.5358,Roy Alonso
51536,18698,1918.2579,Orlando Hernandez
51539,19160,1307.7344,Casey Dominguez
51540,19213,1276.8054,Philip Carlson
51543,18210,2725.2836,Todd Zhao
51544,11244,2602.264,Isabella Lewis
51545,19382,2699.9018,Nelson Serrano
51547,12300,2760.6657,Colleen She
51548,19424,2775.0086,Douglas Prasad
51550,11387,2602.2529,Jasmine Jones
51551,13058,650.8008,Hannah Bryant
51552,13747,954.6869,Eduardo Butler
51553,11286,2625.4248,Natalie Lewis
51554,11266,2590.0758,Ruben Navarro
51555,11037,2623.5242,Joe Gomez
51556,11022,2566.1194,Joe Lopez
51560,19271,635.3529,Brianna Foster
51561,11025,2658.0444,Marshall Sun
51562,11009,2538.4944,Joe Prasad
51563,17511,632.3473,Valerie Zhu
51567,15276,622.9659,Heidi Lopez
51569,15017,671.7958,Renee Dominguez
51571,14046,1402.0682,Tanya Sanz
51573,11238,2574.6279,Ruben Martin
51574,16291,2738.5657,Casey Sharma
51576,11481,2624.3529,Destiny Jones
51577,11042,2563.589,Joe Ashe
51580,18900,612.1369,Whitney Sara
51581,11007,2643.1048,Marshall Xu
51582,11052,2582.6834,Joe Romero
51583,16015,635.3529,Noah Turner
51585,19240,1276.8054,Nelson Romero
51586,18207,2775.0086,John Martinez
51589,11401,2623.7894,Jasmine Jackson
51590,11271,2646.4419,Ruben Dominguez
51591,11175,2587.8769,Morgan Davis
51592,11082,2574.639,Roy Suri
51593,11036,2602.2529,Joe Martin
51594,11104,2580.1529,Jennifer Robinson
51595,11004,2626.5408,Chloe Harris
51597,11453,2633.1377,Nicole White
51602,11439,2673.0613,Jenny Yang
51604,11246,2574.6279,Isabella Lee
51607,16799,1879.594,Isaiah Green
51608,13744,859.0712,Eduardo Flores
51609,13746,891.4698,Robin Browning
51610,11021,2621.0158,Cindy Lewis
51611,18902,671.7958,Whitney Rana
51612,11005,2610.3084,Joe Madan
51613,16098,835.7447,Kristopher Sai
51621,17949,905.5254,Vincent Zhou
51622,14927,676.2158,Jeremy Cook
51625,18957,651.1323,Joseph Robinson
51626,15554,635.3529,Gabriel Parker
51628,19269,596.689,Brianna Simmons
51629,11444,2626.5408,Jenny Huang
51630,19199,1253.5894,Philip Gutierrez
51631,19211,1238.1415,Brianna Howard
51632,19422,1238.1415,Victoria Sanders
51633,19326,1238.1415,Cory Sai
51634,14264,830.2307,Eduardo Sanders
51635,18242,2810.5012,Curtis Li
51636,18238,2709.8357,Curtis Wang
51638,13778,905.5254,Monique Gill
51639,15630,891.4698,Luke Evans
51640,20722,905.5254,Amy Liang
51641,11339,2574.6279,Rachel Jones
51642,12384,2684.0119,Lacey Zhu
51643,19361,2738.5657,Shane Kapoor
51644,12131,2699.9018,Kelli Chander
51645,15552,711.0344,Pamela Subram
51646,11064,2547.0029,Marshall Gao
51647,11144,2651.9669,Roy Ruiz
51648,11145,2552.5169,Kaitlyn Garcia
51649,11124,2552.5169,Roy Garcia
51650,11011,2535.964,Joe Rana
51651,11077,2624.3529,Jennifer Smith
51652,11450,2619.0931,Marshall Lal
51657,19169,1293.3804,Casey Suarez
51658,14189,2673.0613,Sabrina Ramos
51659,14275,830.2307,Seth Sanders
51660,12461,2618.8058,Sarah Brown
51663,16327,2725.2836,Katrina Shen
51664,13742,891.4698,Eduardo Patterson
51665,11252,2587.8769,Ruben Alvarez
51666,19264,612.1369,Erik Gomez
51667,11069,2563.589,Julia Rodriguez
51668,11101,2696.189,Jennifer Thompson
51672,19435,2715.3497,Victoria Henderson
51673,16400,2778.9977,Latoya Nara
51675,15548,613.2419,Pamela Rana
51676,20037,2868.5248,Destiny Torres
51677,11290,2602.2529,Ruben Saunders
51678,11224,2574.6279,Isabella Taylor
51679,11090,2623.7894,Jennifer Moore
51680,12281,858.9607,Colleen Gao
51681,12272,830.2307,Hannah Jones
51682,11057,2563.589,Julia Martin
51683,11095,2612.1758,Roy Vance
51684,11451,2615.4687,Jenny Ye
51685,19201,1238.1415,Brianna Bailey
51687,14181,2682.9953,Patrick Kelly
51688,16310,1381.0732,Casey Nara
51876,18301,2738.5657,Alexander White
51877,11409,2646.4419,Jasmine Thompson
51878,11468,2563.589,Jenny He
51880,12204,25.3819,Warren Zheng
51883,15138,38.664,Kendra Jimenez
51884,16338,64.6094,Jason Nelson
51885,15640,2.5305,Jimmy Alonso
51886,18293,2.5305,Jorge Huang
51887,11530,86.7204,Jenny Raji
51890,15571,38.5535,Adam Parker
51894,14567,106.1574,Micheal Alonso
51896,15856,41.1834,Allen Schmidt
51897,13199,25.3377,Edwin Raje
51898,15507,76.2119,Chase Cook
51899,16982,99.4169,Ricardo She
51900,14870,94.9748,Lance Serrano
51901,15703,82.8529,Marc Torres
51902,13571,159.6394,Jon Cai
51903,19344,205.8394,Cory Garcia
51904,14204,79.0959,Charles Kelly
51907,16192,32.5754,Mason Campbell
51908,12392,28.1554,Lacey Guo
51909,11566,60.7529,Barbara Zhu
51910,14079,41.2055,Melinda Serrano
51911,11746,46.7194,Ross Patel
51912,13015,38.675,Emily Griffin
51913,14329,101.6048,Sean Torres
51915,20200,2740.3337,George Sara
51916,11693,2535.964,Pedro Jimenez
51920,19413,1265.7554,Douglas Malhotra
51921,16392,1381.0732,Greg Carter
51923,11420,2626.5408,Christy Rai
51925,11091,15.4479,Jennifer Taylor
51926,14557,70.6869,Chase Ramirez
51929,17062,59.659,Sean Hernandez
51930,15766,38.664,Billy Carlson
51931,13615,8.7848,Walter Carlson
51932,12098,9.934,Kelli Shen
51933,11276,34.5534,Natalie Martin
51936,11287,106.1574,Ruben Carlson
51937,17374,98.8533,Krystal Zhu
51940,14291,55.2169,Jared Ward
51941,20537,26.4869,Jennifer Bryant
51942,11223,71.8029,Isabella Moore
51943,12077,98.8644,Kelli Gao
51944,18454,75.6815,Brandon Rodriguez
51945,18835,87.2729,Matthew Thomas
51946,12054,138.114,Abigail Harris
51947,16781,71.2394,Alex Scott
51948,15319,8.0444,Chase Morris
51949,16041,71.7919,Jackson Turner
51955,13582,76.2119,Jon Tang
51957,12061,82.8529,Abigail Garcia
51958,20183,2708.6865,George Suri
51959,11296,2562.7823,Lacey Pal
51960,12283,1352.3432,Colleen Ma
51962,16491,830.2307,Misty Ashe
51964,18309,2776.1136,Alexander Martinez
51965,18250,2740.3337,John Robinson
51966,13540,2653.0277,Miguel Bennett
51967,12807,2666.8623,Oscar Alexander
51968,13171,132.6,Giorgio Veronesi
51969,14052,30.1444,Melinda Alvarez
51970,17305,217.6519,Alan Yang
51971,16609,93.8698,Nichole Pal
51974,15136,38.664,Paula Gill
51975,11763,27.0615,Olivia Anderson
51976,17074,65.1729,Johnny Goel
51977,18191,9.934,Todd Chow
51978,19969,75.1069,Nicole Long
51979,19477,2799.3297,Victoria Diaz
51980,11502,59.659,Jenny Pal
51981,11673,59.659,Megan Brown
51983,11641,23.7465,Pedro Vance
51984,18329,26.2769,John Taylor
51986,15478,42.9624,Nancy Fernandez
51987,16097,11.039,Kristopher Malhotra
51988,13491,16.5529,Colin Kumar
51990,12165,176.2144,Dawn Ye
51991,11212,132.5779,Marshall Cai
51992,18987,132.5779,Nicholas Wilson
51994,16334,93.8366,Gabriel Nelson
51995,16227,89.4608,Carlos Baker
51996,14245,62.9519,Chase Sandberg
51997,18174,8.0444,Benjamin Harris
51998,17882,35.6584,Carrie Rubio
52001,13574,44.1779,Jon Zeng
52002,11632,85.0298,Lauren Taylor
52003,15507,176.789,Chase Cook
52004,15562,624.3029,Pamela Fernandez
52006,20204,2735.9248,George Rana
52007,13883,927.6254,Desiree Rubio
52008,11818,2625.4248,Victoria Thompson
52009,11830,2598.9158,Gerald Jordan
52010,11323,2758.3784,Grace Martinez
52011,12053,2646.4419,Abigail White
52012,14150,858.9607,Louis Liu
52013,13260,830.2307,Roger Guo
52014,16664,883.4254,Aaron Hill
52016,19403,1276.8054,Victoria Ware
52017,12131,2674.4757,Kelli Chander
52018,18470,2699.9018,Brandi Diaz
52020,11344,2538.4944,Rachel Miller
52021,12806,2615.4908,Rafael Ye
52022,11488,2566.1194,Jenny Xu
52023,11500,38.664,Destiny Harris
52024,19087,40.8408,Nelson Gomez
52025,18293,79.5048,Jorge Huang
52030,11125,8.7848,Kaitlyn Miller
52031,19088,2.5305,Craig Sanz
52032,16406,1025.9815,Latoya Becker
52033,16427,876.7733,Luke Carter
52034,14091,59.659,Cody West
52035,11300,45.957,Marshall Shen
52040,16848,104.4004,Russell Tang
52041,15413,136.9979,Candace Madan
52043,16384,8.0444,Latoya Sharma
52044,17276,75.1069,Noah Harris
52045,15476,8.0444,Alex Cook
52046,20130,5.514,Alyssa Rivera
52047,20492,79.5269,Keith Tang
52048,19781,8.0444,Rachel Alexander
52049,13818,44.189,Linda Travers
52051,20142,4.409,Ronald Lopez
52053,11723,44.189,Brianna Jackson
52054,11207,82.8529,Ruben Srini
52055,13234,40.8408,Roger Wu
52056,18960,683.9729,Chelsea Gonzalez
52057,12060,2672.4204,Kelli Lin
52058,11325,2724.8527,Christy Zimmerman
52060,18699,1911.6169,Erika Munoz
52061,20158,635.3529,Phillip Sai
52063,19532,1332.0444,Brett Perez
52064,17976,1397.6482,Vincent Cai
52066,12533,80.6208,Samantha Long
52067,12197,8.7848,Dawn Hu
52068,13635,35.6584,Javier Gutierrez
52069,20453,23.7465,Jennifer Murphy
52070,20237,23.7465,Derek Xu
52072,11113,55.2169,Roy Saunders
52073,12247,55.239,Colleen Zhang
52074,11211,71.2394,Ruben Prasad
52083,11300,35.6694,Marshall Shen
52084,14446,16.5529,Lawrence Romero
52085,14561,55.2169,Cole Ramirez
52086,20681,11.039,Morgan Cox
52087,19713,87.2729,Rachel Richardson
52088,13860,16.5529,Joy Martin
52089,18935,77.339,Chelsea Sai
52090,18889,87.2729,Andrew Wedge
52091,15157,136.9979,Cole Bailey
52093,17685,5.514,Nathan Clark
52094,15861,8.0444,Allen Mehta
52095,13872,199.9829,Ian Coleman
52096,20050,65.1729,Destiny Kelly
52097,15617,66.2006,Kevin Evans
52099,15681,37.5479,Marc Diaz
52101,16964,24.2879,Isaiah Young
52102,12724,16.5529,Omar She
52104,11327,2582.6834,Christy Wang
52105,11522,2552.5169,Jenny Goel
52107,18272,2738.5657,Curtis Zheng
52108,11394,2588.9266,Jill Moore
52109,11416,2574.6279,Christy Chander
52110,12742,2646.4419,Juan Sanz
52111,11547,2574.6279,Barbara Wu
52112,11496,2650.8398,Destiny Jackson
52113,11277,38.664,Ruben Vazquez
52114,15592,27.614,Ricky Romero
52119,13138,4.409,Edwin Lin
52122,11700,69.5929,Megan Rodriguez
52123,12176,132.6,Anna Brown
52125,11738,54.6754,Ross Suri
52127,11176,79.0959,Morgan Miller
52129,17027,57.4158,Ricardo Black
52131,18775,77.339,Natasha Rubio
52132,18664,15.4479,Diana Dominguez
52133,16953,15.4479,Carl Lal
52134,16511,44.1779,Kelsey Sharma
52135,15820,79.5269,Troy Lopez
52136,13510,104.4004,Colin Beck
52142,19346,23.7465,Nelson Vazquez
52143,13663,16.8292,Edward Diaz
52144,11868,68.4769,Emma White
52145,12708,82.8529,Kayla Ross
52146,12089,2560.2519,Jessica Miller
52147,11302,2607.7116,Grace Brown
52153,13521,2699.9018,Jeremy Butler
52154,18251,2715.3497,John Jones
52155,18254,2699.9018,Curtis Zhou
52156,16703,2776.1136,Jonathan Scott
52159,11996,1427.4059,Alisha Xie
52160,11422,2580.1529,Christy Goel
52161,11381,2587.8769,Rachel Hall
52162,11380,2693.9016,Rachel Walker
52163,11978,38.664,Kayla Martinez
52164,11119,38.9292,Roy Subram
52165,16617,77.3169,Nichole Nara
52167,19499,2754.0136,Emma Bailey
52168,13790,905.5254,Monique Suarez
52169,11632,59.659,Lauren Taylor
52170,12795,32.034,Abigail Barnes
52171,15172,40.0784,Charles Bailey
52176,18677,33.139,Diana Carlson
52178,16870,43.6144,Melody Munoz
52180,19727,77.339,Cynthia Malhotra
52181,13732,5.514,Eduardo Henderson
52182,19168,132.5779,Casey Carlson
52183,17506,14.2987,Eric Hall
52186,16814,44.1779,Mario Pal
52187,18110,14.2987,Wesley Sun
52188,15430,44.1779,Candace Fernandez
52189,15257,44.1779,Chase Sanchez
52190,14761,44.1779,Danny Gutierrez
52193,15278,62.9519,Heidi Martinez
52194,16209,34.2219,Kellie Sanz
52195,15821,34.2219,Troy Martinez
52196,17993,87.2729,Benjamin Moore
52198,12502,66.8194,Madison Foster
52200,12984,41.2055,Emily Bennett
52201,18962,626.8334,Joseph Rodriguez
52202,11526,2626.5408,Alyssa Davis
52203,12058,2605.5127,Kelli Huang
52204,17647,875.5357,Sandra Yang
52205,18700,1933.7058,Erika Romero
52206,17514,623.1758,Valerie Gao
52207,11056,2666.8623,Julia Harris
52210,18308,2717.8801,Dylan Miller
52211,18482,2709.8357,Janelle Garcia
52212,18275,2699.9018,Alexander Taylor
52213,11410,2668.5419,Jasmine Garcia
52214,11483,2602.2529,Jenny Shen
52215,12931,9.934,Robyn Alvarez
52216,15140,30.1444,Kendra Moreno
52217,17078,136.9758,Shaun She
52220,13998,108.2569,Brad Pritchett
52221,17291,59.659,Bethany Chande
52222,17629,1911.6169,Logan Jones
52223,19493,2778.9977,Brett Van
52231,11712,36.023,Pedro Dominguez
52237,14604,26.4869,Jesse James
52238,20696,81.7258,Morgan James
52239,19733,77.339,Cynthia Madan
52241,17447,15.4479,Leah Yang
52242,18102,5.514,Christopher Moore
52245,16018,99.4169,Bobby Mehta
52246,13508,142.5119,Colin Goel
52248,14704,106.0137,Isaac Richardson
52249,18871,62.9519,Brandy Gonzalez
52250,13360,62.9519,Willie Ma
52251,13372,85.0519,Willie She
52259,17701,32.5754,Margaret Liu
52261,13758,46.7194,Eduardo Russell
52262,11793,74.0019,Victoria Johnson
52263,12965,62.9519,Jaclyn Tang
52264,16886,1911.6169,Jerry Tang
52265,15558,640.8669,Luis Parker
52266,11885,2566.1194,Tamara Xie
52267,11529,2614.3637,Alyssa Wilson
52270,11947,696.1058,Alisha Yang
52271,11055,2646.4419,Judith White
52278,18484,2778.9977,Dylan Jones
52279,18249,2725.2836,William Thompson
52280,18288,2778.9977,Brandon Jackson
52281,14051,1367.7911,Melinda Hernandez
52282,11494,2574.6279,Destiny Anderson
52283,12091,9.934,Kelli Zeng
52285,13158,71.7919,Spencer Butler
52286,11146,59.6148,Kaitlyn Martinez
52287,17284,34.5534,Naomi Alvarez
52292,14317,55.239,Dalton Ward
52293,19584,98.3119,Holly Rana
52294,17096,1879.594,Elijah King
52295,17107,1918.2579,Nathan Lopez
52296,14951,635.3529,Nathaniel Morgan
52297,17715,718.2169,Nathan Lee
52298,11198,70.1344,Morgan Rodriguez
52299,11212,5.514,Marshall Cai
52302,11724,79.0959,Brianna White
52304,12202,55.2169,Abigail Gonzales
52306,18095,65.1729,Christian Lee
52308,15443,8.0444,Jared Reed
52309,11566,215.7734,Barbara Zhu
52310,14208,64.6094,Richard Kelly
52314,11260,46.7194,Ruben Muñoz
52315,12327,9.934,Madison Anderson
52316,11438,38.664,Jenny Liu
52317,11350,42.5094,Christy Zhou
52318,13882,927.6033,Ian Flores
52319,11324,2615.4908,Marshall Xie
52320,11678,2566.1194,Megan Moore
52321,11189,2614.3748,Ruben Chandra
52322,11216,2618.8169,Isabella Davis
52323,20152,623.7504,Alyssa Ramirez
52328,18302,2708.6865,Alexander Harris
52329,11480,2552.5169,Destiny Williams
52330,13668,87.2729,Wyatt Price
52331,14053,65.1729,Melinda Jimenez
52332,19087,11.3152,Nelson Gomez
52335,11284,11.3152,Natalie Rodriguez
52338,13944,40.0784,Joy Hernandez
52343,20343,77.339,Chad Andersen
52344,18569,5.514,Kathleen Romero
52345,17540,15.4479,Brittney Lin
52347,13285,14.2987,Roger Tang
52350,14512,44.1779,Eduardo Gray
52352,14145,26.8184,Adrian Brooks
52353,16539,92.7869,Jesse Mitchell
52354,20138,132.5558,Alyssa Ward
52355,17771,77.3169,Susan Gao
52359,14604,38.675,Jesse James
52360,12050,2702.2333,Kelli Li
52361,19771,650.8008,Rachel Washington
52364,19443,1286.7394,Douglas Rodriguez
52365,17251,77.3169,Hunter Lee
52366,19954,66.8194,Nicole Ross
52371,11527,2.5305,Jenny Becker
52373,12035,71.7919,Abigail Williams
52374,11631,9.934,Lauren Moore
52375,11631,13.1937,Lauren Moore
52376,11843,82.3004,Gerald Srini
52377,11711,11.3152,Brianna Jones
52378,16133,42.9624,Molly Vance
52380,11200,214.2485,Morgan Lewis
52381,12061,41.1834,Abigail Garcia
52383,16085,16.5529,Kevin Phillips
52384,19695,104.4004,Rachel Reed
52385,16666,136.9979,Alison Nara
52386,11331,15.4479,Grace Lee
52387,15198,8.0444,Teresa Munoz
52388,13458,49.6256,Dalton Jenkins
52389,19080,33.1279,Megan Reed
52390,14866,34.5534,Lance Blanco
52391,17630,5.514,Stacey Cai
52393,16584,44.1779,Nichole Shen
52394,17628,8.0444,James Thompson
52395,12374,38.664,Samantha Mohamed
52396,11666,2618.8169,Megan Johnson
52397,11683,2562.4508,Megan Thomas
52398,20159,650.8008,Phillip Arun
52399,20157,596.689,Phillip Malhotra
52403,19534,1303.3144,Emma Bennett
52406,14426,2634.3974,Lee Suarez
52407,18307,2699.9018,Jorge Xu
52408,18252,2699.9018,Curtis Lin
52409,11412,2615.4687,Christy Raje
52410,11250,2585.6669,Natalie Smith
52411,14053,30.1444,Melinda Jimenez
52412,14231,27.614,Isaac Sandberg
52414,16608,79.0959,Mason Lopez
52415,18290,9.934,Bernard Thames
52417,14087,175.695,Miguel Sanz
52419,11619,38.664,Lauren Jones
52420,11091,59.659,Jennifer Taylor
52421,11234,43.0729,Ruben Perez
52422,11287,43.3381,Ruben Carlson
52428,18604,41.1834,Tyler Anderson
52430,20391,26.4869,Shawn Chander
52431,17368,5.514,Jose Harris
52432,18583,132.5779,Zachary Robinson
52433,18757,87.2729,Joshua Smith
52435,16119,15.4479,Kristopher Martinez
52436,14465,8.0444,Angel Gray
52443,11233,166.7998,Isabella Harris
52444,11635,44.189,Lauren Anderson
52445,11620,46.7194,Lauren Brown
52446,11212,46.7194,Marshall Cai
52447,11691,72.8969,Pedro Alvarez
52448,11637,41.2055,Lauren Thomas
52449,12643,9.934,Clayton Sharma
52450,16888,1939.2529,Jerry Luo
52451,13060,692.2162,Louis Hu
52452,11307,2636.4748,Grace Moore
52453,11531,2538.4944,Jenny Ferrier
52454,11243,895.4036,Isabella Rodriguez
52455,17983,1352.3432,Christian Robinson
52456,14101,927.6254,Lori Moreno
52457,18701,1966.3144,Erika Navarro
52458,11457,2607.7558,Jenny Sun
52461,19409,1307.7344,Douglas Kapoor
52462,19531,1303.8669,Brett Sanchez
52466,12316,2634.3974,Colleen Yuan
52467,17964,1342.4093,Christian Johnson
52468,16713,2776.1136,Kyle Green
52469,11406,2614.3637,Jasmine Harris
52470,11414,2650.8619,Jasmine Robinson
52471,11953,25.3819,Alisha Lin
52472,11176,65.7254,Morgan Miller
52473,11276,38.664,Natalie Martin
52474,11113,57.4158,Roy Saunders
52475,18885,122.0583,Andrew Anderson
52477,15579,11.039,Angel Parker
52478,13138,60.764,Edwin Lin
52480,19455,2738.5657,Raymond Kovar
52481,17975,905.5254,Vincent Hu
52482,16324,927.6033,Casey Anand
52483,11223,43.0729,Isabella Moore
52484,11331,30.1444,Grace Lee
52485,11820,66.8194,Ross Vazquez
52487,11331,66.2779,Grace Lee
52488,11642,54.6754,Pedro Malhotra
52489,16097,40.432,Kristopher Malhotra
52491,13095,77.3169,Louis Shan
52493,16005,77.339,Jonathan Turner
52494,18967,146.9319,Veronica Suri
52496,18384,114.3454,Jésus Navarro
52497,18687,104.4004,Jacob Wilson
52499,15414,5.514,Angel Reed
52500,15469,44.1779,Nancy Rana
52501,15330,44.1779,Adrian Morris
52502,13848,67.9023,Desiree Alonso
52503,17105,44.1779,Shaun Carson
52504,19327,5.514,Nelson Gill
52505,17092,41.1834,Shaun Sharma
52508,13815,37.5479,Marcus Wood
52509,17601,171.7723,Stacey Zhou
52510,13339,34.2219,Willie Chen
52511,13854,888.9394,Desiree Navarro
52512,11016,2577.1694,Chloe Robinson
52513,11618,2618.8058,Lauren Williams
52514,11675,2563.589,Megan Miller
52515,12052,2604.7944,Kelli Liu
52516,11946,613.2419,Kayla Brown
52521,19405,1293.3804,Shane Sanchez
52522,16514,1307.7344,Samuel Hill
52523,12123,2598.9158,Kelli Jai
52524,11793,38.664,Victoria Johnson
52525,13668,30.1444,Wyatt Price
52526,11115,30.1444,Karen Smith
52527,15720,38.9292,Marc Schmidt
52528,20460,23.7465,Corey Kumar
52529,20255,83.4054,Derek Raje
52531,11965,74.0019,Kayla Jackson
52532,12370,2.5305,Samantha Davis
52533,15631,885.9559,Jimmy Hernandez
52535,11176,26.2769,Morgan Miller
52538,11176,88.3669,Morgan Miller
52540,14582,16.5529,Xavier Ramirez
52543,14359,87.2729,Anne Hernandez
52545,14901,8.0444,Isaac Ward
52547,14644,8.0444,Jamie Alan
52548,18145,79.5269,David Lewis
52549,19277,44.1779,Erik Munoz
52550,13596,11.039,Blake Perry
52552,14156,37.5479,Marcus Brooks
52555,14814,37.5479,Marcus Cox
52556,11404,37.5479,Christy Jai
52557,17786,44.1779,Susan She
52558,11065,216.9005,Joe Gill
52559,12837,5.514,Rafael She
52560,11231,68.4769,Ruben Sanchez
52561,11500,92.7869,Destiny Harris
52562,13275,24.2879,Roger Zeng
52563,18986,62.9519,Veronica Rana
52564,12367,55.239,Samantha Brown
52565,11831,2602.2529,Warren Li
52566,11227,2576.8048,Isabella Thomas
52567,11329,2563.589,Christy Chow
52569,19766,650.8008,Brandy Patel
52571,19402,1386.1894,Victoria Howard
52572,19529,1292.2533,Brett Rodriguez
52576,14940,2673.0613,Randall Gomez
52577,11346,2711.6148,Rachel Moore
52578,11961,38.664,Kayla Taylor
52579,11098,33.1279,Jennifer White
52580,15216,30.1444,Teresa Vazquez
52581,19570,50.7748,Holly Suri
52585,15018,9.934,Chase Bell
52586,16679,79.0959,Mason Hill
52591,18053,8.0444,Jeffery Zhao
52592,17014,5.514,Ricardo Andersen
52593,17369,8.0444,Krystal Lu
52594,14468,8.0444,Isaiah Gray
52595,18926,101.6048,Joseph Anderson
52596,15112,104.4004,Jill Carlson
52597,16563,15.4479,Gloria Bradley
52598,19826,79.5269,Jasmine James
52599,12506,132.5779,Alejandro Liang
52600,16568,77.3169,Kara Nara
52605,11581,43.0729,Barbara Zeng
52607,16958,90.0133,Carl Shan
52608,12567,9.934,Alejandro Raji
52609,13884,951.8912,Ian Washington
52611,18557,1303.3144,Kathleen Alvarez
52615,11432,2574.6279,Nicole Williams
52616,11485,2650.3094,Destiny Miller
52617,11957,54.1119,Kayla Moore
52618,16166,77.3169,Luis Campbell
52619,15031,35.6694,Steven Bell
52620,17381,208.7677,Krystal Guo
52622,17070,59.659,Johnny Rai
52623,17238,59.659,José Lopez
52624,14008,38.664,Chase James
52625,14848,624.314,Bryce Howard
52626,11019,41.9569,Joe Belson
52629,20104,30.1444,Joel Sanchez
52633,15559,16.5529,Punya Palit
52634,11330,16.5529,Grace Lewis
52635,12919,71.2394,Jaclyn Lin
52636,14916,29.8019,Albert Dominguez
52637,14507,44.1779,Cody Gray
52638,18055,40.8408,Justin Wilson
52639,16057,44.1779,Andre Madan
52640,16454,44.1779,Misty Xu
52641,19262,27.614,Victor Ortega
52642,14707,41.2055,Hector Jimenez
52643,12295,49.9681,Colleen Cai
52645,17637,165.7279,James Robinson
52649,11081,41.2055,Jennifer Williams
52650,11724,46.7194,Brianna White
52651,13318,52.9737,Roger Nara
52652,11923,38.675,Elizabeth Martin
52653,14339,79.5048,Juan Torres
52654,16870,85.0519,Melody Munoz
52655,12716,86.7204,Kayla Patterson
52656,13153,118.1908,Spencer Patterson
52657,11817,2563.589,Ross Gill
52658,11825,2566.1194,Ross Carlson
52660,16663,987.2844,Alison Chander
52665,19451,1293.3804,Victoria Long
52669,12277,1367.7911,Colleen Sun
52670,18483,2738.5657,Brandi Gutierrez
52671,11425,2764.6658,Jasmine Lee
52672,13613,30.1444,Blake Bryant
52673,13120,54.6754,Edwin West
52674,14859,34.5534,Lance Gutierrez
52675,18282,24.2879,Jorge Zhang
52676,12012,9.934,Alexis Harris
52677,14073,42.9624,Chase Watson
52678,17086,1934.8329,Shaun Luo
52680,16405,905.5254,Latoya Goel
52681,11703,69.5929,Megan Walker
52682,11142,2.5305,Kaitlyn Thompson
52683,11845,44.1779,Victoria Hall
52687,13268,76.2119,Carson Alexander
52693,20334,77.339,Chad Lal
52694,17165,5.514,Noah Taylor
52696,15158,44.1779,Jared Bailey
52698,19247,27.614,Victor Vazquez
52699,15461,92.7869,Nancy Arun
52700,13499,147.5065,Colin Pal
52701,12869,36.023,Tristan Perry
52704,16418,30.1444,Gloria Alonso
52705,12260,201.9719,Colleen Huang
52707,15052,8.0444,Gina Alonso
52708,11176,72.8969,Morgan Miller
52709,11198,38.675,Morgan Rodriguez
52710,12040,46.7194,Abigail Miller
52711,13349,24.2879,Willie Ye
52712,16910,79.5269,Jackson Adams
52713,12568,9.934,Alejandro Anand
52714,18990,620.9769,Veronica Mehta
52716,11834,2574.6279,Gerald Patel
52717,14011,1945.3194,Tanya Alvarez
52718,14125,1879.594,Lori Serrano
52725,12132,2771.3732,Taylor Jones
52726,16740,2785.5172,Jack Scott
52728,13639,4.409,Javier Torres
52731,11378,2613.2919,Rachel Lewis
52733,19459,2738.5657,Victoria Simmons
52734,11737,38.664,Brianna Rodriguez
52736,12892,172.6784,Rafael Black
52739,19726,41.1834,Cynthia Weber
52740,11723,33.139,Brianna Jackson
52741,12054,16.5529,Abigail Harris
52742,20361,77.339,Julia Ward
52743,19544,146.9319,Monica Madan
52744,17583,44.1779,James Johnson
52745,19639,71.2394,Grace Barnes
52746,14505,68.4658,Steven Gray
52747,18644,111.0083,Tyler Lee
52748,17211,52.9737,Hunter Robinson
52749,14166,79.5269,Jeremy Brooks
52751,17649,4.409,Sandra Huang
52752,19521,59.6479,Brett Fernandez
52753,14820,41.1834,Roberto Vazquez
52754,18635,180.104,Stacy Ortega
52755,16459,8.0444,Sean Carter
52756,12514,9.934,James Ptaszynski
52757,12948,85.0519,Dakota Jenkins
52758,11688,2639.8008,Megan Martin
52759,11217,2624.3529,Ruben Raman
52760,11665,2598.9158,Megan Smith
52761,11979,2599.1921,Alisha Zheng
52762,11534,2587.3133,Barbara Zhang
52763,20154,635.3529,Alyssa James
52766,16222,620.4354,Tina Rodriguez
52767,16223,622.0708,Eric Baker
52768,19336,1297.8004,Cory Sara
52769,19381,1293.3804,Victoria Rogers
52774,14830,2688.5092,Alex Howard
52776,18469,2699.9018,Brandi Ruiz
52778,11215,109.3508,Isabella Brown
52779,15125,34.5534,Lucas Murphy
52780,15217,34.5534,Teresa Blanco
52781,16627,33.139,Alex Hill
52783,15137,108.2569,Kendra Alvarez
52784,11398,2535.964,Christy Lal
52785,19448,2810.5012,Victoria Powell
52786,11637,2.5305,Lauren Thomas
52789,11078,71.2394,Joe Sanz
52791,11711,30.1444,Brianna Jones
52793,11922,38.6529,Elizabeth Harris
52797,12530,136.9979,Alejandro Xu
52798,20378,132.5779,Shawn Sharma
52799,18111,5.514,Wesley Zhu
52800,19241,164.0594,Victor Gutierrez
52801,17554,44.1779,Cameron Walker
52802,18751,44.1779,Michael Clark
52803,17035,65.1729,Johnny She
52804,16877,44.1779,Russell Goel
52805,16477,44.1779,Robert Mitchell
52809,13485,40.8408,Dalton Hayes
52810,16441,27.614,Eric Carter
52816,20146,4.409,Ronald Sanchez
52817,19185,65.1729,Philip Alvarez
52819,12503,28.1554,Madison Gonzales
52821,16593,8.0444,Nathan Green
52822,11650,82.8529,Lauren Garcia
52823,11819,46.7194,Warren Chow
52824,13341,156.8879,Julian Washington
52825,11826,2563.589,Ross Suarez
52826,11647,2614.3637,Pedro Madan
52827,11663,2618.8169,Lauren Walker
52828,11523,2626.5408,Alyssa Johnson
52829,11984,2574.6279,Alisha Zeng
52834,16221,650.8008,Adam Baker
52836,19535,1293.3804,Monica Kim
52838,19432,1293.3804,Douglas Subram
52841,18296,2806.0591,Jorge Zhou
52844,11998,1381.0732,Alisha Tang
52845,14058,1418.6211,Damien Chande
52846,11382,2535.964,Christy Deng
52849,12244,55.239,Dawn Raji
52850,17082,1889.5279,Jonathan King
52851,13667,905.5254,Rodney Jimenez
52852,11931,93.9029,Elizabeth Clark
52856,12895,41.1834,Rafael Raji
52859,14633,79.0959,Angel Cooper
52863,19010,87.2729,Nicholas Martinez
52864,17016,109.3508,Robert King
52865,15742,44.1779,Samuel Collins
52867,14845,8.0444,Brian Howard
52868,17850,87.2508,Samuel Winston
52870,17994,30.1444,Brent Yang
52871,19392,30.1444,Victoria Murphy
52872,15922,16.8292,Sean Perez
52873,15826,133.1304,Kelvin Zhang
52874,12906,24.2879,Aidan Coleman
52875,16812,1918.2579,Isaac Green
52876,13856,884.5083,Marcus Diaz
52877,16675,891.4698,Alison Anand
52883,12046,9.934,Abigail Anderson
52884,14518,70.6869,Mathew Munoz
52885,16611,47.4377,Nichole Andersen
52886,16927,34.2219,Samuel Young
52889,18267,38.664,Curtis Liang
52892,16942,1934.8329,Carl Tang
52893,11507,31.4704,Marshall Jai
52900,13318,76.2119,Roger Nara
52901,13206,77.3169,Antonio Patterson
52902,19643,136.9979,Cassandra Martinez
52903,16802,15.4479,Logan Baker
52904,16013,99.4169,Hunter Turner
52905,14703,46.7194,Hector Hernandez
52906,17806,71.7919,Candice Xu
52908,18017,27.614,Brent McDonald
52912,11023,128.1358,Chloe Lee
52914,11882,44.189,Tamara Shen
52915,11884,82.8529,Emma Clark
52916,11950,82.8529,Alisha Wu
52917,17657,83.9469,Cameron Anderson
52918,11865,118.2019,Emma Jackson
52919,16232,2735.9248,Alex Baker
52920,20210,2738.5657,George Subram
52921,13862,888.9504,Ian Price
52922,12071,2646.4419,Kelli Lu
52924,19533,1276.8054,Emma Price
52925,19380,1272.6948,Victoria Morris
52931,11866,8.7848,Tamara Zhu
52932,14312,8.0444,Ian Ward
52933,11059,85.0408,Julia Thompson
52934,11714,59.659,Marshall Black
52937,19703,77.339,Kristina Schmidt
52939,18530,125.9369,Daniel Anderson
52940,15397,44.1779,Candace Chapman
52941,18449,34.2219,Larry Blanco
52942,16039,5.514,Adam Turner
52943,13568,132.5779,Jon Hu
52944,16936,70.6869,Robert Young
52945,19056,41.9127,Craig Ruiz
52949,14799,102.7208,Garrett Cox
52950,11832,82.8529,Gerald Chandra
52951,13235,62.9519,Roger Lin
52952,12639,55.239,Clayton Kumar
52953,12593,9.934,Ashley Foster
52954,14081,2708.6865,Melinda Ramos
52955,16235,2699.9018,Denise Malhotra
52956,11317,2535.964,Grace Martin
52957,11162,2574.6279,Kaitlyn Hall
52959,11459,2566.1194,Jenny Zhu
52963,18273,2791.1637,Curtis Hu
52965,11492,2602.2529,Destiny Taylor
52966,11351,2535.964,Rachel Thomas
52967,11353,2552.5169,Marshall Sutton
52968,11212,38.664,Marshall Cai
52969,11965,30.1444,Kayla Jackson
52970,18286,77.3169,Zachary Jones
52971,17243,59.659,Terry Chander
52972,17302,65.1729,Jose Lee
52973,14678,55.239,Richard Cooper
52974,18197,9.934,Jorge Leitão
52975,14307,175.695,Kristy Martin
52981,18871,33.139,Brandy Gonzalez
52982,17385,77.3169,Krystal Cai
52984,12183,55.2169,Anna Taylor
52985,18094,75.6815,Wesley Huang
52986,17705,33.1279,Margaret Wu
52987,19920,101.6158,Kathryn Andersen
52988,14782,73.9908,Danny Ortega
52990,20588,30.1444,Kaitlyn Gray
52994,16193,5.514,Isaac Campbell
52995,12938,90.0133,Deb Price
52996,12793,133.1194,Rafael Huang
52997,18963,651.9279,Chelsea Sanchez
52998,11528,2631.4912,Alyssa Miller
52999,12113,2535.964,Kelli Kumar
53000,14102,927.6254,Joy Gutierrez
53002,14939,2673.0613,Evan Morgan
53003,18303,2709.8357,Jorge Lu
53004,16482,1332.0444,Thomas Mitchell
53005,11493,2574.6279,Jenny Zimmerman
53006,11395,2574.6279,Jasmine Taylor
53007,11530,9.934,Jenny Raji
53008,13962,44.4431,Wendy Suarez
53009,14857,87.2729,Lance Navarro
53010,17254,103.3065,Hunter Walker
53011,17070,77.3169,Johnny Rai
53012,18707,133.1194,Erika Dominguez
53014,15126,65.1729,Seth Murphy
53015,19090,2.5305,Megan Murphy
53016,18259,9.934,Dylan Davis
53019,11738,55.2169,Ross Suri
53020,11203,5.514,Morgan Walker
53023,11277,79.0959,Ruben Vazquez
53024,15526,106.1574,Pamela Kapoor
53026,11176,27.614,Morgan Miller
53027,18758,40.432,Natasha Gill
53030,15498,82.2783,Patrick Cook
53032,19778,77.339,Alicia Xu
53033,11827,164.0594,Ross Sanz
53034,18346,15.4479,Frank Dominguez
53035,14921,8.0444,Albert Serrano
53036,13698,35.6584,Rodney Blanco
53037,18632,35.6584,Tyler Clark
53038,17640,27.614,Naomi Ortega
53039,19177,43.0729,Megan Russell
53041,11566,40.0784,Barbara Zhu
53042,11277,46.7194,Ruben Vazquez
53043,17036,62.9519,Johnny Deng
53044,12602,9.934,Clayton Sun
53045,18758,40.8408,Natasha Gill
53046,12979,199.9829,Jaclyn Shan
53047,16887,1955.8058,Jerry Xu
53048,12032,679.5308,Abigail Smith
53049,15561,654.4584,Pamela Garcia
53050,20199,2765.6272,George Prasad
53051,13870,927.6254,Desiree Bradley
53052,11741,2763.5719,Brianna Walker
53053,11816,2602.2529,Victoria Martin
53054,11837,2591.1808,Victoria Lewis
53055,11326,2618.8169,Grace Clark
53056,11297,2618.8169,Grace Williams
53062,12011,683.4094,Alisha Shan
53065,18549,1292.2533,Dylan Lee
53066,19408,1248.0754,Victoria Peterson
53068,11470,2535.964,Jenny Zheng
53069,11203,132.6,Morgan Walker
53070,14516,27.614,Marcus Gray
53071,16694,43.3381,Gloria Ortega
53072,17063,41.1834,Johnny Raje
53073,19632,62.9629,Cassandra Subram
53076,14209,5.514,Krista Hernandez
53078,11902,6.9394,Elizabeth Weisman
53079,16168,38.5535,Kelvin Chen
53080,11122,8.7848,Roy Mehta
53082,19440,2754.0136,Victoria Coleman
53085,11178,113.2404,Morgan Wilson
53088,11226,2.5305,Ruben Gonzalez
53089,11200,32.5754,Morgan Lewis
53092,11185,136.9648,Morgan Jackson
53093,11331,67.4934,Grace Lee
53094,12055,33.139,Abigail Martin
53096,14655,77.3169,Sheila Gill
53097,15974,101.6048,Jordan Roberts
53099,16846,136.9979,Kevin Adams
53100,17137,5.514,Aaron Wright
53102,12077,5.514,Kelli Gao
53103,15301,16.8292,Jillian Sai
53104,13696,54.1119,Devin Henderson
53105,18150,85.0519,Randy Huang
53106,16254,27.614,Noah Gonzalez
53107,17738,27.614,Margaret She
53109,12509,14.3429,Madison Russell
53113,14840,37.5479,Sean Howard
53114,12646,5.514,Clayton Jai
53115,11806,46.7194,Victoria Moore
53116,11883,46.7194,Emma Robinson
53117,15816,90.0133,Timothy Stewart
53118,17387,62.9519,Austin Martin
53119,11983,2535.964,Kayla Lewis
53120,11664,2618.8169,Lauren Hall
53121,11160,2566.1194,Roy Navarro
53122,11298,2590.0758,Lacey Andersen
53123,19770,606.6229,Rachel Flores
53126,11460,2535.964,Nicole Thompson
53130,19450,1313.2483,Raymond Chandra
53132,14428,2666.4313,Sebastian Peterson
53133,11997,1381.0732,Alexis Brown
53134,11479,2591.4681,Destiny Johnson
53135,11413,2597.8108,Jill Martinez
53136,13624,66.2779,Javier Jiménez
53137,17484,24.2879,Thomas Hall
53138,15809,36.023,Mason Stewart
53139,13670,27.0615,Wyatt Barnes
53140,17307,69.5929,Noah Thompson
53142,11505,59.659,Destiny Garcia
53143,11520,69.5819,Destiny Hall
53148,11631,118.1798,Lauren Moore
53149,14328,55.2169,Jesse Torres
53150,19005,104.4004,Veronica Sanchez
53152,18811,77.339,Meghan Blanco
53154,15366,66.2779,Brenda Saunders
53155,14404,5.514,Lee Munoz
53156,16582,38.675,Nichole Deng
53157,13802,87.8033,Richard Alexander
53158,14973,33.0727,Randall Torres
53159,14174,42.9624,Sabrina Romero
53164,15468,176.789,Dalton Reed
53165,12791,33.0727,Rafael Yang
53166,15378,85.0298,Nathaniel Rogers
53167,20663,1934.8329,Lindsey Shan
53168,18973,626.8334,Veronica Vance
53169,11525,2604.7944,Alyssa Brown
53170,12059,2598.9158,Kelli Wu
53172,17648,858.9607,Jonathan Moore
53175,20160,728.1398,Phillip Madan
53176,11096,2535.964,Jennifer Jackson
53180,19401,1293.3804,Shane Rodriguez
53181,19407,1276.8054,Douglas Suri
53184,14425,2673.0613,Juan Peterson
53185,12024,9.934,Alexis Lee
53186,20234,35.6694,Derek Xie
53187,16032,24.2879,Connor Turner
53190,17307,77.3169,Noah Thompson
53192,15153,98.3229,Chase Bailey
53193,11757,27.0615,Olivia Moore
53194,18216,9.934,Austin Davis
53195,14851,686.1277,Nathaniel Howard
53197,11871,38.664,Tamara Liang
53198,11321,2.5305,Grace Garcia
53200,11530,33.6804,Jenny Raji
53201,16771,36.023,Jack Green
53203,15559,79.0959,Punya Palit
53205,11330,171.2529,Grace Lewis
53209,18477,15.4479,Brandi Munoz
53210,13198,66.2779,Antonio Jenkins
53212,18109,136.4454,Christopher Taylor
53214,16377,15.4479,Latoya Tang
53215,15161,8.0444,Kendra Vazquez
53216,15708,82.8529,Marc Gill
53217,15075,77.339,Mason Murphy
53218,14688,82.8529,Walter Alvarez
53219,17808,71.7919,Ethan Martinez
53220,17810,81.7258,Abby Sai
53222,17111,5.514,Shaun Rai
53224,12336,32.034,Madison Harris
53228,11889,46.7194,Tamara Tang
53229,11255,82.8529,Ruben Jimenez
53230,12051,44.189,Julian Isla
53231,12878,51.3494,Tristan Washington
53232,12654,9.934,Clayton Chavez
53233,16878,1918.2579,Russell Black
53234,13871,971.2508,Desiree Serrano
53235,11303,2538.4944,Grace Davis
53237,11002,2673.0613,Courtney Young
53240,11421,2535.964,Christy Nath
53241,11423,2560.2519,Jasmine Lewis
53242,11482,2602.2529,Destiny Brown
53243,11331,38.664,Grace Lee
53244,16173,34.5534,Luke Campbell
53246,19798,66.8194,Alicia Raje
53247,18263,38.664,Janelle Malhotra
53248,19086,2.5305,Craig Suarez
53255,17442,171.1977,Connor Hall
53257,15007,55.2169,Renee Romero
53258,17119,86.1458,Shaun Anand
53259,20439,16.5529,Peter Anand
53261,20366,77.339,Shawn Shen
53262,16777,138.114,Candice She
53263,14909,5.514,Paula Diaz
53265,15000,51.3494,Renée Alvarez
53269,14531,131.4508,Mathew Torres
53272,13497,44.1779,Jeremy Barnes
53273,11293,82.8529,Lacey Jai
53274,11735,82.8529,Brianna Clark
53275,12062,41.2055,Abigail Martinez
53276,12159,148.0258,Taylor Robinson
53277,15377,82.8529,Brenda Fernandez
53278,19217,101.6048,Philip Rubio
53279,11815,2618.8169,Victoria White
53280,11274,2552.5169,Natalie Harris
53281,11299,2692.8519,Grace Jones
53282,11319,2598.9158,Lacey Raji
53287,19395,1276.8054,Victoria Rivera
53289,18248,2717.8801,Curtis Wu
53290,11429,2574.6279,Marshall Kumar
53291,12738,2615.4687,Omar Kumar
53292,15018,114.3344,Chase Bell
53293,19627,30.6859,Kelvin Zheng
53294,14309,82.3004,Kristy Gomez
53295,13002,185.629,Jaclyn Ferrier
53296,16697,63.0845,Francisco Srini
53298,19796,15.4479,Jasmine Reed
53299,11087,180.104,Jennifer Davis
53302,13708,76.2119,Rodney Rubio
53305,19220,42.9624,Brianna Gray
53308,11802,87.2729,Ross Alvarez
53309,18223,44.1779,John Johnson
53310,16841,77.339,Alex Allen
53311,18348,32.5754,Frank Vazquez
53312,17336,29.8019,Noah Walker
53314,19817,44.1779,Lindsay Tang
53315,19913,32.0229,Kathryn Lal
53317,17814,33.1279,Nathan Moore
53319,12864,40.0784,Rafael Shan
53325,11193,38.675,Morgan Garcia
53326,11314,41.2055,Lacey Rai
53327,18974,647.4637,Veronica Malhotra
53328,13889,997.2183,Ian Foster
53330,18702,1939.2529,Erika Gutierrez
53331,20418,695.0119,Peter Shan
53333,20156,620.4354,Alyssa Watson
53336,20151,634.7783,Phillip Chapman
53337,11944,674.0058,Kayla Jones
53340,19410,1238.1415,Douglas Patel
53341,19530,1238.1415,Emma Sandberg
53342,19429,1276.8054,Victoria Wood
53343,14733,1276.8054,Cody Richardson
53344,19343,1292.2533,Cory Mehta
53345,13520,2740.3337,Jeremy Washington
53346,18485,2745.8587,Dylan Brown
53347,18260,2715.3497,Zachary Johnson
53348,18284,2708.6865,Jorge Wang
53349,18297,2808.1586,Jorge Ye
53350,11379,2626.5408,Rachel Lee
53351,12168,8.7848,Taylor Walker
53352,18287,41.1834,Jorge Li
53353,18895,30.6859,Whitney Srini
53354,20316,44.1779,Bradley Anand
53356,15806,42.9624,Alex Stewart
53357,14227,55.239,Alex Sanders
53358,17080,1914.1473,Shaun Shen
53359,11200,64.0679,Morgan Lewis
53360,13092,132.6,Wyatt Diaz
53362,12057,55.239,Abigail Thompson
53366,15494,33.139,Rachael Sai
53369,19860,146.9319,Christine She
53370,17569,71.2394,Jordan Allen
53371,17570,76.2119,Jonathan Brown
53372,11711,5.514,Brianna Jones
53374,19726,29.8019,Cynthia Weber
53375,13933,62.9519,Lucas Gonzales
53376,12840,44.1779,Trevor Butler
53377,15686,36.023,Marc Jimenez
53378,18152,85.0519,Randy Wu
53380,14836,87.2729,Jesse Howard
53381,16440,32.0229,Tracy Raji
53382,20591,77.3169,Kristin Goel
53383,17785,44.1779,Zachary Walker
53385,11287,92.7869,Ruben Carlson
53386,12165,78.4108,Dawn Ye
53387,13320,24.2879,Roger Rai
53388,16879,1909.7384,Russell Raji
53389,13855,1009.9258,Desiree Gutierrez
53392,11461,2535.964,Jenny McDonald
53394,16224,614.6673,Tina Sanchez
53395,19406,1313.2483,Victoria Torres
53399,11343,2629.8669,Rachel Davis
53400,11973,15.4479,Alisha Liang
53401,11879,8.7848,Tamara Cai
53402,11985,55.239,Alisha She
53403,14061,35.6584,Isaac Watson
53404,14126,70.6869,Timothy Brooks
53405,18256,70.6869,Christopher Rodriguez
53409,15606,86.1458,Ricky Serrano
53410,11752,86.1458,Ross Malhotra
53412,17350,38.664,Robert Williams
53414,11262,82.8529,Natalie Wilson
53418,15874,77.339,Allen Rodriguez
53419,16243,77.339,Kellie Ortega
53421,18760,60.7529,Natasha Vazquez
53422,15940,8.0444,Manuel Fernandez
53425,15275,15.4479,Heidi Fernandez
53426,20104,43.3713,Joel Sanchez
53427,17992,34.5534,Ryan Moore
53428,18022,70.6869,Ryan Lee
53430,16395,70.6869,Robert Carter
53431,19348,23.7465,Olivia Coleman
53433,12723,76.2119,Kayla Flores
53434,14266,62.9519,Marcus Sanders
53435,16811,1879.594,Mario Johnsen
53436,15570,620.9769,Jack Parker
53437,13877,937.5594,Desiree Suarez
53438,12069,2562.7823,Kelli Zhao
53439,14010,1977.9169,Sebastian James
53440,20416,596.689,Peter Sharma
53442,15790,659.6408,Evan Collins
53443,16103,875.5357,Kristopher Srini
53447,19396,1292.2533,Victoria Cooper
53448,13255,650.8008,Carson Flores
53449,14207,2673.0613,Eduardo Kelly
53626,11498,8.7848,Jenny Shan
53627,16626,40.432,Nichole Raji
53628,11605,2535.964,Anna Martinez
53629,11218,2.5305,Ruben Subram
53631,12107,35.6584,Jessica Thompson
53632,11331,109.9807,Grace Lee
53634,16964,79.0959,Isaiah Young
53635,17026,71.7919,Isaiah Hernandez
53638,19728,132.5779,Rachel James
53639,19747,164.0594,Cynthia Garcia
53640,20497,77.339,Dwayne Navarro
53641,18816,164.0594,Meghan Suarez
53642,16381,5.514,Timothy Nelson
53643,16746,71.2394,Aaron Green
53647,11377,92.7869,Christy Zeng
53648,15671,8.0444,Jimmy Sanz
53649,13363,79.5269,Oscar Bennett
53650,20666,1895.0419,Lindsey Andersen
53651,12102,2569.0366,Kelli Xie
53653,18692,2715.3497,Erika Hernandez
53654,18723,1879.594,Michael Miller
53656,11908,2563.589,Elizabeth Brown
53659,14734,1276.8054,Sheila Ramos
53660,19724,1276.8054,Rachel Ramirez
53663,12291,2683.9787,Colleen Zheng
53664,12305,2563.589,Colleen Shen
53666,11176,132.6,Morgan Miller
53667,11071,30.1444,Joe Serrano
53668,19590,35.6694,Holly Mehta
53669,16486,85.0519,Kyle Mitchell
53670,18211,62.9519,Christian Garcia
53672,14683,20.9619,Jamie Rubio
53674,18733,2.5305,Natasha Gomez
53675,18325,42.9624,Jorge Zheng
53676,15688,1879.594,Diane Serrano
53677,19503,672.9008,Brett Madan
53679,12321,2754.0136,Madison Miller
53680,13766,905.5254,Monique Alonso
53682,11253,70.6869,Natalie Johnson
53683,13756,64.6094,Monique Hernandez
53684,11142,77.3169,Kaitlyn Thompson
53686,14632,11.039,Clinton Vazquez
53687,18812,77.339,Matthew Johnson
53689,20694,162.4019,Morgan Gray
53690,14993,82.8529,Renee Martin
53691,13302,62.9519,Roger Jai
53692,12505,40.432,Madison Bryant
53694,11551,59.659,Alyssa Martinez
53696,15450,35.6584,Garrett Reed
53697,16320,54.6754,Henry Nelson
53698,18624,33.139,Daniel Thomas
53700,12066,38.675,Abigail Clark
53701,11864,44.189,Emma Thomas
53702,14736,94.4554,Hector Suarez
53703,16771,24.2879,Jack Green
53704,16096,89.4608,Aaron Phillips
53705,16897,1949.1869,Isaac Allen
53706,13917,927.6033,Theresa Ramos
53707,12164,2574.639,Taylor Rodriguez
53708,11538,2560.2519,Barbara Li
53710,18735,2699.9018,Orlando Jiménez
53711,16654,830.2307,Gloria Sanz
53712,11462,2566.1194,Jenny Liang
53713,11894,2646.4419,Tamara Kumar
53714,16360,612.1369,Katrina Goel
53718,19683,1263.5233,Patricia Rodriguez
53720,18489,2765.6272,Daniel Taylor
53721,11568,2563.589,Barbara Gao
53722,17077,97.7483,Johnny Anand
53723,15465,33.139,Nancy Prasad
53730,19479,2699.9018,Raymond Lopez
53739,14455,26.4869,Damien Nara
53742,15420,5.514,Candace Sara
53743,13935,62.9519,Wendy Munoz
53744,15105,132.5779,Jill Blanco
53745,15065,26.8184,Gina Blanco
53746,14246,79.5269,Juan Sanders
53747,16597,114.3565,Angel Hill
53748,14809,87.2729,Sheila Rowe
53750,12540,28.1554,Alejandro Sharma
53753,11173,38.675,Roy Serrano
53754,13437,89.4608,Xavier Griffin
53756,19110,668.4808,Megan Gray
53757,16237,2778.9977,Mason Baker
53758,13915,954.6869,Lucas Henderson
53759,12178,2602.2529,Anna Davis
53760,12142,2615.4687,Kelli Raji
53761,12114,2570.1858,Kelli Lal
53762,12083,2668.564,Jessica Jones
53765,11008,2673.0613,Joe Srini
53766,18716,2699.9018,Erika Blanco
53768,11754,2563.589,Ross Arun
53769,11917,2582.6834,Liz Anderson
53772,18486,2699.9018,Brandi Dominguez
53774,14858,207.7179,Sebastian Howard
53781,19103,46.3327,Derrick Moreno
53782,20042,2708.6865,Donald Raman
53785,13795,861.3254,Richard Foster
53786,11196,2.5305,Morgan Clark
53787,11279,2.5305,Natalie Garcia
53788,16731,93.8808,Martin Vance
53789,11262,32.034,Natalie Wilson
53790,12795,41.1834,Abigail Barnes
53791,12444,38.6529,Ashley Clark
53793,19774,164.0594,Rachel Simmons
53794,20506,76.2119,Keith Andersen
53795,20278,77.339,Chloe Price
53796,20071,87.2729,Destiny Coleman
53797,20115,132.5779,Ronald Sai
53798,18534,60.7529,Leslie Serrano
53799,18123,5.514,Abby Sanchez
53800,17590,5.514,Logan Williams
53801,17437,65.1729,Thomas Garcia
53802,16383,65.1729,James Carter
53803,16002,68.4658,Kellie Navarro
53805,14579,138.114,Sheila Navarro
53807,14788,5.514,Nathaniel Cox
53808,15069,79.5048,Isaiah Murphy
53809,13813,82.8529,Marcus Bennett
53810,15103,79.0959,Jill Vazquez
53811,16040,71.7919,Eric Turner
53813,12259,30.6859,Emily Rodriguez
53816,17844,8.0444,Samuel Thomas
53817,17880,8.0444,David Wilson
53818,11673,152.4458,Megan Brown
53819,12983,111.0083,Jaclyn Andersen
53820,15556,650.8008,Pamela Mehta
53821,13892,927.6254,Ian Gonzales
53822,18694,2715.3497,Jacob Thomas
53824,11916,2658.0444,Tamara Chander
53825,16225,612.1369,Tina Perez
53826,16226,612.1369,Denise Suri
53828,12296,2688.5092,Hannah Garcia
53830,18488,2738.5657,Daniel Thompson
53831,11889,8.7848,Tamara Tang
53833,15593,98.3229,Ricky Navarro
53834,11019,59.659,Joe Belson
53835,11300,101.1959,Marshall Shen
53837,11651,71.7919,Pedro Prasad
53838,11215,214.3479,Isabella Brown
53840,19026,41.1834,Gary Munoz
53843,19879,77.339,Jasmine Diaz
53844,20494,16.5529,Keith Luo
53845,20116,132.5779,Alyssa Reed
53846,18593,77.339,Tyler Robinson
53847,12753,41.1834,Omar Pal
53851,16208,132.5558,Elijah Baker
53852,11208,145.7937,Isabella Johnson
53853,15862,659.6408,Hunter Perez
53854,20337,2709.8357,Chad Shan
53855,12190,2555.0473,Abigail Long
53856,12105,2668.564,Jessica Martin
53857,12153,2607.7558,Taylor Martin
53858,12156,2587.8769,Dawn Liu
53859,12163,2614.9383,Dawn Zhou
53860,12381,830.2307,Samantha White
53862,18726,1918.2579,Erika Sanz
53863,20420,612.1369,Julia Foster
53864,20425,596.689,Peter Raje
53865,11768,2563.589,Ross Raman
53866,11915,2618.8058,Tamara Chande
53873,12317,2659.7792,Madison Jones
53876,12130,2580.1419,Taylor Williams
53877,12621,2574.6279,Juan Vazquez
53878,12299,2604.4408,Colleen Zeng
53879,20618,23.7465,Kaitlyn Jenkins
53881,11463,8.7848,Nicole Martinez
53882,19619,98.3119,Cassandra Madan
53883,19467,2745.8587,Kelvin He
53884,11521,2.5305,Alyssa Smith
53886,11288,2.5305,Ruben Suarez
53889,20732,11.039,Amy Hu
53891,18577,77.339,Tyler Moore
53893,16863,71.2394,Jesse Young
53894,17359,44.1779,José Jackson
53895,17130,109.3508,Mitchell Luo
53896,15496,44.1779,Timothy Cook
53897,15869,15.4479,Allen Lopez
53898,14043,62.9519,Joy Alonso
53900,13388,118.1908,Willie Kumar
53901,16413,41.9127,Gabriel Carter
53902,16574,5.514,Kara Becker
53903,17845,27.614,Samuel Jackson
53904,11408,38.0894,Christy Andersen
53906,12429,38.675,Jaime Moreno
53907,12331,55.239,Madison Jackson
53908,12173,2597.8108,Anna Johnson
53909,12122,2685.1169,Warren Ma
53910,14128,1950.2808,Patrick Brooks
53912,18724,2738.4552,Erika Suarez
53913,15831,659.9723,Sebastian Stewart
53915,11765,2535.964,Ross Sara
53916,11899,2646.9723,Sarah Hall
53919,15101,2673.0613,Cole Murphy
53922,11781,65.7254,Warren Zhang
53923,19106,24.2879,Megan Ward
53924,19952,28.1554,Julie Lal
53927,11125,43.6144,Kaitlyn Miller
53928,14311,82.3004,Kristy Ruiz
53931,12065,55.239,Kelli Ye
53940,20636,16.5529,Kaitlyn Foster
53941,19758,87.2729,Rachel Jenkins
53942,13144,149.1529,Edwin Ye
53944,18591,132.5779,Kathleen Rubio
53945,12055,5.514,Abigail Martin
53946,20528,71.2394,Dwayne Torres
53947,14623,71.2394,Clinton Navarro
53948,13831,38.675,Marcus Patterson
53949,14718,70.6869,Chase Richardson
53950,18030,71.7919,Brent Stone
53956,19383,132.5558,Shane Rana
53958,11718,41.2055,Pedro Vazquez
53959,12073,82.8529,Abigail Walker
53960,12908,94.4554,Jaclyn Yang
53961,17482,85.0519,Jose Hall
53962,12977,79.5269,Jaclyn Sharma
53963,17026,118.1908,Isaiah Hernandez
53964,12986,2618.8169,Emily Barnes
53965,12151,2560.2519,Taylor Harris
53966,14259,927.6254,Felicia Gomez
53969,18746,2825.2861,Michael Martinez
53970,18696,2841.2865,Jacob White
53971,11099,2612.1758,Jennifer Harris
53972,11963,2535.964,Kayla Thomas
53974,14790,2699.0067,Roberto Hernandez
53975,12634,2673.0613,Sarah Flores
53976,12318,2634.3974,Madison Brown
53978,11489,2607.2033,Destiny Wilson
53979,11491,2574.6279,Jenny Luo
53980,11938,8.7848,Alisha Wang
53981,11789,38.664,Olivia Walker
53982,16739,34.5534,Jason Green
53983,19575,26.2769,Holly Vance
53985,17297,41.1834,Bethany Nath
53987,17237,69.5929,Terry Pal
53988,14221,55.239,Krista Romero
53989,11148,59.659,Kaitlyn Robinson
53990,16711,69.5929,Melody Martin
53991,11681,69.5929,Megan Anderson
53993,11078,13.1937,Joe Sanz
53994,11530,27.614,Jenny Raji
53996,17337,96.0798,Alan Zheng
53997,11740,218.6574,Brianna Lee
54000,12444,87.2729,Ashley Clark
54001,17419,44.1779,Austin Thompson
54002,17379,138.114,Jose Thompson
54003,15487,99.4169,Rachael Suri
54004,14629,5.514,Jeremy Rivera
54005,14694,87.2729,Walter Munoz
54006,13942,62.9519,Wendy Navarro
54007,15356,132.5779,Isaiah Rogers
54010,11566,23.7465,Barbara Zhu
54013,16050,44.1779,Alex Turner
54014,12564,40.0784,Alejandro Goel
54017,11651,38.675,Pedro Prasad
54018,14282,82.8529,Felicia Gutierrez
54019,11891,82.8529,Tamara Xu
54020,13053,85.0519,Louis Guo
54021,16959,94.4554,Angel Young
54022,16894,1949.1869,Jack Adams
54023,12171,2658.0444,Dawn Lu
54024,12152,2607.2033,Dawn Chen
54025,12177,2656.9283,Dawn Sun
54027,12287,1417.5161,Hannah Thomas
54028,16696,1025.9815,Francisco Madan
54030,16678,820.2968,Francisco Suri
54031,11907,2538.4944,Tamara Andersen
54037,15116,2682.9953,Devin Murphy
54039,12510,2535.964,Madison Griffin
54040,11572,2628.7398,Barbara Liang
54041,15728,32.0229,Billy Ruiz
54042,13983,160.6891,Seth Gonzales
54045,18898,82.8529,Andrew Rodriguez
54048,19502,2834.2366,Brett Arun
54049,12318,2624.3529,Madison Brown
54050,11686,59.659,Megan Harris
54051,11331,86.7204,Grace Lee
54053,16958,79.0959,Carl Shan
54055,11506,134.7327,Carol Martinez
54056,18966,87.2729,Joseph Lee
54057,20344,132.5779,Judith Reed
54058,18424,5.514,Larry Moreno
54059,19214,5.514,Brianna Torres
54060,18671,77.339,Diana Serrano
54061,18584,136.9979,Kathleen Serrano
54062,18640,44.1779,Diana Ruiz
54063,17683,5.514,Logan Davis
54064,16001,8.0444,Bobby Sai
54065,14463,75.0627,Carlos Gray
54066,18170,44.1779,Randy Gao
54067,14842,110.4337,Lance Ruiz
54069,14535,104.4004,Mathew Gill
54070,14814,104.4004,Marcus Cox
54071,14938,87.2729,Alex Morgan
54072,12798,16.5529,Abigail Coleman
54073,19460,32.5754,Raymond Sai
54074,12595,34.5644,Clayton Lu
54077,13776,37.5479,Monique Dominguez
54078,11706,38.675,Pedro Gutierrez
54079,11738,46.7194,Ross Suri
54080,11843,46.7194,Gerald Srini
54081,13213,24.2879,Edwin Goel
54082,16358,44.189,Adam Nelson
54083,14271,24.2879,Felicia Munoz
54084,12481,9.934,Alejandro Lin
54085,15881,624.314,Johnathan Suri
54086,15834,596.689,Cole Stewart
54087,15900,773.4669,Jordan Perez
54088,19023,640.8669,Lauren Bennett
54089,13925,859.0712,Lucas Hughes
54090,12206,2574.6279,Dawn Xie
54091,12170,2574.639,Taylor Hall
54092,12186,2580.1419,Dawn Ma
54093,12104,2574.6279,Kelli Tang
54094,12160,2615.4908,Dawn Huang
54095,11439,858.9607,Jenny Yang
54096,16744,2754.0136,Luis Green
54097,11900,2624.3529,Tamara Sharma
54099,19538,1276.8054,Monica Vance
54100,11401,635.3529,Jasmine Jackson
54104,12607,2566.1194,Clayton Gao
54105,12328,2591.1808,Warren Shen
54106,14217,98.8533,Krista Moreno
54108,16619,74.687,Timothy Lopez
54109,17109,1954.7008,Aaron King
54110,18621,651.9279,Orlando Martin
54111,12124,2585.6669,Taylor Smith
54112,11330,32.0229,Grace Lewis
54113,11091,64.6094,Jennifer Taylor
54114,16331,42.9624,Katrina Xu
54116,11176,38.5535,Morgan Miller
54117,11711,43.0729,Brianna Jones
54118,11712,11.039,Pedro Dominguez
54119,17723,71.7919,Jonathan Lee
54120,17189,51.3494,Isaiah Wright
54124,19463,5.514,Raymond Srini
54126,14540,40.0784,Mathew Serrano
54129,11049,82.8529,Julia Anderson
54130,12161,219.884,Dawn Wu
54131,13939,997.2183,Lucas Griffin
54132,13984,927.6254,Joanna Torres
54133,12200,2604.7944,Dawn Zeng
54134,12284,1352.3432,Colleen Liang
54137,20426,620.4354,Peter Chander
54139,18708,2738.4552,Jacob Rodriguez
54140,12013,607.7279,Warren Lu
54142,16354,635.3529,Gloria Alvarez
54143,19545,1303.3144,Monica Smith
54144,18570,1297.8004,Kathleen Navarro
54146,12300,2644.3313,Colleen She
54147,15084,2673.0613,Timothy Murphy
54148,18494,2717.8801,Tyler Williams
54149,11431,2613.3029,Jenny Wagner
54150,15579,27.614,Angel Parker
54151,17062,41.1834,Sean Hernandez
54156,18364,138.114,Jésus Martin
54157,20739,87.2729,Crystal Wang
54158,17275,5.514,Bethany Lal
54159,15423,5.514,Jesse Reed
54160,16760,75.1069,Martin Martinez
54162,14935,33.0727,Angel Morgan
54163,19291,32.0229,Erik Blanco
54164,14982,130.9094,Randall Ramos
54165,19462,32.5754,Raymond Madan
54166,12262,66.8194,Emily Walker
54168,16314,44.1779,James Nelson
54170,11973,82.8529,Alisha Liang
54171,13416,118.1908,Willie Black
54172,16889,1911.6169,Kyle Baker
54173,12188,2602.2529,Juha-Pekka Posti
54174,12141,2653.0498,Taylor Moore
54176,18729,1939.2529,Erika Ortega
54179,19550,1402.7644,Monica Schmidt
54180,19679,1276.8054,Grace Diaz
54181,19386,1276.8054,Shane Subram
54184,13257,596.689,Carson Butler
54189,11561,2535.964,Alyssa Lee
54190,12125,2618.8058,Kelli Pal
54192,16605,30.1444,Evan Lopez
54193,15791,27.614,Troy Patel
54194,17908,39.4706,Dennis Xu
54195,18714,24.2879,Michael Smith
54196,14318,70.6869,Jeremy Ward
54200,11059,16.5529,Julia Thompson
54202,13003,6.9394,Emily Flores
54203,17717,727.5873,Jonathan Rodriguez
54204,16444,915.4594,Misty Deng
54205,11200,65.7254,Morgan Lewis
54206,11632,2.5305,Lauren Taylor
54207,11212,32.5754,Marshall Cai
54208,11709,23.7465,Brianna Williams
54212,14897,79.0959,Albert Alvarez
54214,11078,62.9408,Joe Sanz
54217,15878,77.3169,Jason Perez
54218,11262,114.8758,Natalie Wilson
54219,17585,87.2729,James Williams
54220,19218,146.9319,Brianna Peterson
54221,12183,5.514,Anna Taylor
54222,18754,77.339,Michael Lewis
54224,13843,34.2219,Marcus Simmons
54225,13490,62.9519,Colin Yuan
54227,16398,59.0844,Latoya Chander
54230,11685,52.9737,Pedro Ruiz
54231,11634,41.2055,Pedro Suri
54232,11790,123.7158,Olivia Hall
54233,16361,2778.9977,Katrina Becker
54234,12187,2574.6279,Anna Anderson
54235,14260,987.2844,Charles Sanders
54236,14127,1945.3194,Lori Ramos
54238,18740,2738.5657,Michael Martin
54239,18908,2776.1136,Whitney Mehta
54240,11767,2735.9469,Ross Rana
54241,11952,2647.5358,Kayla Miller
54242,11976,2562.7823,Alisha He
54245,19472,1276.8054,Victoria Alexander
54247,19421,1268.2859,Douglas Madan
54250,12129,2604.4298,Taylor Johnson
54251,11578,2580.1419,Barbara Zheng
54252,12292,2668.564,Hannah Harris
54253,11577,2535.964,Chloe Wilson
54254,14062,1352.3432,Jesse Watson
54255,12398,2563.589,Lacey Cai
54256,11546,2639.8008,Barbara Huang
54257,12715,71.7919,Kayla Long
54258,13183,132.6,Edwin Tang
54262,16610,36.023,Isaac Lopez
54263,15019,9.934,Renee Gill
54264,17722,1879.594,Margaret Zhu
54265,19471,2738.5657,Raymond Raman
54266,13555,2579.5783,Jon Sun
54267,11604,2590.0758,Anna Garcia
54268,11078,27.614,Joe Sanz
54269,11505,26.2769,Destiny Garcia
54273,18883,33.139,Whitney Patel
54277,11510,43.6144,Destiny Clark
54278,19552,77.339,Emma Patterson
54279,17449,5.514,Naomi Dominguez
54281,16860,5.514,Russell Jai
54282,16978,5.514,Carl Beck
54283,17380,44.1779,Thomas Davis
54284,15485,44.1779,Nancy Sanchez
54286,20714,207.7179,Morgan Coleman
54287,15706,38.675,Marc Dominguez
54288,14953,147.5065,Randall Alvarez
54289,17102,35.6584,Timothy King
54290,19334,70.6869,Olivia Kelly
54291,11419,201.9719,Christy Nara
54292,11253,38.675,Natalie Johnson
54293,11179,68.4769,Roy Sullivan
54294,12421,82.8529,Ashley Taylor
54295,13198,44.189,Antonio Jenkins
54296,15244,46.7194,Heidi Patel
54297,20297,2725.2836,Shannon Ortega
54298,12181,2630.4194,Anna Moore
54299,12072,2622.0656,Kelli Xu
54300,12286,884.3426,Hannah Anderson
54301,11238,1381.0732,Ruben Martin
54302,11761,2603.8662,Ross Prasad
54303,11762,2640.9058,Olivia Taylor
54304,11766,2673.5033,Olivia Jackson
54306,11910,2563.589,Elizabeth Miller
54307,11111,2562.4508,Jennifer Walker
54309,19539,1238.1415,Emma Ross
54310,19548,1307.7344,Emma Jenkins
54312,19423,1276.8054,Douglas Srini
54316,16516,1276.8054,Kelsey Pal
54317,14063,1381.0732,Sean Watson
54318,11428,2628.7398,Christy Raji
54319,11519,8.7848,Jenny Nath
54320,13155,93.3394,Spencer Hughes
54321,12679,27.614,Elizabeth West
54322,20265,35.6694,Shannon Sanz
54325,14060,55.239,Melinda Romero
54327,17099,1879.594,Shaun Pal
54329,16738,15.4479,Robert Scott
54330,11829,59.659,Gerald Suri
54331,11331,38.664,Grace Lee
54332,11019,53.0069,Joe Belson
54334,11631,32.0229,Lauren Moore
54337,18826,77.339,Dana Gomez
54338,19227,77.339,Brianna Brooks
54340,14519,89.4608,Ian Gray
54341,14924,44.1779,Albert Ramos
54342,19060,33.0727,Craig Munoz
54343,14717,38.675,Hector Navarro
54344,19332,91.6819,Olivia Watson
54345,15683,99.4279,Kevin Edwards
54346,17193,82.8529,Tony Chander
54347,19520,97.2069,Byron Gomez
54348,20580,40.8077,Kristin Shan
54350,14194,76.2119,Jared Kelly
54354,11511,38.675,Jenny Chande
54355,11194,46.7194,Ruben Vance
54356,13310,33.0727,Gavin Russell
54357,13313,85.0519,Gavin Diaz
54358,12167,2648.6408,Taylor Lee
54359,12282,820.2968,Warren She
54361,16691,987.2844,Carlos Adams
54364,11464,2579.5783,Jenny Guo
54365,11893,2563.589,Tamara Yuan
54366,11968,2535.964,Damien Luo
54367,11110,2535.964,Jennifer Lee
54371,19670,1253.5894,Grace Bryant
54376,11570,2563.589,Barbara Ma
54377,13541,2648.6187,Miguel Wood
54378,12315,2580.1419,Madison Williams
54379,11200,25.3819,Morgan Lewis
54380,12101,55.239,Jessica White
54381,13116,35.6584,Louis Anand
54382,12344,35.6584,Madison Robinson
54383,18330,38.6529,Jorge She
54384,19764,14.2987,Rachel Long
54385,13982,38.664,Joanna Gutierrez
54386,14926,679.5308,Dalton Cook
54387,13559,2574.6279,Jon Gao
54388,11300,82.8529,Marshall Shen
54389,11632,30.1444,Lauren Taylor
54391,11091,14.2987,Jennifer Taylor
54395,12919,104.3783,Jaclyn Lin
54396,15866,42.9624,Robert Perez
54397,18919,214.3479,Whitney Gonzalez
54398,19001,77.3169,Orlando Suarez
54399,19025,132.5779,Gary Moreno
54400,16767,66.2779,Sean Adams
54401,18777,32.5754,Natasha Oliver
54402,14985,33.1279,Randall Sanz
54403,16592,82.8529,Nichole Luo
54412,11220,44.189,Ruben Garcia
54413,11802,54.1229,Ross Alvarez
54414,12182,41.2055,Dawn Gao
54415,12562,65.1508,Ashley Wood
54416,16890,1998.3373,Jordan Adams
54417,12154,2629.3144,Dawn Li
54418,14697,857.8447,Alex Richardson
54419,17651,862.8061,Cameron Moore
54422,16742,2725.2836,Jose Scott
54423,11903,2535.964,Warren Wu
54426,19682,1276.8054,Patricia Gonzalez
54427,12291,1297.8004,Colleen Zheng
54431,12620,2577.1694,Sarah Coleman
54432,13640,35.6584,Edward Powell
54433,11116,30.1444,Roy Rana
54436,11079,11.039,Jennifer Johnson
54438,17095,1944.7669,Shaun Jai
54439,11293,11.3152,Lacey Jai
54440,11519,15.7242,Jenny Nath
54441,11640,83.4054,Pedro Patel
54443,11277,98.3119,Ruben Vazquez
54444,11185,42.9624,Morgan Jackson
54446,16772,16.5529,Candice Hu
54447,14371,55.2169,Anne Navarro
54448,17366,44.1779,Krystal Zimmerman
54449,15509,44.1779,Rachael Raman
54451,13945,62.9519,Wendy Gutierrez
54452,14532,24.2879,Mathew Dominguez
54453,11567,59.659,Chloe Williams
54455,20559,82.8529,April Goel
54456,14863,35.6694,Bryan Howard
54462,17442,83.9469,Connor Hall
54463,14002,94.4554,Joanna Sanz
54464,12420,46.7194,Lacey Yuan
54465,12925,24.2879,Jaclyn Zhao
54466,12392,55.239,Lacey Guo
54467,11574,38.664,Marshall Raje
54468,11535,2586.7387,Alyssa Ashe
54469,12076,2535.964,Jessica Smith
54474,19717,1256.8602,Kristina Rodriguez
54475,19482,1276.8054,Raymond Martinez
54477,11550,2668.564,Barbara Zhou
54478,11439,2591.1808,Jenny Yang
54480,11059,27.614,Julia Thompson
54481,18257,118.1908,Christopher Lewis
54483,19571,37.5479,Emma Foster
54484,16489,97.7483,Connor Mitchell
54488,15340,82.2783,Jillian Gonzalez
54489,18893,77.339,Whitney Madan
54490,20279,159.6394,Bradley Shen
54491,12165,14.2987,Dawn Ye
54492,16885,44.1779,Jerry Xie
54493,15880,146.8987,Luis Perez
54495,14749,109.3508,Ian Richardson
54496,16399,35.6584,Thomas Carter
54497,20280,34.2219,Chloe Bennett
54498,15824,83.9469,Chase Stewart
54499,15285,44.1779,Lucas Sanchez
54500,12471,92.7869,Jon Alonso
54501,13776,40.432,Monique Dominguez
54502,16301,80.6208,Alex Gonzalez
54503,11581,6.9394,Barbara Zeng
54504,20148,6.9394,Ronald Perez
54505,14821,33.139,Xavier Cox
54508,11012,82.8529,Chloe Thompson
54509,11731,95.5383,Pedro Suarez
54510,14353,82.8529,Anne Martin
54511,11347,15.4479,Rachel Taylor
54512,16896,1895.0419,Jason Young
54513,14083,1934.8329,Melinda Carlson
54514,14103,866.8394,Lori Munoz
54515,20424,612.1369,Peter Pal
54519,11097,2547.0029,Roy Malhotra
54524,12630,2673.0613,Clayton Xie
54526,11050,944.7419,Julia Thomas
54528,12133,2698.3327,Taylor Brown
54529,14099,30.1444,Ian Watson
54530,13181,142.534,Antonio Price
54532,13641,129.7933,Javier Dominguez
54533,14059,82.3004,Joy Romero
54534,13627,74.0019,Edward Price
54537,11180,43.0729,Morgan Taylor
54548,11740,41.1834,Brianna Lee
54549,18554,77.3169,Anthony Johnson
54550,11185,77.3169,Morgan Jackson
54552,13185,77.3169,Edwin Xu
54554,19852,77.339,Jill Perry
54555,18523,142.5119,Leslie Romero
54556,18552,5.514,Tyler Miller
54557,18374,14.2987,Jésus Hernandez
54558,17431,5.514,Karen Zeng
54559,17488,5.514,Valerie Liu
54560,16044,75.6815,Andre Chandra
54561,16295,152.9873,Carlos Gonzalez
54562,13764,82.8529,Monique Munoz
54563,14811,40.8077,Richard Cox
54565,14535,32.034,Mathew Gill
54570,12568,64.6094,Alejandro Anand
54571,15860,596.689,Allen Subram
54572,13938,982.8423,Wendy Romero
54573,12189,2621.0158,Dawn Guo
54574,12710,2602.2529,Kayla Coleman
54575,18739,1981.7844,Michael Harris
54577,18737,2699.9018,Michael White
54578,18747,2775.0086,Michael Robinson
54579,18710,2784.9426,Erika Gill
54581,16754,835.7447,Jesse Adams
54582,11906,2643.0937,Tamara Pal
54585,18495,2699.9018,Zachary Anderson
54586,18496,2810.5012,Brandi Serrano
54587,16515,1276.8054,Kelsey Jai
54589,11575,2535.964,Barbara He
54590,11564,2563.589,Chloe Smith
54593,11071,16.5529,Joe Serrano
54594,11114,8.7848,Jennifer Hall
54596,12036,2.5305,Warren Xu
54597,14312,175.695,Ian Ward
54599,17635,1889.5279,Sandra Zhang
54600,14956,626.8334,Sebastian Morgan
54602,12323,2763.9476,Colleen Sharma
54603,11603,2563.589,Barbara Sharma
54604,13560,2580.1419,Jon Ma
54605,11199,6.9394,Ruben Sai
54607,12064,82.3004,Abigail Robinson
54609,19223,23.7465,Brianna James
54610,11502,130.3458,Jenny Pal
54611,19836,43.0729,Lindsay Andersen
54612,11824,77.3169,Victoria Garcia
54614,19015,104.3783,Lauren Brooks
54617,14502,16.5529,Jonathon Carlson
54618,14725,77.3169,Hector Gill
54619,20308,77.339,Chloe Hughes
54620,20121,77.339,Alyssa Morgan
54621,18521,132.5779,Dylan Martinez
54622,18601,77.339,Stacy Diaz
54624,16965,44.1779,Carl Chande
54625,15406,8.0444,Lucas Rogers
54627,18919,118.1908,Whitney Gonzalez
54628,16059,162.4019,Sean Turner
54629,20086,62.9519,Joel Subram
54630,17631,108.2458,Stacey Zeng
54631,12490,65.1729,Sarah Rodriguez
54633,14546,32.034,Timothy Ramirez
54634,16190,8.0444,Evan Campbell
54635,12828,60.7529,Trevor Powell
54636,11845,46.7194,Victoria Hall
54637,12531,24.2879,Samantha Powell
54638,13070,62.9519,Madison Wood
54639,20664,1950.2808,Lindsey Jai
54640,12765,1934.8329,Omar Nara
54641,13066,651.9058,Hannah Hayes
54642,19021,679.5308,Gary Alvarez
54643,13890,884.5083,Theresa Alvarez
54644,12169,2618.8169,Dawn Zhao
54645,12172,2598.9158,Dawn Xu
54646,12184,2538.4944,Damien Yuan
54647,12112,2598.9158,Jessica Clark
54648,11888,2626.5408,Emma Lee
54649,18693,2699.9018,Jacob Anderson
54653,19549,1307.7344,Emma Perry
54654,14735,1276.8054,Hector Carlson
54655,13148,1256.8602,Spencer Perry
54656,15114,2674.4757,Jill Suarez
54657,18487,2699.9018,Brandi Gill
54658,18493,2708.6865,Brandi Blanco
54659,12805,2602.264,Oscar Bryant
54660,12316,2590.0758,Colleen Yuan
54661,11176,15.4479,Morgan Miller
54662,11300,8.7848,Marshall Shen
54664,13046,33.1279,Hannah Flores
54665,16488,132.5448,Misty Raji
54666,18704,34.2219,Jacob Robinson
54667,17078,69.5929,Shaun She
54668,15139,38.664,Evan Bailey
54669,18287,38.5535,Jorge Li
54670,14952,635.3529,Paula Ashe
54671,16408,2775.0086,Latoya Raji
54672,20052,2778.9977,Donald Fernandez
54673,11609,2618.8169,Anna Rodriguez
54674,11211,59.659,Ruben Prasad
54675,11520,82.3004,Destiny Hall
54678,12928,37.5479,Jaclyn Lu
54682,18391,87.2729,Brandon Thompson
54684,17169,5.514,Robert Moore
54685,13989,51.3494,Seth Russell
54686,14205,36.023,Krista Diaz
54687,12868,36.023,Tristan Jenkins
54688,17842,41.1834,Dana Ortega
54693,17101,104.9419,Jason King
54694,11140,44.189,Roy Perez
54695,15478,142.5119,Nancy Fernandez
54696,12137,46.7194,Taylor Miller
54697,12907,156.8879,Aidan Jenkins
54698,12466,65.1729,Sarah Moore
54699,11430,93.9029,Jenny Zhang
54700,16895,1945.3194,Jerry Sharma
54701,16363,2742.4111,Jackson Nelson
54702,14107,905.5033,Dalton Watson
54703,12143,2668.564,Taylor Taylor
54704,18722,1939.2529,Erika Carlson
54705,11007,2673.0613,Marshall Xu
54706,11011,2694.0563,Joe Rana
54710,19547,1303.8669,Emma Coleman
54711,18571,1238.1415,Zachary Garcia
54714,15100,2673.0613,Jill Dominguez
54717,13627,30.1444,Edward Price
54718,15021,33.139,Sebastian Bell
54721,17306,38.664,Alan Huang
54722,18190,9.934,Alexander Rodriguez
54723,15264,9.934,Heidi Raman
54724,11571,2562.7823,Chloe Brown
54729,11869,41.1834,Warren Yang
54731,16005,35.6694,Jonathan Turner
54732,15943,171.2529,Robert Roberts
54733,17026,98.8533,Isaiah Hernandez
54735,14723,16.5529,Cole Richardson
54737,17260,44.1779,Bethany Deng
54738,17485,85.0408,Valerie Chen
54740,15281,44.1779,Heidi Gonzalez
54741,16355,99.4169,Katrina Nara
54742,14351,62.9519,Kristy Ortega
54743,14553,87.2729,Bryce Ramirez
54744,16437,44.1779,Tracy Nath
54745,13832,26.8184,Linda Carlson
54746,17785,30.1444,Zachary Walker
54748,14530,40.432,Sheila Alonso
54750,15452,27.614,Steven Reed
54751,12489,44.1779,Sarah Clark
54754,11304,132.5116,Lacey Chande
54755,13266,33.0727,Robyn Suarez
54756,13927,927.6254,Wendy Hernandez
54757,12017,2585.6669,Alexis Martinez
54759,16701,937.5594,Francisco Sara
54760,16741,2738.5657,Martin Madan
54761,18731,2735.748,Natasha Martin
54762,18718,2715.3497,Erika Serrano
54765,19725,1303.8669,Cynthia Patel
54766,19537,1276.8054,Monica Patel
54769,13968,874.4086,Seth Patterson
54770,12754,2560.2519,Alexis Jenkins
54771,14123,32.0229,Sean Brooks
54772,16613,38.5535,Sean Lopez
54773,15148,65.7254,Brian Bailey
54775,11718,69.5929,Pedro Vazquez
54783,17483,35.6694,Valerie Wang
54786,16991,44.1779,Ricardo Xie
54788,16750,8.0444,Martin Rana
54790,15759,99.4169,Jason Collins
54791,14443,24.2879,Lawrence Alonso
54792,13550,77.339,Jon Lu
54793,17783,27.614,Susan Zeng
54794,13610,49.7029,Blake Foster
54795,20178,4.409,Phillip Gonzalez
54796,19182,44.1779,Brianna Stewart
54797,12431,104.9529,Ashley Harris
54798,18314,62.9519,Jorge Zhu
54799,17468,79.5048,Leah Ma
54800,20323,2754.0136,Chloe Alexander
54801,11540,2629.8006,Alyssa Jackson
54802,11536,2582.6834,Barbara Wang
54803,12103,2673.5033,Jessica Harris
54804,18691,2754.0136,Jacob Taylor
54805,20423,662.4144,Julia Bryant
54807,18736,2715.3497,Natasha Ruiz
54808,16745,2699.9018,Martin Prasad
54809,11465,2563.589,Nicole Robinson
54810,11759,2535.964,Ross Srini
54815,19678,1238.1415,Byron Navarro
54816,19496,1276.8054,Emma Bradley
54819,12328,2649.8453,Warren Shen
54820,14773,2673.0613,Isaac Cox
54821,16517,1238.1415,Kelsey Raje
54822,12128,2696.189,Kelli Chande
54823,12372,98.8533,Lacey Ye
54824,15154,93.9029,Kendra Gutierrez
54825,15034,9.934,Cody Bell
54826,17323,9.934,Alan Gao
54827,12335,2618.8058,Colleen Chavez
54828,11631,65.7254,Lauren Moore
54831,11091,82.3004,Jennifer Taylor
54834,11498,5.514,Jenny Shan
54836,11223,101.7484,Isabella Moore
54837,12760,40.0784,Omar Chande
54841,12939,86.1016,Jaclyn Ma
54842,18064,65.1729,Justin Taylor
54843,17519,65.1729,Naomi Serrano
54844,18752,132.5779,Michael Rodriguez
54845,17158,44.1779,Caleb Wright
54846,13222,15.4479,Roger Zhang
54847,18097,44.1779,Justin Lewis
54848,15910,44.1779,Johnathan Perez
54849,19078,35.6584,Megan Morris
54853,13262,86.1458,Carson Foster
54856,13603,92.7869,Walter Gill
54857,14953,76.2119,Randall Alvarez
54858,13814,135.8708,Linda Navarro
54859,12144,46.7194,Taylor Anderson
54860,13430,34.2219,Colin Yang
54861,13166,79.5269,Edwin Guo
54862,12635,55.239,Sarah Washington
54863,12174,2535.964,Anna Williams
54864,12116,2602.2529,Jessica Lewis
54866,18738,2775.0086,Natasha Diaz
54867,18706,2742.8642,Jacob Clark
54868,11751,2686.2108,Ross Vance
54869,11914,2574.6279,Elizabeth Taylor
54870,11895,2602.264,Emma Hall
54872,19701,1308.8283,Rachel Blue
54875,15931,635.3529,Manuel Sara
54879,12335,2755.3617,Colleen Chavez
54880,15080,2659.7792,Jesse Murphy
54881,11582,2574.6279,Chloe Moore
54882,11576,2668.564,Chloe Miller
54883,15760,4.409,Luis Collins
54884,11959,38.664,Alisha Xu
54885,11783,38.664,Ross Rodriguez
54886,19606,92.7869,Cassandra Kapoor
54892,11073,114.8758,Joe Ramos
54893,11074,55.2169,Joe Carlson
54894,15794,98.3229,Troy Malhotra
54895,12992,40.0784,Robyn Munoz
54896,19500,2738.5657,Emma Rivera
54898,11014,43.0729,Chloe Garcia
54899,11200,30.1444,Morgan Lewis
54902,18984,104.4004,Nicholas Brown
54903,20413,55.2169,Peter Luo
54904,19684,87.2729,Patricia Perez
54905,17138,66.2779,Mitchell Shan
54907,17663,8.0444,Jonathan Taylor
54908,20691,44.1779,Morgan Peterson
54909,18151,85.0519,Benjamin Smith
54910,15352,77.339,Carlos Rogers
54913,13495,47.4819,Colin Shan
54914,16200,44.1779,Tina Sara
54916,17709,54.1119,Nathan Lewis
54917,12832,44.1779,Rafael Cai
54918,12235,38.664,Dawn Nara
54919,12512,9.934,Madison Hayes
54920,15763,668.4808,Billy Serrano
54921,13906,927.6254,Ian Hayes
54922,13986,987.2844,Joanna Dominguez
54927,11969,2563.589,Warren Ye
54928,11100,2651.4144,Roy Sai
54930,19680,1293.3804,Patricia Lopez
54934,12317,2591.1808,Madison Jones
54939,18932,2.5305,Chelsea Weber
54941,11598,2737.3944,Anna White
54942,11836,38.664,Gerald Vance
54948,18522,77.339,Leslie Ferrier
54949,18681,77.339,Diana Rubio
54951,13868,34.2219,Ian Ross
54952,19933,5.514,Nicole James
54953,16194,54.6754,Tina Madan
54954,15709,104.9529,Angel Edwards
54955,16558,27.614,Jason Scott
54956,16319,30.1444,Samuel Nelson
54957,19516,4.409,Emma Peterson
54961,11322,46.7194,Lacey Anand
54962,18811,34.2219,Meghan Blanco
54964,16920,1879.594,Logan Young
54966,20302,2708.6865,Chloe Long
54967,20303,2776.1136,Bradley Raje
54968,11537,2535.964,Barbara Chen
54969,14702,858.9607,Hector Diaz
54970,11244,896.5086,Isabella Lewis
54972,18709,2784.8984,Jacob Lewis
54975,13256,685.6083,Carson Washington
54977,12678,98.8533,Omar Li
54980,17230,59.659,Naomi Ruiz
54981,15234,38.664,Sabrina Martin
54983,17741,1960.2148,Susan Zhang
54984,19973,25.3819,Julie Anand
54985,11203,59.659,Morgan Walker
54986,14328,69.5929,Jesse Torres
54987,11209,2.5305,Isabella Williams
54988,11305,2.5305,Grace Miller
54998,18423,5.514,Janelle Raman
55000,18349,44.1779,Frank Blanco
55001,20679,71.2394,Morgan Richardson
55003,16449,44.1779,Gloria Navarro
55004,12844,62.9519,Trevor Gonzales
55005,16292,35.6694,Eric Gonzalez
55006,19064,35.6584,Lauren Bryant
55012,11960,44.189,Alisha Sun
55013,13031,24.2879,Tamara Ye
55014,12439,138.0919,Jon Raje
55015,19024,773.4669,Orlando Sanz
55016,19013,703.2773,Gary Ruiz
55017,16140,2793.8047,Molly Srini
55018,11539,2673.5033,Alyssa Thomas
55019,12162,2580.1419,Dawn Lin
55020,12082,2580.1419,Kelli Liang
55021,14525,858.9607,Mathew Romero
55022,16393,1397.6482,Noah Carter
55025,18695,2708.6865,Erika Alvarez
55026,11909,2538.4944,Elizabeth Davis
55027,14886,596.689,Albert Martin
55030,18490,2708.6865,Brandi Vazquez
55032,16518,1238.1415,Caleb Mitchell
55033,11427,2602.2529,Jasmine Hall
55034,12776,54.1119,Omar Raji
55035,12370,35.6584,Samantha Davis
55036,15731,27.614,Billy Diaz
55037,15426,118.1577,Sean Reed
55040,15584,38.664,Evan Parker
55041,13137,4.409,Spencer Bennett
55042,15632,982.8423,Jordan Evans
55044,11808,206.3809,Victoria Taylor
55045,11711,5.514,Brianna Jones
55046,11203,5.514,Morgan Walker
55047,11223,79.0959,Isabella Moore
55049,12984,77.3169,Emily Bennett
55054,20512,11.039,Keith Chander
55055,20117,87.2729,Kelvin Zeng
55056,18063,60.7529,Jeffery Liang
55057,18105,44.1779,David Martin
55058,15156,138.114,Kendra Dominguez
55059,18755,62.9519,Natasha Torres
55061,15107,77.339,Garrett Murphy
55062,18169,8.0444,Janelle Suri
55063,15615,46.7194,Kyle Evans
55064,15353,144.2688,Brenda Van
55065,14865,33.139,Garrett Howard
55066,16557,34.5534,Nathan Perez
55067,19275,15.4479,Brianna Bryant
55068,17740,43.0729,Clarence Liu
55069,13493,37.5479,Jeremy Wood
55073,12944,44.189,Dakota Ross
55074,15008,82.8529,Jesse Bell
55075,16898,1934.8329,Jerry Shan
55076,13990,987.2844,Seth Griffin
55077,12155,2598.9158,Taylor Garcia
55081,18725,2725.2836,Michael Wilson
55082,15792,634.2479,Troy Kovar
55083,11964,2574.639,Alisha Zhu
55084,11904,2646.9723,Tamara Johnston
55085,11905,2616.5627,Elizabeth Jones
55089,19671,1293.3804,Patricia Raman
55090,19501,1238.1415,Byron Martin
55093,11549,2552.5169,Alyssa Garcia
55094,11858,55.239,Emma Moore
55095,11150,158.5123,Roy Alvarez
55096,19603,28.1554,Grace Rivera
55097,19567,83.9469,Miguel Sanchez
55101,11498,66.2779,Jenny Shan
55102,11501,6.9394,Destiny Martin
55104,11505,30.1444,Destiny Garcia
55105,13762,40.432,Eduardo Griffin
55106,18755,33.139,Natasha Torres
55107,11501,101.6048,Destiny Martin
55109,17027,103.2733,Ricardo Black
55110,18807,132.5779,Joshua Walker
55112,18836,142.5119,Dana Muñoz
55113,17161,66.2779,Tony She
55114,18321,14.2987,Brandon Harris
55115,14711,79.5269,Hector Muñoz
55116,16458,27.614,Jesse Carter
55118,17083,57.4158,Shaun Tang
55119,16455,32.0229,Mason Carter
55121,13676,40.0784,Joan Vazquez
55124,13432,62.9519,Xavier Bryant
55125,13296,24.2879,Roger Lal
55126,11440,86.7204,Nicole Miller
55127,18078,79.5269,Jeffery Zeng
55128,15827,702.7027,Kellie Martin
55129,15913,787.0584,Manuel Suri
55130,20339,2793.8047,Julia Morris
55131,18923,888.9504,Whitney Sanchez
55132,11026,2651.4144,Joe Martinez
55133,11967,2606.6619,Alisha Gao
55134,11898,2646.4419,Sarah Walker
55140,11999,1445.6826,Alisha Xu
55141,11548,2684.5533,Barbara Lin
55142,11433,2566.1194,Jenny Chen
55143,13170,132.6,Spencer Alexander
55144,20317,65.1729,Chloe Butler
55146,12750,2552.5169,Omar Shan
55148,11213,2.5305,Ruben Sara
55151,11215,44.1779,Isabella Brown
55153,20746,71.7919,Francis Gomez
55154,16959,38.5535,Angel Young
55157,18686,77.3169,Joan Martin
55158,11498,87.2729,Jenny Shan
55159,19896,77.339,Christine Beck
55160,20014,87.2729,Destiny Murphy
55161,16115,8.0444,Kristopher Garcia
55162,18327,15.4479,John Moore
55164,14531,79.0959,Mathew Torres
55166,16474,27.614,Noah Mitchell
55167,18036,27.614,Jeffery Chen
55169,19515,6.9394,Emma Torres
55171,11566,30.6859,Barbara Zhu
55172,13183,83.9469,Edwin Tang
55173,13979,927.6254,Seth Simmons
55174,18721,1939.2529,Michael Davis
55175,11764,2591.1808,Olivia Thomas
55176,11892,2580.1419,Tamara Luo
55177,16340,672.9008,Katrina Shan
55179,18491,2738.5657,Dylan Anderson
55180,11362,30.1444,Rachel Martin
55181,15236,41.9569,Evan Sanchez
55182,17238,103.3065,José Lopez
55183,16168,49.9681,Kelvin Chen
55184,18712,24.2879,Jacob Walker
55185,12249,55.239,Emily Thompson
55186,17325,9.934,Alan Ma
55187,14925,596.689,Xavier Cook
55189,11153,74.5765,Marshall He
55190,11253,98.3119,Natalie Johnson
55191,11177,6.9394,Roy Carlson
55193,11215,109.9144,Isabella Brown
55194,15816,40.432,Timothy Stewart
55195,17387,41.1834,Austin Martin
55196,20513,82.2783,Dwayne Gutierrez
55197,12363,55.2169,Lacey Huang
55198,19881,87.2729,Christine Andersen
55199,20766,16.5529,Crystal Xu
55200,20520,16.5529,Keith Becker
55201,18574,44.1779,Zachary Martinez
55203,15871,44.1779,Allen Martinez
55205,19870,44.1779,Christine Yuan
55206,16306,24.2879,Casey Chande
55207,20596,35.6584,Kaitlyn Sanders
55208,17721,77.3169,Margaret Sun
55209,17104,5.514,Shaun Raje
55212,11392,32.034,Marshall Luo
55213,12309,26.2769,Colleen Xu
55214,15701,8.0444,Jack Edwards
55215,11153,46.7194,Marshall He
55216,12185,46.7194,Warren He
55217,11890,78.4108,Emma Walker
55218,12951,34.2219,Dakota Powell
55219,20324,2810.5012,Chad Xie
55220,12193,2646.4419,Abigail Hughes
55221,14157,858.9607,Louis Wu
55222,18703,1918.2579,Jacob Martinez
55225,16743,2754.0136,Martin Srini
55226,18909,2715.3497,Joseph Johnson
55227,15830,672.9008,Troy Perez
55228,11896,2587.8769,Tamara Lal
55231,19716,1276.8054,Rachel Howard
55333,12640,2552.5169,Sarah Gonzales
55335,11458,26.4869,Nicole Martin
55336,14232,55.239,Krista Gill
55337,11758,27.0615,Ross Madan
55338,14061,55.239,Isaac Watson
55339,19604,163.4848,Grace Cooper
55340,19625,32.034,Cassandra Sara
55341,14930,596.689,Albert Suarez
55342,11287,16.8292,Ruben Carlson
55349,19880,77.339,Christine Pal
55351,17693,15.4479,Jonathan White
55352,15307,44.1779,Jesse Morris
55353,18637,101.6048,Tyler Rodriguez
55354,20594,47.4377,Kaitlyn Brooks
55355,12838,40.8408,Trevor Washington
55356,19929,70.6869,Kathryn Becker
55359,19252,104.9419,Victor Ramos
55363,20731,47.4819,Morgan Flores
55364,12465,36.9402,Sarah Wilson
55366,13788,37.5479,Richard Flores
55367,17642,30.8958,Jonathan Wilson
55368,12896,49.6256,Aidan Wood
55369,12433,82.8529,Jon Shan
55370,11566,15.4479,Barbara Zhu
55371,14131,1918.2579,Nathaniel Brooks
55374,12341,2535.964,Colleen Nath
55378,20062,1341.9783,Destiny Wood
55379,11484,606.6229,Destiny Davis
55382,15626,2676.9067,Aaron Evans
55383,15357,2673.0613,Brenda Sai
55384,12637,2626.5408,Sarah Simmons
55385,11331,75.1069,Grace Lee
55386,12345,44.4431,Colleen Goel
55387,15603,27.614,Ricky Vazquez
55388,16679,38.6529,Mason Hill
55389,15807,27.614,Troy Sara
55392,17063,69.5929,Johnny Raje
55393,15186,65.7254,Xavier Bailey
55394,11760,27.0615,Marshall Ashe
55395,17742,1939.2529,Susan Wang
55396,15700,1918.2579,Jordan Edwards
55397,12314,2598.9158,Madison Johnson
55398,17743,676.2158,Susan Li
55399,15652,888.9394,Jimmy Dominguez
55400,11255,43.0729,Ruben Jimenez
55401,11631,55.239,Lauren Moore
55405,14353,42.9624,Anne Martin
55413,16331,55.2169,Katrina Xu
55414,16992,5.514,Ricardo Tang
55415,16214,16.8292,Aaron Baker
55416,14469,71.2394,Alex Gray
55417,13373,79.5048,Oscar Coleman
55418,17110,8.0444,Caleb King
55419,19345,77.3169,Olivia Henderson
55420,14974,44.189,Randall Dominguez
55421,19369,70.6869,Olivia Bryant
55428,11520,82.8529,Destiny Hall
55429,11698,38.675,Megan Robinson
55430,11226,38.675,Ruben Gonzalez
55431,14328,46.7194,Jesse Torres
55432,11771,38.675,Olivia Harris
55433,11405,59.659,Christy Pal
55434,11348,75.1069,Christy McDonald
55435,12661,55.2169,Juan Serrano
55436,12262,65.1729,Emily Walker
55437,20340,2699.9018,Chad Jai
55438,16976,1973.4969,Carl Goel
55439,14017,937.5594,Tanya Moreno
55440,12080,2602.264,Kelli Ma
55441,11628,2538.4944,Barbara Beck
55442,12364,2563.589,Samantha Jones
55443,14846,858.9607,Paula Martin
55445,19093,2715.3497,Craig Ortega
55446,12349,2574.6279,Madison Lewis
55447,12355,2597.8108,Lacey Wang
55448,12668,2574.6279,Elizabeth Powell
55449,12003,2651.4144,Alisha Kumar
55452,16521,1238.1415,Carlos Hill
55453,12385,2547.0029,Samantha Martin
55454,12213,2618.8058,Abigail Diaz
55455,12365,15.4479,Jaime Hernandez
55456,13628,35.6584,Edward Wood
55457,18285,77.3169,Jorge Chen
55460,19629,66.8194,Grace Brooks
55461,17318,9.934,Noah Martinez
55462,11505,126.4783,Destiny Garcia
55463,11211,74.0019,Ruben Prasad
55472,20705,76.7644,Morgan Bennett
55473,18809,132.5779,Meghan Vazquez
55474,14502,77.339,Jonathon Carlson
55475,14654,8.0444,Damien Rai
55477,14849,62.9519,Lance Jimenez
55478,15618,27.614,Gabriel Evans
55479,17970,30.1444,Vincent Guo
55480,18042,33.1279,Jeffery Liu
55481,18024,165.7279,Ryan Walker
55482,17746,33.1279,Susan Yang
55483,17788,71.7919,Candice Zhang
55484,17840,208.8229,Nathan Martin
55487,12065,46.7194,Kelli Ye
55488,11725,77.2616,Brianna Harris
55489,15157,82.8529,Cole Bailey
55490,14104,982.8644,Lucas Watson
55491,13220,2763.5719,Antonio Alexander
55493,11387,1357.8572,Jasmine Jones
55499,12676,2596.7279,Elizabeth Hughes
55502,19999,1268.2859,Destiny Sanchez
55504,12647,2738.2342,Sarah Russell
55505,12302,2624.3529,Colleen Deng
55506,13793,927.6254,Richard Simmons
55507,17729,122.0583,Margaret Guo
55509,11760,135.3404,Marshall Ashe
55511,16930,8.7848,Jerry Ferrier
55512,12345,27.0615,Colleen Goel
55513,13807,1025.9815,Linda Munoz
55519,11253,27.614,Natalie Johnson
55521,12939,35.6694,Jaclyn Ma
55523,18541,77.339,Leslie Suarez
55524,18312,16.8292,John Clark
55525,17526,5.514,Valerie Zeng
55527,16963,44.1779,Carl Raje
55528,18104,15.4479,Wesley Zhao
55529,14454,35.3269,Lawrence Dominguez
55536,13330,82.8529,Julian Perry
55537,14036,927.6254,Tanya Vazquez
55538,17047,850.2865,Melody Browning
55539,18769,1907.2079,Natasha Carlson
55541,19588,2738.5657,Holly Subram
55542,19586,2738.5657,Grace Morris
55543,12039,2645.8783,Alisha Raji
55548,19986,1314.3533,Nicole Foster
55551,11402,650.8008,Jasmine White
55553,12645,2673.0613,Clayton Shan
55555,13768,2587.8769,Monique Romero
55556,12281,2588.9266,Colleen Gao
55558,16174,102.1904,Molly Perez
55559,18743,62.9519,Michael Thompson
55560,16609,286.2945,Nichole Pal
55561,20045,659.6408,Destiny James
55562,11828,59.659,Ross Rubio
55563,11187,74.5765,Morgan Harris
55566,11802,30.6859,Ross Alvarez
55569,17387,59.6148,Austin Martin
55571,11200,30.1444,Morgan Lewis
55572,11091,42.9624,Jennifer Taylor
55574,16958,16.5529,Carl Shan
55575,18786,132.5779,Joshua White
55576,18387,5.514,William Williams
55577,17392,15.4479,Jose Garcia
55578,16003,5.514,Bob Alan
55579,15963,99.4169,Luis Roberts
55580,18554,94.4554,Anthony Johnson
55581,13759,111.0083,Briana Carlson
55582,15441,41.2055,Cole Reed
55587,11566,8.0444,Barbara Zhu
55588,11566,44.1779,Barbara Zhu
55589,14982,37.5479,Randall Ramos
55590,17702,32.5754,Clarence Chen
55591,12757,118.1908,Alexis Powell
55593,19129,706.5923,Derrick Carlson
55594,16951,1918.2579,Jack Young
55595,19121,725.9187,Megan Sanders
55596,19122,650.8008,Warren Jai
55597,13284,2623.7894,Roger Xie
55598,12941,2624.3529,Dakota Wood
55599,11040,2597.8108,Joe Hernandez
55600,13101,2598.9158,Louis Andersen
55601,14771,835.7447,Evan Cox
55602,12385,820.2968,Samantha Martin
55605,19094,2699.9018,Derrick Martin
55606,17280,2775.0086,Bethany Jai
55607,11977,2597.8108,Kayla Garcia
55610,19745,1297.8004,Cynthia Mehta
55613,15577,92.7869,Ricky Diaz
55614,19584,30.6859,Holly Rana
55621,13041,98.3229,Louis Lu
55622,19580,59.659,Emma Griffin
55623,11241,782.8262,Isabella Clark
55624,17982,927.6033,Ryan Davis
55625,11203,8.0444,Morgan Walker
55626,11091,30.6859,Jennifer Taylor
55627,11506,23.7465,Carol Martinez
55631,20505,71.7919,Keith Pal
55632,20129,132.5779,Ronald Rana
55633,15494,132.5779,Rachael Sai
55634,18799,132.5779,Meghan Gutierrez
55635,15883,99.3948,Aaron Perez
55636,15384,8.0444,Brenda Martinez
55637,17342,44.1779,Jose Anderson
55639,19645,44.1779,Cassandra Gonzalez
55640,15260,50.7748,Sebastian Sanchez
55641,16396,35.6584,Jose Carter
55642,16459,44.1779,Sean Carter
55645,11490,59.659,Destiny Moore
55646,17704,35.6584,Nathan Rodriguez
55647,19490,69.5819,Brett Patel
55650,14184,40.0784,Nathaniel Kelly
55651,14423,101.5937,Lee Carlson
55652,18149,16.8292,Abby Perez
55654,17839,5.514,Dana Rubio
55656,12457,26.8184,Jon Becker
55657,16948,62.9519,Jordan Young
55658,12796,79.5269,Abigail Ross
55659,16372,2742.8642,Mason Nelson
55660,12764,850.2865,Alexis Flores
55661,12980,2619.9108,Emily Price
55662,12926,2598.9158,Aidan Bryant
55663,12289,1366.6419,Carol White
55664,14303,934.2333,Felicia Rubio
55666,12353,2552.5169,Madison Walker
55667,12680,2618.8169,Juan Ramos
55668,12347,2619.9108,Warren Xie
55669,12010,2635.3808,Alexis White
55670,11988,2552.5169,Kayla Hall
55676,18603,1332.0444,Stacy Hernandez
55677,19865,1276.8054,Jasmine Butler
55678,19981,1276.8054,Tara Sutton
55679,19998,1276.8054,Tara Jai
55681,12308,2676.9067,Hannah Lee
55682,11614,2639.8008,Barbara Chande
55683,17727,24.2879,Margaret Liang
55685,12993,44.1779,Jaclyn Rai
55686,17253,59.659,Terry Black
55687,17633,1914.1473,Stacey She
55689,11532,2.5305,Alyssa Moore
55690,11649,59.659,Marshall Rai
55691,11176,55.239,Morgan Miller
55694,11677,23.7465,Megan Wilson
55695,11276,33.1279,Natalie Martin
55697,11501,5.514,Destiny Martin
55699,18322,106.5552,Anthony Garcia
55700,14626,36.023,Xavier Rivera
55703,14353,16.5529,Anne Martin
55705,17122,65.1729,Jonathan Wright
55707,15894,99.4169,Johnathan Prasad
55709,14511,99.4169,Devin Gray
55710,17556,5.514,Jason Allen
55711,19047,79.5048,Lauren Long
55713,13694,79.0959,Rodney Vazquez
55716,11936,46.7194,Elizabeth Walker
55717,12410,44.189,Jaime Jimenez
55718,18391,24.2879,Brandon Thompson
55719,12865,86.1458,Tristan Henderson
55720,14024,997.2183,Tanya Romero
55721,13202,2626.5408,Antonio Powell
55722,13032,2538.4944,Louis Zhou
55724,14712,820.2968,Hector Alonso
55725,11247,914.1997,Isabella Walker
55731,16504,650.8008,Connor Lopez
55732,19775,1307.7344,Marco Tanara
55733,20166,1308.8283,Phillip Rana
55736,16520,1270.1644,Kelsey Chande
55738,16523,1238.1415,Angel Mitchell
55739,13255,2604.4298,Carson Flores
55740,13558,2632.0658,Miguel Patterson
55741,14065,1342.4093,Melinda Navarro
55742,11211,65.1729,Ruben Prasad
55743,11203,98.3229,Morgan Walker
55744,16610,38.6529,Isaac Lopez
55745,16171,35.6694,Molly Sanchez
55748,12372,8.0444,Lacey Ye
55749,15811,42.9624,Troy Raman
55750,18192,38.664,Christian Thompson
55751,15639,2.5305,Jimmy Munoz
55752,13121,60.764,Fernando Butler
55753,18719,59.659,Michael Jones
55755,11632,93.8808,Lauren Taylor
55756,11287,27.614,Ruben Carlson
55759,11661,77.3169,Lauren Lewis
55764,15879,77.339,Allen Perez
55765,19135,77.339,Casey Martin
55766,16884,44.1779,Luke Adams
55767,15368,8.0444,Sean Rogers
55768,14445,111.0083,Richard Peterson
55769,14243,79.5269,Nathaniel Sanders
55770,15273,114.3454,Cody Sanchez
55771,18407,34.2219,Tyler White
55772,19926,44.1779,Nicole Peterson
55773,14422,42.9624,Nathaniel Peterson
55774,14943,40.8408,Randall Ruiz
55775,18014,103.3065,Ryan Clark
55780,12603,119.8483,Ashley Griffin
55782,11499,77.2616,Destiny White
55783,16643,62.9519,Alison Luo
55784,16506,34.2219,Luis Mitchell
55785,15863,112.1133,Kellie Ruiz
55786,12960,46.7194,Jaclyn Shen
55787,12722,43.6144,Omar Zeng
55788,17119,24.2879,Shaun Anand
55789,13069,607.7279,Madison Bennett
55790,19111,673.9948,Derrick Romero
55791,13068,700.5258,Louis She
55792,13993,888.9504,Joanna Blanco
55793,14080,937.5594,Joy Navarro
55794,13203,2552.5169,Antonio Long
55795,12438,2563.589,Jon Andersen
55796,16707,883.4254,Francisco Garcia
55797,14304,850.2865,Devin Ward
55800,19559,2738.5657,Emma Washington
55801,19084,2778.9977,Megan Morgan
55802,15832,596.689,Allen Suri
55806,18641,1238.1415,Tyler Lewis
55807,19993,1308.8283,Nicole Griffin
55811,12301,2755.3617,Hannah Clark
55812,14276,901.4701,Xavier Sanders
55813,12282,2563.589,Warren She
55814,14064,1440.7322,Timothy Watson
55815,11711,15.4479,Brianna Jones
55816,11094,33.1279,Jennifer Thomas
55817,14237,34.5534,Krista Ramos
55818,20419,5.514,Julia Simmons
55819,15216,82.2783,Teresa Vazquez
55820,15810,38.5535,Troy Rana
55821,13149,38.664,Spencer Powell
55823,20150,2834.2366,Phillip Kapoor
55824,13799,915.4594,Richard Bryant
55825,15653,937.5373,Mason Evans
55826,11223,59.659,Isabella Moore
55827,11221,4.409,Ruben Fernandez
55834,13920,79.0959,Lucas Perry
55839,20634,11.039,Katie Nath
55840,13197,55.2169,Edwin Pal
55841,19152,87.2729,Megan Hughes
55842,16382,66.2779,Latoya Lal
55843,19873,8.0444,Jasmine Bryant
55844,14568,60.7308,Adrian Ramirez
55845,14554,77.339,Nathaniel Ramirez
55846,15057,82.8529,Gina Gutierrez
55847,14961,167.1534,Garrett Morgan
55848,12737,49.7029,Kayla Griffin
55852,12728,66.2779,Kayla Simmons
55854,14887,96.0798,Dalton Howard
55855,11617,2604.7944,Lauren Johnson
55856,11626,2630.4194,Barbara Goel
55859,12342,2618.8058,Madison Garcia
55860,11112,2763.5719,Marshall Liang
55863,11328,2649.8453,Grace Rodriguez
55866,15685,2682.9953,Marc Alvarez
55867,16522,1238.1415,Carlos Mitchell
55868,11583,2552.5169,Chloe Taylor
55869,12272,2560.2519,Hannah Jones
55870,12210,2580.1419,Gail Russell
55871,15261,59.0844,Heidi Sara
55874,16615,42.9624,Nichole Chander
55875,18271,9.934,Curtis He
55876,14683,60.764,Jamie Rubio
55877,11619,86.7204,Lauren Jones
55878,11622,2.5305,Barbara Rai
55879,11749,27.614,Olivia Jones
55880,11277,43.0729,Ruben Vazquez
55883,16721,26.2769,Francisco Sanchez
55885,11519,66.8194,Jenny Nath
55887,11519,41.1834,Jenny Nath
55888,14641,55.2169,Clinton Sandberg
55889,13330,5.514,Julian Perry
55890,17367,75.6815,Jose White
55891,14655,77.339,Sheila Gill
55892,15875,16.8292,Kevin Perez
55893,15774,138.114,Hector Martin
55894,16716,30.8516,Kevin Green
55895,15315,5.514,Brian Morris
55896,19184,27.614,Philip Hernandez
55897,12126,59.659,Kelli Andersen
55898,17852,96.0798,Carrie Diaz
55899,16510,30.1444,Kelsey Lal
55906,11850,109.9144,Emma Williams
55907,12454,79.5048,Ashley Hall
55908,13097,24.2879,Fernando Wood
55909,13336,118.1908,Julian Patterson
55910,20348,2775.0086,Judith Murphy
55911,14108,927.6254,Jeremy Watson
55912,11671,2643.1158,Megan Jones
55913,13102,2637.5687,Louis Raje
55915,12669,2605.5127,Clayton Beck
55917,12337,2590.0758,Madison Martin
55919,19985,1297.8004,Tara Luo
55922,16519,1297.8004,Jackson Mitchell
55923,12216,2687.3048,Emily Smith
55924,11587,2752.8644,Barbara Xie
55925,13770,2552.5169,Monique Navarro
55926,12007,1418.6211,Alexis Taylor
55927,11981,85.6154,Alisha Hu
55928,18278,136.9758,Brandon Thomas
55929,19625,26.2769,Cassandra Sara
55930,19572,26.2769,Holly Chandra
55931,15024,77.3169,Paula Alonso
55932,11412,1928.1919,Christy Raje
55933,15638,891.4698,Jimmy Moreno
55939,20290,136.9979,Bradley Kumar
55940,20120,132.5779,Alyssa Cook
55941,19233,77.339,Victor Jimenez
55942,17031,15.4479,Jason Wright
55943,16238,14.2987,Denise Arun
55944,18182,5.514,Alexander Brown
55945,16326,27.614,Katrina Deng
55947,14172,40.0784,Alex Kelly
55948,11695,82.8529,Pedro Moreno
55949,13533,76.2119,Jeremiah Griffin
55950,13195,79.5269,Antonio Henderson
55951,11581,59.659,Barbara Zeng
55952,11426,38.664,Jasmine Walker
55953,16925,1950.2808,Nathan Young
55955,16974,1911.6169,Isaiah King
55956,13174,2626.5408,Edwin She
55957,11132,2620.9937,Kaitlyn Anderson
55958,17985,1384.9186,Ryan Miller
55960,19095,2738.5657,Derrick Gomez
55961,12000,2552.5169,Alisha Luo
55962,12002,2604.7944,Alexis Miller
55968,12215,2604.7944,Dawn Kumar
55969,13256,2618.8058,Carson Washington
55970,11610,2560.2519,Barbara Andersen
55971,11880,8.7848,Tamara Zeng
55972,13639,71.7919,Javier Torres
55973,11045,71.7919,Julia Miller
55974,16692,27.614,Sean Hill
55975,20602,88.9194,Kelvin Shen
55976,13045,38.664,Louis Zhu
55977,17254,59.659,Hunter Walker
55978,16390,2735.9248,Samuel Carter
55980,12332,2742.8642,Madison White
55981,11127,4.409,Kaitlyn Wilson
55982,11176,70.6869,Morgan Miller
55987,12196,55.2169,Gail Butler
55988,20410,55.2169,Julia Flores
55990,18602,132.5779,Anthony Davis
55991,18657,5.514,Daniel Williams
55992,18358,44.1779,John Martin
55993,17339,5.514,Thomas Johnson
55995,13923,62.9519,Theresa Schmidt
55997,15673,71.7919,Jimmy Ortega
55998,19512,95.3173,Brett Subram
56002,12733,37.5479,Kayla Alexander
56003,16453,8.0444,Evan Carter
56004,12741,44.1779,Alexis Price
56005,12319,82.3004,Colleen Kumar
56006,13249,2604.7944,Carson Long
56007,12934,2618.8169,Aidan Diaz
56008,17279,2699.9018,Noah Johnson
56009,19561,2699.9018,Emma Butler
56010,11989,2630.4194,Alisha Deng
56013,19743,1320.4419,Cynthia Subram
56014,20162,1307.7344,Phillip Smith
56015,19426,1276.8054,Douglas Sara
56016,12384,639.1983,Lacey Zhu
56019,12037,1381.0732,Alisha Beck
56021,12298,2667.9673,Hannah Robinson
56022,12366,15.4479,Lacey Wu
56024,13043,98.3229,Hannah Patterson
56025,14067,55.239,Brian Watson
56026,19589,69.5929,Gloria Reed
56027,20054,2916.0287,Destiny Price
56029,11215,59.659,Isabella Brown
56032,11215,5.514,Isabella Brown
56033,16717,42.9624,Francisco Gonzalez
56036,11808,77.3169,Victoria Taylor
56037,11203,41.1834,Morgan Walker
56039,11651,38.6529,Pedro Prasad
56040,17481,77.3169,Valerie Zhang
56042,14633,26.4869,Angel Cooper
56043,20438,77.3169,Jennifer Stewart
56044,11200,86.1016,Morgan Lewis
56045,16980,44.1779,Timothy Young
56046,18165,46.7194,Austin Williams
56048,13267,82.8529,Roger Holt
56049,12099,38.675,Jessica Thomas
56050,11694,82.8529,Megan Garcia
56051,12507,9.934,Alejandro Guo
56052,20667,1962.4469,Lindsey Raje
56053,16763,1879.594,Eric Scott
56054,16956,1879.594,Jackson Young
56055,15886,706.6144,Johnathan Patel
56056,14095,885.9559,Lori Hernandez
56057,14105,866.8394,Seth Watson
56058,13208,2618.8169,Antonio Flores
56059,12207,2538.4944,Dawn Tang
56062,19083,2699.9018,Craig Carlson
56064,12339,2624.3529,Colleen Nara
56067,15625,2634.3974,Jimmy Ruiz
56068,12192,132.6,Dawn He
56069,18733,24.2879,Natasha Gomez
56071,14307,5.514,Kristy Martin
56072,15798,38.664,Troy Sai
56073,16023,107.0966,Bob Fernandez
56077,11641,77.3169,Pedro Vance
56083,19886,87.2729,Christine Chander
56084,11505,136.9979,Destiny Garcia
56085,20127,77.339,Alyssa Bailey
56086,19833,77.339,Jasmine Kelly
56087,11641,159.6394,Pedro Vance
56089,14399,5.514,Evan Peterson
56090,14696,46.7194,Walter Alonso
56091,14143,100.0909,Steven Brooks
56099,11784,82.8529,Ross Sanchez
56100,11687,38.675,Pedro Diaz
56101,16970,1939.2529,Carl Nara
56102,16972,1939.2529,Angel King
56103,20345,2785.5172,Chad Raje
56104,13992,885.9559,Seth Diaz
56105,14098,934.2333,Marcus Watson
56106,12918,2563.589,Aidan Butler
56111,19594,2699.9018,Byron Jiménez
56112,19595,2781.0751,Holly Fernandez
56113,12348,2678.4648,Colleen Beck
56114,12670,2598.9158,Elizabeth Long
56122,18617,1268.2859,Stacy Dominguez
56126,11615,2604.4298,Deb Wagner
56127,12648,2570.1858,Clayton Pal
56128,14070,1381.0732,Melinda Torres
56129,15795,97.7483,Isaac Collins
56130,14686,66.2779,Walter Hernandez
56132,15212,5.514,Juan Rivera
56133,11249,1944.7669,Ruben Diaz
56135,11670,69.5929,Pedro Martinez
56136,11081,74.0019,Jennifer Williams
56137,11013,43.0729,Joe Raman
56147,11331,30.1444,Grace Lee
56150,12964,33.139,Dakota Simmons
56151,20676,16.5529,Lindsey Goel
56152,18546,32.5754,Kathleen Martin
56153,17033,32.5754,Ricardo Anand
56155,19641,75.6815,Cassandra Lopez
56157,13899,24.2879,Ian Alexander
56158,20299,62.9519,Chloe Perry
56159,16055,73.4162,Andre Arun
56160,18186,94.4554,Todd Zhang
56161,14545,87.2729,Sean Ramirez
56162,14529,216.127,Angel Ramirez
56163,13814,118.3234,Linda Navarro
56164,19921,70.6869,Kathryn Raje
56167,11807,109.9144,Ross Munoz
56168,13860,44.189,Joy Martin
56169,11744,41.2055,Brianna Hall
56170,12533,219.884,Samantha Long
56171,14196,76.2119,Bryan Kelly
56172,11399,15.4479,Jasmine Anderson
56173,19128,710.4156,Megan Price
56174,13328,2552.5169,Julian Jenkins
56175,12942,2563.589,Jaclyn Liang
56176,11541,2646.4419,Alyssa White
56177,12707,2618.8058,Omar Ma
56178,17984,1381.0732,Brent Zhang
56185,18580,1293.3804,Daniel Garcia
56186,15117,2649.8453,Jill Sandoval
56187,13973,844.5294,Seth Washington
56188,12645,2604.7944,Clayton Shan
56189,19587,23.7465,Holly Raman
56191,14099,15.4479,Ian Watson
56193,20173,2742.8642,Phillip Garcia
56195,11195,6.9394,Morgan Robinson
56197,11277,16.8292,Ruben Vazquez
56199,14723,36.023,Cole Richardson
56201,18675,142.5119,Jacob Johnson
56203,17170,15.4479,Tony Tang
56204,15385,8.0444,Jared Rogers
56205,14903,68.4658,Sean Ward
56206,14828,83.9469,Roberto Suarez
56207,17895,33.1279,Hunter Brown
56208,19328,30.1444,Cory Arun
56210,17879,60.7529,Hunter Smith
56211,13227,79.5269,Antonio Griffin
56213,15865,700.5258,Noah Perez
56214,13189,2566.1194,Edwin Yuan
56216,19556,2715.3497,Monica Subram
56218,12340,2562.4508,Colleen Rai
56225,12658,2612.1869,Elizabeth Ross
56226,12132,2535.964,Taylor Jones
56227,11616,2649.7348,Anna Hall
56228,12185,8.7848,Warren He
56229,17289,48.5869,Bethany Raje
56231,18300,38.5535,Brandon White
56232,16389,2715.3497,Nathan Carter
56233,11256,43.0729,Natalie Jones
56238,15511,40.432,Sebastian Cook
56242,13179,86.1016,Spencer Hayes
56244,15543,87.2729,Pamela Srini
56245,11712,8.0444,Pedro Dominguez
56246,16788,44.1779,Isaac Scott
56247,16143,29.8019,Molly Prasad
56248,18128,94.4554,David Jones
56249,19946,96.0798,Nicole Price
56252,11374,76.2119,Christy Hu
56253,11566,8.0444,Barbara Zhu
56254,12202,46.7194,Abigail Gonzales
56255,11971,82.8529,Kayla Harrison
56256,15882,651.3644,Johnathan Kapoor
56258,16712,927.6254,Francisco Fernandez
56259,14129,1879.594,Brian Brooks
56260,19557,1966.8669,Emma Flores
56265,19560,2806.0591,Monica Garcia
56266,19576,2740.3337,Holly Malhotra
56267,18929,2708.6865,Joseph Thomas
56268,11472,2566.1194,Jenny Hu
56269,11151,2562.7823,Kaitlyn Rodriguez
56270,12346,2602.2529,Madison Clark
56272,19891,1297.8004,Connie Rai
56273,16346,6.9394,Katrina Andersen
56277,12672,175.695,Clayton Anand
56278,17720,672.9119,Jonathan Lewis
56279,12333,2745.8587,Colleen Andersen
56280,11653,59.659,Pedro Sara
56281,11277,75.0627,Ruben Vazquez
56282,11520,70.1344,Destiny Hall
56283,11530,43.0729,Jenny Raji
56284,11507,70.6869,Marshall Jai
56286,11698,54.6754,Megan Robinson
56290,19839,77.3169,Lindsay Raje
56291,15856,87.2729,Allen Schmidt
56292,20352,87.2729,Julia Cooper
56293,11808,104.4004,Victoria Taylor
56294,18520,87.2729,Leslie Munoz
56295,20748,136.9979,Morgan Diaz
56298,14122,34.2219,Lori Blanco
56299,16048,44.1779,Isaiah Turner
56300,19317,5.514,Frank Alvarez
56301,16469,70.6869,Misty Jai
56302,19375,133.1083,Shane Madan
56308,12191,138.6444,Abigail Patterson
56309,12659,81.7369,Clayton Nara
56310,12268,55.239,Colleen Zhou
56311,11580,38.664,Barbara Cai
56312,16947,1918.2579,Adam Hernandez
56313,16973,2053.0016,Carl Nath
56314,16373,2849.1652,Latoya Shen
56315,13178,2560.2519,Edwin Shen
56316,12208,2625.4248,Gail Alexander
56317,14843,858.9607,Patrick Howard
56319,19555,2798.2247,Emma Hughes
56320,13524,2715.3497,Jeremiah Gonzales
56321,18931,2742.8642,Chelsea Patel
56322,11750,2596.7279,Olivia Brown
56323,12671,2563.589,Clayton Raji
56324,12673,2580.1419,Omar Zhang
56327,12001,2562.4508,Alisha Yuan
56329,11739,2649.8453,Brianna Lewis
56331,20163,1238.1415,Phillip Prasad
56334,12657,2587.8769,Elizabeth Barnes
56335,12330,2579.5783,Madison Thomas
56336,11612,2571.2908,Marshall Chander
56337,13686,2624.3529,Wyatt Washington
56338,12005,1342.4093,Alexis Wilson
56339,15128,30.1444,Dalton Murphy
56340,17057,35.6694,Luis Hernandez
56341,20417,75.1069,Julia Butler
56345,11123,41.9127,Kaitlyn Brown
56347,14566,216.127,Micheal Munoz
56349,13732,76.2119,Eduardo Henderson
56352,20503,16.5529,Keith Jai
56354,15344,5.514,Xavier Mohamed
56355,14475,8.0444,Jonathon Hernandez
56356,18179,5.514,Randy Hu
56357,16255,207.7179,Robert Gonzalez
56358,13496,40.432,Colin Jai
56359,20570,127.0308,Kristin Xie
56360,19388,49.9681,Victoria Cook
56361,15418,46.7194,Alex Reed
56362,19127,640.8669,Derrick Ramos
56363,14089,987.2844,Adrian Watson
56364,13100,2626.5408,Fernando Ross
56369,12356,2587.8769,Madison Hall
56371,11990,2618.8058,Alexis Smith
56376,12644,2673.0613,Sarah Alexander
56377,12381,2584.5619,Samantha White
56378,12286,2658.0444,Hannah Anderson
56380,20250,41.1834,Chloe Bailey
56381,16640,77.3169,Alison Tang
56382,16919,62.9519,Jonathan Young
56385,14860,44.1779,Lance Dominguez
56386,13617,69.5487,Walter Sanz
56387,16635,42.9624,Kevin Hill
56388,13779,973.9912,Briana Suarez
56390,11519,8.0444,Jenny Nath
56392,11500,5.514,Destiny Harris
56395,12530,77.3169,Alejandro Xu
56399,14244,77.339,Krista Suarez
56400,17605,44.1779,Austin Walker
56402,15935,8.0444,Manuel Mehta
56404,14135,96.0908,Sebastian Brooks
56405,16036,24.2879,Bobby Perez
56406,15092,40.432,Nathaniel Murphy
56407,17936,71.7919,Vincent Zhang
56408,17997,77.3169,Brent Huang
56409,13809,125.9258,Richard Hayes
56410,17820,4.409,Dana Navarro
56412,17821,6.9394,Dana Gutierrez
56413,12489,43.0729,Sarah Clark
56415,11311,82.8529,Grace Thomas
56416,12046,38.675,Abigail Anderson
56417,12194,82.8529,Dawn Zheng
56418,13350,44.189,Willie Zhao
56419,12953,90.0133,Dakota Long
56420,13495,16.5529,Colin Shan
56421,16362,2742.8642,Katrina Raji
56422,11629,2598.9158,Barbara Raji
56423,11135,2580.1419,Roy Gonzalez
56425,19099,2718.6205,Megan Richardson
56431,14344,70.6869,Sebastian Torres
56432,15147,41.9569,Patrick Bailey
56433,15026,27.614,Cole Bell
56434,17291,35.6694,Bethany Chande
56435,18896,82.8529,Andrew Clark
56436,12035,15.4479,Abigail Williams
56437,19677,65.1729,Grace Griffin
56438,15599,55.2169,Ricky Torres
56439,16178,42.9624,Tina Kapoor
56440,11753,8.7848,Ross Sai
56442,17750,781.2019,Samuel Johnston
56444,16416,2793.8047,Tracy Yuan
56445,16412,2738.4552,Tracy Simpson
56446,15657,927.6033,Jimmy Vazquez
56448,11091,44.1779,Jennifer Taylor
56449,11078,76.2119,Joe Sanz
56450,11507,98.8533,Marshall Jai
56453,20353,87.2729,Chad Rai
56454,20758,142.5119,Isabella Rogers
56455,19019,87.2729,Lauren Sanders
56456,17694,5.514,Margaret Wang
56457,12061,14.2987,Abigail Garcia
56458,14920,5.514,Albert Blanco
56459,13900,24.2879,Ian Russell
56460,17713,77.3169,Jonathan Clark
56461,11478,59.659,Jenny She
56462,13503,40.0784,Colin Chavez
56464,13507,32.034,Colin Nath
56465,11828,44.189,Ross Rubio
56466,16846,62.9519,Kevin Adams
56467,15815,62.9519,Sean Stewart
56468,13544,43.6144,Jon Ye
56469,13309,24.2879,Roger Raje
56470,20671,1918.2579,Lindsey Chander
56471,13173,2670.1773,Spencer Russell
56472,12917,2563.589,Aidan Washington
56475,19558,2708.6865,Monica Mehta
56476,12358,2538.4944,Lacey Chen
56478,19820,1276.8054,Jasmine Torres
56483,12644,2618.8058,Sarah Alexander
56484,12647,2607.2033,Sarah Russell
56485,13685,2614.3748,Wyatt Flores
56486,13697,2588.9266,Devin Coleman
56487,11300,38.664,Marshall Shen
56488,11142,65.7254,Kaitlyn Thompson
56489,17052,47.4377,Isaac Hernandez
56490,19600,104.3783,Holly Martinez
56491,19574,66.8194,Emma Bryant
56492,20266,66.8194,Derek Nara
56495,13669,104.4004,Wyatt Bennett
56498,11875,23.7465,Tamara He
56500,13144,76.2119,Edwin Ye
56502,14582,51.7472,Xavier Ramirez
56505,20502,71.8029,Keith Shan
56506,18964,77.339,Joseph Lewis
56507,12430,87.2729,Jon Lal
56509,15777,44.1779,Adam Collins
56510,14280,62.9519,Devin Price
56511,13748,79.5269,Robin Ramos
56512,14492,8.0444,Sheila Moreno
56513,17226,77.339,Robert Garcia
56515,19178,27.614,Philip Ruiz
56518,19350,26.2769,Olivia Jenkins
56521,19642,62.9519,Grace Henderson
56522,16949,1977.9169,Melody Harrison
56523,20346,2834.2366,Julia Morgan
56524,20347,2699.9018,Julia Bell
56525,11515,2598.9158,Destiny Lewis
56526,17045,997.2183,Johnny Yuan
56527,18767,1918.2579,Natasha Ramos
56530,12675,2604.7944,Omar Wang
56532,11443,2697.2498,Nicole Taylor
56533,11986,2643.381,Kayla Lee
56536,16500,650.8008,Jason Mitchell
56539,15684,2699.0067,Marc Hernandez
56540,12222,2687.3048,Emily Jones
56541,14071,1379.9572,Nathaniel Watson
56542,13556,2574.6279,Jon Zhu
56543,11785,38.664,Olivia Rodriguez
56544,18295,156.8879,Jorge Lin
56546,17244,59.659,Robert Martinez
56547,11113,8.7848,Roy Saunders
56548,18195,9.934,Benjamin Martinez
56549,18304,2.5305,Alexander Martin
56550,17484,116.0029,Thomas Hall
56551,16625,40.432,Nichole Black
56554,11211,5.514,Ruben Prasad
56559,18106,5.514,Wesley Lu
56561,15951,44.1779,Henry Suri
56562,14908,44.1779,Bryce Ward
56563,14878,138.6333,Marcus Howard
56564,20380,8.0444,Shawn Shan
56565,15305,16.8292,Jillian Arthur
56566,18090,24.2879,Wesley Liu
56567,14608,44.1779,Charles Rivera
56568,15173,50.7748,Kendra Sanz
56569,19352,15.4479,Olivia Powell
56574,11643,99.4279,Lauren White
56575,13980,62.9519,Seth Foster
56576,13290,82.8529,Gavin Powell
56577,12627,9.934,Sarah Long
56578,12467,65.1729,Alejandro Wang
56579,12379,55.239,Samantha Jackson
56580,11424,48.5979,Christy Beck
56581,16924,1961.8944,Jerry Becker
56582,13176,2552.5169,Spencer Griffin
56583,13177,2560.2519,Spencer Diaz
56584,13205,2607.7669,Edwin Nara
56585,12935,2597.8108,Jaclyn Zhu
56586,12209,2574.6279,Dawn Luo
56587,12362,2570.1858,Samantha Williams
56590,16668,671.7958,Alison Rai
56592,19768,1263.5233,Rachel Hughes
56594,11481,612.1369,Destiny Jones
56599,12214,2577.1694,Roger Harui
56600,15641,104.3783,Jackson Evans
56601,20251,65.7144,Chloe Rivera
56602,17495,62.9519,Jason Hall
56603,18206,62.9519,Alexander Lee
56605,20603,26.2769,Dwayne Serrano
56606,14315,82.3004,Dennis Ware
56607,17634,1918.2579,James Garcia
56608,19962,17.9784,Julie Raje
56609,11304,2.5305,Lacey Chande
56610,11142,32.034,Kaitlyn Thompson
56611,11276,66.8194,Natalie Martin
56612,11223,44.1779,Isabella Moore
56614,11820,35.6584,Ross Vazquez
56615,12159,77.3169,Taylor Robinson
56618,19857,77.339,Jill Patterson
56619,13486,44.1779,Colin Xu
56620,19809,77.339,Alícia Anand
56621,19219,87.2729,Philip Ortega
56622,18845,77.339,Brandy Arun
56623,20270,87.2729,Chloe Watson
56624,15946,114.3454,Manuel Rodriguez
56625,15294,66.2779,Angel Morris
56626,13985,34.2219,Seth Bryant
56627,14806,136.9979,Charles Cox
56628,19351,5.514,Olivia Perry
56633,11836,38.675,Gerald Vance
56634,12015,68.4769,Alexis Thompson
56635,11859,41.2055,Gerald Subram
56636,15859,26.8184,Allen Raman
56637,12930,2577.1694,Aidan Russell
56640,18930,2715.3497,Chelsea Chandra
56641,19983,1238.1415,Tara Xu
56643,14791,2676.9067,Roberto Alvarez
56647,16032,76.2119,Connor Turner
56648,12678,175.695,Omar Li
56650,17747,620.9769,Samuel Robinson
56651,11658,69.5929,Pedro Subram
56653,11530,5.514,Jenny Raji
56654,11502,70.6869,Jenny Pal
56655,11498,23.7465,Jenny Shan
56658,20489,55.2169,Keith Stone
56659,18354,146.8987,Frank Suarez
56660,17335,5.514,Robert Walker
56661,15331,8.0444,Cody Morris
56662,20500,75.6815,Keith Sharma
56663,14441,156.8879,Charles Peterson
56664,18054,40.8408,Justin Miller
56665,16302,27.614,Evan Gonzalez
56666,19259,32.0229,Brianna Hughes
56668,11475,76.7533,Nicole Hall
56669,17652,15.7242,Sandra Wu
56672,16454,8.0444,Misty Xu
56673,13816,237.8513,Linda Gutierrez
56674,11649,41.2055,Marshall Rai
56676,14075,62.9519,Sebastian Watson
56677,11805,82.8529,Ross Johnsen
56678,16364,2742.8642,Carlos Nelson
56679,14110,905.5033,Carlos Brooks
56680,14037,992.7983,Tanya Blanco
56681,11625,2580.1529,Lauren Miller
56682,13093,2580.1529,Wyatt Hayes
56683,11126,877.1048,Roy Fernandez
56687,19089,2778.9977,Craig Rubio
56688,12674,2563.589,Elizabeth Patterson
56691,19849,1268.2859,Jasmine Jenkins
56692,12634,2538.4944,Sarah Flores
56693,11613,2552.5169,Anna Lee
56694,12297,2674.0448,Hannah Martinez
56695,13522,27.614,Jon Wang
56696,12691,54.6754,Omar Ye
56697,15139,27.614,Evan Bailey
56698,18319,66.8194,Jorge Liang
56700,20218,30.6859,Alyssa Russell
56703,19591,46.3327,Grace Cook
56704,15641,2.5305,Jackson Evans
56705,16415,2748.4997,Elijah Carter
56706,11701,59.659,Megan Lewis
56707,12067,65.1729,Abigail Rodriguez
56708,11500,34.5534,Destiny Harris
56713,12136,30.1444,Kelli Nath
56714,16876,38.5535,Mason Allen
56716,13231,33.139,Roger Yang
56722,18888,136.9979,Whitney Malhotra
56723,20286,87.2729,Bradley Yuan
56724,14119,5.514,Isaac Brooks
56725,20741,132.5779,Morgan Bryant
56726,16299,5.514,Gloria Ruiz
56727,17200,24.2879,Evan Wright
56728,16200,62.9519,Tina Sara
56730,20041,14.3429,Destiny Gray
56734,11686,82.8529,Megan Harris
56735,14085,40.8408,Melinda Suarez
56736,13170,122.6108,Spencer Alexander
56737,13493,16.5529,Jeremy Wood
56738,13221,2598.9158,Edwin Ferrier
56739,11654,2626.5408,Pedro Rana
56740,11624,2563.589,Kirk Nason
56741,13016,2618.8169,Emily Diaz
56742,13083,2597.8108,Madison Long
56743,12709,2602.2529,Kayla Henderson
56744,14770,852.3307,Danny Blanco
56745,14778,829.0815,Sean Cox
56750,18928,2781.0751,Chelsea Jordan
56751,12677,2535.964,Omar Chen
56752,11994,2624.3529,Alisha Shen
56754,19875,1325.4033,Jasmine Russell
56755,20001,1276.8054,Tara Pal
56758,12218,2653.0498,Dawn Sharma
56759,12943,9.934,Dakota Barnes
56760,20605,93.8808,Karen Wood
56763,19504,662.9779,Emma Cooper
56765,12073,65.1729,Abigail Walker
56771,11640,136.9648,Pedro Patel
56772,11698,132.5779,Megan Robinson
56773,11709,77.339,Brianna Williams
56774,18071,75.6815,Jeffery Zheng
56775,17616,5.514,Stacey Gao
56776,14294,90.0133,Joy Suarez
56777,12504,67.4934,Alejandro Ma
56781,13507,16.5529,Colin Nath
56782,18322,24.2879,Anthony Garcia
56783,12981,2614.9383,Jaclyn Jai
56785,16708,915.4594,Logan Scott
56786,19596,2738.5657,Grace Bell
56787,19096,2776.1136,Derrick Ruiz
56788,12009,2625.9773,Alexis Thomas
56789,12338,2692.8519,Madison Thompson
56794,15693,2682.9953,Aaron Edwards
56795,12307,2676.9067,Colleen Tang
56797,12630,2580.1529,Clayton Xie
56798,11519,9.934,Jenny Nath
56799,16674,41.1834,Alison Raji
56801,17318,38.6529,Noah Martinez
56802,13614,87.2729,Briana Torres
56804,15787,114.8758,Alex Collins
56805,19627,15.4479,Kelvin Zheng
56806,20710,2715.3497,Amy Lin
56807,11634,2.5305,Pedro Suri
56813,20184,136.9979,George Kapoor
56814,11719,104.4004,Brianna Taylor
56815,18853,77.339,Brandy Saunders
56816,11091,5.514,Jennifer Taylor
56817,16134,15.4479,Molly Malhotra
56818,15431,8.0444,Patrick Reed
56819,14094,24.2879,Eduardo Watson
56821,13914,79.5269,Theresa Serrano
56822,16193,94.4554,Isaac Campbell
56824,16438,27.614,Tracy Goel
56828,14553,76.2119,Bryce Ramirez
56829,15444,60.7529,Bryan Reed
56830,11505,82.8529,Destiny Garcia
56831,12932,44.189,Jaclyn Sun
56832,16241,62.9519,Denise Prasad
56833,12234,38.664,Emily Moore
56834,20376,2735.9248,Shawn Lal
56835,11690,2570.1858,Marshall Goel
56836,11623,2618.8169,Lauren Davis
56837,11388,1402.0682,Jasmine Brown
56838,16404,1352.3432,Latoya Nath
56842,19105,2738.5657,Derrick Munoz
56843,19568,2742.8642,Monica Perez
56844,19577,2717.8801,Holly Sai
56848,19984,1307.7344,Nicole Simmons
56849,19518,1320.4419,Brett Garcia
56855,14087,147.5065,Miguel Sanz
56856,16185,4.409,Angel Campbell
56857,13614,8.7848,Briana Torres
56859,19961,9.934,Julie Andersen
56861,11164,6.9394,Morgan Smith
56862,11632,55.239,Lauren Taylor
56868,16358,37.5479,Adam Nelson
56869,11501,27.614,Destiny Martin
56873,16012,77.339,Bobby Ray
56874,11922,66.2779,Elizabeth Harris
56875,17357,5.514,Thomas Jones
56876,15269,8.0444,Garrett Sanchez
56877,15519,24.2879,Rachael Martinez
56878,13308,33.0727,Gavin Alexander
56879,17217,89.4608,Robert Martin
56880,19075,71.7919,Megan Sanchez
56882,17886,43.0619,Hunter Williams
56883,20554,38.6529,April Nara
56888,12927,109.9144,Aidan Alexander
56889,11855,44.189,Emma Davis
56890,13421,26.8184,Joan Hernandez
56891,11866,38.675,Tamara Zhu
56892,13586,9.934,Blake Barnes
56893,20668,1934.8329,Morgan Blue
56894,15885,679.5308,Johnathan Chapman
56895,11630,2602.264,Barbara Ashe
56896,12929,2626.5408,Jaclyn Xu
56899,17051,2742.8642,Mason Hernandez
56900,12350,2563.589,Madison Lee
56902,12004,2563.589,Alisha Lal
56903,11120,2645.8783,Kaitlyn Williams
56906,12640,2644.3313,Sarah Gonzales
56907,16524,1276.8054,Gloria Gill
56908,12653,2639.2373,Clayton Raje
56909,12131,2602.2529,Kelli Chander
56910,11019,9.934,Joe Belson
56914,13037,38.664,Hannah Powell
56915,14124,36.023,Joy Torres
56916,17744,645.2869,Logan Moore
56920,11212,26.2769,Marshall Cai
56924,14274,11.039,Felicia Alonso
56925,11769,87.2729,Olivia White
56926,20326,142.5119,Chloe Russell
56927,19242,77.339,Victor Torres
56928,15544,123.7048,Pamela Prasad
56929,14594,181.209,Micheal Serrano
56930,19862,5.514,Jasmine Washington
56931,14202,36.023,Krista Ruiz
56932,16192,79.5269,Mason Campbell
56933,17843,103.3065,Nathan Garcia
56934,12295,44.1779,Colleen Cai
56936,12814,32.5754,Trevor Price
56937,17881,66.2779,Carrie Schmidt
56938,11789,41.2055,Olivia Walker
56939,11846,38.675,Gerald Prasad
56940,14106,927.6033,Xavier Watson
56942,17046,982.8644,Evan Hernandez
56943,18768,1918.2579,Joshua Miller
56944,14130,1950.2808,Bryce Brooks
56946,19102,2708.6865,Nelson Ruiz
56947,17515,624.314,Cameron Thompson
56948,12354,2552.5169,Lacey Zhang
56949,12360,2535.964,Lacey Liu
56950,12667,2591.1808,Elizabeth Perry
56954,19892,1276.8054,Nicole Reed
56957,13258,620.9216,Roger Ma
56960,13251,2566.1194,Roger Sun
56961,13771,2628.7508,Richard Blue
56962,17227,27.614,Terry Yuan
56966,16734,55.239,Mason Adams
56967,15795,48.5979,Isaac Collins
56968,14228,55.239,Krista Torres
56972,17119,127.0308,Shaun Anand
56975,14363,16.5529,Devin Torres
56976,20458,55.2169,Corey Luo
56978,19216,60.7529,Philip Sanz
56981,16249,15.4479,Logan Gonzalez
56982,17486,99.4169,Kyle Hall
56983,15405,16.8292,Candace Sai
56985,15838,62.9519,Garrett Stewart
56986,14804,77.339,Cody Cox
56988,20574,43.0729,Kristin Luo
56989,12865,40.0784,Tristan Henderson
56990,13785,91.6598,Richard Patterson
56992,12107,38.675,Jessica Thompson
56993,11932,46.7194,Elizabeth Rodriguez
56994,12227,48.5979,Dawn Andersen
56995,13067,680.6358,Madison Price
56997,11696,2535.964,Pedro Muñoz
56998,13190,2563.589,Antonio Ross
56999,14833,852.3307,Mason Howard
57004,11147,2626.5408,Roy Hernandez
57007,19744,1303.3144,Rachel Blue
57008,19867,1276.8054,Carol Xu
57010,13259,728.6812,Roger Liang
57011,12637,2673.0613,Sarah Simmons
57192,11183,6.9394,Morgan Thomas
57193,16338,122.6108,Jason Nelson
57196,19610,76.2119,Cassandra Van
57197,11068,42.5094,Joe Blanco
57198,11200,59.659,Morgan Lewis
57199,11619,9.934,Lauren Jones
57201,11840,55.239,Victoria Lee
57202,11331,2.5305,Grace Lee
57203,20106,27.614,Ronald Suri
57205,13701,40.432,Rodney Serrano
57206,12970,62.9408,Jaclyn Luo
57207,15376,16.5529,Brenda Garcia
57209,16950,26.4869,Carl Kumar
57210,20530,114.8758,Jennifer Butler
57215,14919,8.0444,Albert Vazquez
57217,16304,54.6754,Casey Andersen
57218,19923,27.614,Kathryn Chapman
57222,11014,109.9144,Chloe Garcia
57223,14090,94.4554,Melinda Ortega
57224,13187,33.0727,Antonio Barnes
57225,20382,2742.8642,Shawn Jai
57226,19162,623.1758,Casey Vazquez
57227,14118,2566.1194,Mason Brooks
57228,11773,2658.0444,Ross Fernandez
57229,19563,1939.2529,Monica Martinez
57233,19787,2735.9248,Alicia Sharma
57234,19789,2740.3337,Alicia Shan
57238,20024,1276.8054,Donald Kapoor
57240,11238,622.0708,Ruben Martin
57241,14976,2673.0613,Randall Gill
57242,12307,2591.1808,Colleen Tang
57243,12301,2566.1194,Hannah Clark
57244,11505,25.3819,Destiny Garcia
57245,15640,35.6694,Jimmy Alonso
57246,15434,33.139,Brian Reed
57249,13963,82.3004,Joy Alvarez
57250,17479,69.5487,Leah She
57251,12632,2735.9248,Clayton Tang
57252,18004,905.5254,Brent Ye
57253,11223,38.664,Isabella Moore
57254,11504,2.5305,Jenny Andersen
57255,11163,4.409,Roy Torres
57258,11215,5.514,Isabella Brown
57260,11185,33.1279,Morgan Jackson
57266,20509,11.039,Jennifer Jenkins
57267,20487,11.039,Jennifer Price
57268,20306,77.339,Bradley Carson
57269,18510,5.514,Leslie Diaz
57270,19543,147.5065,Monica Arun
57272,17162,44.1779,Luke Wright
57273,15400,5.514,Eduardo Rogers
57274,13549,104.4004,Briana Romero
57275,16464,5.514,Jonathan Mitchell
57276,18006,43.0729,Brent Lu
57279,16058,8.0444,Andre Smith
57280,16251,5.514,Denise Subram
57281,11078,38.675,Joe Sanz
57282,12149,82.8529,Taylor White
57283,13599,16.5529,Walter Dominguez
57284,11352,15.4479,Rachel Jackson
57285,19161,646.3145,Casey Gill
57286,14343,927.6254,Kristy Suarez
57287,13237,2580.1419,Carson Barnes
57288,13277,2560.2519,Gavin Wood
57289,13377,2563.589,Oscar Long
57290,13460,2535.964,Dalton Perry
57291,12391,858.9607,Lacey Liang
57292,14306,927.6033,Eduardo Ward
57293,11004,2673.0613,Chloe Harris
57294,11029,2661.9119,Joe Gonzalez
57295,12688,2626.5408,Omar Zhou
57299,12648,2699.0067,Clayton Pal
57300,15926,2681.8792,Manuel Madan
57307,12226,2562.4508,Dawn Pal
57308,11530,8.7848,Jenny Raji
57309,14068,30.1444,Melinda Gutierrez
57310,15828,55.2058,Troy Rodriguez
57313,13155,147.5065,Spencer Hughes
57314,16411,2738.5657,Tracy Deng
57316,11725,59.659,Brianna Harris
57317,12092,9.934,Kelli She
57318,11519,55.239,Jenny Nath
57319,11200,66.8194,Morgan Lewis
57323,11331,38.5535,Grace Lee
57324,11619,71.7919,Lauren Jones
57329,19732,87.2729,Cynthia Arun
57330,19244,147.5065,Brianna Henderson
57331,17455,8.0444,Leah Ye
57332,17695,75.0627,Jonathan Harris
57334,16248,44.1779,Denise Raman
57335,19399,90.0133,Victoria Richardson
57336,18978,90.0133,Veronica Madan
57339,11284,49.9902,Natalie Rodriguez
57340,11197,46.7194,Ruben Malhotra
57341,12095,52.9737,Jessica Taylor
57342,14661,82.8529,Jamie Torres
57343,11508,82.8529,Jenny Raje
57344,12047,38.675,Abhijit Thakur
57345,13074,62.9519,Louis Shen
57346,12306,38.664,Colleen Xie
57347,13344,89.4608,Julian Bryant
57348,19141,640.8669,Megan Coleman
57349,17043,1945.3194,Johnny Luo
57350,16784,1918.2579,Mario Shen
57351,17020,1895.0419,Mason King
57352,14387,992.7983,Jeremiah Townsend
57353,13299,2643.1048,Gavin Washington
57354,13417,2618.8169,Willie Raji
57355,13346,2560.2519,Julian Alexander
57356,13378,2586.7387,Willie Shen
57361,11005,2634.3974,Joe Madan
57362,19791,2740.3337,Jasmine Stewart
57367,18841,1265.7554,Matthew Harris
57368,14210,1342.4093,Marcus Kelly
57369,14286,895.4036,Felicia Dominguez
57370,11212,55.239,Marshall Cai
57371,12247,30.1444,Colleen Zhang
57372,15829,27.614,Troy Sanchez
57373,15137,70.6869,Kendra Alvarez
57374,17290,33.139,Noah Jones
57375,20233,77.3169,Derek Shen
57376,20277,5.514,Chloe Sanders
57379,20218,84.9966,Alyssa Russell
57380,11212,2.5305,Marshall Cai
57382,13099,132.6,Louis Pal
57383,11172,43.0729,Roy Blanco
57387,13941,42.9624,Lucas Hayes
57392,11868,16.5529,Emma White
57393,20358,136.9979,Chad Raji
57395,19136,87.2729,Megan Ross
57396,17418,44.1779,Samuel Allen
57398,17015,5.514,Evan King
57399,15013,29.8019,Brian Bell
57400,19928,5.514,Nicole Gray
57401,19071,128.1248,Lauren Griffin
57404,11792,38.675,Ross Martin
57405,13231,82.8529,Roger Yang
57406,11504,46.7194,Jenny Andersen
57407,14076,79.5269,Melinda Gill
57408,13303,46.7194,Gavin Stone
57409,17481,62.9519,Valerie Zhang
57410,13280,2626.5408,Mason Bendixen
57411,12447,2576.8048,Ashley Lewis
57412,13367,2580.1419,Willie Zheng
57413,14928,830.2307,Paula Hernandez
57414,11432,1418.6211,Nicole Williams
57415,14134,1973.4969,Lori Suarez
57418,11000,2770.2682,Mary Young
57419,15833,596.689,Allen Kapoor
57420,12689,2576.8048,Elizabeth Bryant
57424,20097,1238.1415,Destiny Bryant
57425,20108,1276.8054,Ronald Kapoor
57427,13974,879.9557,Joanna Moreno
57428,14969,596.689,Devin Morgan
57429,11926,8.7848,Elizabeth Garcia
57430,18734,24.2879,Michael Thomas
57434,12038,2.5305,Abigail Jones
57436,11520,27.614,Destiny Hall
57438,11506,70.6869,Carol Martinez
57445,19648,40.432,Cassandra Sanchez
57446,20139,77.339,Ronald Garcia
57447,17698,76.2119,Margaret Li
57448,16857,60.7529,Russell Shan
57449,15981,138.114,Eric Roberts
57450,14758,44.1779,Danny Navarro
57451,20103,114.3454,Shannon Gutierrez
57452,20140,33.139,Shannon Dominguez
57453,15689,38.675,Marc Moreno
57458,14084,38.675,Garrett Watson
57459,11701,82.8529,Megan Lewis
57460,11840,41.2055,Victoria Lee
57461,12721,16.5529,Juan Suarez
57462,13305,79.5269,Gavin Bryant
57463,12543,9.934,Sam Foster
57464,19130,734.7698,Megan Bennett
57465,11727,2634.2869,Brianna Martin
57466,13419,2535.964,Xavier Flores
57467,13420,2602.2529,Colin Wang
57468,14041,2598.9158,Tanya Ramos
57469,11745,2618.8058,Olivia Smith
57470,13315,2607.7669,Roger Chander
57473,13012,2755.8479,Tamara Chen
57474,11897,2574.6279,Grace Smith
57477,20029,1248.0754,Donald McDonald
57478,20093,1303.8669,Joel Fernandez
57481,15224,40.8077,Paula Ramos
57485,12006,102.7319,Alexis Moore
57486,12344,13.1937,Madison Robinson
57487,13981,98.3229,Joy Jimenez
57488,17714,1918.2579,Margaret Ye
57489,17375,27.0615,Krystal Gao
57491,13829,885.9559,Linda Ramos
57492,12119,132.6,Jessica Walker
57494,11091,6.9394,Jennifer Taylor
57498,19155,87.2729,Megan Washington
57499,12196,5.514,Gail Butler
57500,18676,132.5779,Jacob Williams
57501,14604,87.2729,Jesse James
57502,13926,62.9519,Lucas Flores
57503,15250,62.9519,Heidi Sai
57504,14570,44.1779,Micheal Romero
57505,15068,89.4387,Gina Serrano
57506,14983,38.675,Randall Carlson
57507,13674,164.0594,Wyatt Coleman
57509,18032,159.6173,Jeffery Zhang
57514,13052,34.2219,Carol Simmons
57515,20412,2793.8047,Peter Xu
57516,13418,2574.639,Willie Anand
57517,13278,2648.6408,Roger She
57518,13909,2591.1808,Lucas Wood
57519,14133,1895.0419,Juan Brooks
57521,11756,2552.5169,Olivia Wilson
57522,19621,2699.9018,Grace Ramirez
57523,19782,2775.0086,Alicia Yuan
57524,12687,2596.7279,Elizabeth Gonzales
57530,11416,606.6229,Christy Chander
57533,16525,1297.8004,Kelsey Nara
57534,13411,2602.2529,Xavier Long
57535,13260,2618.8058,Roger Guo
57536,11074,38.9292,Joe Carlson
57537,14013,114.3233,Cole James
57538,15806,70.6869,Alex Stewart
57543,14213,65.1729,Seth Kelly
57544,13137,120.4229,Spencer Bennett
57547,15251,76.2119,Timothy Sanchez
57550,13944,79.0959,Joy Hernandez
57553,20368,77.339,Julia Ramirez
57554,11287,26.4869,Ruben Carlson
57555,17505,8.0444,Valerie Lu
57556,20312,5.514,Bradley Beck
57557,15839,26.8184,Allen Patel
57558,15091,44.1779,Jill Munoz
57560,19342,34.5534,Cory Subram
57563,16198,32.5754,Tina Prasad
57565,11662,41.2055,Lauren Lee
57566,11210,46.7194,Isabella Jones
57567,11502,78.4108,Jenny Pal
57568,13285,118.1798,Roger Tang
57569,12803,110.4558,Rafael Zhou
57570,13014,82.8529,Tamara Li
57571,13703,82.8529,Devin Powell
57572,15498,165.1533,Patrick Cook
57573,11600,38.664,Barbara Lal
57574,20672,1934.8329,Morgan Bailey
57575,17030,1879.594,Kyle Hernandez
57576,17039,1988.4254,Gabriel Hernandez
57577,16020,658.5358,Bob Garcia
57578,13250,2563.589,Roger Xu
57579,13343,2562.7823,Willie Liu
57580,13414,2563.589,Willie Goel
57582,13001,2577.1694,Emily Hughes
57583,12989,2618.8169,Jaclyn Chander
57584,19607,2735.9248,Cassandra Chandra
57585,12685,2670.7298,Omar Huang
57587,11984,2652.3757,Alisha Zeng
57591,20171,1276.8054,Alyssa Price
57595,14719,2658.0444,Juan Richardson
57598,11749,16.5529,Olivia Jones
57599,16431,2859.5632,Jordan Carter
57600,15660,927.6033,Timothy Evans
57601,13474,76.2119,Colin Zeng
57609,11502,77.339,Jenny Pal
57611,17274,15.4479,Robert Rodriguez
57612,15884,44.1779,Kellie Diaz
57613,17710,71.7919,Margaret Lin
57614,14113,24.2879,Isaiah Brooks
57615,13891,94.4554,Theresa Jimenez
57618,12809,44.1779,Oscar Griffin
57619,11181,41.2055,Roy Sanz
57620,11313,46.7194,Grace White
57621,12197,44.189,Dawn Hu
57622,12557,55.2169,Alejandro Nara
57623,14285,888.9504,Felicia Townsend
57624,13908,2535.964,Lucas Bradley
57625,19948,2699.9018,Kelvin Cai
57627,13075,2535.964,Madison Henderson
57630,20009,1308.8283,Destiny Morgan
57632,13251,2732.7092,Roger Sun
57633,12343,1352.3432,Madison Martinez
57634,11262,15.4479,Natalie Wilson
57635,13003,71.7919,Emily Flores
57637,13015,132.6,Emily Griffin
57638,11043,14.3429,Joe Jimenez
57639,11019,8.0444,Joe Belson
57643,11223,32.034,Isabella Moore
57644,11660,41.1834,Pedro Mehta
57645,17509,41.1834,Valerie Sun
57646,17686,35.6694,Jonathan Thomas
57647,15864,11.039,Allen Garcia
57648,20369,71.7919,Shawn Tang
57649,20370,55.2169,Julia James
57650,17407,60.7529,Karen Lu
57651,18877,77.339,Whitney Kapoor
57652,17390,44.1779,Karen Wang
57653,13185,5.514,Edwin Xu
57654,13652,34.2219,Damien Andersen
57658,15612,5.514,Ricky Suarez
57659,11223,44.189,Isabella Moore
57660,13216,106.5883,Antonio Gonzales
57661,11555,38.664,Alyssa Clark
57662,13098,79.5269,Fernando Barnes
57663,11554,38.664,Barbara Ye
57664,20386,2742.8642,Shawn Andersen
57665,16977,1889.5279,Jackson Hernandez
57666,17011,1934.8329,Kevin Wright
57667,12081,2615.4908,Jessica Williams
57668,12090,2597.8108,Jessica Wilson
57669,14281,2570.1858,Felicia Moyer
57670,13351,2535.964,Briana Martin
57673,11240,1367.7911,Isabella Robinson
57674,19793,2738.5657,Alicia Pal
57675,11918,2665.1937,Elizabeth Thomas
57676,13080,2610.3084,Louis Xu
57677,19628,2715.3497,Cassandra Rana
57679,11979,2720.0128,Alisha Zheng
57682,20073,1293.3804,Joel Malhotra
57683,18795,1324.8619,Meghan Alonso
57684,12738,596.689,Omar Kumar
57686,12321,2682.9953,Madison Miller
57688,13254,2644.3313,Roger Zhu
57690,13264,2618.8058,Roger Zheng
57691,12194,8.7848,Dawn Zheng
57692,12135,55.239,Taylor Davis
57693,13642,33.1279,Javier Gill
57694,15727,109.9144,Diane Carlson
57695,16489,26.8184,Connor Mitchell
57697,16183,6.9394,Carlos Campbell
57699,16699,36.023,Angel Adams
57700,17765,1928.1919,Logan White
57701,17762,1939.2529,Logan Jackson
57702,14056,27.0615,Evan Watson
57703,17790,658.5358,Sam Wilson
57704,16430,2715.3497,Tracy Chande
57705,18148,905.5254,David Walker
57706,11659,71.7919,Lauren Rodriguez
57707,11262,5.514,Natalie Wilson
57713,13222,82.2783,Roger Zhang
57714,20421,131.4619,Julia Gonzales
57715,17018,103.8369,Jose King
57716,15317,60.7529,Bryce Morris
57718,15247,8.0444,Jesse Sanchez
57719,18677,34.2219,Diana Carlson
57720,14180,36.023,Timothy Kelly
57722,14717,87.2508,Hector Navarro
57723,11661,38.675,Lauren Lewis
57724,13186,24.2879,Edwin Luo
57725,11788,222.4144,Ross Perez
57726,13322,94.4554,Roger Nath
57727,17024,1962.4469,Ricardo Nath
57728,13230,2720.4769,Antonio Hayes
57729,13274,2645.8783,Gavin Price
57730,13426,2560.2519,Xavier Simmons
57731,13354,2560.2519,Julian Diaz
57732,13324,2591.4681,Julian Henderson
57733,19949,2735.9248,Julie Kumar
57734,14132,1939.2529,Chase Brooks
57736,11009,2673.0613,Joe Prasad
57737,13000,2535.964,Emily Patterson
57738,19614,2916.0287,Grace Howard
57739,19786,2699.9018,Alicia Lal
57743,20066,1293.3804,Joel Chapman
57744,12462,690.5919,Sarah Davis
57745,16587,2743.7482,Nichole Xie
57746,13252,2673.0613,Carson Patterson
57747,12619,2563.589,Clayton Cai
57748,11853,55.239,Emma Brown
57749,13670,33.1279,Wyatt Barnes
57752,16171,79.0959,Molly Sanchez
57753,15128,55.239,Dalton Murphy
57754,12695,175.695,Elizabeth Diaz
57756,11277,167.1534,Ruben Vazquez
57758,19647,44.1779,Grace Perry
57759,12916,76.2119,Aidan Flores
57763,18599,87.2729,Anthony Brown
57764,19107,77.339,Megan Torres
57765,14467,44.1779,Lawrence Sanz
57766,19015,34.2219,Lauren Brooks
57767,20550,27.614,Karen Sanchez
57768,18180,14.2987,Benjamin Martin
57769,17653,44.1779,Cameron Taylor
57770,13467,24.2879,Colin Zheng
57776,17204,44.1779,Robert Jackson
57777,14655,38.675,Sheila Gill
57778,12157,38.675,Taylor Martinez
57779,14021,24.2879,Tanya Alonso
57780,12376,55.239,Samantha Anderson
57781,19140,624.3029,Megan Henderson
57782,13393,2598.9158,Xavier Barnes
57783,11003,2674.4757,Jenna Young
57786,18842,1276.8054,Brandy Sai
57789,13576,2574.6279,Miguel Russell
57790,12283,2552.5169,Colleen Ma
57791,12137,55.239,Taylor Miller
57792,11330,8.7848,Grace Lewis
57793,14212,35.6584,Lucas Kelly
57794,12993,30.1444,Jaclyn Rai
57795,18253,40.8408,Christopher Robinson
57796,17322,94.4554,Jose Taylor
57800,14677,55.239,Jamie Suarez
57801,19574,40.0784,Emma Bryant
57802,19510,2708.6865,Brett Rana
57803,16409,2742.4111,Latoya Anand
57804,16470,927.6254,Gloria Gutierrez
57807,19648,8.0444,Cassandra Sanchez
57809,18659,87.2729,Daniel Jones
57811,15560,5.514,Caleb Parker
57812,17628,109.3508,James Thompson
57813,14544,44.1779,Mathew Carlson
57814,15679,71.7919,Thomas Edwards
57815,11542,38.0894,Alyssa Harris
57817,12519,23.7465,Samantha Barnes
57819,14970,98.3119,Randall Navarro
57820,14153,54.1119,Eduardo Brooks
57821,11740,38.675,Brianna Lee
57822,11206,82.8529,Isabella Smith
57823,11783,82.8529,Ross Rodriguez
57824,11730,109.9144,Brianna Garcia
57825,12553,11.039,Alejandro Chavez
57826,14270,877.1048,Felicia Moreno
57827,13428,2560.2519,Xavier Gonzales
57828,13316,2646.4419,Gavin Hayes
57829,18005,1381.0732,Brent Zhao
57831,17064,1025.9815,Jesse Wright
57833,12706,2576.8048,Omar Gao
57834,12987,2535.964,Jaclyn Chande
57840,20031,1276.8054,Destiny Howard
57841,20040,1276.8054,Donald Sara
57842,15697,2719.4382,Marc Romero
57844,13261,2585.6669,Carson Simmons
57845,11592,2538.4944,Barbara Luo
57846,12308,2585.6669,Hannah Lee
57847,11588,2563.589,Chloe Jackson
57848,12787,17.9784,Julian Price
57849,14074,30.1444,Juan Watson
57850,14232,30.1444,Krista Gill
57851,18294,83.9469,Jorge Wu
57852,19106,47.4819,Megan Ward
57853,18295,2.5305,Jorge Lin
57854,12696,175.695,Oscar Lu
57857,11505,27.614,Destiny Garcia
57858,14091,27.614,Cody West
57861,11176,40.0784,Morgan Miller
57863,11510,35.6584,Destiny Clark
57865,11223,45.957,Isabella Moore
57868,20637,11.039,Kaitlyn Gonzales
57870,18572,15.4479,Janelle Rodriguez
57872,14876,14.2987,Lance Sanz
57873,20478,106.5883,Corey Beck
57874,14799,77.339,Garrett Cox
57875,16601,87.2729,Isaiah Hill
57876,17844,208.8229,Samuel Thomas
57878,12664,76.2119,Elizabeth Coleman
57884,11200,38.675,Morgan Lewis
57885,11842,44.189,Gerald Madan
57886,12605,11.039,Clayton Zhu
57887,16999,1918.2579,Ricardo Yuan
57888,14334,937.5594,Brian Torres
57889,13440,2630.4194,Colin Zhou
57890,13394,2562.4508,Willie Sharma
57891,11241,896.5086,Isabella Clark
57892,19947,2738.4552,Julie Yuan
57893,12995,2605.5127,Emily Perry
57894,19788,2738.5657,Rachel Griffin
57899,14931,2674.4757,Albert Sanz
57903,12239,2654.1548,Emily Anderson
57904,16183,27.614,Carlos Campbell
57905,15639,35.6694,Jimmy Munoz
57907,16926,25.3819,Melody Nicholls
57908,17768,1906.6554,Logan Martin
57909,17755,648.6019,Logan Anderson
57910,17772,734.2062,Susan Ma
57911,11506,69.5929,Carol Martinez
57912,14084,38.9292,Garrett Watson
57913,20745,54.6754,Morgan Griffin
57914,12880,41.1834,Tristan Butler
57917,20769,27.8681,Crystal Zhu
57918,19238,77.339,Brianna Wood
57919,16643,77.339,Alison Luo
57921,15817,71.2394,Troy Garcia
57922,14622,32.0008,Sheila Torres
57923,16043,24.2879,Kellie Torres
57924,19919,5.514,Shannon Gomez
57925,13573,132.5779,Miguel Bryant
57931,16282,44.1779,Casey Xu
57932,15635,44.1779,Jimmy Ashe
57934,11769,138.6444,Olivia White
57935,15009,40.8408,Renee Navarro
57936,16921,1939.2529,Jerry Nath
57937,14362,934.2333,Anne Jiménez
57938,14337,900.2546,Kristy Gill
57940,19592,1987.8508,Holly Garcia
57943,11028,2604.7944,Julia Smith
57944,19784,2699.9018,Byron Serrano
57945,12021,711.0344,Alisha Raje
57950,20072,1276.8054,Destiny Jenkins
57953,11240,639.1983,Isabella Robinson
57956,12658,2682.9953,Elizabeth Ross
57958,11277,38.664,Ruben Vazquez
57959,14522,80.6208,Seth Gray
57961,19953,28.1554,Nicole Blue
57962,12035,2.5305,Abigail Williams
57963,17764,1895.0419,Susan Xu
57964,19511,2788.9316,Brett Raman
57965,16512,905.5254,Adam Mitchell
57966,11533,2.5305,Alyssa Taylor
57967,11508,2.5305,Jenny Raje
57969,11078,65.1729,Joe Sanz
57970,11660,26.2769,Pedro Mehta
57971,17348,93.8808,Krystal Zhang
57980,15847,132.5779,Kellie Gomez
57981,20411,76.7644,Peter Tang
57985,16107,44.1779,Kristopher Sara
57986,17786,54.6754,Susan She
57987,19934,213.7512,Nicole Watson
57992,11273,123.6937,Natalie Weisman
57993,11861,46.7194,Tamara Lu
57994,13180,90.0133,Edwin Xie
57995,11714,44.189,Marshall Black
57996,12309,86.7204,Colleen Xu
57997,14355,888.9504,Anne Gomez
57998,14330,891.4698,Kristy Navarro
57999,14336,987.2844,Nathaniel Torres
58000,13273,2735.9469,Carson Hayes
58001,13403,2648.6408,Xavier Coleman
58002,12086,2535.964,Jessica Davis
58003,14847,858.9607,Lance Alvarez
58005,17050,1014.3458,Johnny Lal
58007,11006,2634.3974,Chloe Martin
58008,19613,2778.9977,Cassandra Sai
58009,19783,2699.9018,Kelvin Hu
58015,14737,1297.8004,Hector Sanz
58016,20030,1276.8054,Destiny Cox
58017,12323,2666.4313,Colleen Sharma
58019,12225,2552.5169,Emily Brown
58020,12323,2590.4073,Colleen Sharma
58021,15823,32.0229,Bryce Stewart
58022,13996,34.5534,Joanna Ramos
58023,18763,77.3169,Joshua Jones
58024,18932,62.9519,Chelsea Weber
58026,13642,55.239,Javier Gill
58028,13995,38.664,Seth Hayes
58029,17355,27.0615,Krystal Liu
58035,13800,905.5254,Briana Sandoval
58038,12969,40.0784,Dakota Bryant
58039,11498,27.614,Jenny Shan
58042,13756,79.0959,Monique Hernandez
58045,15967,5.514,Henry Prasad
58046,17876,32.0229,Ethan Rodriguez
58047,12493,77.339,Alejandro Xu
58048,15446,35.6584,Warren Sharma
58049,14423,55.2169,Lee Carlson
58050,17838,27.614,Nathan Harris
58052,17763,14.2987,Samuel Brown
58053,12957,38.675,Deb Hughes
58054,12642,9.934,Josue Blanco
58055,13364,62.9519,Willie Guo
58056,20442,2742.8642,Jennifer Rogers
58057,16375,2738.5657,Jesse Nelson
58058,20385,2793.8047,Shawn Pal
58059,16984,1944.7669,Alex King
58060,15996,624.314,Bob Kapoor
58061,11772,2580.1419,Ross Mehta
58064,12703,2706.1008,Kayla Wood
58065,12705,2626.5408,Kayla Barnes
58066,12694,2598.9158,Elizabeth Griffin
58070,12631,2649.8453,Sarah Hughes
58071,12263,2569.0366,Emily Hall
58072,13254,2606.6619,Roger Zhu
58073,11506,25.3819,Carol Martinez
58074,11862,184.4798,Emma Anderson
58077,17716,1879.594,Margaret Lu
58078,17641,1918.2579,Sandra Chen
58081,11277,59.659,Ruben Vazquez
58082,11141,43.0729,Kaitlyn Martin
58083,11331,132.6,Grace Lee
58084,11330,70.6869,Grace Lewis
58086,16950,110.5995,Carl Kumar
58094,12944,15.4479,Dakota Ross
58095,16874,5.514,Russell Rai
58096,16074,44.1779,Andre Garcia
58097,14483,44.1779,Jonathon Romero
58099,16600,138.0919,Nichole Kumar
58100,19363,5.514,Olivia Simmons
58101,19522,70.6869,Emma James
58102,12812,55.2169,Rafael Xu
58105,18031,27.614,Justin Williams
58107,13787,66.2779,Monique Ramos
58108,13422,90.0133,Colin Chen
58110,13283,2560.2519,Gavin Henderson
58111,11743,2563.589,Ross Jordan
58112,17986,1381.0732,Brent Wang
58113,19792,2738.5657,Alicia Jai
58116,12700,2618.8058,Kayla Bennett
58117,12996,2624.3529,Emily Powell
58126,20005,1263.5233,Destiny Reed
58130,14714,2629.8669,Sheila Serrano
58131,13823,2624.3529,Marcus Coleman
58132,12244,71.7919,Dawn Raji
58133,14682,97.7483,Xavier Cooper
58136,18447,23.7465,Larry Vazquez
58137,14229,55.239,Evan Sanders
58138,16698,218.6574,Thomas Green
58141,13257,2656.3758,Carson Butler
58142,11702,59.659,Pedro Romero
58143,11312,2.5305,Grace Jackson
58144,11507,14.3429,Marshall Jai
58145,20764,54.6754,Crystal Lu
58146,11185,47.4819,Morgan Jackson
58147,18925,49.9681,Joseph Taylor
58148,19751,35.6694,Rachel Henderson
58151,13474,16.5529,Colin Zeng
58152,12945,55.2169,Jaclyn Guo
58153,20761,25.3377,Isabella Morgan
58154,19655,142.5119,Patricia Chapman
58155,16796,60.7529,Mario Luo
58157,16503,5.514,Kelsey Luo
58158,19014,34.2219,Lauren Watson
58159,17875,27.614,Carrie Carlson
58160,17877,207.7179,David Miller
58161,11471,59.659,Nicole Lee
58162,19523,34.5534,Brett Lopez
58164,17751,103.3065,Samuel Williams
58166,13509,37.5479,Jeremiah Jenkins
58167,13501,44.1779,Colin Andersen
58168,11644,44.189,Pedro Sai
58169,14091,46.7194,Cody West
58170,12970,156.8658,Jaclyn Luo
58171,11720,70.6758,Brianna Anderson
58172,12656,9.934,Elizabeth Wood
58173,13717,82.8529,Devin Bryant
58174,19142,683.9729,Casey Diaz
58175,19164,696.1058,Megan Stone
58176,14338,915.7577,Kristy Vazquez
58177,13287,2563.589,Gavin Jenkins
58178,14436,2604.4298,Steven Peterson
58179,13314,2664.0887,Robyn Rubio
58180,20722,857.8447,Amy Liang
58181,17049,850.2865,Jesse King
58183,13078,2607.7779,Madison Coleman
58184,19207,874.4086,Philip Blanco
58187,20109,1276.8054,Ronald Chandra
58189,16580,663.5083,Jack Lopez
58190,15932,2644.3313,Manuel Rana
58193,13408,2596.7058,Willie Nara
58194,12271,2588.9266,Colleen Zhao
58195,13259,2653.0277,Roger Liang
58196,13252,2574.6279,Carson Patterson
58197,17346,62.9519,Alan She
58199,19583,108.2458,Grace Stewart
58200,19566,76.2119,Byron Hernandez
58202,11287,71.7919,Ruben Carlson
58208,12430,77.3169,Jon Lal
58214,20776,25.3377,Crystal Zheng
58216,20327,77.339,Chad Xu
58217,17611,44.1779,James Anderson
58218,14503,44.1779,Garrett Gray
58219,15870,8.0444,Thomas Perez
58220,15274,126.4783,Charles Sanchez
58221,17224,73.9908,Jose Williams
58228,13494,44.1779,Colin Lal
58229,13708,44.189,Rodney Rubio
58230,11823,70.6758,Ross Ramos
58231,12954,46.7194,Dakota Patterson
58232,13439,62.9519,Xavier Hayes
58233,13146,34.2219,Edwin Zhao
58234,20405,2832.5018,Julia Long
58235,16998,1918.2579,Samuel Hernandez
58236,13298,2574.6279,Gavin Hughes
58238,19795,2725.2836,Alicia Andersen
58239,19562,1918.2579,Monica Lopez
58241,13011,2560.2519,Emily Alexander
58242,12699,2613.2808,Omar Xu
58243,11901,2624.3529,Elizabeth Johnson
58244,12701,2602.264,Jose Carlson
58245,12988,2742.9084,Emily Ross
58246,19772,2709.8357,Alicia Xie
58247,11835,2710.6092,Victoria Rodriguez
58250,14716,2535.964,Nathaniel Richardson
58251,12300,2563.589,Colleen She
58252,11276,15.4479,Natalie Martin
58253,13125,116.0029,Fernando Gonzales
58254,17646,1934.8329,Cameron Miller
58255,11691,59.659,Pedro Alvarez
58256,18759,83.3944,Joshua Johnson
58261,15868,82.2783,José Perez
58263,19859,77.339,Jasmine Hughes
58264,14079,86.7204,Melinda Serrano
58265,18773,87.2729,Orlando Muñoz
58267,15504,44.1779,Rachael Prasad
58268,14562,8.0444,Jared Ramirez
58269,16593,104.4004,Nathan Green
58271,19465,5.514,Raymond Sara
58273,17776,8.0444,Susan Guo
58274,16490,2738.5657,Luke Mitchell
58275,16997,1949.1869,Kyle Wright
58276,19412,683.4094,Victoria Gray
58277,12380,1352.3432,Lacey Xu
58278,13076,2684.0119,Louis Xie
58279,13082,2633.1377,Madison Powell
58285,18855,1276.8054,Brandy Raman
58288,12492,2585.6669,Alejandro Lu
58289,16185,27.614,Angel Campbell
58290,15812,87.2508,Jesse Stewart
58291,16626,38.6529,Nichole Raji
58292,18325,77.3169,Jorge Zheng
58294,16738,34.2219,Robert Scott
58295,20212,26.2769,George Garcia
58296,19676,75.1069,Grace Russell
58298,14014,38.664,Jared James
58300,11519,6.9394,Jenny Nath
58307,15418,77.3169,Alex Reed
58308,14897,82.2783,Albert Alvarez
58309,11841,77.339,Gerald Arun
58310,17343,44.1779,Naomi Munoz
58312,13471,34.2219,Dalton Simmons
58313,13480,90.0133,Colin Deng
58314,15705,77.339,Jackson Edwards
58315,12490,42.9624,Sarah Rodriguez
58316,17954,38.6529,Ryan Martin
58317,19466,70.6869,Victoria Gonzales
58318,16330,34.5534,Thomas Nelson
58319,18043,38.6529,Jeffery Yang
58320,11315,44.189,Grace Harris
58321,14724,71.0073,Jared Richardson
58322,11822,41.2055,Ross Serrano
58323,12453,24.2879,Jon Nath
58324,19693,79.5048,Rachel Rogers
58325,12409,38.675,Ashley Williams
58326,12045,62.9629,Rakesh Tangirala
58327,12616,16.5529,Sarah Barnes
58328,16089,199.9829,Kristopher Kapoor
58329,17028,1949.1869,Melody Vazquez
58330,14416,850.2865,Lee Vazquez
58331,14284,850.2865,Devin Wood
58332,14342,888.9504,Kristy Carlson
58333,13340,2613.2808,Julian Flores
58334,13660,2598.9158,Edward Russell
58335,13326,2574.639,Julian Coleman
58336,17048,888.9504,Johnny Kumar
58337,17055,850.2865,Sean King
58338,13525,2802.0701,Briana Alonso
58340,13006,2563.589,Emily Simmons
58341,19773,2738.5657,Rachel Butler
58344,20026,1340.3319,Donald Patel
58352,12228,2574.6279,Dawn Raje
58353,12284,2574.639,Colleen Liang
58354,11507,54.1119,Marshall Jai
58357,17761,1944.7669,Susan Lu
58360,17753,703.8187,Logan Taylor
58362,13801,905.5254,Linda Alvarez
58363,11322,2.5305,Lacey Anand
58365,11300,97.7483,Marshall Shen
58366,11258,15.7242,Marshall She
58370,11300,42.9624,Marshall Shen
58371,12760,55.2058,Omar Chande
58372,12097,77.3169,Warren Gao
58374,19781,43.0729,Rachel Alexander
58375,18090,47.4377,Wesley Liu
58376,19702,77.339,Rachel Murphy
58377,18509,66.2779,Leslie Ruiz
58378,19139,77.339,Casey Rowe
58379,12972,32.5754,Dakota Alexander
58380,16088,8.0444,Kristopher Suri
58381,15779,99.9694,Eric Collins
58382,15524,8.0444,Rachael Perez
58383,16564,138.114,Kara Pal
58384,15633,75.6815,Jack Evans
58385,18034,70.6869,Jeffery Wang
58386,19389,152.9873,Victoria Morgan
58389,15711,60.7529,Diane Ramos
58390,15511,101.6269,Sebastian Cook
58391,19143,668.7571,Casey Hernandez
58392,17041,1879.594,Johnny Tang
58393,16764,1945.3194,Melody Diaz
58394,17021,1879.594,Ricardo Nara
58395,19144,679.5308,Megan Jenkins
58396,13288,2643.0937,Gavin Perry
58397,13427,2535.964,Xavier Foster
58398,13319,2724.8748,Julian Wood
58399,19794,2784.9426,Jasmine Rogers
58402,11057,2644.3313,Julia Martin
58404,12702,2639.8008,Omar Sun
58405,12999,2596.7279,Jaclyn Raji
58406,19609,2778.9977,Grace Richardson
58407,12681,2587.8769,Omar Liu
58408,12684,2664.0887,Elizabeth Simmons
58410,20067,1276.8054,Shannon Romero
58411,20719,1286.7394,Amy Zhu
58413,12461,650.8008,Sarah Brown
58414,14279,830.2307,Felicia Romero
58415,12289,2607.7779,Carol White
58416,12321,2562.4508,Madison Miller
58417,11520,8.7848,Destiny Hall
58418,11790,38.664,Olivia Hall
58419,18194,85.0519,Todd Li
58420,20243,66.8194,Chloe Cook
58421,16182,65.1729,Tina Chandra
58422,15124,107.6823,Kendra Gomez
58424,11287,2.5305,Ruben Carlson
58425,11466,35.6584,Nicole Clark
58429,11078,33.1279,Joe Sanz
58431,20086,79.0959,Joel Subram
58437,12928,104.4004,Jaclyn Lu
58440,17430,5.514,Hunter Allen
58441,18590,132.5779,Janelle Sanchez
58443,14401,16.8292,Lee Moreno
58444,16195,102.1904,Jesse Campbell
58445,12845,83.9469,Rafael Xie
58446,11436,59.659,Jenny Li
58447,17899,33.139,Hunter Wilson
58448,12294,59.659,Hannah Thompson
58449,12329,76.2119,Colleen Jai
58450,13503,71.8029,Colin Chavez
58451,17120,1918.2579,Mitchell Stone
58452,17127,1965.2094,Nathan Wright
58453,17128,1918.2579,Jordan King
58454,14088,1939.2529,Melinda Rubio
58455,13345,2560.2519,Willie Huang
58456,11742,2582.6834,Marshall Raji
58457,12382,1342.4093,Lacey Sun
58458,17056,927.6254,Johnny Shan
58460,12990,2563.589,Jaclyn Nara
58461,12683,2560.2519,Elizabeth Butler
58462,12693,2574.639,Omar Zhao
58466,15928,2673.0613,Manuel Srini
58467,12998,1381.0732,Emily Long
58469,12229,2590.4073,Emily Davis
58470,12463,2639.2373,Sarah Miller
58471,13407,2626.5408,Willie Chander
58472,11591,2560.2519,Barbara Xu
58473,13253,2547.0029,Carson Hughes
58474,11590,2580.1419,Marshall Chavez
58475,12195,8.7848,Arthur Washington
58476,13042,27.614,Louis Xu
58477,15124,27.614,Kendra Gomez
58478,17053,77.3169,Jesse Hernandez
58479,20231,66.8194,Chloe Morris
58480,19630,28.1554,Cassandra Raman
58482,13523,38.664,Jeremiah Simmons
58483,19567,32.034,Miguel Sanchez
58484,17297,69.5929,Bethany Nath
58486,12631,2738.4552,Sarah Hughes
58487,13808,915.4594,Richard Diaz
58488,11631,43.3381,Lauren Moore
58489,11507,38.664,Marshall Jai
58490,11078,82.8529,Joe Sanz
58492,11273,178.2255,Natalie Weisman
58495,20084,42.9624,Carol Patterson
58499,11331,33.139,Grace Lee
58502,12984,26.4869,Emily Bennett
58503,20301,77.339,Bradley Andersen
58504,15958,75.6815,Henry Vance
58505,14450,199.9829,Lucas Peterson
58506,14136,79.5048,Lori Sanz
58507,14193,40.432,Sabrina Sanz
58508,14981,38.675,Ian Morgan
58510,15613,30.1444,Thomas Evans
58514,14981,40.0784,Ian Morgan
58515,13936,38.675,Lucas Bryant
58516,19224,79.5269,Nelson Alonso
58517,16902,156.8879,Eric Adams
58518,16670,2738.5657,Alison Goel
58519,17129,1918.2579,Mitchell Xu
58520,16791,1911.6169,James Baker
58521,15993,659.9723,Henry Perez
58522,15890,654.4584,Johnathan Arthur
58523,14283,883.4254,Devin Bennett
58524,13224,2601.6894,Robyn Ramos
58525,13279,2598.9158,Roger Deng
58526,13329,2612.1758,Roger Raji
58527,13348,2688.9844,Willie Lin
58528,13382,2590.4073,Willie Xu
58529,13304,2686.1998,Gavin Gonzales
58533,11010,2644.3313,Joe Schmidt
58535,19612,2708.6865,Grace Cox
58536,11027,2666.3208,Chloe Hall
58538,17118,622.0708,James Wright
58542,12526,2574.6279,Samantha Jenkins
58543,12296,2535.964,Hannah Garcia
58544,17306,91.6819,Alan Huang
58545,17234,59.659,Robert Lopez
58546,13669,8.7848,Wyatt Bennett
58547,18705,2.5305,Erika Torres
58548,17494,60.764,Valerie Wu
58550,11287,75.0627,Ruben Carlson
58552,11215,207.7179,Isabella Brown
58556,11330,79.0959,Grace Lewis
58557,11330,42.9624,Grace Lewis
58559,16358,11.039,Adam Nelson
58560,16840,132.5779,Nathan Adams
58563,18161,8.0444,Benjamin Jackson
58567,13239,109.9144,Carson Henderson
58568,19163,596.689,Casey Browning
58569,11707,2703.8798,Brianna Smith
58570,13424,2612.1758,Xavier Butler
58571,19797,2699.9018,Jasmine Cook
58573,12994,2613.2808,Emily Jenkins
58574,11912,2563.589,Elizabeth Wilson
58575,19790,2775.0086,Rachel Diaz
58580,20720,1276.8054,Amy Gao
58581,11479,612.1369,Destiny Johnson
58582,12397,650.8008,Samantha Clark
58585,12404,2645.3258,Lacey She
58586,12277,2604.7944,Colleen Sun
58587,13258,2610.3084,Roger Ma
58588,12264,2618.8058,Warren Zeng
58589,11970,38.664,Alisha Ma
58591,19266,46.7194,Erik Ruiz
58594,14857,9.934,Lance Navarro
58595,19630,54.1119,Cassandra Raman
58596,14967,680.6358,Randall Romero
58597,11717,59.659,Brianna Moore
58598,11165,74.5765,Morgan Johnson
58599,11632,132.6,Lauren Taylor
58600,11019,164.6229,Joe Belson
58603,12944,35.6694,Dakota Ross
58606,20733,26.4869,Morgan Washington
58608,20384,142.5119,Dwayne Hernandez
58611,12525,132.5779,Alejandro Shen
58612,14173,42.9624,Evan Kelly
58613,19189,32.5754,Philip Moreno
58615,16449,8.0444,Gloria Navarro
58616,15119,40.0784,Eduardo Murphy
58617,17855,44.1779,Carrie Alvarez
58618,11657,138.0919,Lauren Clark
58619,11712,52.9737,Pedro Dominguez
58620,13291,90.0133,Roger Luo
58621,15559,94.4554,Punya Palit
58622,12489,9.934,Sarah Clark
58623,17012,1934.8329,José Hernandez
58624,13425,2615.4908,Colin Li
58627,11239,1342.4093,Isabella Martinez
58630,13051,2610.3084,Louis Liang
58631,13079,2552.5169,Madison Jenkins
58632,13081,2574.639,Madison Perry
58633,12686,2602.2529,Omar Lin
58637,13407,2738.2342,Willie Chander
58638,12332,2673.0613,Madison White
58639,13404,2644.3313,Xavier Jenkins
58640,13581,2580.1419,Blake Price
58641,12287,2639.2373,Hannah Thomas
58644,17300,59.659,Noah Davis
58645,19976,17.9784,Tara Deng
58646,11242,635.3529,Ruben Gomez
58647,19506,2740.3337,Brett Srini
58648,20711,2715.3497,Morgan Ross
58649,11169,43.0729,Roy Gill
58650,18758,93.8808,Natasha Gill
58652,11498,41.9127,Jenny Shan
58656,16096,118.3234,Aaron Phillips
58658,18573,41.1834,Kathleen Gutierrez
58659,20440,11.039,Jennifer Sanchez
58661,19760,142.5119,Rachel Perry
58663,18342,44.1779,Frank Gutierrez
58664,15776,5.514,Jack Collins
58665,14642,8.0444,Clinton Rubio
58666,14491,140.6444,Chase Gray
58668,16537,27.614,Gabriel Scott
58671,18181,54.1119,Randy Zeng
58673,13185,46.7194,Edwin Xu
58674,11178,46.7194,Morgan Wilson
58675,11503,65.7365,Destiny Thompson
58676,16479,40.8408,Misty Chander
58677,12758,82.8529,Omar Raje
58678,17040,1945.3194,Alex Hernandez
58679,17142,1909.7384,Mitchell Pal
58680,16834,1934.8329,Mario Raji
58681,13286,2580.1419,Gavin Coleman
58682,13292,2538.4944,Robyn Sanz
58683,13366,2574.6279,Oscar Blue
58684,13415,2570.1858,Begoña Hurtado
58687,19564,1895.0419,Monica Gonzalez
58689,13077,2535.964,Louis Tang
58690,11919,2580.1529,Elizabeth Jackson
58691,11920,2610.3084,Tamara Nath
58692,18189,596.689,Alexander Davis
58695,13719,1248.0754,Devin Russell
58696,20092,1270.1644,Destiny Butler
58698,12390,620.4354,Samantha Garcia
58699,15627,2649.8453,Caleb Evans
58700,12333,2644.3313,Colleen Andersen
58701,14277,889.8897,Dalton Sanders
58704,13404,2618.8058,Xavier Jenkins
58705,12402,2643.1158,Samantha Lee
58706,13769,2602.264,Richard Wood
58708,11276,38.664,Natalie Martin
58709,12414,132.6,Ashley Davis
58710,17494,62.9519,Valerie Wu
58715,12678,102.7319,Omar Li
58717,11074,9.934,Joe Carlson
58718,14074,36.023,Juan Watson
58720,12960,9.934,Jaclyn Shen
58722,13267,5.514,Roger Holt
58727,17360,38.9292,Krystal Holt
58732,20698,26.4869,Morgan Brooks
58733,12760,132.5779,Omar Chande
58734,17397,44.1779,Thomas Miller
58736,16006,44.1779,Logan Turner
58737,15514,138.114,Jared Cook
58738,14659,44.1779,Cole Cooper
58739,14587,8.0444,Jeremy Ramirez
58740,15246,24.2879,Heidi Vance
58741,20354,35.6031,Chad Nath
58742,19045,54.1119,Gary Carlson
58743,18154,73.4162,Christian Jackson
58744,15447,27.614,Damien Raji
58749,17810,15.4479,Abby Sai
58750,18674,24.2879,Diana Ramos
58751,14872,79.5269,Lance Carlson
58752,15943,90.0133,Robert Roberts
58753,12538,9.934,Jaime Gutierrez
58754,20377,2699.9018,Julia Kelly
58755,17042,1918.2579,Johnny Xu
58756,17144,2089.8423,Robert Brown
58757,17029,1944.7669,Ricardo Raji
58758,11705,2610.3084,Megan Hall
58759,13243,2574.6279,Carson Perry
58760,13369,2580.1529,Willie Cai
58761,13325,2626.5408,Roger Goel
58762,14305,891.4698,Felicia Ortega
58766,11052,2673.0613,Joe Romero
58767,19785,2760.6657,Rachel Russell
58769,20032,1238.1415,Shannon Munoz
58770,20068,1238.1415,Joel Patel
58772,13408,2644.3313,Willie Nara
58774,13253,2649.8453,Carson Hughes
58775,15927,2673.0613,James Roberts
58776,12991,1367.7911,Emily Coleman
58777,11887,8.7848,Emma Lewis
58778,17054,33.139,Johnny Sharma
58781,13048,92.7869,Louis Gao
58782,12993,32.034,Jaclyn Rai
58783,11421,1879.594,Christy Nath
58785,16414,2735.9248,Tracy Xu
58787,13806,987.8037,Linda Moreno
58788,13071,32.034,Madison Barnes
58794,20457,81.7258,Jennifer Cooper
58795,20524,76.2119,Keith Anand
58796,15970,44.1779,Brian Albrecht
58797,20734,8.0444,Amy Cai
58798,14508,60.7529,Charles Gray
58799,19232,24.2879,Brianna Sandberg
58800,14295,62.9519,Felicia Blanco
58801,14296,50.7748,Felicia Ramos
58802,14388,90.0133,Anne Carlson
58804,20568,32.0229,Kaitlyn Rivera
58806,11566,5.514,Barbara Zhu
58807,11530,72.8969,Jenny Raji
58808,11321,38.675,Grace Garcia
58809,15564,96.0908,Luke Parker
58810,17121,1918.2579,Mitchell Deng
58811,13238,2574.6279,Roger Zhou
58812,11708,2574.9042,Brianna Johnson
58813,13355,2626.5519,Willie Xu
58815,19565,1911.6169,Monica Rodriguez
58816,19593,1909.7384,Grace Morgan
58819,19611,2735.9248,Cassandra Malhotra
58830,20028,1297.8004,Donald Kovár
58831,11403,622.9659,Christy Shan
58833,11239,627.3748,Isabella Martinez
58836,12653,2676.9067,Clayton Raje
58837,14211,1352.3432,Ian Kelly
58839,12391,2535.964,Lacey Liang
58840,11804,65.1729,Warren Wang
58841,16683,41.1834,Jackson Hill
58842,11463,16.5529,Nicole Martinez
58844,20047,679.5529,Destiny Watson
58845,20046,764.5606,Donald Mehta
58846,16447,905.5033,Angel Carter
58847,11699,69.5929,Megan Clark
58848,11215,43.0729,Isabella Brown
58850,11619,30.1444,Lauren Jones
58851,11268,6.9394,Natalie Anderson
58854,15244,91.6598,Heidi Patel
58857,18642,77.3169,Daniel Martinez
58859,15748,132.5558,Jose Collins
58861,19759,87.2729,Brandy Suri
58862,20331,147.5065,Dwayne Gomez
58863,20125,132.5779,Alyssa Murphy
58864,19660,132.5779,Grace Washington
58865,17489,65.1729,Valerie Yang
58867,19647,51.3494,Grace Perry
58868,12848,81.7258,Rafael Tang
58870,20586,27.614,Kristin Carson
58871,13805,32.0229,Richard Griffin
58872,14812,70.6869,Roberto Navarro
58875,11566,44.1779,Barbara Zhu
58878,11283,46.7194,Natalie Clark
58879,16841,62.9519,Alex Allen
58880,11871,38.675,Tamara Liang
58881,12729,9.934,Kayla Foster
58882,16952,1918.2579,Adam Young
58883,17022,1949.1869,Thomas Hernandez
58884,19165,700.5258,Mary Foster
58885,14335,888.9504,Bryce Torres
58886,13396,2610.3084,Willie Shan
58887,18019,1342.4093,Christopher Brown
58889,12698,2535.964,Kayla Price
58890,19602,2778.9977,Holly Perez
58891,12014,607.7279,Alisha Holt
58897,20006,1276.8054,Destiny Cook
59077,14830,2580.1419,Alex Howard
59078,14424,2607.7669,Chase Peterson
59079,13583,2656.3758,Jon Xu
59080,16553,905.5254,Jonathan Perez
59082,18199,100.4998,Todd Huang
59089,16045,905.5254,Carlos Turner
59090,11674,59.659,Megan Davis
59092,11206,2.5305,Isabella Smith
59095,11922,40.432,Elizabeth Harris
59097,19894,77.339,Nicole Cook
59098,17541,5.514,James Wilson
59101,14249,106.5883,Sebastian Sanders
59102,14994,33.1279,Renee Gomez
59104,19909,70.6869,Kathryn Luo
59105,17805,35.6694,Candice Lu
59109,16149,94.4554,Molly Rana
59110,13163,34.2219,Spencer Foster
59111,18077,90.0133,Benjamin Thomas
59112,12604,26.4869,Ashley Diaz
59113,19687,654.4584,Kristina Kapoor
59115,13912,2614.9383,Theresa Blanco
59116,11796,2670.7077,Victoria Jones
59117,13456,2653.0498,Colin Gao
59118,14949,858.9607,Brian Morgan
59122,20228,2778.9977,Chloe Sanchez
59123,19977,2725.2836,Tara Simpson
59127,11054,2673.0613,Julia Jackson
59132,20296,1265.7554,Bradley Jai
59133,20110,1238.1415,Alyssa Sanchez
59134,17262,1918.2579,Bethany Shen
59136,12297,1276.8054,Hannah Martinez
59138,16830,2649.8453,Mario Black
59141,13411,2644.3313,Xavier Long
59143,11755,33.1279,Olivia Miller
59144,15206,70.6869,Teresa Gutierrez
59148,17799,1907.2079,Logan Clark
59149,17756,1895.0419,Clarence Yang
59150,17824,2089.8423,Dana Torres
59151,15095,2563.589,Jill Navarro
59152,12051,55.239,Julian Isla
59153,11530,27.614,Jenny Raji
59155,15760,40.0784,Luis Collins
59160,16497,16.5529,Kelsey Xie
59163,20114,87.2729,Ronald Vance
59164,19856,159.6394,Jasmine Long
59165,17036,132.5779,Johnny Deng
59166,12107,132.5779,Jessica Thompson
59167,17428,44.1779,Thomas Harris
59168,18776,75.1069,Joshua Taylor
59169,18600,24.2879,Stacy Ruiz
59170,16590,132.5779,Robert Hill
59171,12508,146.9319,Madison Alexander
59172,17703,87.2508,Margaret Huang
59173,20058,34.5534,Donald Gonzalez
59174,16536,30.1444,Kara She
59177,12566,98.3119,Ashley Ross
59178,11066,46.7194,Julia Robinson
59179,12636,44.1779,Sarah Butler
59180,13569,54.1119,Miguel Simmons
59181,11716,46.7194,Brianna Miller
59182,11928,44.189,Tamara Black
59183,11838,55.5042,Gerald Malhotra
59184,12895,94.9637,Rafael Raji
59185,16727,2708.6865,Jordan Green
59186,14379,944.1894,Sheila Gomez
59187,15904,676.2158,Johnathan McDonald
59188,14374,2610.3084,Anne Dominguez
59189,13452,2604.4298,Colin Sun
59190,20219,2725.2836,George Gonzalez
59194,11056,2673.0613,Julia Harris
59200,20374,1238.1415,Julia Brooks
59201,17443,1939.2529,Leah Li
59202,15925,1238.1415,Manuel Arun
59204,13595,2673.0613,Walter Gutierrez
59205,13007,1381.0732,Tamara Wang
59207,11447,2644.3313,Jenny Lin
59208,11455,2703.9903,Jenny Lu
59209,11456,2688.5092,Jenny Xu
59210,12560,2612.1758,Alejandro Nath
59211,12599,2595.6008,Ashley Russell
59212,13600,2674.0448,Blake Long
59213,13579,2574.6279,Miguel Diaz
59215,11911,14.3429,Tamara Raje
59216,17803,640.3033,Logan Rodriguez
59219,15082,2666.8954,Jill Hernandez
59226,12183,77.3169,Anna Taylor
59228,12969,41.1834,Dakota Bryant
59229,20689,86.7204,Dwayne Rubio
59231,13867,62.9519,Desiree Vazquez
59232,14768,118.1908,Alex Cox
59233,13448,24.2879,Dalton Wood
59234,20179,27.614,Phillip Rodriguez
59235,12293,69.5929,Colleen Hu
59238,14839,40.0784,Lance Gomez
59239,11161,60.7419,Karen Walker
59240,20461,2754.0136,Corey Lal
59241,14497,888.9504,Cole Gray
59242,14560,927.6254,Sebastian Ramirez
59243,14378,893.9008,Anne Vazquez
59244,19691,629.8169,Kristina Kovar
59245,14005,2562.4508,Bryce James
59246,13895,2626.5408,Theresa Munoz
59247,13903,2574.6279,Joy Ruiz
59248,12016,2580.1419,Alisha Oliver
59249,11956,2535.964,Alisha Zhao
59250,12026,2650.3094,Alexis Walker
59251,20211,1939.2529,George Mehta
59259,12113,2699.0067,Kelli Kumar
59262,17676,666.8565,Nathan Martinez
59263,18459,650.8008,Larry Suarez
59266,19414,1265.7554,Victoria Ramirez
59267,19473,1253.5894,Raymond Subram
59268,20726,1280.6508,Morgan Powell
59269,16603,2688.5092,Alex Lopez
59270,14049,968.3447,Tanya Rubio
59271,11457,2736.5657,Jenny Sun
59272,12237,2650.8619,Dawn Nath
59273,12622,2580.1419,Clayton Zeng
59274,13782,2591.1808,Richard Long
59275,12682,71.7919,Omar Yang
59276,12370,29.8019,Samantha Davis
59277,16173,13.1937,Luke Campbell
59278,17245,59.659,Terry Nara
59279,15236,98.3229,Evan Sanchez
59280,15583,38.664,Alex Parker
59281,13844,859.0712,Desiree Jimenez
59282,17770,1895.0419,Logan Thompson
59283,11417,656.3258,Jasmine Clark
59284,14979,668.4808,Randall Blanco
59285,14960,687.2658,Bryan Morgan
59286,14944,659.6408,Sean Morgan
59288,16433,2778.9977,Gloria Romero
59289,13812,905.5254,Linda Romero
59290,11520,15.4479,Destiny Hall
59292,11331,30.6859,Grace Lee
59296,12140,35.6694,Kelli Becker
59298,15816,77.3169,Timothy Stewart
59299,11277,87.2508,Ruben Vazquez
59300,19851,136.9979,Lindsay Becker
59301,19707,87.2729,Kristina Subram
59302,19692,104.4004,Kristina Malhotra
59303,19153,77.339,Casey Alonso
59305,16234,15.4479,Denise Vance
59307,14592,5.514,Micheal Blanco
59308,17706,41.9127,Jonathan Garcia
59309,11473,69.5929,Jenny Cai
59310,16434,77.3169,Sriniwa Narayanan
59311,19519,43.0729,Emma Ramirez
59312,17737,33.139,Margaret Zeng
59315,18628,142.4898,Stacy Ramos
59316,12835,44.1779,Trevor Hughes
59317,15441,44.1779,Cole Reed
59318,11312,44.189,Grace Jackson
59319,20476,2786.0476,Jennifer James
59320,19696,659.9723,Kristina Arun
59321,15901,656.3479,Jack Perez
59322,13885,2653.6023,Joy Gomez
59323,14239,2535.964,Patrick Sanders
59324,14006,2535.964,Joanna Ortega
59325,12402,858.9607,Samantha Lee
59326,12459,1381.0732,Sarah Williams
59332,11444,2634.3974,Jenny Huang
59336,20195,1297.8004,George Arun
59337,19116,1307.7344,Derrick Dominguez
59338,17269,1909.7384,Bethany Xu
59343,12036,30.1444,Warren Xu
59346,16177,42.9624,Jack Campbell
59347,17769,1909.7384,Susan Zhu
59348,14138,956.8748,Lori Rubio
59349,11850,55.239,Emma Williams
59351,11505,8.0444,Destiny Garcia
59353,12431,30.1444,Ashley Harris
59355,11827,77.3169,Ross Sanz
59361,18365,44.1779,John Rodriguez
59362,13850,62.9519,Desiree Romero
59363,14971,44.1779,Randall Gutierrez
59364,18187,49.6256,Christian Martin
59365,16535,41.9569,Mason Mitchell
59366,13781,77.3169,Richard Powell
59368,20730,76.2119,Morgan Hughes
59370,12092,46.7194,Kelli She
59371,17347,24.2879,Robert Smith
59372,14199,55.2169,Krista Martin
59373,16085,62.9519,Kevin Phillips
59374,14413,982.8644,Lee Dominguez
59375,18936,927.6254,Joseph White
59376,14559,937.5594,Micheal Alvarez
59377,12763,651.9058,Alexis Hughes
59378,15304,2618.8058,Isaac Morris
59379,13907,2668.564,Lucas Price
59380,13484,2618.8169,Colin Tang
59381,14112,2608.8498,Lori Navarro
59382,14242,2597.8108,Bryce Sanders
59383,11776,2763.5719,Olivia Garcia
59384,14598,2702.7637,Isaac James
59385,11775,2580.1529,Ross Lopez
59386,12404,868.8947,Lacey She
59387,19631,1879.594,Grace Kelly
59388,14523,1918.2579,Xavier Gray
59389,17329,2699.9018,Noah Lewis
59390,17286,2708.6865,Robert Lewis
59391,17726,1263.5233,Margaret Ma
59392,12240,624.314,Warren Cai
59396,19526,1303.3144,Brett Gonzalez
59397,20111,1292.2533,Alyssa Morris
59398,19436,1281.4796,Douglas Garcia
59403,15085,2673.0613,Jill Ashe
59404,12655,2673.0613,Elizabeth Bradley
59407,14164,2591.1808,Xavier Brooks
59408,12394,2621.0158,Lacey He
59409,13406,2618.8058,Briana Diaz
59410,14160,2626.5408,Sabrina Hernandez
59412,14015,27.614,Bryan James
59413,18744,24.2879,Michael Garcia
59414,11149,8.0444,Kaitlyn Clark
59415,17300,44.4542,Noah Davis
59417,15237,38.664,Sabrina Ruiz
59418,14223,55.239,Angel Sanders
59421,11215,23.7465,Isabella Brown
59422,11330,44.1779,Grace Lewis
59424,11287,42.9624,Ruben Carlson
59427,11091,35.6584,Jennifer Taylor
59428,11253,41.1834,Natalie Johnson
59433,19243,77.339,Victor Dominguez
59434,17467,5.514,Noah Hall
59436,16333,62.9519,Kevin Nelson
59437,15449,46.7194,Nancy Chapman
59438,14810,44.189,Roberto Romero
59439,12376,28.1554,Samantha Anderson
59440,14694,86.1458,Walter Munoz
59442,17105,48.0233,Shaun Carson
59443,14658,41.2055,Sebastian Cooper
59444,11867,82.8529,Tamara Gao
59445,13307,90.0133,Roger Andersen
59446,16106,111.5387,Jack Phillips
59447,12427,44.189,Ashley Jackson
59448,17027,94.4554,Ricardo Black
59449,11589,16.5529,Barbara Tang
59450,14496,888.9504,Sebastian Gray
59451,19690,632.3473,Kristina Patel
59452,13478,2712.7419,Dalton Alexander
59453,14044,2604.7944,Tanya Carlson
59454,13436,2560.2519,Colin Lin
59457,19298,1342.4093,Erik Suarez
59458,15015,1939.2529,Bryce Bell
59459,20216,1945.3194,Alyssa Alexander
59460,20217,2775.0086,George Martinez
59464,11058,2732.7203,Joe Gutierrez
59465,11069,2634.3974,Julia Rodriguez
59467,16758,820.2968,Kyle Scott
59475,17664,690.5698,James Walker
59482,15082,2732.7092,Jill Hernandez
59485,11356,997.7929,Rachel White
59486,13010,1450.6661,Emily Bryant
59488,12854,2561.3016,Rafael Yuan
59489,14775,2659.6798,Danny Carlson
59490,12333,2622.1098,Colleen Andersen
59491,19622,28.1554,Cassandra Srini
59492,19623,66.8194,Grace James
59493,17479,111.0083,Leah She
59498,12692,6.9394,Elizabeth Russell
59499,11466,55.2169,Nicole Clark
59500,14052,65.1729,Melinda Alvarez
59504,17775,1981.7844,Zachary Lee
59506,17813,637.5298,Candice Zhu
59507,20728,783.7323,Morgan Patterson
59508,19310,915.4594,Olivia Rivera
59509,16053,915.4594,Sunil Uppal
59510,11330,32.5754,Grace Lewis
59516,14661,106.1574,Jamie Torres
59517,17337,16.5529,Alan Zheng
59518,19147,104.3783,Megan Powell
59520,14760,11.039,Jeremy Richardson
59521,13486,71.8029,Colin Xu
59522,11091,77.339,Jennifer Taylor
59524,18837,104.4004,Dana Alonso
59527,16385,71.2394,Jonathan Carter
59528,13659,72.8858,Javier Sanz
59529,18129,106.5883,Christian Anderson
59530,13791,79.0959,Monique Sanz
59531,12821,82.8529,Rafael Ma
59535,17226,44.1779,Robert Garcia
59536,11165,38.675,Morgan Johnson
59537,12115,44.189,Jessica Rodriguez
59538,13169,79.5269,Edwin Zheng
59539,13347,79.5269,Julian Russell
59540,20465,2778.9977,Corey Pal
59541,17159,1918.2579,Mitchell Anand
59542,14418,1025.9815,Bryce Peterson
59543,12766,927.6033,Alexis Washington
59544,18924,927.6254,Whitney Perez
59545,15902,679.5308,Johnathan Fernandez
59546,15903,651.9058,Adam Perez
59547,15176,2552.5169,Richard Bailey
59548,13653,2613.5792,Briana Gill
59549,14941,868.8947,Isaac Morgan
59552,19653,1918.2579,Grace Long
59553,20226,2750.2677,Cory Kapoor
59554,17310,2708.6865,Alan Zhou
59555,20213,2708.6865,George Fernandez
59561,11105,2653.1161,Jennifer Clark
59567,17670,596.689,Jonathan Smith
59570,19118,1238.1415,Megan Brooks
59571,17389,1966.3144,Karen Zhang
59576,13577,2674.4757,Miguel Griffin
59577,13038,1342.4093,Hannah Long
59578,11451,2743.2288,Jenny Ye
59579,14200,2580.1419,Krista Gomez
59580,12382,2563.589,Lacey Sun
59581,11864,8.7848,Emma Thomas
59582,17243,33.139,Terry Chander
59585,19969,33.6804,Nicole Long
59587,12679,4.409,Elizabeth West
59588,17235,59.659,Terry Sharma
59589,17777,1918.2579,Abby Kovár
59590,19172,672.9119,Megan Gonzales
59593,19223,42.9624,Brianna James
59596,19776,104.4004,Rachel Foster
59597,18823,104.4004,Meghan Ortega
59599,18975,99.4169,Veronica Sai
59603,15912,103.8369,Angel Perez
59604,18181,151.3298,Randy Zeng
59611,11711,41.2055,Brianna Jones
59612,11935,38.675,Tamara Anand
59613,13147,82.8529,Spencer Jenkins
59614,15879,62.9519,Allen Perez
59615,14332,38.675,Patrick Torres
59616,13171,79.5269,Giorgio Veronesi
59617,12365,44.189,Jaime Hernandez
59618,18390,24.2879,Jésus Gill
59619,13337,199.9829,Julian Hughes
59620,12101,46.7194,Jessica White
59621,15413,82.8529,Candace Madan
59622,11873,2591.1808,Tamara Guo
59623,13896,2577.1694,Theresa Alonso
59624,13657,2625.4248,Edward Bryant
59625,14356,2598.9158,Adrian Torres
59626,14377,2563.589,Ian Torres
59627,14950,857.8447,Bryce Morgan
59628,12463,820.2968,Sarah Miller
59629,14316,948.6094,Kristy Diaz
59631,20220,2742.8642,George Rodriguez
59633,17478,1303.8669,Robert Hall
59636,11103,2673.0613,Roy Arun
59643,17361,1944.7669,Thomas Brown
59645,11242,596.689,Ruben Gomez
59646,13583,2644.3313,Jon Xu
59647,14215,1381.0732,Xavier Kelly
59648,11601,2601.1148,Anna Martin
59649,12631,2591.1808,Sarah Hughes
59650,12655,2701.6808,Elizabeth Bradley
59651,13584,2574.6279,Blake Bennett
59652,13641,30.1444,Javier Dominguez
59653,13034,38.9292,Hannah Jenkins
59654,15148,34.5534,Brian Bailey
59655,14675,207.7179,Devin Cooper
59657,16343,40.0784,Mohamed Pal
59658,17331,9.934,Alan Guo
59659,20222,15.4479,Alyssa Diaz
59660,14198,2538.4944,Steven Kelly
59667,11748,38.6529,Olivia Williams
59668,14332,11.039,Patrick Torres
59669,20359,87.2729,Julia Howard
59671,18912,77.339,Joseph Jones
59672,18683,87.2729,Jacob Davis
59673,20088,5.514,Joel Mehta
59674,16246,14.2987,Timothy Baker
59675,14987,27.614,Randall Rubio
59680,13505,76.2119,Colin Chander
59681,11566,76.2119,Barbara Zhu
59682,11820,38.675,Ross Vazquez
59683,13509,16.5529,Jeremiah Jenkins
59684,13410,16.5529,Xavier Powell
59685,13065,1879.594,Louis Zeng
59686,13704,613.2419,Devin Long
59687,14520,888.9504,Lucas Gray
59688,13866,2716.0348,Desiree Gill
59689,13450,2574.6279,Dalton Barnes
59690,20215,1879.594,George Lopez
59691,17309,2709.8357,Jose Walker
59692,19966,2699.9018,Shannon Hernandez
59695,11055,2649.8453,Judith White
59701,20320,1276.8054,Chad Deng
59702,15924,1293.3804,Timothy Perez
59705,12742,753.5216,Juan Sanz
59706,16821,2688.5092,Sean Green
59707,13049,1352.3432,Louis Ma
59709,14203,2674.0558,Cody Kelly
59710,16487,26.8184,Gloria Torres
59714,14212,55.239,Lucas Kelly
59715,13590,2574.6279,Briana Gutierrez
59716,11233,31.4704,Isabella Harris
59718,11711,32.034,Brianna Jones
59719,11841,77.3169,Gerald Arun
59723,11502,77.3169,Jenny Pal
59724,19757,35.6694,Cynthia Perez
59725,18314,38.6529,Jorge Zhu
59726,12972,76.2119,Dakota Alexander
59729,18689,87.2729,Erika Ruiz
59730,20124,77.339,Alyssa Bradley
59733,11861,65.1729,Tamara Lu
59734,17376,5.514,Krystal Ma
59735,18178,24.2879,Randy Zheng
59736,13750,79.5269,Robin Carlson
59737,14839,132.5779,Lance Gomez
59738,19191,82.8529,Brianna Rogers
59739,17089,71.7919,Shaun Kumar
59740,19425,34.5534,Victoria Price
59741,20583,77.3169,Kristin Pal
59742,15108,98.3119,Jill Serrano
59743,12306,44.1779,Colleen Xie
59744,12775,24.2879,Omar Black
59745,15310,46.7194,Jillian Prasad
59746,14406,940.2998,Sean Peterson
59747,11513,954.6648,Jenny Chander
59748,13865,2598.9158,Ian Barnes
59749,14121,2562.7823,Jesse Brooks
59752,12460,1381.0732,Sarah Jones
59753,13103,2646.9723,Fernando Coleman
59755,17445,1911.6169,Thomas Martinez
59756,17463,1960.2148,Cameron Jackson
59759,14048,820.2968,Carlos Watson
59760,11093,2673.0613,Jennifer Anderson
59761,14976,2696.189,Randall Gill
59762,12839,2588.9266,Rafael Deng
59763,11150,44.1779,Roy Alvarez
59764,17227,65.1729,Terry Yuan
59765,20712,2738.5657,Amy Ye
59769,11301,2.5305,Lacey Raje
59776,20398,76.2119,Shawn Goel
59778,20307,132.5779,Bradley Nara
59779,17578,8.0444,James Smith
59780,12202,8.0444,Abigail Gonzales
59781,15955,44.1779,Kellie Munoz
59782,17168,5.514,Tony Xie
59783,14487,44.1779,Jonathon Gutierrez
59784,16353,118.1908,Kelvin Li
59785,20106,118.1908,Ronald Suri
59786,14835,89.4608,Isaac Howard
59787,14808,132.5779,Eduardo Cox
59795,16571,44.1779,Jordan Lopez
59796,11732,82.8529,Brianna Martinez
59797,11700,82.8529,Megan Rodriguez
59798,12967,24.2879,Jaclyn Xu
59799,20462,2776.1136,Corey Sharma
59800,16728,2699.9018,Melody Gomez
59801,14494,850.2865,Jonathon Vazquez
59802,14367,927.6254,Eduardo Torres
59803,13085,714.3273,Madison Patterson
59804,13897,2560.2519,Theresa Romero
59805,11799,2588.9266,Victoria Davis
59806,13473,2562.4508,Dalton Foster
59807,14115,2538.4944,Evan Brooks
59808,14478,2587.8769,Jesse Gray
59809,14937,858.9607,Randall Martin
59811,19620,1879.594,Grace Gray
59812,14855,1889.5279,Juan Howard
59813,19968,2699.9018,Julie Goel
59825,16219,612.1369,Jack Baker
59827,13084,1987.8508,Louis Luo
59829,11243,650.8008,Isabella Rodriguez
59830,13581,2720.0128,Blake Price
59831,11358,937.5594,Christy Zhu
59832,11607,2580.1419,Barbara Jai
59833,12266,2574.6279,Colleen Lin
59834,14189,2563.589,Sabrina Ramos
59835,14163,2547.0029,Seth Brooks
59836,13585,2619.9108,Y. Yong
59837,12559,2580.1419,Alejandro Rai
59838,14161,2628.7398,Lucas Brooks
59839,12232,2547.0029,Dawn Chande
59840,15798,70.6869,Troy Sai
59841,11073,71.7919,Joe Ramos
59842,12008,6.9394,Alexis Ashe
59845,11631,44.1779,Lauren Moore
59846,11719,77.3169,Brianna Taylor
59848,11723,55.2169,Brianna Jackson
59849,20475,16.5529,Jennifer Ramirez
59850,13756,76.2119,Monique Hernandez
59851,18112,71.2394,Wesley Gao
59852,11631,77.339,Lauren Moore
59853,18099,5.514,Justin Lee
59854,17610,44.1779,Stacey Sun
59857,14176,134.3349,Isaac Kelly
59858,16256,85.0519,Jose Gonzalez
59859,17745,35.6584,Susan Liu
59860,15654,27.614,Jimmy Gill
59861,20597,132.5558,Katie She
59862,20132,77.3169,Alyssa Cooper
59864,12836,32.034,Trevor Flores
59866,13612,37.5479,Walter Ramos
59867,11566,40.0784,Barbara Zhu
59868,12760,74.0019,Omar Chande
59869,12419,38.675,Ashley Moore
59870,15488,55.5042,Isaac Cook
59871,13603,55.2169,Walter Gill
59872,17149,1918.2579,Mitchell Carson
59873,19708,624.314,Kristina Mehta
59874,19542,640.8669,Emma Henderson
59875,13898,2643.0937,Theresa Navarro
59876,11809,2597.8108,Victoria Anderson
59877,14256,2587.8769,Adrian Sanders
59878,11934,2670.1773,Elizabeth Lee
59879,13455,2596.6616,Dalton Coleman
59880,13433,2598.9158,Xavier Alexander
59881,12449,2598.9158,Ashley Lee
59882,19652,1918.2579,Patricia Kapoor
59883,15029,1939.2529,Renee Suarez
59884,19978,2742.8642,Nicole Washington
59887,16931,1314.3533,Henry Young
59896,20321,1276.8054,Chloe Bryant
59897,20193,1238.1415,Alyssa Powell
59898,17271,1907.2079,Bethany Luo
59900,12806,596.689,Rafael Ye
59901,17079,927.6254,Shaun Deng
59902,11460,2699.0067,Nicole Thompson
59904,14425,2580.1419,Juan Peterson
59905,12855,2588.9266,Tristan Price
59906,14162,2587.3133,Sabrina Alvarez
59907,16734,87.2729,Mason Adams
59908,17059,77.3169,Johnny Pal
59909,17231,33.139,Terry Kumar
59912,18445,23.7465,Brandon Moore
59916,15829,180.104,Troy Sanchez
59918,15238,38.664,Heidi Suri
59919,19597,37.5479,Holly Lopez
59920,17251,59.659,Hunter Lee
59922,17115,913.2383,Melody Suarez
59923,11728,38.664,Pedro Ramos
59924,11498,59.659,Jenny Shan
59925,11506,20.9619,Carol Martinez
59927,14096,27.614,Richard Watson
59928,11262,40.432,Natalie Wilson
59929,11641,33.1279,Pedro Vance
59931,11738,77.3169,Ross Suri
59933,19399,77.3169,Victoria Richardson
59934,11748,16.5529,Olivia Williams
59935,15392,44.1779,Brenda Perez
59936,14372,26.8184,Anne Gutierrez
59939,13901,73.9908,Ian Griffin
59940,15636,87.2508,Eric Evans
59941,16463,66.2006,James Mitchell
59945,20177,6.9394,Phillip Martinez
59947,17759,41.1834,Samuel Jones
59949,12201,55.5042,Dawn Stone
59950,14558,916.0119,Juan Ramirez
59951,13887,2563.589,Theresa Hernandez
59952,11798,2624.3529,Ross Diaz
59953,14255,2629.3144,Krista Ortega
59954,14357,2582.6834,Anne Ruiz
59955,14253,2645.8783,Garrett Sanders
59956,13429,2658.0444,Colin Liu
59957,13438,2563.589,Xavier Diaz
59959,19615,1879.594,Grace Ward
59960,17285,2778.9977,Bethany Pal
59961,16526,1303.8669,Isaiah Mitchell
59963,17370,1286.7394,Jose Martin
59965,12242,634.2479,Emily Thomas
59967,12122,2634.3974,Warren Ma
59971,16995,1918.2579,Ricardo Luo
59972,20044,1276.8054,Donald Subram
59979,15675,2682.9953,Noah Edwards
59981,14345,937.5594,Cole Torres
59982,13975,875.5357,Joanna Munoz
59983,13605,2535.964,Blake Washington
59984,11599,2628.7398,Anna Harris
59985,12632,2563.589,Clayton Tang
59986,12650,2622.1098,Sarah Diaz
59987,13606,2580.1419,Blake Butler
59988,18310,23.7465,Alexander Robinson
59991,14100,175.695,Lori Jimenez
59997,11262,95.6709,Natalie Wilson
59998,11632,77.3169,Lauren Taylor
60000,15377,25.3377,Brenda Fernandez
60003,19861,87.2729,Jasmine Flores
60004,17456,5.514,James Hall
60005,11833,15.4479,Victoria Clark
60006,15295,8.0444,Jillian Kapoor
60008,14040,35.3269,Tanya Serrano
60009,13488,156.8879,Colin Luo
60010,16284,8.0444,Casey Luo
60011,17791,71.7919,Candice Chow
60014,16437,8.0444,Tracy Nath
60015,12940,109.9144,Dakota Bradley
60016,12720,55.2169,Kayla Hughes
60017,11839,2626.5408,Gerald Sai
60018,14289,2625.9773,Sebastian Ward
60019,14382,2622.6844,Anne Serrano
60020,13443,2602.2529,Warren Lal
60023,19616,1879.594,Grace Torres
60024,15014,1977.3423,Renee Torres
60025,19601,1918.2579,Holly Sanchez
60026,13089,2552.5169,Madison Flores
60031,20372,1308.8283,Julia West
60032,19394,1276.8054,Shane Lopez
60034,20205,1308.8283,Alyssa Butler
60035,20207,1253.5894,Alyssa Foster
60036,17023,1918.2579,Elijah Wright
60042,11077,2673.0613,Jennifer Smith
60043,11452,2644.3313,Nicole Jackson
60044,12612,2585.6669,Sarah Bennett
60045,12856,2639.8008,Tristan Bennett
60046,13822,2618.8058,Linda Gill
60049,13048,30.1444,Louis Gao
60050,17287,35.6694,Bethany Andersen
60051,20230,35.6694,Kenneth Anand
60052,20232,101.6048,Derek She
60057,17796,1922.1033,Ethan Johnson
60065,11176,51.7472,Morgan Miller
60066,13760,19.0834,Monique Jimenez
60067,18992,132.5779,Nicholas Moore
60068,17531,15.4479,Brittney Zhang
60069,17444,138.114,Thomas Lee
60071,15849,8.0444,Allen Arthur
60072,15854,46.3548,Allen Smith
60073,14899,5.514,Mason Ward
60074,15109,132.5779,Jill Ramos
60075,14829,99.9694,Isaiah Howard
60076,16037,44.1779,Jack Turner
60077,13817,38.675,Marcus Barnes
60078,15099,100.0909,Sebastian Murphy
60079,20563,38.6529,April Raji
60083,12550,30.6859,Samantha Griffin
60084,14806,131.4508,Charles Cox
60086,12334,48.8631,Colleen Raje
60087,13682,16.8292,Rodney Navarro
60089,11183,44.189,Morgan Thomas
60090,12106,41.2055,Kelli Xu
60091,12877,33.0727,Rafael Raje
60092,12524,9.934,Samantha Coleman
60093,13910,2591.1808,Lucas Barnes
60094,13873,2566.1194,Ian Jenkins
60095,12025,2577.1694,Alisha Chande
60096,14117,2598.9158,Lori Dominguez
60097,13449,2591.1808,Colin Xu
60098,13431,2664.0887,Colin Huang
60099,11774,2566.1194,Olivia Thompson
60102,20242,2751.6489,Don Lal
60103,20244,2699.9018,Chloe Morgan
60104,19963,2735.9248,Nicole Jenkins
60105,17725,1238.1415,Margaret Gao
60107,12245,626.8334,Emily White
60109,17124,622.0708,Luke King
60110,17671,624.8444,Jonathan Johnson
60111,17672,596.689,Sandra Ma
60113,20198,1297.8004,Alyssa Patterson
60114,20295,1297.8004,Bradley Sharma
60115,17384,1945.3194,Krystal Hu
60116,17386,1918.2579,Krystal Zeng
60117,19517,1276.8054,Emma Gray
60119,19458,1297.8004,Raymond Malhotra
60120,19427,1308.8283,Victoria Bennett
60123,14171,2650.3204,Sabrina Alonso
60124,12230,2598.9158,Emily Miller
60127,14946,659.6408,Timothy Morgan
60128,16046,859.0712,Angel Turner
60129,19194,891.4698,Brianna Cook
60130,11300,9.934,Marshall Shen
60133,11711,76.2119,Brianna Jones
60142,12056,76.2119,Kelli Yang
60143,20507,55.2169,Keith Raje
60144,16847,146.9319,Isaac Young
60145,11875,87.2729,Tamara He
60146,11868,5.514,Emma White
60148,19077,44.1779,Craig Blanco
60149,20087,94.4554,Destiny Hughes
60150,19914,34.5534,Nicole Howard
60152,15611,59.9463,Ricky Carlson
60156,11660,55.5042,Pedro Mehta
60157,19553,35.3269,Byron Diaz
60158,14890,24.2879,Angel Ward
60159,18821,24.2879,Matthew Brown
60160,13454,2590.4073,Colin Zhu
60161,14459,2626.5408,Lawrence Blanco
60163,12394,1342.4093,Lacey He
60164,19960,2808.7332,Julie Pal
60168,11061,2634.3974,Joe Torres
60174,19546,1297.8004,Monica Prasad
60175,20319,1276.8054,Chloe Gonzales
60176,20192,1276.8054,George Sai
60177,17358,1909.7384,Robert Jones
60178,11357,913.2383,Christy Sun
60179,12954,9.934,Dakota Patterson
60180,12672,66.2779,Clayton Anand
60183,18901,38.675,Andrew Lewis
60186,18306,2.5305,Alexander Garcia
60187,19954,15.4479,Nicole Ross
60188,17739,1918.2579,Logan Wilson
60189,17754,1939.2529,Susan Zhou
60192,17794,623.5073,Candice Liu
60193,17085,888.9394,Shaun Xu
60194,15094,2612.1758,Chase Murphy
60196,11721,69.5929,Pedro Blanco
60197,11320,2.5305,Grace Thompson
60198,11176,2.5305,Morgan Miller
60200,11330,64.6094,Grace Lewis
60201,11287,26.2769,Ruben Carlson
60205,19729,35.6694,Cynthia Sai
60207,20315,146.9319,Chloe Washington
60208,20018,77.339,Tara Black
60209,19834,132.5779,Byron Suarez
60210,19633,66.2779,Cassandra Mehta
60211,18678,87.2729,Diana Suarez
60212,16774,60.7529,Adam Green
60213,16371,60.7529,Evan Nelson
60214,16736,66.2779,Jordan Scott
60215,16460,8.0444,Misty Yuan
60216,11434,54.1119,Nicole Jones
60222,14526,32.5754,Jeremiah Gray
60224,11622,145.2633,Barbara Rai
60225,13760,82.8529,Monique Jimenez
60226,11143,46.7194,Roy Martin
60227,12541,9.934,Alejandro Shan
60228,17154,1950.2808,Mitchell Nath
60229,19689,752.4387,Byron Gutierrez
60230,14364,987.2844,Sheila Martin
60231,13976,2574.6279,Seth Butler
60232,15175,2725.2173,Kendra Rubio
60233,11854,2659.6577,Gerald Raman
60234,13461,2535.964,Dalton Powell
60236,19196,1429.1297,Brianna Morgan
60237,20221,2715.3497,George Sanchez
60238,19971,2738.5657,Nicole Patterson
60239,19957,2715.3497,Julie Jai
60240,11072,2649.8453,Julia Lee
60241,11104,2694.0563,Jennifer Robinson
60242,11106,2634.3974,Jennifer Rodriguez
60244,20371,1297.8004,Shawn Xu
60245,17477,1879.594,Leah Zeng
60246,16996,1939.2529,Nathan Hernandez
60249,14426,2604.4408,Lee Suarez
60250,12608,2626.5408,Sarah Price
60251,13263,2607.2033,Carson Gonzales
60252,12199,132.6,Abigail Foster
60253,12006,30.1444,Alexis Moore
60254,19566,106.0137,Byron Hernandez
60255,20402,5.514,Shawn Raji
60256,12459,2538.4944,Sarah Williams
60258,14957,691.1444,Cole Morgan
60262,17626,905.5254,James Martin
60264,11851,55.239,Gerald Rana
60266,11331,32.034,Grace Lee
60268,19642,44.1779,Grace Henderson
60272,14119,76.2119,Isaac Brooks
60273,14291,77.339,Jared Ward
60274,19825,77.339,Lindsay Kumar
60275,17538,5.514,Brittney Holt
60276,18093,15.4479,Justin Clark
60277,16899,5.514,Jesse Allen
60279,16189,72.8858,Tina Sai
60280,17802,96.0798,Candice Ye
60281,13675,55.2169,Wyatt Jenkins
60283,11958,82.8529,Alisha Lu
60284,12436,46.7194,Ashley Thompson
60285,17167,1918.2579,Tony Shen
60286,19658,596.689,Grace Flores
60287,19659,615.7723,Patricia Vance
60288,14417,937.5594,Brian Peterson
60290,13894,2615.4687,Theresa Moreno
60291,13464,2563.589,Colin He
60292,11516,2582.6834,Jenny Rai
60293,13435,2646.4419,Colin Wu
60295,20225,2738.5657,Cory Suri
60298,12246,632.3473,Emily Harris
60305,17123,622.0708,Logan Wright
60306,17498,624.8444,Luke Hall
60309,19400,1303.3144,Victoria Cox
60310,20187,1303.8669,Alyssa Henderson
60311,17272,1895.0419,Bethany Yuan
60315,12632,2673.0613,Clayton Tang
60316,14216,1381.0732,Krista Jimenez
60318,14207,2612.1869,Eduardo Kelly
60319,12609,2547.0029,Nuan Ma
60320,14183,2596.7279,Brian Kelly
60321,14186,2696.189,Sabrina Blanco
60322,13602,2628.7398,Blake Hughes
60323,14790,2630.4194,Roberto Hernandez
60324,12920,54.1119,Jaclyn Zhou
60325,15721,92.7869,Marc Rubio
60326,14223,117.0748,Angel Sanders
60328,17313,47.4377,Alan Ye
60329,12672,180.104,Clayton Anand
60330,12682,4.409,Omar Yang
60331,11987,182.6344,Kayla Walker
60333,14948,668.4808,Patrick Morgan
60334,14978,697.1887,Marcus Morgan
60335,12655,2715.3497,Elizabeth Bradley
60337,11330,2.5305,Grace Lewis
60341,11223,26.2769,Isabella Moore
60342,13758,216.127,Eduardo Russell
60343,16800,16.5529,Gabriel Young
60344,18983,104.4004,Veronica Sara
60347,14593,8.0444,Alex James
60348,13476,83.9469,Dalton Bryant
60349,13785,42.9624,Richard Patterson
60350,19505,59.0844,Emma Richardson
60357,12513,201.9719,Alejandro Hu
60358,17153,1928.1919,Mitchell Rai
60359,11886,2562.7823,Emma Rodriguez
60360,15362,2598.9158,Brenda Stone
60361,11811,2563.589,Ross Navarro
60362,14288,2597.8108,Felicia Gill
60363,14381,2574.6279,Lucas Torres
60364,13447,2598.9158,Dalton Bennett
60365,13453,2646.4419,Dalton Henderson
60366,19598,1914.1473,Grace Murphy
60370,13104,2646.4419,Louis Chande
60373,17480,1907.2079,Naomi Vazquez
60377,14214,1564.4369,Krista Alvarez
60380,11450,2682.9953,Marshall Lal
60382,17292,44.4542,Jose Lewis
60383,16700,43.0729,Francisco Prasad
60384,18258,40.8408,Curtis Lu
60385,17330,24.2879,Noah Lee
60387,16174,53.0069,Molly Perez
60388,15222,38.664,Garrett Rivera
60389,19572,64.6094,Holly Chandra
60390,16682,40.432,Eric Hill
60391,17784,1889.5279,Logan Garcia
60393,16432,2709.8357,Tracy Chapman
60395,11200,4.409,Morgan Lewis
60399,17174,5.514,Tony Luo
60400,16672,8.0444,Alison Beck
60402,20085,33.0727,Joel Raman
60403,15634,24.2879,Adam Evans
60404,12753,147.5065,Omar Pal
60405,13781,44.189,Richard Powell
60406,13695,38.675,Wyatt Russell
60407,16599,159.6394,Gloria Ramos
60409,20064,43.0729,Destiny Barnes
60413,11926,44.189,Elizabeth Garcia
60414,20495,2742.8642,Jennifer Wood
60415,17150,1950.2808,Hunter Thompson
60416,16083,620.9769,Kellie Gill
60417,19698,802.5284,Rachel Cook
60418,13948,2630.4194,Wendy Dominguez
60419,11812,2566.1194,Ross Gutierrez
60420,12781,2574.6279,Rafael Zhang
60421,11780,2646.4419,Damien Xu
60422,11954,2577.1694,Kayla Wilson
60424,19197,1381.0732,Philip Navarro
60426,19950,2784.8984,Nicole Bennett
60428,13526,2738.5657,Jon Chen
60429,19964,2738.5657,Julie Chander
60430,16529,1297.8004,Kelsey Nath
60432,16928,1238.1415,Caleb Young
60434,11124,2673.0613,Roy Garcia
60435,16160,657.4419,Molly Fernandez
60443,19536,1238.1415,Monica Chandra
60444,20281,1303.8669,Kelvin She
60445,18859,1276.8054,Orlando Torres
60450,17071,927.6254,Timothy Wright
60451,11454,2673.0613,Nicole Harris
60452,11459,2673.0613,Jenny Zhu
60453,14195,2591.1808,Sabrina Rubio
60454,11593,2574.6279,Barbara Yuan
60455,12460,2629.8669,Sarah Jones
60456,12808,2563.589,Oscar Russell
60457,12380,2538.4944,Lacey Xu
60458,11876,8.7848,Tamara Hu
60459,13137,71.7919,Spencer Bennett
60460,13041,71.7919,Louis Lu
60463,13127,6.9394,Edwin Yang
60464,19091,2.5305,Megan Bailey
60465,17052,59.659,Isaac Hernandez
60467,13839,883.4254,Briana Ortega
60468,17627,927.6033,Stacey Hu
60469,11128,59.6479,Roy Lopez
60473,11287,36.023,Ruben Carlson
60474,18411,38.6529,Larry Gomez
60475,16667,11.039,Connor Hill
60477,19712,132.5779,Rachel Rivera
60478,11784,77.339,Ross Sanchez
60479,20763,136.9979,Isabella Bell
60481,15971,44.1779,Henry Sara
60482,13893,24.2879,Ian Bryant
60483,14609,5.514,Clinton Hernandez
60484,14825,67.9023,Sheila Ortega
60485,20147,41.9569,Alyssa Gray
60486,17186,77.339,Angel Wright
60487,11436,30.6859,Jenny Li
60488,17213,60.7529,Terry She
60490,12259,65.1729,Emily Rodriguez
60491,17261,1950.2808,Aaron McDonald
60492,11924,2562.4508,Elizabeth Thompson
60493,14606,2576.8048,Timothy James
60494,13468,2701.6808,Dalton Washington
60495,13487,2598.9158,Jeremy Price
60496,11925,2640.9058,Tamara Goldberg
60497,11939,2650.3094,Elizabeth Hall
60498,13446,2602.264,Colin Lu
60500,19599,1879.594,Grace Bailey
60501,20239,2778.9977,Derek Yuan
60502,19974,2699.9018,Nicole Flores
60505,13090,2590.4073,Wyatt Griffin
60506,12243,596.689,Emily Jackson
60508,12089,2644.3313,Jessica Miller
60513,20304,1293.3804,Bradley Chande
60514,20310,1270.1644,Chloe Flores
60517,13263,2743.7482,Carson Gonzales
60518,11453,2673.0613,Nicole White
60519,15688,2584.5619,Diane Serrano
60520,14774,2535.964,Danny Ramos
60521,13575,2650.8398,Miguel Alexander
60522,12413,132.6,Ashley Brown
60523,15766,30.1444,Billy Carlson
60524,15604,30.1444,Diane Dominguez
60526,14314,65.1729,Seth Ward
60527,18291,9.934,Jorge Yang
60528,15687,2547.0029,Elijah Edwards
60530,14990,657.3866,Dalton Morgan
60531,11091,2.5305,Jennifer Taylor
60534,17551,142.4898,James Allen
60535,13751,76.2119,Eduardo Foster
60536,20515,82.2783,Jennifer Long
60537,20357,77.339,Julia Cox
60538,20759,86.1458,Isabella Reed
60539,17492,93.3394,Gabriel Hall
60540,20517,85.0519,Keith Nath
60542,20729,86.1458,Amy Zheng
60545,14723,44.189,Cole Richardson
60546,11853,44.189,Emma Brown
60547,17619,79.5269,Cameron Jones
60548,15187,2547.0029,Teresa Diaz
60549,13886,2602.2529,Desiree Ortega
60550,12451,2616.5516,Jose Muñoz
60551,13442,2562.7823,Colin Zhao
60553,12241,651.3644,Dawn Beck
60556,20190,1330.9283,Alyssa Jenkins
60557,17405,1906.6554,Karen Zhao
60560,13592,2673.0613,Walter Navarro
60561,12650,2673.0613,Sarah Diaz
60562,14192,2618.8058,Cole Kelly
60563,12085,9.934,Jessica Brown
60564,12115,55.239,Jessica Rodriguez
60565,11200,82.3004,Morgan Lewis
60567,15735,34.5534,Billy Alvarez
60569,13639,132.6,Javier Torres
60574,13842,913.2383,Desiree Alvarez
60575,11734,108.8315,Pedro Sanz
60576,11687,69.5929,Pedro Diaz
60577,11711,70.6869,Brianna Jones
60580,11619,33.139,Lauren Jones
60581,19645,104.3783,Cassandra Gonzalez
60583,15571,11.039,Adam Parker
60585,11519,132.5779,Jenny Nath
60586,19800,77.339,Alicia Chapman
60588,17434,5.514,Austin Garcia
60589,17562,15.4479,Joan Gao
60590,18844,136.9979,Orlando Gutierrez
60591,18772,87.2729,Kelvin Gao
60593,15486,44.1779,Nancy Perez
60594,14373,83.9469,Anne Torres
60596,16556,96.0798,Kara Lal
60601,11829,85.0298,Gerald Suri
60602,13352,62.9519,Willie Lu
60603,14385,859.0712,Xavier Torres
60604,14298,2613.5792,Adrian Ward
60605,14116,2560.2519,Lori Gutierrez
60606,17766,858.9607,Logan Harris
60609,17315,2709.8357,Alan Lu
60610,16528,1238.1415,Kelsey Rai
60612,11107,2673.0613,Roy Madan
60613,11446,2742.6542,Jenny Wu
60614,13091,2596.7279,Louis Lal
60618,14880,1238.1415,Lance Rubio
60619,20118,1293.3804,Shannon Torres
60621,19480,1272.6948,Emma Sanchez
60624,16196,2709.5042,Tina Smith
60625,13576,2676.9067,Miguel Russell
60628,11076,2634.3974,Julia Hall
60629,11092,2644.3313,Roy Patel
60630,11448,2694.0563,Nicole Thomas
60631,14191,2584.5619,Sabrina Suarez
60632,13577,2547.0029,Miguel Griffin
60633,14791,2591.1808,Roberto Alvarez
60634,12231,2547.0029,Emily Wilson
60635,11520,9.934,Destiny Hall
60636,12933,9.934,Aidan Griffin
60637,14665,34.5534,Steven Cooper
60638,11262,65.7254,Natalie Wilson
60639,13136,30.1444,Spencer Price
60640,13004,27.614,Emily Washington
60641,15602,32.0229,Samuel Evans
60642,19097,24.2879,Derrick Diaz
60643,19955,33.6804,Julie Sharma
60646,15822,15.7242,Brian Stewart
60648,15232,16.5529,Teresa Ortega
60649,17789,1939.2529,Candice Wang
60650,17798,679.5308,Candice Huang
60651,17815,751.8752,Nathan Taylor
60652,11225,2.5305,Isabella Anderson
60653,16870,36.023,Melody Munoz
60659,14724,19.0834,Jared Richardson
60661,15403,44.1779,Marcus Rogers
60662,15277,106.5662,Devin Sanchez
60663,14989,35.6584,Randall Ortega
60664,14805,112.1133,Roberto Alonso
60665,13819,38.675,Marcus Ross
60667,17935,70.6869,Abby Rana
60668,19495,43.0729,Brett Malhotra
60670,12799,44.1779,Francisco Javier Castrejón
60671,11279,46.7194,Natalie Garcia
60672,13756,109.9144,Monique Hernandez
60673,12097,62.9629,Warren Gao
60674,14567,55.5042,Micheal Alonso
60675,12204,107.1408,Warren Zheng
60676,16012,26.8184,Bobby Ray
60677,17483,35.6031,Valerie Wang
60678,12278,55.239,Hannah Wilson
60679,19657,835.6673,Patricia Patel
60680,13978,2576.8048,Joanna Romero
60681,13999,2535.964,Xavier Bennett
60682,11777,2582.6723,Olivia Martinez
60683,19951,2699.9018,Nicole Wood
60685,20227,2735.9248,Cory Chandra
60686,19979,2776.1136,Shannon Alvarez
60692,17669,690.5698,Sandra Gao
60694,19113,1308.8283,Derrick Navarro
60695,17464,1972.3808,Kelvin Zhou
60696,20673,1939.2529,Dwayne Sanz
60697,17065,927.6254,Johnny Chavez
60698,13592,2602.2529,Walter Navarro
60699,11142,76.2119,Kaitlyn Thompson
60700,11814,65.1729,Ross Torres
60701,12351,103.2954,Colleen Raji
60702,17094,905.5254,Shaun Shan
60703,15661,927.6033,Jimmy Serrano
60704,11192,43.0729,Morgan Thompson
60705,11260,43.0729,Ruben Muñoz
60712,16964,16.5529,Isaiah Young
60713,19805,77.339,Jasmine Rivera
60714,20464,25.3377,Dwayne Alonso
60715,12147,15.4479,Dawn Zhang
60716,15505,8.0444,Nathaniel Cook
60717,16242,8.0444,Jesse Baker
60718,15681,79.0959,Marc Diaz
60724,16591,5.514,Aaron Scott
60725,13566,15.4479,Miguel Butler
60726,14574,71.0073,Richard Ramirez
60727,12797,62.9519,Abigail Henderson
60728,11407,59.659,Jill Martin
60729,14495,927.6254,Juan Gray
60730,14565,888.9504,Steven Ramirez
60731,14386,1014.3458,Dalton Torres
60732,15893,713.7748,Johnathan Srini
60733,13977,2591.4681,Joanna Alonso
60734,13658,2590.4073,Edward Alexander
60735,11779,2535.964,Ross Martinez
60736,14290,2626.5408,Cole Ward
60737,14929,820.2968,Albert Castro
60738,14947,867.7786,Randall Hernandez
60739,18626,1424.7097,Anthony White
60740,19311,1381.0732,Frank Diaz
60741,11134,850.2865,Marshall Guo
60742,20238,2699.9018,Chloe Reed
60743,19959,2738.5657,Nicole Coleman
60747,11108,2673.0613,Jennifer Lewis
60754,20194,1297.8004,Shannon Serrano
60755,20197,1265.7554,George Srini
60756,20291,1272.6948,Chloe Henderson
60761,14218,1418.6211,Krista Munoz
60762,14012,858.9607,Tanya Jimenez
60763,14287,820.2968,Devin Ross
60764,11080,2728.3003,Joe Rubio
60765,14713,2547.0029,Bryce Richardson
60766,12473,2574.6279,Sarah Anderson
60767,12332,2552.5169,Madison White
60768,14860,30.1444,Lance Dominguez
60769,15235,80.5877,Alex Sanchez
60771,11366,55.239,Rachel Martinez
60772,11121,8.7848,Kaitlyn Jones
60775,17795,596.689,Nathan Davis
60776,13836,885.9559,Marcus Flores
60777,16562,905.5254,Luke Lopez
60779,11203,168.2584,Morgan Walker
60780,19801,63.0845,Jill Murphy
60784,18506,77.3169,Leslie Martin
60789,19669,87.2729,Gloria Gonzales
60790,17426,5.514,Karen Hu
60791,16875,44.1779,Russell Nath
60792,17177,15.4479,Noah Anderson
60793,15895,68.4658,Connor Perez
60794,14444,34.2219,Eduardo Peterson
60795,13749,24.2879,Eduardo Simmons
60796,13761,51.3494,Monique Moreno
60806,11514,44.189,Jenny Nara
60807,15402,82.8529,Richard Rogers
60808,12537,9.934,Alejandro Kumar
60809,12377,55.239,Samantha Thomas
60811,13489,2538.4944,Briana Moreno
60812,11810,2646.4419,Victoria Thomas
60813,13472,2783.4729,Colin Cai
60815,19605,1918.2579,Cassandra Suri
60816,16929,1276.8054,Luke Hernandez
60818,11109,2644.3313,Roy Srini
60824,17557,596.689,Brittney Sun
60825,17668,612.1369,Sandra Zhu
60826,17270,1918.2579,Noah White
60830,16826,2698.4432,Mario Nath
60832,13405,2649.8453,Xavier Perry
60833,14219,1342.4093,Krista Alonso
60835,11075,2649.8453,Julia Walker
60836,11449,2644.3313,Jenny Zhou
60837,15093,2574.6279,Jill Alonso
60838,13265,2618.8058,Carson Bryant
60840,17074,34.5534,Johnny Goel
60842,13522,38.664,Jon Wang
60843,15149,38.664,Kendra Romero
60844,17346,27.0615,Alan She
60845,15039,9.934,Gina Martin
60846,17313,9.934,Alan Ye
60847,16700,59.659,Francisco Prasad
60848,16704,59.659,Francisco Raman
60850,12650,2699.9018,Sarah Diaz
60851,11711,34.5534,Brianna Jones
60853,11331,40.0784,Grace Lee
60860,17601,77.3169,Stacey Zhou
60862,16971,71.2394,Evan Young
60863,16993,138.114,Jonathan Hernandez
60864,13175,44.1779,Edwin Deng
60867,19524,25.6581,Emma Watson
60868,20053,40.0784,Destiny Sanders
60870,14988,40.0784,Xavier Morgan
60872,12727,16.5529,Kayla Butler
60873,20482,2699.9018,Corey Anand
60874,11872,2618.8169,Emma Harris
60875,15201,2607.7779,Teresa Alonso
60876,13904,2563.589,Theresa Torres
60877,14380,2574.639,Anne Blanco
60880,19956,2742.8642,Julie Shan
60881,20214,1907.2079,Alyssa Bryant
60882,19967,2708.6865,Nicole Powell
60883,16527,1297.8004,Alex Mitchell
60884,11060,2688.5092,Julia Garcia
60885,11095,2673.0613,Roy Vance
60886,11117,2673.0613,Kaitlyn Johnson
60887,12060,2644.3313,Kelli Lin
60888,17518,596.689,Valerie Guo
60889,15762,623.7504,Billy Blanco
60890,19434,1272.6948,Douglas Mehta
60894,14299,820.2968,Felicia Suarez
60895,13607,2566.1194,Walter Vazquez
60896,13405,2591.1808,Xavier Perry
60897,13523,35.6584,Jeremiah Simmons
60898,18714,2.5305,Michael Smith
60899,11423,2011.0448,Jasmine Lewis
60900,14139,905.5254,Jared Brooks
60901,16033,905.5254,Bobby Sanchez
60902,15172,70.6869,Charles Bailey
60906,11652,38.6529,Lauren Martinez
60908,12363,66.2779,Lacey Huang
60909,15418,132.5779,Alex Reed
60910,17459,66.2779,Leah Lu
60911,15979,5.514,Adam Roberts
60912,16091,44.1779,Elijah Phillips
60914,12847,27.614,Trevor Alexander
60916,20055,91.6819,Donald Lopez
60917,20161,43.0729,Alyssa Brooks
60918,12654,40.0784,Clayton Chavez
60920,16036,44.1779,Bobby Perez
60922,11517,109.9144,Destiny Lee
60923,12759,24.2879,Alexis Long
60924,11562,93.9029,Rohinton Wadia
60925,19697,596.689,Kristina Madan
60926,19706,682.8348,Rachel Bailey
60927,13911,2615.4908,Theresa Vazquez
60928,13947,2677.9454,Wendy Torres
60929,13492,2562.4508,Jeremy Bennett
60930,14292,2562.7823,Felicia Vazquez
60931,15395,2608.8608,Cody Rogers
60932,15391,2646.4419,Garrett Rogers
60934,15028,1939.2529,Bryan Bell
60935,19965,2738.5657,Nicole Perry
60936,19970,2785.5172,Julie Becker
60939,11070,2674.4757,Julia Lewis
60956,12853,2547.0029,Trevor Harrison
60957,13591,2580.1419,Jon Yuan
60958,13580,2602.2529,Miguel Hayes
60959,13026,117.0748,Tamara Lin
60960,17244,35.6694,Robert Martinez
60961,18742,24.2879,Natasha Alvarez
60962,19085,83.9469,Megan Blue
60966,13615,87.2729,Walter Carlson
60968,13623,4.409,Javier Alvarez
60970,15662,944.7419,James Edwards
60971,14939,2618.8169,Evan Morgan
60974,11530,6.9394,Jenny Raji
60977,19640,168.623,Grace Ross
60978,19217,36.023,Philip Rubio
60980,13920,86.7204,Lucas Perry
60981,15748,132.5779,Jose Collins
60982,18666,65.1729,Christopher Winston
60983,16990,66.2779,Melody Dominguez
60984,16082,44.1779,Andre Gonzalez
60985,18315,8.0444,Jorge Gao
60986,15853,66.2779,Ian Stewart
60988,14762,5.514,Carlos Cox
60989,13672,132.5779,Wyatt Ross
60990,17776,71.7919,Susan Guo
60991,16281,70.6869,Casey Tang
60992,17804,81.7258,Candice Zhao
60993,15696,219.884,Marc Ferrier
60995,15445,71.7919,Nancy Kapoor
60996,19449,49.9681,Raymond Kapoor
60998,11024,46.7194,Chloe Walker
60999,15172,49.9902,Charles Bailey
61000,11887,82.8529,Emma Lewis
61001,16840,62.9519,Nathan Adams
61002,11419,54.1119,Christy Nara
61003,12592,9.934,Clayton Zhao
61004,12269,48.5979,Hannah Johnson
61005,20472,2742.8642,Corey Chander
61006,17163,1914.1473,Jordan Wright
61007,16021,596.689,Jose Turner
61008,14398,888.9504,Lee Jimenez
61009,14415,850.2865,Sheila Diaz
61010,14365,888.9504,Anne Moreno
61011,14366,991.6712,Anne Munoz
61012,15892,683.4094,Caleb Perez
61013,14605,2560.2519,Sean James
61014,13477,2574.6279,Colin She
61015,11933,2602.264,Elizabeth Lewis
61016,15363,2580.1419,Mason Rogers
61017,14120,2625.9773,Lori Gill
61018,14240,2641.9998,Krista Carlson
61024,20196,1238.1415,George McDonald
61028,16824,2644.3313,Mario Rai
61029,13575,2674.4757,Miguel Alexander
61033,17069,937.5594,Sean Wright
61034,14427,2734.8087,Lee Rubio
61035,14181,2563.589,Patrick Kelly
61036,11606,2590.0758,Anna Robinson
61037,14931,2628.7398,Albert Sanz
61038,12745,2626.5408,Alexis Wood
61039,19591,23.7465,Grace Cook
61040,16480,83.9469,Misty Nara
61041,17752,1962.4469,Susan Lin
61042,17773,1934.8329,Samuel Davis
61043,18627,645.2869,Anthony Harris
61044,20717,2715.3497,Morgan Jenkins
61045,13811,905.5254,Linda Ferrier
61050,12530,76.2119,Alejandro Xu
61053,15310,19.0834,Jillian Prasad
61054,15863,77.3169,Kellie Ruiz
61055,11651,77.339,Pedro Prasad
61056,19231,77.339,Brianna Kelly
61059,13924,33.0727,Theresa Rubio
61060,18573,51.3494,Kathleen Gutierrez
61061,15612,82.8529,Ricky Suarez
61062,12739,38.675,Kayla Diaz
61065,19498,34.5534,Brett Sai
61071,11847,82.8529,Emma Johnson
61072,12511,9.934,Alejandro Zheng
61073,14578,937.5594,Lucas Ramirez
61074,11813,2624.3529,Victoria Jackson
61075,14297,2580.1529,Felicia Carlson
61076,11955,2624.3529,Alisha Ye
61077,14597,2634.5963,Micheal Ramos
61078,11250,868.8947,Natalie Smith
61079,19958,2738.4552,Nicole Henderson
61081,11445,2644.3313,Nicole Anderson
61082,12114,2644.3313,Kelli Lal
61088,19527,1347.4923,Carol Brooks
61089,20191,1263.5233,Alyssa Perry
61090,16955,1945.3194,Eric Young
61091,17465,1950.2808,Naomi Gill
61093,11611,2535.964,Anna Lewis
61094,13595,2552.5169,Walter Gutierrez
61095,14185,2591.1808,Chase Kelly
61096,12486,2552.5169,Sarah Robinson
61097,14773,2668.564,Isaac Cox
61098,16681,35.6694,Adam Hill
61099,16615,62.9408,Nichole Chander
61101,20631,79.5158,Kaitlyn Washington
61102,19976,30.6859,Tara Deng
61103,20155,66.2779,Phillip Vance
61104,17298,133.1083,José Miller
61106,13613,77.339,Blake Bryant
61107,17068,59.659,Johnny Nara
61108,12665,2.5305,Elizabeth Jenkins
61109,16627,38.5535,Alex Hill
61110,17847,1879.594,Abby Arthur
61111,17841,687.2658,Nathan Thompson
61113,14137,905.5254,Cole Brooks
61114,12857,2580.1529,Tristan Wood
61115,11519,93.9029,Jenny Nath
61116,11499,135.1305,Destiny White
61117,13072,132.6,Louis Deng
61118,11262,32.5754,Natalie Wilson
61119,11719,66.8194,Brianna Taylor
61120,11253,70.6869,Natalie Johnson
61121,11253,26.2769,Natalie Johnson
61122,11660,98.8533,Pedro Mehta
61126,11520,103.3065,Destiny Hall
61129,19654,87.2729,Grace Patterson
61131,18652,15.4479,Diana Alonso
61132,14627,8.0444,Dalton Rivera
61133,16932,8.0444,Noah Young
61134,15459,38.5866,Richard Reed
61135,17857,27.614,Carrie Jiménez
61136,16186,71.7919,Isaiah Campbell
61137,12498,44.189,Alejandro Zhu
61138,19822,40.8408,Lindsay Luo
61139,16282,26.8184,Casey Xu
61140,16042,27.614,Andre Kapoor
61143,13688,30.1444,Wyatt Simmons
61144,19272,15.4479,Erik Jimenez
61145,18040,214.3479,Christian Wilson
61146,12956,109.9144,Jaclyn Zeng
61147,12146,109.9144,Taylor Thomas
61148,12933,148.0258,Aidan Griffin
61149,12416,44.189,Lacey Xu
61150,16673,2725.2836,Gloria Rubio
61152,14414,876.7733,Lee Gill
61153,13949,2615.4908,Wendy Gill
61154,13905,2615.4908,Theresa Dominguez
61155,11797,2645.8783,Victoria Brown
61156,11778,2535.964,Olivia Robinson
61159,17308,2699.9018,Alan Lin
61160,19975,2738.5657,Tara She
61165,11101,2676.9067,Jennifer Thompson
61168,19123,1293.3804,Kelvin Liang
61171,11241,612.1369,Isabella Clark
61269,11792,93.9029,Ross Martin
61270,18259,24.2879,Dylan Davis
61271,20454,26.2769,Jennifer Bailey
61275,13996,38.664,Joanna Ramos
61276,17252,69.5929,Elijah McDonald
61277,15050,693.9069,Lucas Blue
61279,12859,2560.2519,Robyn Ruiz
61280,11891,38.664,Tamara Xu
61282,11306,2.5305,Grace Wilson
61286,11530,38.6529,Jenny Raji
61287,15760,76.2119,Luis Collins
61288,19709,77.3169,Kristina Garcia
61291,19779,77.339,Alicia Luo
61293,18083,99.4169,Wesley Wang
61294,17396,14.2987,Karen Yang
61295,14751,8.0444,Danny Jiménez
61296,14996,24.2879,Isaiah Bell
61297,12627,112.6548,Sarah Long
61298,18155,54.1119,Randy Zhou
61299,12411,44.189,Lacey Simpson
61300,13164,111.0083,Edwin Liang
61301,16747,2740.3337,Isaac Adams
61302,14486,2552.5169,Jonathon Navarro
61303,13602,2673.0613,Blake Hughes
61304,12473,1396.5211,Sarah Anderson
61305,20236,1879.594,Chloe Rogers
61307,20260,1918.2579,Chloe Ward
61308,20246,2715.3497,Derek Sharma
61309,13625,2696.189,Blake Diaz
61310,13541,620.4354,Miguel Wood
61313,11427,1928.1919,Jasmine Hall
61314,11211,132.6,Ruben Prasad
61315,15146,140.2798,Timothy Bailey
61317,17355,24.2879,Krystal Liu
61318,18492,62.9519,Tyler Martin
61319,20262,30.6859,Chloe Peterson
61321,14319,82.3004,Kristy Hernandez
61322,12371,135.1305,Samantha Miller
61323,17848,1918.2579,Carrie Gomez
61326,16422,2708.6865,Tracy Sharma
61327,15684,2584.5619,Marc Hernandez
61328,11684,59.659,Megan Jackson
61331,11262,42.9624,Natalie Wilson
61333,11091,38.6529,Jennifer Taylor
61335,19864,77.339,Christine Sutton
61336,19876,87.2729,Jasmine Griffin
61338,16720,44.1779,Hunter Scott
61339,14409,94.4554,Lee Navarro
61340,13737,43.3713,Eduardo Powell
61341,16300,79.5269,Casey Pal
61342,12497,46.7194,Alejandro Sun
61344,17816,41.1834,Candice Gao
61345,20135,77.3169,Alyssa Cox
61346,16293,5.514,Jackson Gonzalez
61349,12563,76.2119,Ashley Barnes
61350,11280,82.8529,Marshall Deng
61351,11201,101.6269,Morgan Lee
61352,12135,38.675,Taylor Davis
61353,16717,133.1194,Francisco Gonzalez
61354,12611,9.934,Clayton Guo
61355,12563,55.239,Ashley Barnes
61356,14580,850.2865,Micheal Gutierrez
61357,14581,954.6648,Seth Ramirez
61358,14456,2658.0444,Sheila Alvarez
61359,14420,2563.589,Lee Serrano
61360,12041,2674.0558,Alisha Alan
61362,13648,2538.4944,Javier Browning
61365,20683,1918.2579,Tiffany He
61366,14185,2710.6092,Chase Kelly
61367,11099,2709.5042,Jennifer Harris
61368,11904,2673.0613,Tamara Johnston
61370,11464,2673.0613,Jenny Guo
61372,12139,8.7848,Taylor Wilson
61373,11122,11.039,Roy Mehta
61374,13046,38.664,Hannah Flores
61375,13150,38.664,Robyn Gill
61376,13613,8.7848,Blake Bryant
61377,18199,9.934,Todd Huang
61378,18270,9.934,Alexander Wilson
61379,16436,2778.9977,Jack Carter
61380,15927,2577.1694,James Roberts
61381,12623,2574.639,Sarah Perry
61382,15697,2576.8048,Marc Romero
61383,14429,2648.6408,Lee Oliver
61384,11086,59.6479,Roy Chandra
61385,11262,11.3152,Natalie Wilson
61388,14265,30.1444,Richard Sanders
61391,16497,37.5479,Kelsey Xie
61393,16085,79.0959,Kevin Phillips
61394,16948,132.0033,Jordan Young
61395,17699,75.0627,Jonathan Martin
61399,15939,44.1779,Samuel Roberts
61400,14375,44.1779,Marcus Torres
61401,20740,89.4608,Morgan Gonzales
61402,14254,90.0133,Steven Sanders
61403,14942,5.514,Jesse Morgan
61404,16314,79.5269,James Nelson
61405,16943,41.9127,Jose Young
61409,15155,2614.3748,Juan Bailey
61410,14648,2569.0366,Jamie Moreno
61411,14484,2591.1808,Timothy Gray
61412,12079,2685.0727,Jake Zukowski
61413,11937,2552.5169,Alisha Zhang
61414,14449,2602.2529,Lawrence Navarro
61415,12782,2653.0498,Alexis Griffin
61416,17184,2688.5092,Tony Shan
61417,17734,1238.1415,Samuel Smith
61420,13122,2630.9498,Robyn Dominguez
61421,13284,2644.3313,Roger Xie
61422,12986,2710.6092,Emily Barnes
61423,13559,663.5083,Jon Gao
61425,13050,1381.0732,Hannah Butler
61428,20615,2742.8642,Kaitlyn Coleman
61429,20616,2778.9977,Katie Shan
61430,11253,38.664,Natalie Johnson
61431,14233,32.0229,Jesse Sanders
61432,16710,41.1834,Kelvin Yang
61433,16625,49.9681,Nichole Black
61435,17250,69.5929,Gabriel Lopez
61436,16016,52.9958,Bobby Subram
61437,17896,664.5912,Dennis Wu
61440,14140,905.5254,Lori Ortega
61441,15923,2607.2033,Manuel Sai
61442,15700,2574.639,Jordan Edwards
61443,11078,59.659,Joe Sanz
61444,11125,35.6584,Kaitlyn Miller
61445,18314,26.2769,Jorge Zhu
61446,16506,67.4934,Luis Mitchell
61447,12203,48.5869,Dawn Deng
61449,11331,40.432,Grace Lee
61451,11642,159.6173,Pedro Malhotra
61452,13144,35.6694,Edwin Ye
61453,15572,55.2169,Ricky Martin
61454,14265,77.3169,Richard Sanders
61455,11215,104.4004,Isabella Brown
61456,16986,75.6815,Ricardo Deng
61457,15516,8.0444,Rachael Fernandez
61459,14536,75.6815,Mathew Vazquez
61460,15442,103.2954,Nancy Suri
61461,12444,126.4894,Ashley Clark
61462,14760,41.2055,Jeremy Richardson
61463,11860,38.675,Emma Taylor
61464,13229,24.2879,Antonio Diaz
61465,19719,729.2337,Kristina Perez
61466,14464,2604.7944,Lawrence Carlson
61469,16424,1342.4093,Caleb Carter
61470,13600,2720.5432,Blake Long
61471,17730,1297.2258,Jonathan Walker
61472,13123,2538.4944,Edwin Chen
61473,13135,2547.0029,Edwin Wu
61475,13366,2673.0613,Oscar Blue
61477,19987,1314.3533,Tara Yuan
61478,20394,1280.0983,Shawn Nara
61479,17567,1889.5279,Luke Allen
61481,17233,850.2865,Terry Lal
61482,14059,35.6584,Joy Romero
61483,19578,41.1834,Holly Arun
61487,14217,55.239,Krista Moreno
61489,13561,2590.4073,Jon Liang
61490,15637,2650.8398,Jimmy Jimenez
61491,15086,2618.8169,Patrick Murphy
61492,15118,2535.964,Jill Rubio
61493,11667,59.659,Pedro Fernandez
61494,11643,11.3152,Lauren White
61495,11506,55.239,Carol Martinez
61496,11498,34.5534,Jenny Shan
61499,11277,123.1412,Ruben Vazquez
61502,18449,77.3169,Larry Blanco
61504,14574,82.2783,Richard Ramirez
61505,20349,77.339,Julia Bailey
61506,19018,147.5065,Gary Hernandez
61508,19082,44.1779,Craig Ramos
61510,20133,32.0229,Alyssa Richardson
61515,14784,40.0784,Sheila Sanz
61516,17186,8.0444,Angel Wright
61517,13071,38.675,Madison Barnes
61518,11235,82.8529,Isabella Martin
61519,12180,2598.9158,Dawn Zhu
61520,12078,2648.6408,Jessica Johnson
61521,15490,2645.8783,Rachael Kapoor
61523,20609,2806.0591,Katie Luo
61525,13650,2580.1419,Javier Serrano
61531,18476,681.6856,Dylan Taylor
61534,18475,681.6856,Brandi Jiménez
61536,17521,1934.8329,Isaiah Hall
61538,14670,937.5594,Charles Cooper
61539,20282,41.1834,Bradley Xie
61542,12997,44.1779,Jaclyn Becker
61543,12690,6.9394,Elizabeth Alexander
61545,11369,65.1729,Warren Kumar
61546,18206,9.934,Alexander Lee
61547,17902,1895.0419,Greg Taylor
61548,12386,2625.4248,Lacey Gao
61549,13562,2563.589,Jon Guo
61550,15097,2582.6834,Jill Travers
61551,11890,65.7254,Emma Walker
61552,11505,98.3119,Destiny Garcia
61553,12068,65.1729,Abigail Lewis
61555,11330,35.6584,Grace Lewis
61558,12165,41.1834,Dawn Ye
61559,19224,106.1574,Nelson Alonso
61560,16213,55.2169,Tina Lopez
61561,18380,14.2987,Zachary Wilson
61562,18944,62.9519,Joseph Harris
61563,16049,44.1779,Andre Kovár
61564,15680,5.514,Marc Ruiz
61565,14543,46.7194,Jesse Ramirez
61566,15711,79.0959,Diane Ramos
61567,16266,70.6869,Denise Rodriguez
61568,17951,30.1444,Vincent Ye
61569,17711,77.3169,Margaret Zhou
61570,17809,226.8123,Nathan Miller
61571,19373,99.4169,Olivia Griffin
61572,12134,38.0894,Kelli Rai
61573,16294,15.4479,Casey Shan
61575,17371,79.5269,Luis Hall
61576,12978,55.5042,Dakota Diaz
61577,12788,62.9519,Rafael Li
61578,11563,59.659,Alyssa Hall
61579,12966,118.1908,Deb Foster
61580,15850,2624.3529,Richard Stone
61581,14434,2647.5358,Sheila Hernandez
61582,15048,858.9607,Gina Alvarez
61583,14192,2666.4313,Cole Kelly
61586,17728,1272.6948,Samuel Martinez
61587,13117,2590.4073,Fernando Flores
61588,13130,2602.264,Fernando Russell
61596,17232,850.2865,Hunter Rodriguez
61600,15233,38.664,Isaiah Sanchez
61601,17831,1933.7058,Dana Ramos
61603,13263,2708.6865,Carson Gonzales
61604,12615,2587.8769,Sarah Wood
61605,11662,69.5929,Lauren Lee
61607,11709,71.7919,Brianna Williams
61609,11506,43.0619,Carol Martinez
61611,11300,66.8194,Marshall Shen
61612,14725,175.5624,Hector Gill
61613,11185,42.9624,Morgan Jackson
61614,11223,118.1577,Isabella Moore
61615,15197,55.2169,Mason Rivera
61618,19245,132.5779,Victor Gill
61620,14743,71.2394,Danny Gomez
61621,14369,51.3494,Richard Torres
61622,13864,24.2879,Ian Wood
61623,14699,87.2729,Mason Richardson
61626,12752,4.409,Omar Jai
61628,12235,30.6859,Dawn Nara
61630,12327,5.514,Madison Anderson
61631,13193,79.5269,Edwin Sharma
61632,11385,15.4479,Jasmine Williams
61633,20544,2715.3497,April Jai
61634,12440,2580.1529,Ashley Garcia
61635,14602,2708.8412,Micheal Saunders
61636,12914,2574.6279,Aidan Hughes
61637,14412,2563.589,Lee Travers
61638,12486,1429.1297,Sarah Robinson
61639,20612,2742.8642,Katie Kumar
61645,18647,662.4144,Diana Jimenez
61647,20529,1297.8004,April Xie
61648,20387,1320.4419,Julia Wood
61649,20400,1238.1415,Julia Perry
61650,20434,1293.3804,Peter Goel
61651,17143,1949.1869,Hunter Wright
61654,11894,2710.6092,Tamara Kumar
61655,11905,2666.4313,Elizabeth Jones
61656,11762,2694.0563,Olivia Taylor
61657,19618,33.6804,Grace Peterson
61663,11367,65.1729,Rachel Robinson
61664,11911,27.0615,Tamara Raje
61665,19608,47.4819,Cassandra Patel
61667,15626,2679.5919,Aaron Evans
61668,15100,2598.9158,Jill Dominguez
61669,12212,2563.589,Gail Griffin
61670,15354,2570.1858,Angel Rogers
61671,12217,2535.964,Dawn Lal
61672,12861,2591.1808,Rafael Sharma
61673,11519,59.659,Jenny Nath
61674,11287,65.1729,Ruben Carlson
61675,11632,70.6869,Lauren Taylor
61686,20477,76.2119,Corey Goel
61688,18927,62.9519,Chelsea Suri
61689,15297,44.1779,Alex Morris
61690,13880,79.5269,Ian Hughes
61691,13245,51.3494,Carson Powell
61693,17081,82.8529,Melody Ramos
61694,14537,46.7194,Evan Ramirez
61696,20566,30.1444,Kaitlyn Bailey
61702,11734,41.2055,Pedro Sanz
61703,11704,44.189,Pedro Navarro
61704,11692,44.189,Megan Thompson
61705,14096,46.7194,Richard Watson
61706,12057,41.2055,Abigail Thompson
61707,11713,142.5119,Brianna Davis
61708,12628,16.5529,Clayton Stone
61709,11397,42.5094,Christy Kumar
61710,14616,927.6254,Marcus Rivera
61711,14613,997.2183,Clinton Moreno
61712,15006,2535.964,Paula Munoz
61713,14433,2587.8769,Garrett Peterson
61714,15566,2685.6362,Pamela Martinez
61719,13651,2590.0758,Edward Butler
61723,13328,2649.8453,Julian Jenkins
61725,12193,2694.0563,Abigail Hughes
61726,20541,1297.8004,Jennifer Griffin
61727,17564,1918.2579,Brittney Ma
61730,11764,2634.3974,Olivia Thomas
61732,14087,54.6754,Miguel Sanz
61733,11752,8.7848,Ross Malhotra
61734,11425,635.3529,Jasmine Lee
61735,15054,637.5298,Seth Bell
61737,11185,6.9394,Morgan Jackson
61740,12182,33.139,Dawn Gao
61743,13708,16.5529,Rodney Rubio
61744,20485,16.5529,Keith She
61745,15942,77.339,Noah Roberts
61746,18820,87.2729,Meghan Rowe
61747,18542,136.9979,Dylan Lewis
61748,19149,136.9979,Casey Moreno
61749,17436,5.514,Leah Zhang
61750,11748,5.514,Olivia Williams
61751,16773,15.4479,Candice Cai
61752,17682,75.6815,Sandra Hu
61754,14917,71.2394,Marcus Cook
61755,15165,44.1779,Kendra Serrano
61756,13913,118.1908,Lucas Ross
61757,13654,62.9519,Javier Ramos
61758,14955,77.339,Juan Morgan
61759,19925,92.7869,Kathryn Nath
61762,12610,102.7208,Clayton Liang
61763,16563,54.1119,Gloria Bradley
61765,15376,46.7194,Brenda Garcia
61766,14599,2602.2529,Micheal Carlson
61767,12179,2580.1419,Anna Miller
61768,14657,2626.5408,Juan Cooper
61769,12108,2616.5627,Kelli Luo
61770,12903,2577.1694,Jaclyn Li
61771,14452,2626.5408,Lawrence Torres
61773,20448,2725.2836,Jennifer Morgan
61774,13132,2618.8169,Fernando Griffin
61780,20422,1253.5894,Peter Jai
61781,11899,2673.0613,Sarah Hall
61783,13954,27.614,Seth Barnes
61784,18715,77.3169,Orlando Ashe
61785,16165,49.9681,Jason Campbell
61787,17077,55.239,Johnny Anand
61789,17501,132.6,Valerie Zhao
61790,16681,40.432,Adam Hill
61791,18305,40.432,Alexander Thompson
61794,15080,2563.589,Jesse Murphy
61795,15926,2618.8058,Manuel Madan
61796,15116,2587.3133,Devin Murphy
61800,11330,88.3669,Grace Lewis
61801,12959,38.6529,Jaclyn She
61803,18644,38.6529,Tyler Lee
61806,19688,132.5779,Kristina Chandra
61807,17696,44.1779,Nathan Johnson
61808,17532,5.514,Brittney West
61809,19208,109.3508,Brianna Richardson
61810,18753,136.9979,Natasha Gutierrez
61811,18504,142.5119,Brandi Rubio
61813,15375,75.0627,Brenda Mehta
61814,15011,99.4169,Patrick Blue
61815,20746,60.7529,Francis Gomez
61816,16542,44.1779,Kara Shen
61818,20565,71.7919,Kristin She
61825,11581,75.1069,Barbara Zeng
61829,16935,60.7529,Carl Deng
61830,11309,44.189,Grace Anderson
61831,12183,114.3565,Anna Taylor
61832,13289,41.2055,Roger Xu
61833,12238,38.664,Dawn Goel
61834,14591,885.9559,Micheal Vazquez
61835,14577,891.4698,Micheal Navarro
61836,19730,706.5923,Rachel Kelly
61837,12198,2642.5302,Abigail Simmons
61838,14498,2645.3148,Jared Gray
61839,17767,852.3307,Susan Sun
61842,13626,2637.5687,Blake Hayes
61845,13345,2699.0067,Willie Huang
61851,19874,1292.2533,Jasmine Alexander
61852,17559,1933.7058,Luis Allen
61853,20175,1341.9783,Alyssa Wood
61855,11759,2634.3974,Ross Srini
61856,11118,86.1016,Roy Raman
61857,15783,38.664,Carlos Collins
61858,14517,59.659,Mathew Moreno
61859,15920,1918.2579,Manuel Malhotra
61862,12270,2658.0444,Hannah Williams
61863,11846,55.239,Gerald Prasad
61866,11505,70.6869,Destiny Garcia
61873,17374,86.1016,Krystal Zhu
61877,20449,11.039,Jennifer Bell
61878,18814,77.339,Mary Ramos
61879,14455,132.5779,Damien Nara
61880,19246,77.339,Joan Coleman
61881,18673,142.5119,Jacob Smith
61882,14352,94.4554,Garrett Travers
61884,15115,104.4004,Charles Murphy
61885,16198,94.4554,Tina Prasad
61886,13773,46.7194,Monique Gutierrez
61887,20595,77.3169,Kaitlyn Kelly
61893,16579,30.8958,Kara Anand
61894,12111,82.8529,Jessica Robinson
61895,11869,41.2055,Warren Yang
61896,11852,82.8529,Emma Jones
61897,14341,123.7158,Kristy Ramos
61898,15864,24.2879,Allen Garcia
61899,12719,16.5529,Omar Cai
61900,11602,38.664,Anna Thompson
61901,14636,927.6254,Clinton Serrano
61902,15876,2597.8108,Gabriel Perez
61903,14470,2632.0658,Lawrence Rubio
61904,14447,2635.3808,Marcus Peterson
61905,13591,2698.4432,Jon Yuan
61907,20450,2699.9018,Kelvin Deng
61908,17353,2715.3497,Krystal Li
61909,12248,596.689,Emily Martin
61910,12250,624.314,Colleen West
61911,13618,2535.964,Blake Russell
61912,13629,2681.7798,Javier Muñoz
61913,11991,2563.589,Alexis Johnson
61916,20525,1276.8054,April She
61918,17116,1950.2808,Shaun Raji
61920,11766,2719.4382,Olivia Jackson
61922,19098,132.5448,Derrick Hernandez
61923,18270,94.4554,Alexander Wilson
61925,19324,905.5254,Olivia Peterson
61926,11253,59.659,Natalie Johnson
61927,11253,2.5305,Natalie Johnson
61928,11502,59.659,Jenny Pal
61929,11181,4.409,Roy Sanz
61932,13268,77.3169,Carson Alexander
61934,17410,159.6394,Karen Xu
61935,20128,87.2729,Ronald Sara
61936,17432,5.514,Thomas Martin
61937,16154,5.514,Robert Campbell
61938,13876,24.2879,Ian Powell
61939,15712,36.023,Marc Blanco
61945,12166,41.2055,Taylor Lewis
61946,17374,43.3713,Krystal Zhu
61947,12971,24.2879,Jaclyn Yuan
61948,14576,859.0712,Ian Ramirez
61949,15906,2587.8769,Eric Perez
61950,14601,2626.5408,Sheila Gutierrez
61951,14471,2602.264,Evan Gray
61952,14451,2610.3084,Lawrence Gutierrez
61953,15846,2758.3784,Allen Sai
61956,20452,2849.1652,Corey Xie
61957,20614,2715.3497,Katie Sharma
61965,20682,1918.2579,Lindsey Anand
61968,11896,2653.1161,Tamara Lal
61969,11900,2742.6542,Tamara Sharma
61972,11882,8.7848,Tamara Shen
61973,16704,41.1834,Francisco Raman
61974,16711,77.3169,Melody Martin
61976,12038,71.2394,Abigail Jones
61977,11116,125.3844,Roy Rana
61980,17632,905.5033,Cameron Brown
61981,16054,913.2383,Isaac Turner
61982,11501,66.2779,Destiny Martin
61984,16247,38.5535,James Gonzalez
61990,13289,5.514,Roger Xu
61993,13902,24.2879,Ian Diaz
61994,18081,24.2879,Christian Lewis
61995,19507,6.9394,Emma Cox
61997,11795,44.189,Ross Ruiz
61998,11858,38.675,Emma Moore
61999,11342,54.1119,Christy Wu
62000,13331,72.8858,Roger Anand
62001,14867,927.6254,Steven Howard
62002,15908,697.1887,Jackson Perez
62003,14485,2555.0473,Patrick Gray
62004,15905,2763.5719,Johnathan Gonzalez
62005,12042,2648.6408,Kelli Zhang
62009,13647,2607.7779,Edward Flores
62010,13649,2618.8169,Edward Washington
62015,20437,1276.8054,Peter Raji
62016,20145,1308.8283,Ronald Rodriguez
62017,12807,596.689,Oscar Alexander
62018,11906,2634.3974,Tamara Pal
62019,14224,1381.0732,Isaiah Sanders
62020,11767,2700.1228,Ross Rana
62022,11507,8.7848,Marshall Jai
62023,11370,33.1279,Damien Xie
62025,18727,59.659,Erika Rubio
62026,17061,59.659,Johnny Andersen
62027,15146,38.664,Timothy Bailey
62028,14665,55.239,Steven Cooper
62029,17327,9.934,Alan Liang
62030,14516,59.659,Marcus Gray
62031,19626,15.4479,Grace Watson
62033,15624,2602.2529,Diane Gill
62034,15085,2615.4908,Jill Ashe
62035,14428,2574.6279,Sebastian Peterson
62036,11142,70.6869,Kaitlyn Thompson
62040,12196,77.3169,Gail Butler
62041,17371,71.7919,Luis Hall
62044,14370,16.5529,Anne Romero
62045,14091,71.7919,Cody West
62046,19715,136.9979,Rachel Cox
62047,16910,77.339,Jackson Adams
62048,19011,87.2729,Gary Gomez
62049,17547,5.514,Brittney Zhao
62050,14729,5.514,Hector Serrano
62052,17213,138.0919,Terry She
62053,16584,146.9319,Nichole Shen
62054,17712,62.9408,Jonathan Robinson
62055,19306,32.5754,Olivia Murphy
62056,11545,59.659,Alyssa Thompson
62059,18619,43.0729,Anthony Anderson
62062,11174,46.7194,Roy Ramos
62063,16731,35.3269,Martin Vance
62064,13444,62.9519,Damien Pal
62065,12236,38.664,Emily Taylor
62066,14617,927.6033,Clinton Munoz
62067,13029,861.3254,Hannah Coleman
62068,19735,632.3473,Cynthia Srini
62069,14656,2635.3808,Chase Cooper
62070,12109,2598.9158,Jessica Garcia
62071,14501,2535.964,Bryan Gray
62072,14461,2552.5169,Lawrence Serrano
62073,12033,2619.9108,Alisha Goel
62075,19325,1352.3432,Olivia Gray
62076,20258,2708.6865,Chloe Howard
62077,13129,2602.264,Fernando Alexander
62078,11992,2574.6279,Alexis Williams
62079,13645,2618.8169,Javier Vazquez
62084,11903,2694.0563,Warren Wu
62085,11465,2694.0563,Nicole Robinson
62088,11277,9.934,Ruben Vazquez
62089,11505,8.7848,Destiny Garcia
62090,14056,27.614,Evan Watson
62091,17060,77.3169,Aaron Hernandez
62092,16177,104.3783,Jack Campbell
62094,17236,59.659,Terry Jai
62095,13003,175.695,Emily Flores
62097,15695,2585.6669,Connor Edwards
62105,15863,79.0959,Kellie Ruiz
62106,18600,33.139,Stacy Ruiz
62109,19882,136.9979,Nicole Stewart
62110,11632,77.339,Lauren Taylor
62111,17689,5.514,Nathan Smith
62113,18061,5.514,Jeffery Ma
62117,13656,62.9519,Edward Gonzales
62118,17222,40.8408,Robert Thompson
62119,16507,38.9292,Gloria Dominguez
62125,11211,44.189,Ruben Prasad
62126,12636,9.934,Sarah Butler
62127,11248,42.5094,Isabella Hall
62128,14590,992.7983,Isaiah James
62129,15986,707.1448,Henry Gonzalez
62131,19714,606.6229,Kristina Martinez
62132,19718,640.8669,Rachel Ward
62133,14400,2604.4408,Mason Peterson
62135,11333,2673.0613,Grace Hall
62136,17181,2688.5092,Noah Thomas
62138,13527,2740.3337,Jon Li
62139,17354,2708.6865,Thomas Williams
62140,17351,2806.0591,Krystal Wagner
62142,13128,2574.6279,Fernando Bryant
62143,13632,2563.589,Edward Ross
62144,13953,2566.1194,Wendy Serrano
62145,13637,2535.964,Edward Jenkins
62151,20395,1303.8669,Shawn Rai
62154,17229,987.2844,Noah Lopez
62155,14308,835.7447,Richard Ward
62156,11768,2673.0613,Ross Raman
62158,12894,15.4479,Aidan Bennett
62159,11223,55.239,Isabella Moore
62160,14307,35.6584,Kristy Martin
62161,17061,35.6694,Johnny Andersen
62166,15240,11.039,Mason Sanchez
62167,17283,65.1729,Kelvin Lin
62168,13954,27.0615,Seth Barnes
62169,18247,9.934,Curtis Yang
62170,11150,9.934,Roy Alvarez
62171,14123,36.023,Sean Brooks
62172,17787,1907.2079,Ethan Smith
62173,11420,596.689,Christy Rai
62175,17782,927.6254,Susan Cai
62176,17873,1944.7669,Carrie Browning
62177,15357,2618.8058,Brenda Sai
62178,12211,2574.6279,Dawn Yuan
62179,11646,59.659,Pedro Arun
62188,14370,36.023,Anne Romero
62190,16247,16.5529,James Gonzalez
62191,20635,55.2169,Kaitlyn Simmons
62193,17422,87.2729,Thomas Thomas
62194,13350,15.4479,Willie Zhao
62195,17577,44.1779,Brittney Hu
62196,16356,8.0444,Katrina Rai
62197,15837,44.1779,Bryan Stewart
62198,19801,50.7748,Jill Murphy
62199,12752,132.5779,Omar Jai
62202,11434,23.7465,Nicole Jones
62203,12633,40.0784,Clayton Xu
62205,16511,8.0444,Kelsey Sharma
62206,11258,38.675,Marshall She
62207,14904,173.8055,Timothy Ward
62208,13206,94.9637,Antonio Patterson
62209,15974,51.3494,Jordan Roberts
62210,18942,982.776,Chelsea Sara
62211,14639,937.5594,Isaac Cooper
62212,14589,850.2865,Angel James
62213,19736,733.6648,Cynthia Prasad
62214,19721,623.5073,Rachel Gray
62215,14191,2634.3974,Sabrina Suarez
62218,20613,2738.5657,Katie Lal
62220,13115,2538.4944,Fernando Hughes
62221,13131,2535.964,Edwin Huang
62222,11031,2566.1194,Julia Williams
62226,19681,1303.8669,Rachel Sanchez
62227,17025,1889.5279,Ricardo Goel
62228,20059,1293.3804,Donald Rodriguez
62230,14346,850.2865,Joy Ortega
62233,11949,38.664,Warren Zhou
62234,15593,30.1444,Ricky Navarro
62235,12012,44.1779,Alexis Harris
62238,18278,38.664,Brandon Thomas
62239,11102,8.7848,Jennifer Garcia
62242,17893,1879.594,Dennis Yang
62243,12276,2591.1808,Colleen Xu
62244,14940,2619.0931,Randall Gomez
62245,11078,178.2255,Joe Sanz
62246,11230,13.1937,Isabella Jackson
62247,11142,44.1779,Kaitlyn Thompson
62248,11253,5.514,Natalie Johnson
62251,12892,156.8437,Rafael Black
62253,11277,106.1574,Ruben Vazquez
62255,15859,16.5529,Allen Raman
62256,11203,77.339,Morgan Walker
62257,20435,55.2169,Peter Black
62258,13201,14.2987,Antonio Perry
62259,17179,32.5754,Robert Taylor
62260,15545,44.1779,Jose Parker
62261,19039,8.0444,Lauren Henderson
62262,14190,40.432,Sabrina Carlson
62267,11331,41.2055,Grace Lee
62268,11393,15.4479,Jasmine Wilson
62269,13162,94.4554,Spencer Simmons
62270,14631,937.5594,Clinton Gill
62271,14419,2619.9108,Lee Blanco
62272,15030,1895.0419,Garrett Bell
62273,20451,2735.9248,Dwayne Munoz
62274,17732,1297.8004,Margaret Zheng
62276,12253,736.9687,Emily Robinson
62277,13636,2566.1194,Edward Coleman
62280,17566,1918.2579,Brittney Liang
62282,14347,916.0119,Kristy Sanz
62283,14220,1396.5211,Dalton Kelly
62285,13045,30.1444,Louis Zhu
62287,15811,35.6694,Troy Raman
62289,12992,8.0444,Robyn Munoz
62292,16487,54.1119,Gloria Torres
62293,17933,729.2558,Benjamin Davis
62295,15921,2618.8058,Jesse Perez
62296,11704,59.659,Pedro Navarro
62303,19862,103.3065,Jasmine Washington
62307,18890,87.2729,Tamer Salah
62309,19890,132.5779,Nicole Rogers
62310,14458,87.2729,Lawrence Vazquez
62311,18100,66.2779,Wesley Lin
62312,20271,132.5779,Derek Beck
62313,20089,5.514,Joel Garcia
62314,19729,5.514,Cynthia Sai
62315,14396,85.0408,Lee Alvarez
62316,13379,26.8184,Oscar Patterson
62317,16543,44.1779,Gloria Vazquez
62318,19175,27.614,Megan Alexander
62319,18041,35.6584,David Harris
62320,17800,41.1834,Candice Lin
62324,14993,86.1458,Renee Martin
62326,13827,32.5754,Linda Serrano
62327,11737,46.7194,Brianna Rodriguez
62328,11975,176.789,Alisha Guo
62329,16097,62.9519,Kristopher Malhotra
62330,19723,635.3529,Cynthia Chandra
62331,14442,2618.8169,Devin Peterson
62333,20256,2708.6865,Chloe Cox
62338,20480,1276.8054,Dwayne Romero
62343,11751,2634.3974,Ross Vance
62347,14521,70.6869,Mathew Ferrier
62349,14320,55.239,Kristy Alvarez
62350,13121,43.0729,Fernando Butler
62351,19101,64.6094,Derrick Jiménez
62352,17639,987.2844,James Clark
62353,15699,2547.0029,Luke Edwards
62357,19014,38.6529,Lauren Watson
62362,18347,44.1779,Frank Gill
62363,15164,5.514,Garrett Bailey
62365,14208,65.1508,Richard Kelly
62366,17112,6.9394,Shaun Goel
62375,13395,24.2879,Xavier Ross
62376,12617,43.6144,Sarah Ross
62377,14614,1045.8273,Eduardo Rivera
62378,12768,937.5594,Omar Rai
62379,15166,2587.8769,Steven Bailey
62380,12437,2657.4698,Jon Pal
62381,14584,2586.7387,Dalton Ramirez
62382,20446,2708.6865,Jennifer Cook
62383,20600,2738.5657,Kaitlyn Bennett
62384,13646,2663.5252,Edward Hughes
62386,13101,2634.3974,Louis Andersen
62388,12177,2659.7792,Dawn Sun
62390,18471,596.689,Brandi Hernandez
62393,14302,820.2968,Carol Saunders
62396,11215,38.664,Isabella Brown
62397,15239,70.6869,Heidi Kapoor
62398,14278,140.8544,Jeremiah Sanders
62399,17235,33.139,Terry Sharma
62400,19619,26.2769,Cassandra Madan
62401,18298,24.2879,Alexander Jackson
62403,19962,33.6804,Julie Raje
62405,12372,2.5305,Lacey Ye
62406,15055,662.9779,Gina Navarro
62407,17898,1950.2808,Hunter Miller
62408,15692,2646.4419,Marc Munoz
62409,15101,2588.9377,Cole Murphy
62410,15106,2618.8058,Bryan Murphy
62411,15710,2563.589,Marc Vazquez
62412,11276,15.7242,Natalie Martin
62413,11078,8.0444,Joe Sanz
62420,18323,44.1779,Jorge He
62422,18074,65.1729,Justin Thompson
62423,16063,5.514,Andre Sara
62424,15772,44.1779,Jordan Collins
62425,14028,101.6048,Tanya Navarro
62426,14954,78.3998,Chase Morgan
62427,17208,50.7748,Naomi Gomez
62428,15001,34.2219,Renee Jimenez
62429,17718,35.6584,Margaret Xu
62433,14542,40.0784,Isaac Ramirez
62435,12430,82.8529,Jon Lal
62436,12931,162.3798,Robyn Alvarez
62437,11922,142.5119,Elizabeth Harris
62438,11874,71.0073,Emma Thompson
62439,12714,55.2169,Omar He
62440,12985,38.675,Emily Wood
62441,16732,2708.6865,Noah Scott
62442,15909,659.9723,Johnathan Sanchez
62443,14664,2653.6023,Jamie Dominguez
62444,15889,2668.564,Johnathan Sai
62445,12084,2659.6687,Kelli He
62446,14439,2555.0473,Lawrence Moreno
62447,14440,2615.4687,Lawrence Munoz
62449,11337,2649.8453,Christy Liu
62450,11341,2710.6092,Rachel Brown
62451,11400,1407.5822,Jasmine Thomas
62454,20606,2735.9248,Kaitlyn Barnes
62455,20259,2708.6865,Derek Chander
62458,12251,607.7279,Emily Garcia
62459,13644,2563.589,Edward Patterson
62464,20463,1268.2859,Jennifer Cox
62465,11483,596.689,Jenny Shen
62467,11244,673.4423,Isabella Lewis
62468,13585,2673.0613,Y. Yong
62469,14301,830.2307,Charles Ward
62471,13981,38.9292,Joy Jimenez
62473,15809,33.139,Mason Stewart
62475,19762,54.1119,Brandy Chandra
62476,11068,16.5529,Joe Blanco
62477,16162,40.432,Molly Lopez
62478,17522,9.934,Valerie Zheng
62479,16633,79.0959,Alison Deng
62480,12255,2547.0029,Emily Clark
62481,12221,2640.9279,Emily Williams
62482,15920,2574.6279,Manuel Malhotra
62483,11870,38.664,Tamara Ma
62484,11507,59.659,Marshall Jai
62485,11197,182.6344,Ruben Malhotra
62486,16149,40.432,Molly Rana
62487,20096,54.6754,Joel Martinez
62489,12203,16.5529,Dawn Deng
62491,11500,104.4004,Destiny Harris
62492,18764,77.339,Natasha Serrano
62494,18685,94.4554,Jacob Miller
62495,20082,62.9519,Joel Rana
62496,17087,14.2987,Logan King
62497,15104,77.339,Jared Moyer
62498,17088,27.614,Kevin King
62499,14188,36.023,Sabrina Serrano
62500,20723,159.0758,Morgan Perry
62504,11566,14.3429,Barbara Zhu
62507,12945,153.0204,Jaclyn Guo
62508,13293,24.2879,Roger Yuan
62509,13327,34.2219,Roger Black
62510,16751,2754.0136,Caleb Green
62511,12096,2566.1194,Jessica Anderson
62512,14991,858.9607,Carlos Bell
62513,13261,820.2968,Carson Simmons
62515,15047,835.7447,Paula Romero
62516,20241,1954.7008,Derek Kumar
62519,17733,1303.8669,Nathan Williams
62520,13119,2613.2919,Fernando Washington
62527,20702,1934.8329,Amy Li
62530,11907,2694.0563,Tamara Andersen
62531,12893,15.4479,Tristan Hayes
62532,16619,33.139,Timothy Lopez
62535,16709,75.1069,Nathan Scott
62536,19173,656.3479,Casey Rubio
62537,14995,718.7694,Renee Ruiz
62540,16429,2778.9977,Tracy Raje
62541,16201,968.4773,Tina Rana
62542,11330,38.664,Grace Lewis
62543,11185,43.0729,Morgan Jackson
62544,11287,34.5534,Ruben Carlson
62545,19220,30.6859,Brianna Gray
62546,11276,32.034,Natalie Martin
62547,11808,66.2779,Victoria Taylor
62549,17348,38.6529,Krystal Zhang
62550,12054,168.623,Abigail Harris
62551,13185,36.023,Edwin Xu
62552,11724,35.6694,Brianna White
62555,13483,62.9519,Dalton Diaz
62556,12569,82.8529,Ashley Henderson
62557,11566,76.2119,Barbara Zhu
62559,13535,48.8631,Jon Huang
62560,11330,44.189,Grace Lewis
62561,14984,858.9607,Randall Suarez
62562,17183,2676.9067,Robert Anderson
62566,20245,2770.5886,Chloe Bell
62567,13619,2570.1858,Walter Rubio
62568,13249,2694.0563,Carson Long
62574,20484,1272.6948,Jennifer Kelly
62575,20399,1308.8283,Shawn Black
62576,17548,1879.594,Timothy Hall
62580,11461,2673.0613,Jenny McDonald
62581,11902,35.6584,Elizabeth Weisman
62582,19626,28.1554,Grace Watson
62583,11755,8.0444,Olivia Miller
62584,19100,2.5305,Megan Cox
62585,18211,9.934,Christian Garcia
62586,14966,624.314,Cody Morgan
62587,15710,2005.5198,Marc Vazquez
62588,15685,2560.2519,Marc Alvarez
62589,15114,2560.2519,Jill Suarez
62593,11200,23.7465,Morgan Lewis
62597,11091,110.0249,Jennifer Taylor
62600,18405,5.514,Anthony Lewis
62601,15957,181.209,Henry Patel
62602,20070,44.1779,Joel Vance
62603,15858,8.0444,Seth Stewart
62604,18411,24.2879,Larry Gomez
62609,16247,50.7748,James Gonzalez
62610,14504,46.7194,Jonathon Suarez
62611,13516,16.5529,Jeremy Patterson
62612,15942,33.0727,Noah Roberts
62613,13312,89.4608,Roger Chande
62614,20527,2738.5657,April Shen
62615,20496,2738.5657,Keith Yuan
62616,12441,2538.4944,Ashley Martinez
62617,14596,2604.4298,Mason James
62618,14572,2560.2519,Devin Ramirez
62619,15567,2571.5671,Pamela Rodriguez
62620,14394,2590.4073,Anne Ortega
62621,13622,2560.2519,Javier Hernandez
62622,13631,2618.8169,Edward Barnes
62624,13590,2649.8453,Briana Gutierrez
62625,13605,2649.8453,Blake Washington
62626,11892,2634.3974,Tamara Luo
62628,12927,9.934,Aidan Alexander
62630,18306,94.4554,Alexander Garcia
62632,13621,77.339,Blake Griffin
62633,13140,77.339,Spencer Barnes
62634,14016,63.0845,Garrett James
62635,14034,55.239,Ian James
62636,14072,55.239,Melinda Dominguez
62637,15020,9.934,Juan Bell
62639,14965,632.3473,Adrian Morgan
62641,15928,2607.2033,Manuel Srini
62642,15691,2628.7398,Luis Edwards
62643,12985,9.934,Emily Wood
62650,17530,87.8144,Cameron Robinson
62651,15508,44.1779,Rachael Rana
62653,17194,123.1523,Tony Nara
62654,15090,181.209,Jill Moreno
62657,17707,35.6584,Jonathan Martinez
62658,19514,87.2508,Brett Mehta
62659,11019,41.2055,Joe Belson
62660,12136,109.9144,Kelli Nath
62661,13920,52.9737,Lucas Perry
62662,16950,96.0798,Carl Kumar
62663,14510,2582.6834,Jonathon Ortega
62664,14585,2560.2519,Micheal Dominguez
62665,12902,2574.6279,Aidan Ross
62666,14448,2618.8169,Ian Peterson
62667,14421,2617.7119,Lee Ramos
62668,11344,2676.9067,Rachel Miller
62669,17191,2634.3974,Alex Wright
62670,20264,1939.2529,Chloe Ramirez
62671,20444,2770.5886,Corey Deng
62672,20445,2762.9862,Jennifer Reed
62673,17352,2699.9018,Krystal Chen
62674,20610,2699.9018,Kaitlyn Henderson
62676,13114,2598.9158,Fernando Patterson
62677,13633,2618.8169,Edward Henderson
62678,13139,2640.9169,Spencer Wood
62683,12154,2673.0613,Dawn Li
62685,16873,639.1983,Thomas Baker
62686,20401,1308.8283,Dwayne Alvarez
62687,17561,1918.2579,Aaron Allen
62691,11898,2634.3974,Sarah Walker
62692,14348,1014.3458,Kristy Rubio
62693,11893,2682.9953,Tamara Yuan
62695,11771,65.7254,Olivia Harris
62696,13044,27.614,Louis Sun
62697,19104,34.2219,Mary Howard
62700,11114,55.2169,Jennifer Hall
62701,17889,662.9779,Dennis Li
62702,13405,2715.3497,Xavier Perry
62703,15693,2535.964,Aaron Edwards
62704,11720,59.659,Brianna Anderson
62705,11157,6.9394,Kaitlyn Lee
62710,11500,33.139,Destiny Harris
62713,19888,132.5779,Byron Ortega
62714,20107,77.339,Alyssa Stewart
62715,13423,14.2987,Xavier Washington
62716,18663,15.4479,Christopher Johnson
62718,16652,54.1119,Connor Scott
62719,14563,44.1779,Bryan Ramirez
62720,13874,85.0519,Ian Perry
62721,13381,79.5269,Oscar Hughes
62722,20724,27.614,Amy Guo
62723,17991,81.7258,Christian Jones
62731,11658,54.1229,Pedro Subram
62732,11642,82.8529,Pedro Malhotra
62733,12515,9.934,Samantha Bennett
62734,12746,76.2119,Alexis Barnes
62735,14453,2653.0498,Xavier Peterson
62736,14473,2666.8954,Lawrence Ortega
62737,11343,2698.4432,Rachel Davis
62738,20249,1939.2529,Derek Jai
62739,11030,2563.589,Julia Johnston
62740,13343,2653.1161,Willie Liu
62745,16220,622.0708,Tina Gonzalez
62746,19884,1313.2483,Christine Chande
62747,20061,1297.8004,Donald Perez
62750,11097,2673.0613,Roy Malhotra
62751,11932,103.8369,Elizabeth Rodriguez
62752,15241,32.0229,Damien Beck
62753,14008,32.0229,Chase James
62754,16632,33.139,Nathan Hill
62755,18705,62.9519,Erika Torres
62756,16709,83.9469,Nathan Scott
62758,14231,65.1729,Isaac Sandberg
62759,11458,8.7848,Nicole Martin
62760,18299,2.5305,Jorge Zhao
62762,17827,1939.2529,Dana Gill
62763,17830,1934.8329,Dana Serrano
62764,17928,1918.2579,Dennis Cai
62766,14141,927.6033,Louis Zhang
62767,12873,2602.2529,Tristan Patterson
62768,12378,2535.964,Lacey Zhao
62769,12860,2668.564,Rafael Lal
62770,11174,6.9394,Roy Ramos
62775,11331,38.9292,Grace Lee
62778,11223,54.6754,Isabella Moore
62781,15536,86.7204,Pamela Sai
62786,14097,62.9519,Lori Alvarez
62787,16586,77.339,Luis Scott
62788,15045,54.6754,Marcus Blue
62789,15098,42.9624,Juan Murphy
62790,14152,79.5269,Louis Yang
62795,11672,65.7365,Pedro Gonzalez
62796,11646,65.7365,Pedro Arun
62797,13268,41.2055,Carson Alexander
62798,11824,44.189,Victoria Garcia
62799,14370,82.8529,Anne Romero
62800,16380,79.5269,Latoya Yuan
62801,19662,83.9469,Grace Butler
62802,19737,687.2658,Rachel Price
62804,12094,2634.5963,Kelli Deng
62805,12075,2602.264,Kelli Zhu
62806,20247,2738.5657,Derek Shan
62807,12252,623.1758,Emily Martinez
62808,13958,2658.0444,Seth Jenkins
62809,13643,2580.1419,Edward Long
62811,20684,1911.6169,Morgan Howard
62813,11480,612.1369,Destiny Williams
62815,11895,2673.0613,Emma Hall
62816,14300,995.9918,Cody Ward
62818,11462,2673.0613,Jenny Liang
62822,11753,11.039,Ross Sai
62823,13983,38.664,Seth Gonzales
62824,14233,55.239,Jesse Sanders
62825,16442,2740.3337,Misty She
62826,15625,2587.8769,Jimmy Ruiz
62827,13557,2621.0158,Miguel Long
62828,15623,2658.0444,Damien Anand
62829,11520,69.5929,Destiny Hall
62830,11024,15.7242,Chloe Walker
62831,11619,34.5534,Lauren Jones
62834,11276,28.1554,Natalie Martin
62839,18658,65.1729,Diana Gutierrez
62840,17837,81.7258,Nathan White
62841,17758,35.6584,Logan Thomas
62842,19062,88.3448,Craig Alonso
62846,17710,54.1119,Margaret Lin
62847,16666,90.0133,Alison Nara
62848,13228,62.9519,Roger Liu
62849,13297,24.2879,Gavin Patterson
62850,12067,82.8529,Abigail Rodriguez
62851,14634,927.6254,Clinton Blanco
62852,14610,850.2865,Clinton Alvarez
62854,15023,2630.4194,Renee Ramos
62855,14457,2607.2033,Lawrence Gill
62856,14438,2598.9158,Adrian Peterson
62857,12027,2580.1419,Alisha Chander
62858,12030,2643.1158,Alexis Hall
62859,20430,2738.5657,Julia Russell
62860,20447,2715.3497,Corey Shen
62861,20253,2715.3497,Carol Cooper
62863,16161,719.2998,Elijah Campbell
62864,13160,2624.3529,Edwin Zhu
62865,13638,2612.1758,Edward Perry
62867,12710,2673.0613,Kayla Coleman
62868,19704,1263.5233,Kristina Rana
62871,14186,2688.5092,Sabrina Blanco
62872,13584,2710.6092,Blake Bennett
62873,11765,2732.7203,Ross Sara
62875,11223,97.7483,Isabella Moore
62876,11300,38.664,Marshall Shen
62878,15132,102.7208,Angel Bailey
62879,15123,34.5534,Ian Murphy
62880,17236,35.6694,Terry Jai
62883,13159,136.9979,Edwin Sun
62886,12219,2639.8008,Emily Johnson
62887,15084,2650.3094,Timothy Murphy
62888,11620,2.5305,Lauren Brown
62889,11507,55.239,Marshall Jai
62890,11848,55.239,Warren Liu
62896,11300,119.8483,Marshall Shen
62900,19694,77.339,Kristina Sai
62901,12182,5.514,Dawn Gao
62902,16644,5.514,Samuel Green
62903,15773,71.2394,Billy Ortega
62904,14000,93.8366,Joy Moreno
62905,14035,72.8858,Tanya Gill
62906,17853,33.1279,Ryan Harris
62907,20582,157.4073,Kristin Jai
62908,13664,16.5529,Javier Ortega
62910,18007,43.0729,Abby Garcia
62911,16321,99.4169,Gloria Diaz
62912,12554,32.034,Alejandro Chander
62913,14528,5.514,Carlos Ramirez
62914,17087,68.8084,Logan King
62915,11285,138.6444,Ruben Ramos
62916,11229,46.7194,Ruben Rodriguez
62917,11205,38.675,Morgan Hall
62918,11729,138.0919,Brianna Thompson
62919,12195,128.6883,Arthur Washington
62920,12545,55.239,Samantha Bryant
62921,11573,38.664,Damien Tang
62922,14640,897.7241,Clinton Suarez
62923,12110,2552.5169,Jessica Martinez
62924,14472,2766.1023,Mason Gray
62925,14477,2587.8769,Jonathon Jimenez
62926,11334,2673.0613,Christy Li
62927,14183,2644.3313,Brian Kelly
62928,16199,2673.0613,Timothy Campbell
62930,20456,2708.6865,Jennifer Rivera
62931,20608,2715.3497,Katie Xu
62932,13133,2591.1808,Fernando Diaz
62933,13620,2629.8006,Walter Ortega
62934,13630,2618.0102,Briana Dominguez
62935,13955,2622.6844,Seth Ross
62939,20481,1293.3804,Corey Raji
62940,20526,1293.3804,April Deng
62941,19829,1280.0983,Lindsay Sharma
62942,17533,1918.2579,Brittney Chen
62944,13540,606.6229,Miguel Bennett
62946,11960,38.664,Alisha Sun
62947,15261,19.0834,Heidi Sara
62948,15803,38.664,Troy Srini
62949,17228,55.239,Jose Jones
62950,19622,40.0784,Cassandra Srini
62951,17892,669.5748,Hunter Jones
62952,17890,632.0158,Ethan Lewis
62953,20048,2699.9018,Donald Garcia
62955,19323,885.9559,Cory Malhotra
62956,13840,915.4594,Marcus Washington
62957,11287,59.659,Ruben Carlson
62958,11176,6.9394,Morgan Miller
62961,11200,40.432,Morgan Lewis
62964,19777,132.5779,Rachel Gonzales
62965,20501,71.8029,Jennifer Barnes
62969,16765,5.514,Candice Guo
62971,20341,62.9519,Julia Rogers
62972,14787,104.4004,Roberto Ruiz
62973,20143,35.6694,Ronald Martinez
62978,14804,76.2119,Cody Cox
62979,13988,82.8529,Joanna Gill
62980,13594,49.7029,Blake Jenkins
62981,14745,997.2183,Danny Ruiz
62982,14603,2580.1419,Micheal Rubio
62983,14481,2607.7779,Jonathon Munoz
62984,12118,2680.6527,Kelli Sharma
62985,12785,2535.964,Rafael Chen
62986,14411,2607.7779,Lee Gutierrez
62988,11433,1402.0682,Jenny Chen
62989,15032,1934.8329,Adrian Bell
62991,20611,2699.9018,Katie Yuan
62996,17497,1897.5723,Valerie Zhou
62997,17034,1934.8329,Kevin Hernandez
62998,11547,635.3529,Barbara Wu
62999,11359,913.2383,Christy Gao
63003,11287,9.934,Ruben Carlson
63004,13138,27.614,Edwin Lin
63005,14854,70.6869,Lance Alonso
63006,15234,27.614,Sabrina Martin
63007,15715,27.614,Marc Ramos
63008,14019,27.614,Tanya Munoz
63011,11757,6.9394,Olivia Moore
63012,17333,9.934,Thomas Smith
63013,12006,27.0615,Alexis Moore
63015,12254,2640.9058,Colleen Chen
63016,12220,2621.0158,Dawn Shan
63017,15117,2646.4198,Jill Sandoval
63019,15507,42.9624,Chase Cook
63020,12107,38.6529,Jessica Thompson
63023,20474,55.2169,Corey Nara
63024,18921,104.4004,Whitney Rodriguez
63025,16010,8.0444,Bobby Saunders
63026,15202,14.2987,Sean Rivera
63027,14358,50.7748,Cody Torres
63028,13931,24.2879,Lucas Simmons
63030,19927,5.514,Kathryn Goel
63031,19273,44.1779,Brianna Gonzales
63036,11509,216.9005,Carol Robinson
63038,11803,171.7944,Victoria Wilson
63039,14184,76.2119,Nathaniel Kelly
63040,13505,65.1508,Colin Chander
63041,12260,65.1729,Colleen Huang
63042,12120,2574.639,Kelli Shan
63043,12121,2616.5627,Jessica Hall
63044,12435,2587.8769,Jon Jai
63045,12783,2674.6083,Alexis Diaz
63046,14392,2535.964,Isaiah Peterson
63047,17198,2649.8453,Hunter Garcia
63055,20459,1276.8054,Corey Yuan
63056,17565,1934.8329,Connor Allen
63058,11761,2644.3313,Ross Prasad
63062,19972,39.4706,Nicole Hughes
63065,20153,15.4479,Shannon Gill
63068,19618,98.3119,Grace Peterson
63069,12275,2612.1758,Colleen Lu
63070,14997,624.3029,Alex Bell
63071,11722,86.7204,Brianna Thomas
63072,11185,69.5929,Morgan Jackson
63073,11506,4.409,Carol Martinez
63077,12056,77.3169,Kelli Yang
63081,18081,33.139,Christian Lewis
63083,11506,104.4004,Carol Martinez
63085,20498,14.2987,Keith Kumar
63086,14376,79.5269,Anne Gill
63087,13861,24.2879,Desiree Dominguez
63088,15245,34.2219,Isaac Sanchez
63089,17846,77.3169,Kelvin Zhao
63090,12748,55.2169,Alexis Ross
63091,14968,54.1119,Charles Morgan
63094,12077,55.5042,Kelli Gao
63095,11821,112.0912,Ross Blanco
63096,20543,2754.0136,Jennifer Diaz
63097,15953,635.3529,Kevin Roberts
63098,19722,648.0383,Cynthia Kapoor
63103,20261,1918.2579,Chloe Torres
63108,13113,2607.7779,Fernando Long
63109,13126,2613.2919,Edwin Liu
63110,13616,2596.6616,Walter Suarez
63112,20436,1253.5894,Julia Diaz
63115,11096,2644.3313,Jennifer Jackson
63116,11754,2700.1228,Ross Arun
63294,12582,27.614,Ashley Patterson
63295,19608,28.1554,Cassandra Patel
63297,12715,8.0444,Kayla Long
63298,14185,2810.5012,Chase Kelly
63299,15061,662.9779,Paula Navarro
63300,17187,2552.5169,Naomi Martin
63301,15924,2643.1158,Timothy Perez
63302,16824,2612.1869,Mario Rai
63303,11467,27.614,Nicole Rodriguez
63304,11519,97.1958,Jenny Nath
63305,11519,44.1779,Jenny Nath
63307,11300,33.1279,Marshall Shen
63309,18756,47.4377,Natasha Dominguez
63310,15378,77.339,Nathaniel Rogers
63313,16677,15.4479,Jack Hill
63314,15945,8.0444,Manuel Martinez
63316,14748,138.114,Marcus Richardson
63317,16017,66.2779,Robert Turner
63318,14111,85.0519,Angel Brooks
63319,14241,93.8366,Brian Sanders
63320,16397,71.7919,Latoya Chande
63321,19248,162.7444,Brianna Jenkins
63329,11137,216.9005,Kaitlyn Jackson
63330,11719,38.675,Brianna Taylor
63331,17409,165.6727,Thomas Moore
63333,13334,79.5048,Julian Powell
63334,11579,48.5979,Barbara Hu
63335,18947,888.9504,Chelsea Subram
63336,19738,668.4808,Cynthia Saunders
63337,15994,672.9008,Mason Roberts
63338,15419,2563.589,Evan Reed
63339,15491,2650.3094,Rachael Chandra
63340,12448,2582.6834,Jon Nara
63341,12452,2604.7944,Jon Rai
63342,15388,2591.1808,Brenda Rodriguez
63344,11413,923.0176,Jill Martinez
63346,15033,1907.2079,Renee Sanz
63347,18255,2750.2677,Christopher Clark
63348,20629,2742.8642,Katie Chapman
63349,14071,2563.589,Nathaniel Watson
63350,14215,2615.4798,Xavier Kelly
63356,20660,1303.8669,Lindsey Kumar
63357,17677,1918.2579,Samuel Martin
63360,11417,606.6229,Jasmine Clark
63361,18125,2634.3974,David Williams
63362,15692,2673.0613,Marc Munoz
63363,14685,30.1444,Dalton Cooper
63364,18299,33.0727,Jorge Zhao
63366,14518,69.5929,Mathew Munoz
63367,13605,2738.5657,Blake Washington
63368,14170,937.5594,Angel Kelly
63369,17182,2596.7279,Carlos Wright
63370,17188,2596.7279,Tony Pal
63371,16595,2538.4944,Nichole Yuan
63372,13679,2602.264,Rodney Alonso
63373,11621,2.5305,Barbara Nara
63377,19804,136.9979,Alicia Rai
63378,14077,76.2119,Melinda Vazquez
63379,16009,104.4004,Nathan Turner
63381,17507,76.2119,Valerie Xu
63382,17152,14.2987,Mitchell Nara
63383,18665,75.0627,Diana Gill
63384,18069,5.514,Alexander Smith
63387,20764,8.0444,Crystal Lu
63388,14620,5.514,Clinton Alonso
63389,16544,32.0229,Sean Mitchell
63400,12518,9.934,Alejandro Zeng
63401,17422,106.0137,Thomas Thomas
63402,12273,55.239,Hannah Brown
63403,15429,2637.8671,Diane Hernandez
63404,15371,2647.5358,Brenda Rana
63405,17209,2634.3974,Tony Raji
63409,11033,2602.2529,Julia Jones
63410,14038,2626.5408,Seth James
63411,13970,2624.3529,Joanna Ashe
63415,19989,1238.1415,Nicole Bryant
63416,17609,1907.2079,Stacey Xu
63422,18130,2634.3974,Alexander Jones
63423,11909,2688.5092,Elizabeth Davis
63424,14102,835.7447,Joy Gutierrez
63425,17247,944.1673,Kevin Lopez
63426,17195,2574.9042,Robert Thomas
63427,18125,2602.264,David Williams
63428,17185,2591.1808,Tony Jai
63429,11211,15.4479,Ruben Prasad
63430,11940,38.664,Alisha Chen
63431,11200,120.9644,Morgan Lewis
63432,11782,120.9644,Olivia Clark
63434,16172,104.3783,Connor Campbell
63435,18292,40.8408,John Brown
63436,18283,132.5448,Zachary Williams
63439,17284,65.1729,Naomi Alvarez
63440,19629,54.1119,Grace Brooks
63444,14641,38.5535,Clinton Sandberg
63445,17482,77.3169,Jose Hall
63446,20274,77.339,Bradley She
63447,18383,15.4479,William Johnson
63449,12959,70.6869,Jaclyn She
63450,18915,104.4004,Joseph Davis
63452,17155,15.4479,Thomas Wright
63453,16014,8.0444,Bobby Raman
63455,19827,24.2879,Jasmine West
63456,16577,82.8529,Gloria Serrano
63457,12491,95.6709,Sarah Lewis
63458,17797,71.7919,Logan Robinson
63459,13665,16.5529,Edward Hayes
63460,17823,44.4542,Ethan Williams
63461,19390,5.514,Shane Fernandez
63464,14809,40.0784,Sheila Rowe
63466,11203,49.9902,Morgan Walker
63467,12029,60.7419,Alisha Rai
63468,11384,54.1119,Jasmine Johnson
63469,14646,927.6033,Jamie Jimenez
63470,14649,997.2183,Brian Cooper
63471,12442,2566.1194,Ashley Robinson
63472,13143,2657.4919,Spencer Henderson
63473,15345,2562.4508,Jillian Perez
63474,16754,2610.3084,Jesse Adams
63481,14224,2566.1194,Isaiah Sanders
63482,18193,626.8334,Benjamin Garcia
63483,11999,2580.1419,Alisha Xu
63484,11996,2643.0937,Alisha Xie
63485,14063,2602.264,Sean Watson
63490,20674,1263.5233,Morgan Rivera
63491,20675,1276.8054,Lindsey Nath
63492,20653,1276.8054,Lindsey Xu
63493,11394,2673.0613,Jill Moore
63494,11398,2673.0613,Christy Lal
63495,17221,2698.4432,Hunter Lopez
63496,15691,2634.3974,Luis Edwards
63497,11185,54.1119,Morgan Jackson
63498,11287,65.7254,Ruben Carlson
63499,17073,55.239,Johnny Moyer
63500,12715,2.5305,Kayla Long
63501,18492,178.2255,Tyler Martin
63502,16683,36.023,Jackson Hill
63504,13575,2715.3497,Miguel Alexander
63505,14192,2748.4997,Cole Kelly
63506,16585,2574.6279,Eric Lopez
63507,12095,9.934,Jessica Taylor
63508,12117,132.6,Jessica Lee
63510,11632,44.1779,Lauren Taylor
63514,15564,95.6709,Luke Parker
63516,11091,127.0308,Jennifer Taylor
63520,18874,77.339,Brandy Perez
63521,18417,44.1779,Larry Hernandez
63522,16905,5.514,Jerry Pal
63523,15919,77.339,Isaac Perez
63525,19250,34.5534,Miguel Severino
63526,17884,33.1279,Carrie Ortega
63527,19492,6.9394,Emma Cook
63528,12726,109.3508,Kayla Washington
63530,15340,44.189,Jillian Gonzalez
63531,19814,651.9279,Lindsay Simpson
63532,15482,2587.3133,Diane Moreno
63533,12755,2674.5973,Omar Andersen
63534,15097,2720.0128,Jill Travers
63535,17199,2671.9453,Tony Natsuhara
63538,14216,2602.2529,Krista Jimenez
63539,14058,2538.4944,Damien Chande
63544,17620,1879.594,Stacey Liang
63546,11420,2688.5092,Christy Rai
63547,11910,2671.9453,Elizabeth Miller
63549,12002,2666.4313,Alexis Miller
63550,12339,2673.0613,Colleen Nara
63551,11176,31.4704,Morgan Miller
63552,16733,34.5534,Martin Malhotra
63553,14312,27.614,Ian Ward
63554,18266,41.1834,Christopher Walker
63555,15253,9.934,Brian Sanchez
63558,15004,696.1058,Renee Alonso
63559,17950,1914.1473,Abby Raman
63560,12290,2535.964,Colleen Harrison
63561,16580,2636.4748,Jack Lopez
63562,15676,2610.3084,Marc Martin
63563,11731,38.664,Pedro Suarez
63564,11212,59.659,Marshall Cai
63565,14096,86.7204,Richard Watson
63569,11519,81.7258,Jenny Nath
63574,20533,35.2716,Jennifer Foster
63575,14661,26.4869,Jamie Torres
63576,17471,44.1779,Cameron Harris
63578,15382,114.3454,Sebastian Rogers
63579,14918,14.2987,Ian Cook
63580,16714,71.2394,Francisco Lopez
63581,19001,24.2879,Orlando Suarez
63582,18686,24.2879,Joan Martin
63584,12598,37.5479,Clayton Xu
63585,13786,5.514,Richard Hughes
63588,11305,82.8529,Grace Miller
63589,16837,94.4554,Logan Adams
63590,18523,35.3269,Leslie Romero
63591,12937,83.9469,Jaclyn Gao
63592,16005,106.5883,Jonathan Turner
63593,12597,9.934,Ashley Alexander
63594,11411,42.5094,Marshall Yuan
63595,12595,9.934,Clayton Lu
63596,14722,850.2865,Hector Torres
63597,15916,2577.1694,Manuel Kapoor
63598,15196,2625.9773,Evan Rivera
63599,15349,2604.4298,Jeremiah Morris
63600,15059,929.6476,Dalton Bell
63601,14195,2644.3313,Sabrina Rubio
63603,12571,629.8169,Clayton Wagner
63604,14214,2535.964,Krista Alvarez
63605,14032,2617.6898,Tanya Torres
63606,14050,2602.2529,Isaiah Watson
63611,20686,1272.6948,Morgan Ward
63612,20699,1336.4644,Morgan Kelly
63613,20700,1374.0012,Amy Chow
63614,17147,1879.594,Robert Wright
63615,17659,1889.5279,Sandra Ye
63616,17662,1949.1869,Sandra Lu
63621,13150,59.9463,Robyn Gill
63622,17066,34.5534,Johnny Chander
63623,20267,55.2169,Derek Nath
63624,19807,23.7465,Alicia Beck
63627,15239,65.7254,Heidi Kapoor
63628,18194,9.934,Todd Li
63629,14524,905.5254,Dalton Gray
63630,17937,691.1444,Vincent Wang
63631,16594,2602.2529,Carlos Lopez
63632,11500,59.659,Destiny Harris
63634,11331,32.0229,Grace Lee
63636,11091,28.1554,Jennifer Taylor
63638,14091,71.7919,Cody West
63646,20379,136.9979,Julia Sanders
63648,17598,44.1779,Stacey Lin
63649,17599,15.4479,James Brown
63652,13457,62.9519,Colin Ma
63653,13937,94.4554,Lucas Russell
63654,19068,71.7919,Craig Gutierrez
63660,12325,108.2458,Madison Moore
63662,11164,153.0204,Morgan Smith
63663,11163,46.7194,Roy Torres
63664,13539,11.039,Jon Lin
63665,12591,55.2169,Ashley Simmons
63666,14653,937.5594,Nathaniel Cooper
63667,12777,2566.1194,Alexis Bryant
63668,16103,2596.7279,Kristopher Srini
63669,12756,2574.6279,Alexis Perry
63670,12492,858.9607,Alejandro Lu
63671,15077,858.9607,Jill Gomez
63676,17904,1276.8054,Dennis Ye
63678,20628,2738.5657,Kaitlyn Flores
63679,14211,2640.9058,Ian Kelly
63681,13460,2649.8453,Dalton Perry
63686,20650,1297.8004,Lindsey Xie
63687,20709,1911.6169,Dwayne Ortega
63689,18133,2634.3974,Randy Zhang
63691,15241,25.3377,Damien Beck
63692,15147,65.7254,Patrick Bailey
63693,16733,4.409,Martin Malhotra
63694,13004,175.695,Emily Washington
63695,20149,2725.2836,Phillip Suri
63697,17891,1918.2579,Dennis Liu
63699,17940,1879.594,Ethan Jackson
63700,16277,915.4594,Casey She
63701,13680,2618.8169,Wyatt Powell
63702,17209,2602.2529,Tony Raji
63703,13661,2580.1419,Edward Griffin
63704,12265,2636.4748,Colleen Wu
63705,11185,30.1444,Morgan Jackson
63706,11500,43.0729,Destiny Harris
63709,14566,87.2508,Micheal Munoz
63711,18981,87.2729,Veronica Prasad
63712,18473,140.6444,Brandi Ashe
63713,15270,44.1779,Steven Sanchez
63714,19541,109.3508,Monica Sai
63716,13757,96.0908,Eduardo Alexander
63717,13371,79.5269,Oscar Henderson
63718,13512,77.339,Colin Raji
63719,12509,36.023,Madison Russell
63720,19251,30.1444,Brianna Perry
63721,17749,77.3169,Susan Wu
63722,12729,40.0784,Kayla Foster
63724,18186,59.6258,Todd Zhang
63725,11187,44.189,Morgan Harris
63726,15847,94.4554,Kellie Gomez
63727,16022,651.9058,Thomas Turner
63728,15364,2653.0498,Brenda Prasad
63729,15367,2646.4419,Jesse Rogers
63730,15321,2574.639,Cole Morris
63732,15041,1939.2529,Gina Ruiz
63733,17909,1307.7344,Ethan Wilson
63736,11995,2658.0444,Alexis Jones
63737,11034,2535.964,Joe Perez
63738,14030,2668.564,Richard James
63740,13440,2694.0563,Colin Zhou
63742,20677,1308.8283,Lindsey Becker
63743,17608,1879.594,Stacey Lu
63744,17615,1949.1869,James Jackson
63745,17661,1889.5279,Clarence Zhang
63748,11250,651.9058,Natalie Smith
63749,16206,2673.0613,Gabriel Baker
63750,11988,2644.3313,Kayla Hall
63751,11989,2634.3974,Alisha Deng
63755,12010,2700.1228,Alexis White
63756,12039,2700.1228,Alisha Raji
63757,14147,905.5254,Charles Brooks
63758,20621,2806.0591,Karen Perry
63759,15025,27.614,Renee Carlson
63760,16606,35.6694,Nichole Shan
63762,12665,8.0444,Elizabeth Jenkins
63763,14998,679.5308,Evan Bradley
63764,20060,2699.9018,Donald Sanchez
63765,16513,2749.1185,Kelsey Shan
63766,16260,905.5033,Denise Martinez
63767,14167,915.4594,Sabrina Jimenez
63768,17199,2649.7348,Tony Natsuhara
63769,11747,59.659,Olivia Johnson
63770,11300,2.5305,Marshall Shen
63771,11300,31.4704,Marshall Shen
63779,19720,87.2729,Cynthia Suri
63780,18382,146.9319,Jésus Romero
63781,20094,15.4479,Destiny Simmons
63782,17172,75.6815,Tony Xu
63783,14027,24.2879,Eduardo James
63787,11697,99.4279,Megan Martinez
63788,11941,44.189,Alisha Li
63789,13534,55.2169,Jeremiah Diaz
63790,13609,11.039,Walter Serrano
63791,15483,2582.6834,Evan Cook
63792,12771,2574.6279,Omar Nath
63793,16654,2547.0029,Gloria Sanz
63795,15354,2644.3313,Angel Rogers
63800,13971,2552.5169,Seth Flores
63801,14020,2566.1194,Adrian James
63810,17574,1889.5279,Eric Allen
63811,17617,1939.2529,Cameron Johnson
63812,17660,1895.0419,Sandra Zhao
63813,17568,1895.0419,Brittney Guo
63817,11952,2649.8453,Kayla Miller
63819,11100,2649.8453,Roy Sai
63820,11967,2673.0613,Alisha Gao
63823,12383,2563.589,Samantha Harris
63824,13563,2618.8058,Miguel Flores
63825,12992,127.0308,Robyn Munoz
63828,12704,31.4704,Omar Zhu
63829,11146,59.659,Kaitlyn Martinez
63830,17929,1895.0419,Benjamin Lee
63832,14148,915.4594,Joy Dominguez
63833,16827,2612.1758,Timothy Green
63834,11277,2.5305,Ruben Vazquez
63835,15244,4.409,Heidi Patel
63836,11262,43.3381,Natalie Wilson
63837,11280,2.5305,Marshall Deng
63839,11277,28.1554,Ruben Vazquez
63845,18852,136.9979,Matthew Clark
63846,18669,77.339,Daniel Miller
63847,17602,5.514,Austin Lee
63848,14635,41.1171,Alex Cooper
63850,14001,118.1908,Joanna Suarez
63852,13940,94.4554,Lucas Diaz
63853,16187,33.0727,Tina Malhotra
63854,20715,216.8784,Amy Zhao
63856,11557,23.7465,Alyssa Rodriguez
63858,11770,46.7194,Ross Subram
63859,12445,24.2879,Ashley Rodriguez
63860,12223,38.664,Warren Hu
63861,19740,651.9058,Cynthia Rana
63862,15200,2607.7779,Jesse Rivera
63863,11353,2644.3313,Marshall Sutton
63867,17735,1297.8004,Zachary Lewis
63869,20625,2708.6865,Kaitlyn Hughes
63870,18188,2778.9977,Todd Wang
63873,20703,1918.2579,Morgan Price
63878,12004,2673.0613,Alisha Lal
63879,12337,2644.3313,Madison Martin
63880,18130,2607.2033,Alexander Jones
63881,17206,2535.964,Tony Black
63882,12201,8.7848,Dawn Stone
63883,15131,34.5534,Carlos Bailey
63884,14314,70.6869,Seth Ward
63885,16023,77.3169,Bob Fernandez
63886,16680,77.3169,Francisco Kapoor
63887,18221,40.8408,Brandon Taylor
63889,15581,55.2169,Isaiah Parker
63890,11098,59.659,Jennifer White
63891,17298,59.659,José Miller
63892,14313,130.9315,Lucas Ward
63894,11142,59.659,Kaitlyn Thompson
63895,11204,2.5305,Ruben Madan
63896,11619,8.0444,Lauren Jones
63897,11277,98.3119,Ruben Vazquez
63900,14244,55.2169,Krista Suarez
63901,18055,118.1798,Justin Wilson
63902,19528,87.2729,Emma Kelly
63903,17440,5.514,Leah Chen
63904,18933,66.2779,Chelsea McDonald
63905,11185,114.3454,Morgan Jackson
63906,19906,15.4479,Nicole Rivera
63907,20721,27.614,Amy Ma
63908,19079,27.614,Megan Rogers
63909,19061,71.7919,Lauren Foster
63912,11469,28.1554,Nicole Lewis
63915,14554,119.8483,Nathaniel Ramirez
63917,12551,28.1554,Samantha Diaz
63918,11087,41.2055,Jennifer Davis
63919,11699,65.4934,Megan Clark
63920,12400,76.2119,Lacey Zeng
63921,18355,89.4608,Zachary Miller
63922,12472,55.239,Alejandro Liu
63923,13714,651.9058,Devin Simmons
63924,12769,2618.8169,Alexis Butler
63925,15302,2598.9158,Paula Rubio
63926,15997,2610.3084,Bob Chapman
63927,16000,2646.3535,Bobby Van
63928,12761,2597.8108,Omar Chander
63929,15417,2582.6834,Candace Prasad
63930,12773,2574.6279,Omar Goel
63931,16810,2566.1194,Mason Green
63937,14225,2547.0029,Joy Serrano
63941,20645,1263.5233,Kaitlyn Diaz
63942,17614,1879.594,James Thomas
63944,11964,2700.1228,Alisha Zhu
63945,14066,838.2751,Patrick Watson
63946,17240,891.4698,Kyle Lopez
63948,16705,38.6529,Francisco Subram
63952,17076,82.3004,Johnny Raji
63953,19085,2.5305,Megan Blue
63954,14685,60.764,Dalton Cooper
63955,15063,613.2419,Gina Vazquez
63957,16275,927.6254,Caleb Gonzalez
63958,15931,2590.0758,Manuel Sara
63959,15933,2538.4944,Logan Roberts
63960,16575,2590.0758,Jonathan Green
63962,11619,28.1554,Lauren Jones
63965,11724,16.5529,Brianna White
63966,18822,132.5779,Matthew Davis
63969,13858,79.5048,Desiree Torres
63972,18623,41.1834,Ram Thirunavukkarasu
63973,13179,46.7194,Spencer Hayes
63974,14561,41.2055,Cole Ramirez
63975,11184,68.4769,Roy Rubio
63976,11800,46.7194,Victoria Miller
63977,14660,982.8644,Jamie Gutierrez
63978,16019,634.2479,Kellie Gutierrez
63979,16906,2607.7779,Luis Young
63980,15369,2591.1808,Timothy Rogers
63981,12599,1357.8572,Ashley Russell
63985,14065,2566.1194,Melinda Navarro
63990,17600,1961.8944,Austin Lewis
63994,14671,953.5598,Jamie Serrano
63995,12003,2742.6542,Alisha Kumar
63996,20622,2830.2586,Kaitlyn Powell
63997,11631,15.4479,Lauren Moore
63998,11962,75.1069,Kayla Anderson
63999,16175,34.5534,Jordan Campbell
64000,14311,70.6869,Kristy Ruiz
64001,17724,40.8408,Clarence Li
64003,15026,5.514,Cole Bell
64005,14237,65.1729,Krista Ramos
64006,13956,55.239,Seth Henderson
64007,13592,2738.5657,Walter Navarro
64008,11185,65.7254,Morgan Jackson
64009,11502,91.1294,Jenny Pal
64018,14658,36.023,Sebastian Cooper
64021,12074,86.1458,Kelli Sun
64022,18873,142.5119,Brandy Sanchez
64023,20016,146.9319,Tara Goel
64024,19012,132.5779,Nicholas Robinson
64026,14383,62.9519,Seth Torres
64027,14786,73.9908,Bryce Cox
64035,14662,997.7929,Bryan Cooper
64036,13027,2562.7823,Hannah Ross
64037,15346,2723.0073,Brenda Suri
64038,15404,2576.8048,Ian Rogers
64041,13529,2810.5012,Jeremy Bryant
64042,11032,2651.1492,Joe Sanchez
64046,18651,671.7958,Christopher Smith
64049,15699,2743.7482,Luke Edwards
64055,15242,30.1444,Paula Carlson
64056,17058,33.139,Johnny Jai
64061,15577,65.7254,Ricky Diaz
64062,15142,125.3844,Kendra Munoz
64063,19585,32.034,Grace Sanchez
64064,17317,9.934,Alan Xu
64065,15002,662.9779,Mason Blue
64066,11428,1939.2529,Christy Raji
64067,17900,1934.8329,Dennis Lin
64068,14186,2740.3337,Sabrina Blanco
64069,17792,909.9233,Nathan Brown
64070,16829,2595.6008,Mario Goel
64071,16822,2547.0029,Mario Chander
64072,16603,2636.4748,Alex Lopez
64073,12012,27.614,Alexis Harris
64074,11310,2.5305,Lacey Nara
64075,11631,5.514,Lauren Moore
64079,11185,79.0959,Morgan Jackson
64083,14480,55.2169,Jonathon Moreno
64085,13231,16.5529,Roger Yang
64086,18946,77.339,Joseph Martin
64087,12140,15.4479,Kelli Becker
64088,16153,44.1779,Molly Subram
64090,14435,89.4608,Lawrence Alvarez
64091,13803,205.8394,Linda Jimenez
64092,14932,109.3508,Carlos Morgan
64097,11128,99.4058,Roy Lopez
64098,11804,82.8529,Warren Wang
64099,13215,79.5048,Antonio Foster
64100,20638,2738.4552,Katie Goel
64101,16061,654.4584,Andre Prasad
64102,15348,2669.0833,Dalton Morris
64105,12570,668.4808,Clayton Zhang
64106,14070,2563.589,Melinda Torres
64107,14051,2563.589,Melinda Hernandez
64108,13965,2646.4419,Seth Long
64113,20765,1303.8669,Francis Ruiz
64116,11800,38.664,Victoria Miller
64117,20415,15.4479,Peter Kumar
64120,17290,69.5929,Noah Jones
64121,16622,40.432,James Hill
64122,12344,27.0615,Madison Robinson
64123,17885,1879.594,Dennis Zhang
64126,17191,2574.6279,Alex Wright
64127,12279,2647.5358,Colleen Zhu
64128,12874,2599.2584,Tristan Hughes
64129,12280,2591.1808,Hannah Moore
64131,11619,55.239,Lauren Jones
64134,11711,35.6584,Brianna Jones
64139,19686,77.339,Kristina Suri
64140,15326,191.1429,Bryan Morris
64141,16359,8.0444,Katrina Nath
64142,16457,165.7279,Isaac Carter
64143,17832,27.614,Dana Carlson
64144,20599,35.6584,Katie Deng
64149,16386,44.1779,Latoya Shan
64151,12100,133.1304,Jessica Jackson
64152,12413,46.7194,Ashley Brown
64153,12952,40.8408,Jaclyn Cai
64154,14727,954.6869,Hector Blanco
64155,15493,2560.2519,Rachael Vance
64156,16987,2668.564,James Hernandez
64157,15379,2653.6023,Chase Rogers
64158,15398,2596.7279,Candace Patel
64159,15051,858.9607,Gina Moreno
64160,19339,1397.6482,Olivia Bennett
64161,17220,2644.3313,Hunter Clark
64165,11993,2582.6834,Warren Zhao
64166,14047,2566.1194,Jeremiah James
64169,20678,1276.8054,Morgan Cooper
64170,20647,1276.8054,Morgan Stewart
64171,17596,1934.8329,James Jones
64172,17572,1918.2579,Jack Allen
64173,17573,1918.2579,Adam Allen
64175,13260,596.689,Roger Guo
64176,14101,874.4086,Lori Moreno
64177,12009,2673.0613,Alexis Thomas
64178,11501,54.1119,Destiny Martin
64179,18300,33.139,Brandon White
64180,18192,32.0229,Christian Thompson
64181,20407,5.514,Julia Patterson
64182,18253,9.934,Christopher Robinson
64183,16589,2741.8144,Nichole Tang
64184,17948,665.1548,Ethan Martin
64185,16272,927.6254,Aaron Gonzalez
64186,12285,2640.9279,Colleen Guo
64187,15675,2580.1529,Noah Edwards
64188,11498,2.5305,Jenny Shan
64191,14084,59.0844,Garrett Watson
64192,11214,2.5305,Ruben Rana
64195,11300,23.7465,Marshall Shen
64196,13701,47.4819,Rodney Serrano
64199,20518,55.2169,Keith Goldberg
64200,19756,87.2729,Cynthia Sanchez
64201,13758,19.0834,Eduardo Russell
64202,17126,77.339,Mitchell Xie
64204,13752,26.8184,Eduardo Gonzales
64210,12150,38.675,Dawn Wang
64211,12905,79.5269,Aidan Henderson
64212,20545,2809.2526,Dwayne Dominguez
64213,14651,982.8644,Jamie Ashe
64214,15995,672.9008,Bobby Suri
64215,15167,2649.7348,Kendra Ramos
64216,15351,2576.8048,Brenda Chandra
64217,15329,2598.9158,Steven Morris
64219,15106,2732.7203,Bryan Murphy
64220,15036,1918.2579,Renee Rubio
64228,14045,2619.9108,Tanya Suarez
64229,11997,2629.8448,Alexis Brown
64231,13418,2694.0563,Willie Anand
64236,13660,2649.8453,Edward Russell
64240,20661,1297.8004,Lindsey Lal
64244,12001,2673.0613,Alisha Yuan
64245,13005,71.7919,Emily Butler
64246,11366,30.1444,Rachel Martinez
64249,16476,2799.9927,Misty Chande
64250,13595,2740.3337,Walter Gutierrez
64251,12487,2574.6279,Alejandro Ye
64252,15929,2618.8058,Jonathan Roberts
64253,11732,108.8315,Brianna Martinez
64254,11276,59.659,Natalie Martin
64255,11200,30.1444,Morgan Lewis
64258,11631,26.2769,Lauren Moore
64265,15879,77.3169,Allen Perez
64266,20542,103.2733,April Shan
64267,20409,16.5529,Julia Hughes
64270,17560,44.1779,Brittney Zhu
64271,15470,85.0408,Jeremy Reed
64272,14936,106.0137,Isaiah Morgan
64273,14826,44.1779,Carlos Howard
64274,15458,5.514,Eduardo Reed
64275,15609,30.1444,Noah Evans
64276,12126,30.6859,Kelli Andersen
64280,15572,24.2879,Ricky Martin
64281,15365,2606.9602,Isaac Rogers
64284,20626,2718.6205,Katie Raje
64288,19988,1276.8054,Nicole Gonzales
64289,20735,1238.1415,Amy Zeng
64290,14109,1879.594,Lori Romero
64291,17667,1945.3194,Logan Brown
64294,11977,2720.0128,Kayla Garcia
64295,14055,830.2307,Melinda Moreno
64296,12000,2732.7092,Alisha Luo
64297,17502,2754.0136,Jordan Hall
64298,14067,71.7919,Brian Watson
64299,19610,55.2169,Cassandra Van
64301,16729,33.0727,Martin Patel
64302,15603,16.5529,Ricky Vazquez
64303,16606,38.5535,Nichole Shan
64304,16167,36.023,Aaron Campbell
64305,16692,6.9394,Sean Hill
64306,17943,662.9779,Ethan White
64307,13577,2810.5012,Miguel Griffin
64308,19338,884.5083,Cory Rana
64309,17183,2552.5169,Robert Anderson
64310,12267,2535.964,Hannah Smith
64311,12256,2624.3529,Colleen Li
64312,15702,2574.6279,Adam Edwards
64313,11501,69.5929,Destiny Martin
64316,11176,34.5534,Morgan Miller
64317,11276,141.3848,Natalie Martin
64319,15826,37.5479,Kelvin Zhang
64324,20522,49.7029,Keith Raji
64325,11660,136.9979,Pedro Mehta
64327,18688,87.2729,Erika Gomez
64328,18343,44.1779,Frank Torres
64330,15513,44.1779,Cole Cook
64332,15744,14.2987,Billy Alonso
64334,18884,85.0519,Whitney Kovár
64335,14549,82.8529,Mathew Sanz
64339,16322,32.0229,Casey Raji
64341,17748,35.6694,Susan Huang
64342,12294,23.7465,Hannah Thompson
64344,13547,37.5479,Jon Zhao
64345,13516,32.034,Jeremy Patterson
64346,14955,37.5479,Juan Morgan
64347,14291,153.0204,Jared Ward
64348,11962,38.675,Kayla Anderson
64349,12022,41.2055,Alexis Rodriguez
64350,11415,15.4479,Christy Chande
64351,16836,2670.1773,Mario Ashe
64352,16491,2602.264,Misty Ashe
64353,15320,2618.8169,Sebastian Morris
64354,15380,2610.3084,Brenda Lopez
64355,16098,2591.1808,Kristopher Sai
64356,14429,2673.0613,Lee Oliver
64362,14046,2547.0029,Tanya Sanz
64363,14062,2624.3529,Jesse Watson
64364,13966,2646.4419,Wendy Ortega
64372,20654,1293.3804,Morgan Rogers
64373,17576,1934.8329,Austin Robinson
64376,11969,2710.6092,Warren Ye
64377,12373,2607.2033,Samantha Wilson
64378,11982,75.1069,Alisha Cai
64379,13008,30.1444,Emily Foster
64380,19617,28.1554,Cassandra Arthur
64385,19569,40.0784,Emma Simmons
64386,18717,2.5305,Michael Williams
64387,14853,9.934,Chase Howard
64388,11755,9.934,Olivia Miller
64390,17184,2626.5408,Tony Shan
64391,16831,2574.6279,Jonathan Adams
64392,14096,32.0229,Richard Watson
64393,11276,30.1444,Natalie Martin
64394,11769,30.6859,Olivia White
64395,18759,40.432,Joshua Johnson
64397,11300,42.9624,Marshall Shen
64398,18927,35.6694,Chelsea Suri
64399,19818,87.2729,Jasmine Ward
64400,17618,44.1779,Stacey Ma
64401,16900,8.0444,Jerry Johnsen
64403,15775,16.8292,Hector Gomez
64404,15522,29.8019,Steven Cook
64405,15313,8.0444,Jillian Saunders
64406,14742,8.0444,Danny Martin
64407,14850,44.1779,Lance Moreno
64409,19935,91.6819,Kathryn Ashe
64410,19513,27.614,Emma Ward
64411,19497,32.0229,Emma Murphy
64415,16590,54.1119,Robert Hill
64417,11300,121.5058,Marshall Shen
64418,12024,82.8529,Alexis Lee
64419,14175,120.4008,Mason Kelly
64420,11594,98.3229,Chloe White
64421,12320,38.664,Madison Davis
64422,16752,2776.1136,Martin Raman
64423,20640,2760.6657,Kaitlyn Bryant
64424,14645,927.6254,Sean Cooper
64425,19749,754.6266,Cynthia Fernandez
64426,15501,2668.564,Bryce Cook
64427,15481,2618.8169,Nancy Gonzalez
64428,12770,2613.5792,Alexis Simmons
64429,15372,2566.1194,Brian Rogers
64430,12560,1352.3432,Alejandro Nath
64433,12005,2618.8169,Alexis Wilson
64434,14031,2758.3673,Marcus James
64439,13908,2674.4757,Lucas Bradley
64443,18648,615.4077,Daniel Jackson
64444,20755,1286.7394,Crystal Wu
64445,17263,1879.594,Naomi Hernandez
64446,17571,1949.1869,Brittney He
64449,11247,650.8008,Isabella Walker
64450,11417,2673.0613,Jasmine Clark
64451,11968,2634.3974,Damien Luo
64452,12338,2710.6092,Madison Thompson
64453,17196,2561.3016,Tony Rai
64454,12495,2591.1808,Madison Washington
64455,20617,2740.3337,Katie Holt
64456,14072,27.614,Melinda Dominguez
64457,15606,41.9569,Ricky Serrano
64458,14222,35.6584,Carlos Sanders
64459,16170,35.6694,Caleb Campbell
64461,18285,79.0959,Jorge Chen
64462,17303,38.664,Naomi Jimenez
64463,17075,55.239,James Lopez
64464,16689,250.2715,Isaac Hill
64465,18257,9.934,Christopher Lewis
64466,17897,1966.3144,Hunter Davis
64467,14169,905.5254,Carlos Kelly
64468,16823,2570.1858,Mario Moyer
64469,15677,2580.1419,Jose Edwards
64470,11669,69.5929,Megan Williams
64472,11067,6.9394,Joe Vazquez
64474,15251,6.9394,Timothy Sanchez
64475,11091,34.5534,Jennifer Taylor
64476,11193,6.9394,Morgan Garcia
64480,11500,27.614,Destiny Harris
64481,14904,55.2169,Timothy Ward
64482,20328,132.5779,Chloe Griffin
64483,18918,87.2729,Joseph Wilson
64484,17525,5.514,Valerie Cai
64487,14293,51.3494,Garrett Ward
64488,12303,69.5929,Hannah Rodriguez
64493,14836,40.0784,Jesse Howard
64494,12725,140.6444,Omar Deng
64496,11043,38.675,Joe Jimenez
64497,13502,60.7529,Colin Raje
64498,11674,46.7194,Megan Davis
64499,11641,41.2055,Pedro Vance
64500,12972,44.189,Dakota Alexander
64501,12540,55.239,Alejandro Sharma
64502,12295,55.239,Colleen Cai
64503,12450,2626.5408,Ashley Walker
64504,15194,2641.9998,Isaiah Rivera
64505,15917,2535.964,Evan Perez
64506,16425,1342.4093,Tracy Jai
64507,12559,1381.0732,Alejandro Rai
64510,14218,2562.4508,Krista Munoz
64518,20652,1297.8004,Lindsey Tang
64521,11381,2673.0613,Rachel Hall
64524,13553,2560.2519,Miguel Perry
64525,15730,97.2069,Sean Edwards
64526,15230,164.6229,Teresa Rubio
64527,15232,27.614,Teresa Ortega
64528,20229,77.3169,Shannon Carlson
64531,18266,38.664,Christopher Walker
64532,15131,55.239,Carlos Bailey
64533,14068,55.239,Melinda Gutierrez
64535,13621,8.7848,Blake Griffin
64536,18745,2.5305,Natasha Munoz
64537,17962,658.5358,Vincent Gao
64538,15003,668.7571,Renee Moreno
64540,17934,1906.6554,Dennis She
64542,17221,2659.6577,Hunter Lopez
64543,17944,1934.8329,Vincent Yang
64544,16199,2560.2519,Timothy Campbell
64545,16588,2607.7779,Jackson Lopez
64546,12479,2574.639,Alejandro Wu
64547,15925,2587.8769,Manuel Arun
64548,16821,2591.1808,Sean Green
64550,11695,59.659,Pedro Moreno
64554,19811,77.339,Jasmine Cox
64555,18847,77.339,Matthew Martinez
64556,15533,5.514,Pamela Vance
64557,14763,5.514,Danny Travers
64559,14257,94.4554,Felicia Martin
64560,19828,24.2879,Lindsay Lal
64561,15704,38.675,Eric Edwards
64562,13498,110.5995,Jeremiah Ross
64563,17953,93.8919,Vincent Zhao
64564,17113,5.514,Shaun Black
64566,17836,35.6694,Dana Schmidt
64568,16323,27.614,Noah Nelson
64569,20572,87.2508,Kaitlyn Cooper
64574,12049,107.1408,Kelli Chen
64575,11669,55.5042,Megan Williams
64576,11827,41.2055,Ross Sanz
64577,12054,44.189,Abigail Harris
64578,11320,77.2616,Grace Thompson
64579,18524,83.9469,Nicholas Walker
64580,13017,46.7194,Emily Hayes
64581,13597,65.1508,Blake Powell
64582,17680,62.9519,Logan Lee
64583,20639,2725.2836,Katie Becker
64584,18949,885.9559,Chelsea Mehta
64585,19808,651.9279,Alicia Raji
64586,15492,2579.5783,Rachael Patel
64587,15203,2683.4483,Timothy Rivera
64588,15280,2576.8048,Richard Sanchez
64589,15322,2618.8058,Jillian Mehta
64590,15328,2670.1773,Jillian Fernandez
64591,15199,2538.4944,Isaac Rivera
64592,11241,2860.1047,Isabella Clark
64593,20427,1918.2579,Julia Alexander
64595,20283,1918.2579,Bradley Tang
64598,13528,2717.8801,Jon Liu
64599,14039,2585.6669,Xavier James
64600,14064,2562.4508,Timothy Watson
64605,18649,666.8565,Diana Moreno
64606,20657,1318.7623,Lindsey Yuan
64607,17621,1914.1473,James White
64608,20707,1934.8329,Amy Huang
64611,11917,2634.3974,Liz Anderson
64612,16689,70.6869,Isaac Hill
64613,16613,104.3783,Sean Lopez
64618,16596,2547.0029,Angel Lopez
64619,12388,2574.6279,Lacey Ma
64620,11788,59.659,Ross Perez
64621,11676,59.659,Pedro Rodriguez
64622,11951,52.2113,Kayla Davis
64626,11212,87.8144,Marshall Cai
64627,14332,35.6584,Patrick Torres
64628,20085,51.7472,Joel Raman
64631,13179,33.139,Spencer Hayes
64633,15162,11.039,Bryan Bailey
64636,17411,77.339,Karen Sun
64637,20105,76.2119,Joel Perez
64638,18612,132.5779,Stacy Alonso
64639,15066,27.614,Carlos Murphy
64640,12496,226.0609,Juan Romero
64641,18629,27.614,Stacy Carlson
64642,13676,36.023,Joan Vazquez
64644,18025,41.1834,Justin Smith
64645,11566,108.2458,Barbara Zhu
64647,12800,44.1779,Rafael Lin
64649,13589,86.7204,Blake Henderson
64650,17539,67.9023,Brittney Wu
64651,14643,1009.9258,Jamie Hernandez
64652,14650,927.6254,Jamie Muñoz
64653,18948,891.4698,Joseph Thompson
64654,15480,2535.964,Nancy Martinez
64655,12772,2580.1419,Alexis Foster
64657,15118,2682.9953,Jill Rubio
64658,15037,1972.3808,Renee Ortega
64662,14220,2608.8498,Dalton Kelly
64663,14226,2618.8169,Krista Gutierrez
64670,17575,1918.2579,Brittney Zheng
64671,17597,1904.9758,Naomi Sanz
64674,11110,2649.8453,Jennifer Lee
64675,17242,893.9008,Terry Champion
64677,16207,2640.9058,Tina Mehta
64678,17230,33.139,Naomi Ruiz
64682,16618,42.9624,Nichole Rai
64683,11466,8.7848,Nicole Clark
64684,11094,141.3848,Jennifer Thomas
64685,18728,11.3152,Michael Moore
64686,11073,25.3819,Joe Ramos
64687,15073,624.314,Evan Murphy
64688,17198,2643.1158,Hunter Garcia
64689,12484,2643.0937,Sarah Martinez
64690,13517,2612.1758,Jon Zhang
64691,15932,2596.7279,Manuel Rana
64692,12261,2646.4419,Emily Lee
64693,11506,59.659,Carol Martinez
64698,11652,141.3848,Lauren Martinez
64702,11820,77.339,Ross Vazquez
64703,16735,65.1729,Gabriel Green
64704,19648,62.9519,Cassandra Sanchez
64705,14571,99.4169,Charles Ramirez
64710,11288,82.8529,Ruben Suarez
64711,14726,866.8394,Hector Vazquez
64712,16820,2587.3133,Mario Chande
64713,15374,2646.4419,Brenda Subram
64714,15058,830.2307,Gina Torres
64716,11468,1397.6482,Jenny He
64721,13959,2610.3084,Seth Perry
64725,20000,1238.1415,Shannon Johnston
64727,11916,2649.8453,Tamara Chander
64728,17241,888.9504,Terry Raje
64730,17075,30.1444,James Lopez
64732,17958,696.1058,Ethan Lee
64733,15678,2562.4508,Marc Gomez
64734,16598,2535.964,Isaiah Lopez
64735,17181,2574.6279,Noah Thomas
64736,13678,2602.2529,Wyatt Perry
64737,11019,2.5305,Joe Belson
64738,11122,27.614,Roy Mehta
64739,11269,2.5305,Ruben Torres
64740,11185,23.7465,Morgan Jackson
64744,11502,33.1279,Jenny Pal
64746,17338,16.5529,Alan Hu
64748,16959,16.5529,Angel Young
64749,20360,87.2729,Chad Anand
64750,20289,77.339,Chloe Ross
64751,18672,142.5119,Daniel Wilson
64752,18770,104.4004,Joshua Wilson
64753,15510,44.1779,Juan Cook
64754,15541,68.4658,Pamela Madan
64755,16038,26.8184,Andre Suri
64757,16602,77.339,Nichole Lal
64758,16939,33.1279,Carl Xie
64759,12732,16.5529,Kayla Bryant
64760,19042,71.7919,Gary Serrano
64761,11553,23.7465,Marshall Andersen
64764,12730,61.7806,Omar Tang
64765,17551,35.3269,James Allen
64766,12779,2654.1658,Omar Anand
64767,15389,2618.8169,Bryan Rogers
64768,16758,2563.589,Kyle Scott
64769,15056,830.2307,Xavier Bell
64772,11242,2634.3974,Ruben Gomez
64776,18196,613.2419,Benjamin Robinson
64786,11990,2673.0613,Alexis Smith
64787,17246,885.9559,Terry Rai
64789,11111,2671.9453,Jennifer Walker
64790,16826,2574.639,Mario Nath
64791,13554,2602.2529,Miguel Powell
64792,15242,11.039,Paula Carlson
64794,14854,9.934,Lance Alonso
64798,17894,1889.5279,Dennis Huang
64800,20049,2708.6865,Destiny Brooks
64801,14149,927.6254,Louis Li
64802,16828,2538.4944,James Adams
64803,16830,2538.4944,Mario Black
64804,12475,2615.4908,Sarah Jackson
64805,11517,2.5305,Destiny Lee
64809,11223,79.0959,Isabella Moore
64813,15478,16.5529,Nancy Fernandez
64814,12880,104.4004,Tristan Butler
64816,19637,87.2729,Cassandra Fernandez
64818,18761,15.4479,Natasha Blanco
64820,16913,15.4479,Caleb Hernandez
64821,13479,83.9469,Dalton Russell
64822,15671,26.8184,Jimmy Sanz
64824,16508,92.7869,Kelsey Kennedy
64825,19370,5.514,Shane Sai
64826,18020,43.3381,Brent Guo
64830,12168,71.7477,Taylor Walker
64831,12767,38.675,Juan Rubio
64832,14093,34.2219,Devin Watson
64833,12399,65.1508,Samantha Rodriguez
64834,14728,954.6869,Garrett Richardson
64835,14647,982.8644,Timothy Cooper
64836,19739,679.5308,Rachel Bradley
64837,13705,635.3529,Devin Patterson
64838,15350,2610.3084,Diane Martin
64839,15411,2591.1808,Jeremy Rogers
64841,15086,2659.7792,Patrick Murphy
64842,14200,2710.6092,Krista Gomez
64844,18245,2699.9018,Curtis Liu
64845,20627,2725.2836,Katie Chande
64847,20750,1308.8283,Isabella Stewart
64849,11908,2634.3974,Elizabeth Brown
64850,11914,2719.394,Elizabeth Taylor
64851,11963,2649.8453,Kayla Thomas
64852,11994,2673.0613,Alisha Shen
64853,14310,844.5294,Marcus Ward
64854,20620,2725.2836,Katie Pal
64855,19673,41.2055,Patricia Subram
64858,14278,55.239,Jeremiah Sanders
64859,15031,9.934,Steven Bell
64860,17324,9.934,Noah Robinson
64861,17932,1950.2808,David Anderson
64863,14154,924.2662,Richard Brooks
64864,13689,2563.589,Wyatt Foster
64865,16203,2538.4944,Jonathan Parker
64868,15488,110.5995,Isaac Cook
64871,12106,77.339,Kelli Xu
64872,19134,77.339,Megan Barnes
64873,17688,5.514,Logan Walker
64874,17408,5.514,Jose Clark
64876,17487,8.0444,Valerie Li
64877,16715,8.0444,Francisco Martinez
64878,13739,79.5269,Robin Gill
64881,14199,76.2119,Krista Martin
64883,12085,109.9144,Jessica Brown
64884,14871,937.5594,Lance Ramos
64885,19813,596.689,Lindsay Deng
64886,15987,687.2658,Angel Roberts
64888,20623,2778.9977,Kaitlyn Long
64892,20646,1323.7569,Lindsey Deng
64895,13560,596.689,Jon Ma
64896,11915,2649.8453,Tamara Chande
64897,16206,2586.7387,Gabriel Baker
64899,15019,70.6869,Renee Gill
64901,13047,136.9979,Hannah Washington
64902,14318,82.3004,Jeremy Ward
64903,19955,157.9819,Julie Sharma
64904,17959,626.8334,Vincent Sun
64905,16451,2708.6865,Alex Carter
64906,17968,662.9779,Vincent Liang
64912,14906,76.2119,Patrick Ward
64914,19871,77.339,Jasmine Gonzales
64915,20390,16.5529,Julia Ross
64916,19663,77.339,Byron Romero
64917,17395,5.514,Karen Liu
64918,16985,15.4479,Hunter King
64919,20441,44.1779,Jennifer Morris
64921,16386,99.4169,Latoya Shan
64922,13825,41.2055,Marcus Jenkins
64923,17835,71.7919,Dana Suarez
64924,19372,32.5754,Olivia Russell
64925,19355,27.614,Olivia Hughes
64926,16564,8.0444,Kara Pal
64927,13732,38.675,Eduardo Henderson
64928,12424,109.9144,Lacey Lal
64929,15500,2619.9108,Brian Cook
64930,12446,2614.9383,Jon Chander
64931,15195,2621.0158,Martin Rienstra
64935,15040,1918.2579,Eduardo Bell
64936,15035,1879.594,Charles Bell
64939,13960,2566.1194,Wendy Carlson
64941,18650,620.4354,Diana Munoz
64945,13685,624.8444,Wyatt Flores
64946,15695,2658.63,Connor Edwards
64947,11976,2644.3313,Alisha He
64948,11822,55.239,Ross Serrano
64949,11211,38.664,Ruben Prasad
64950,11330,38.664,Grace Lewis
64951,13180,132.6,Edwin Xie
64952,15581,70.6869,Isaiah Parker
64953,14313,70.6869,Lucas Ward
64955,19624,26.2769,Cassandra Prasad
64960,16614,42.9624,Nichole Chande
64961,17067,55.239,Hunter Jackson
64962,18221,9.934,Brandon Taylor
64963,17220,2585.9542,Hunter Clark
64964,11689,59.659,Pedro Hernandez
64972,11833,95.6709,Victoria Clark
64973,12928,48.5869,Jaclyn Lu
64975,15874,77.3169,Allen Rodriguez
64977,19806,132.5779,Alicia Goel
64978,15943,142.5119,Robert Roberts
64980,15415,99.4169,Isaiah Reed
64982,17658,8.0444,James Lee
64984,14476,8.0444,Jonathon Alvarez
64985,14004,62.9519,Brian James
64986,16357,5.514,Jack Nelson
64987,14817,70.6869,Roberto Gill
64988,17883,87.2508,Hunter Johnson
64990,18029,91.6819,Brent Zeng
64992,19483,37.5479,Raymond Gonzalez
64994,11170,65.4934,Morgan Brown
64995,16243,24.2879,Kellie Ortega
64996,14765,82.8529,Sheila Suarez
64997,12794,24.2879,Rafael Wu
64998,15517,2574.639,Garrett Cook
64999,15484,2648.6408,Mason Cook
65000,16678,2674.0558,Francisco Suri
65001,12774,2613.2808,Alexis Gonzales
65002,15396,2613.2808,Charles Rogers
65003,15399,2613.5792,Candace Van
65004,15062,830.2307,Gina Gill
65005,15038,1879.594,Devin Bell
65008,17736,1286.7394,Logan Miller
65009,20624,2699.9018,Kaitlyn Patterson
65010,14033,2535.964,Tanya Dominguez
65017,17148,1961.8944,Robert Davis
65020,14225,1381.0732,Joy Serrano
65021,12499,2574.6279,Madison Butler
65022,11121,38.9292,Kaitlyn Jones
65023,17296,70.6869,Bethany Raheem
65024,15235,130.3458,Alex Sanchez
65025,19103,24.2879,Derrick Moreno
65028,14069,55.239,Bryce Watson
65029,18298,2.5305,Alexander Jackson
65030,18704,2.5305,Jacob Robinson
65031,15064,606.6229,Jeremy Bell
65032,16196,2587.8769,Tina Smith
65033,15627,2612.1869,Caleb Evans
65034,16587,2650.8619,Nichole Xie
65035,11744,38.664,Brianna Hall
65036,11627,11.3152,Lauren Wilson
65038,11200,76.2119,Morgan Lewis
65042,14084,16.5529,Garrett Watson
65044,15386,5.514,Brenda Gonzalez
65045,19751,5.514,Rachel Henderson
65046,13881,79.5269,Desiree Sanz
65047,17219,38.675,Terry Tang
65049,19900,30.1444,Kathryn She
65050,17931,33.139,Dennis Zeng
65054,20585,35.6584,Kristin Andersen
65055,14862,35.6694,Lance Gill
65058,12964,38.675,Dakota Simmons
65059,11373,42.5094,Rachel Clark
65060,14652,916.0119,Bryce Cooper
65061,18943,997.7929,Chelsea Ray
65062,19812,651.9058,Lindsay She
65063,15499,2696.189,Rachael Arun
65064,15193,2681.7687,Angel Rivera
65065,15394,2598.9158,Candace Kapoor
65066,14427,2649.8453,Lee Rubio
65069,18268,2788.9316,Alexander Miller
65070,14219,2716.0348,Krista Alonso
65071,13964,2587.8769,Wendy Sanz
65077,20685,1276.8054,Tiffany Zimmerman
65078,20693,1276.8054,Amy Zhang
65079,20701,1276.8054,Morgan Sanders
65080,17666,1918.2579,Sandra Sun
65087,11986,2710.6092,Kayla Lee
65091,14221,35.6584,Krista Romero
65094,18712,2.5305,Jacob Walker
65096,13551,2596.7279,Miguel Jenkins
65097,13691,2650.3094,Rodney Dominguez
65098,13687,2535.964,Wyatt Butler
65099,11838,93.9029,Gerald Malhotra
65100,11648,59.659,Lauren Thompson
65101,11190,6.9394,Ruben Patel
65102,11505,59.6479,Destiny Garcia
65103,11632,180.104,Lauren Taylor
65104,11283,2.5305,Natalie Clark
65109,11769,104.3783,Olivia White
65111,20643,16.5529,Kaitlyn Russell
65112,19020,136.9979,Lauren Price
65113,16856,15.4479,Russell Sharma
65114,16064,8.0444,James Phillips
65115,13835,40.8408,Linda Sanz
65116,15608,44.1779,Ricky Ramos
65117,20593,34.5534,Kristin Raji
65118,18636,65.1729,Diana Martin
65124,11182,46.7194,Morgan Anderson
65125,11524,44.189,Alyssa Jones
65126,12528,79.5269,Alejandro Tang
65127,12138,123.7158,Kelli Goel
65128,13582,9.934,Jon Tang
65129,12465,55.239,Sarah Wilson
65130,11544,98.3229,Barbara Liu
65131,19780,679.5308,Rachel Bryant
65132,15303,2535.964,Mason Morris
65133,16011,2660.1991,Samuel Turner
65135,11351,2649.8453,Rachel Thomas
65138,20429,1988.4254,Peter Nara
65139,20284,1933.7058,Bradley Xu
65143,11998,2582.6834,Alisha Tang
65144,14210,2580.1419,Marcus Kelly
65148,20706,1944.7669,Morgan Wood
65149,18134,2644.3313,Christian Thomas
65150,11360,937.5594,Rachel Harris
65329,17225,2566.1194,Terry Luo
65330,12548,2562.4508,Alejandro Andersen
65335,13628,132.6,Edward Wood
65336,16674,42.9624,Alison Raji
65337,18160,2585.6669,Randy Xu
65341,16213,36.023,Tina Lopez
65342,13707,37.5479,Rodney Sanz
65344,15402,45.957,Richard Rogers
65348,15008,26.4869,Jesse Bell
65350,18402,5.514,Kelvin Sun
65351,13491,44.1779,Colin Kumar
65352,18087,15.4479,Justin Robinson
65353,19656,15.4479,Grace Hughes
65354,16217,138.114,Connor Baker
65356,19757,5.514,Cynthia Perez
65357,13740,62.9519,Eduardo Long
65358,18756,94.4554,Natasha Dominguez
65359,12744,79.5269,Alexis Bennett
65360,19249,70.6869,Victor Blanco
65361,16439,27.614,Tracy Black
65363,12601,61.7806,Jarred Gill
65364,12593,37.5479,Ashley Foster
65365,19489,43.0729,Brett Chandra
65367,11566,44.1779,Barbara Zhu
65369,15878,85.0519,Jason Perez
65370,15899,2597.8108,Johnathan Raman
65371,17403,2566.1194,Karen Ye
65372,15737,2579.3352,Billy Jiménez
65373,16007,2574.639,Beth Srini
65374,15949,2624.3529,Thomas Roberts
65375,15044,1938.6783,Gina Hernandez
65381,14262,2604.7944,Felicia Diaz
65382,14276,2645.8673,Xavier Sanders
65383,14287,2596.7279,Devin Ross
65394,12353,2634.3974,Madison Walker
65395,12671,2688.5092,Clayton Raji
65396,11363,987.2844,Rachel Thompson
65398,13157,27.614,Spencer Washington
65399,15153,27.614,Chase Bailey
65400,18261,85.0519,Curtis Xu
65402,15025,114.8648,Renee Carlson
65403,14674,55.239,Jamie Carlson
65404,18147,2613.2808,Randy Yang
65406,12982,9.934,Jaclyn Pal
65408,11223,30.1444,Isabella Moore
65409,14332,27.614,Patrick Torres
65410,13318,64.6094,Roger Nara
65413,19700,132.5779,Rachel Morgan
65414,20754,87.2729,Crystal Huang
65415,18989,147.5065,Veronica Subram
65416,17607,60.7529,James Miller
65417,15947,8.0444,Manuel Sanchez
65418,14907,140.6444,Bruce Ward
65419,15745,99.4169,Noah Collins
65420,15966,5.514,Caleb Roberts
65421,14250,34.2219,Cole Sanders
65423,13300,50.7748,Roger Sharma
65424,13816,50.3659,Linda Gutierrez
65430,13191,51.3494,Edwin Kumar
65431,15739,2604.7944,Billy Moreno
65432,15983,2598.9158,Jackson Roberts
65433,15944,2709.4048,Manuel Lopez
65437,17911,1238.1415,Hunter Thomas
65442,14322,2563.589,Kristy Jimenez
65443,18276,2793.8047,Janelle Sai
65444,14261,2602.2529,Felicia Ruiz
65448,20007,1238.1415,Tara Raje
65451,11488,2644.3313,Jenny Xu
65454,17945,1966.3144,Ethan Harris
65455,18171,2562.4508,Benjamin Winter
65456,12138,8.7848,Kelli Goel
65457,20604,103.3065,Katie Xie
65460,11079,25.3819,Jennifer Johnson
65461,16621,40.432,Jose Hill
65462,14203,2740.3337,Cody Kelly
65463,17972,674.0169,Abby Subram
65465,11262,38.9292,Natalie Wilson
65466,12880,37.5479,Tristan Butler
65470,11711,43.0619,Brianna Jones
65471,11711,67.4934,Brianna Jones
65473,13423,132.5558,Xavier Washington
65474,18235,44.1779,Todd Zeng
65475,18997,77.339,Veronica Martinez
65476,16994,44.1779,Logan Hernandez
65477,11740,70.6869,Brianna Lee
65478,15408,44.1779,Xavier Rogers
65479,17223,24.2879,Terry Xu
65480,19281,75.1069,Erik Navarro
65484,17835,5.514,Dana Suarez
65485,11785,44.189,Olivia Rodriguez
65486,13240,24.2879,Carson Coleman
65487,14480,82.8529,Jonathon Moreno
65488,12414,41.2055,Ashley Davis
65489,14738,888.9504,Charles Richardson
65490,12901,2584.5619,Aidan Barnes
65491,13209,2563.589,Edwin Rai
65492,15992,2665.1937,Alex Roberts
65495,17917,1276.8054,Dennis Liang
65496,14323,2629.0823,Isaiah Torres
65497,12573,683.9729,Ashley Jenkins
65503,13697,623.7504,Devin Coleman
65504,17248,888.9504,Terry Nath
65505,20252,77.3169,Derek Pal
65506,18897,41.2055,Whitney Prasad
65509,17231,59.659,Terry Kumar
65510,17093,2560.2519,Greg White
65511,17849,932.5869,Carrie Ruiz
65512,15067,687.2658,Angel Murphy
65517,20655,52.3991,Morgan Reed
65518,20408,77.3169,Peter Xie
65519,12969,71.7919,Dakota Bryant
65520,11711,26.4869,Brianna Jones
65521,20099,5.514,Destiny Alexander
65522,17863,75.0627,Ethan Davis
65524,18156,46.7194,Randy Ye
65525,15658,71.7919,Sean Evans
65526,19330,34.5534,Olivia Ramirez
65528,19470,82.8529,Victoria Bryant
65529,18033,27.614,Justin Jones
65530,12509,41.1834,Madison Russell
65532,12652,146.9098,Elizabeth Price
65537,11680,44.189,Pedro Martin
65538,12158,82.8529,Dawn Yang
65539,17360,79.5269,Krystal Holt
65540,16067,734.7035,Jonathan Phillips
65541,12904,2582.6723,Jaclyn Liu
65549,11038,2563.589,Joe Diaz
65554,17678,1918.2579,Sandra He
65555,18108,1918.2579,Christian Taylor
65556,18060,1879.594,Christian Rodriguez
65557,11237,2673.0613,Isabella Garcia
65558,15702,2658.63,Adam Edwards
65559,14260,830.2307,Charles Sanders
65560,12349,2644.3313,Madison Lewis
65561,18140,2588.9266,David Robinson
65562,16298,2650.8619,Isaiah Gonzalez
65563,12022,109.3508,Alexis Rodriguez
65564,11852,55.239,Emma Jones
65565,16634,38.6529,Kyle Hill
65567,17281,65.1729,Noah Williams
65568,18261,9.934,Curtis Xu
65569,16318,927.6033,Nathan Nelson
65570,13847,2552.5169,Desiree Munoz
65573,12097,35.6584,Warren Gao
65575,11276,41.1834,Natalie Martin
65576,15413,132.5558,Candace Madan
65577,13303,11.039,Gavin Stone
65580,19636,147.5065,Grace Bennett
65581,17265,5.514,Bethany Tang
65583,13206,8.0444,Antonio Patterson
65584,16369,29.8019,Isaiah Nelson
65585,16501,5.514,Kelsey Xu
65587,14841,94.4554,Timothy Howard
65588,14691,99.4169,Angel Richardson
65589,14182,36.023,Sabrina Dominguez
65590,17822,33.139,Nathan Anderson
65591,12304,66.8194,Hannah Lewis
65594,16932,8.0444,Noah Young
65595,11648,38.675,Lauren Thompson
65596,13486,133.1304,Colin Xu
65597,11689,38.675,Pedro Hernandez
65598,12091,82.8529,Kelli Zeng
65599,14458,44.189,Lawrence Vazquez
65600,12558,16.5529,Juan Torres
65601,12976,24.2879,Dakota Griffin
65602,15841,2566.1194,Adrian Stewart
65603,15897,2576.8048,Johnathan Schmidt
65604,15535,2560.2519,Pamela Malhotra
65605,15985,2648.6408,Henry Martinez
65609,16594,2688.5092,Carlos Lopez
65610,15122,2570.1858,Marcus Murphy
65611,17913,1276.8054,Abby Sandberg
65613,14667,2696.189,Adrian Cooper
65615,14238,2590.0758,Timothy Sanders
65619,17690,1879.594,Samuel Thompson
65620,17345,1950.2808,Jose Thomas
65621,17870,1879.594,Carrie Gill
65622,18057,1879.594,Jeffery Sun
65623,16575,2728.3003,Jonathan Green
65624,16207,2644.3313,Tina Mehta
65625,11112,2673.0613,Marshall Liang
65626,12354,2694.0563,Lacey Zhang
65627,16204,2580.1419,Kevin Baker
65628,11212,15.4479,Marshall Cai
65629,11863,8.7848,Tamara Sun
65631,11821,55.239,Ross Blanco
65632,13634,112.6548,Javier Navarro
65633,15264,33.139,Heidi Raman
65634,16695,41.1834,Francisco Ashe
65636,18166,2612.1758,Christian Harris
65637,17828,905.5254,Dana Vazquez
65639,17969,659.6408,Christian Williams
65642,11631,2.5305,Lauren Moore
65644,20756,30.1444,Crystal Lin
65650,12147,55.2169,Dawn Zhang
65651,19877,77.339,Christine Shan
65652,13268,125.3844,Carson Alexander
65653,17454,5.514,Leah Zhou
65654,18058,44.1779,Justin Moore
65655,15271,44.1779,Heidi Garcia
65656,14540,132.5779,Mathew Serrano
65657,18875,83.9469,Whitney Suri
65658,12606,42.9624,Ashley Hayes
65659,17995,30.1444,Ryan Taylor
65660,12490,77.3169,Sarah Rodriguez
65663,16602,8.0444,Nichole Lal
65664,12555,76.2119,Samantha Hayes
65665,19838,668.4808,Jasmine Price
65666,14756,982.8644,Danny Romero
65667,15043,1961.8944,Gina Diaz
65671,14264,2646.4419,Eduardo Sanders
65672,14286,2624.3529,Felicia Dominguez
65673,13909,2673.0613,Lucas Wood
65676,17388,1949.1869,Krystal She
65681,13693,2563.589,Wyatt Bryant
65682,12500,2656.3758,Madison Simmons
65683,12150,8.7848,Dawn Wang
65684,14057,71.7919,Mason Watson
65685,17331,35.3269,Alan Guo
65686,13777,2591.1808,Richard Johnston
65689,11330,64.6094,Grace Lewis
65694,12944,86.1458,Dakota Ross
65696,14611,76.2119,Clinton Jiménez
65697,20388,11.039,Julia Barnes
65698,19007,77.339,Nicholas Garcia
65699,11677,132.5779,Megan Wilson
65700,20019,142.5119,Destiny Rivera
65701,17692,15.4479,Margaret Zhang
65702,11176,44.1779,Morgan Miller
65703,17341,39.7358,Jose Smith
65704,15896,8.0444,Kellie Hernandez
65705,15249,51.3494,Heidi Malhotra
65706,20547,62.9519,Kaitlyn Stewart
65707,13943,40.8408,Seth Price
65708,14992,77.339,Paula Moreno
65709,17108,27.614,Shaun Chapman
65710,19279,70.6869,Erik Romero
65713,14533,76.2119,Isaiah Ramirez
65714,19481,4.409,Emma Morris
65715,19487,6.9394,Emma Rogers
65716,16256,5.514,Jose Gonzalez
65717,13199,46.7194,Edwin Raje
65718,11863,44.189,Tamara Sun
65719,12625,110.4558,Sarah Powell
65720,18065,94.4554,Jeffery Guo
65721,12458,55.239,Sarah Johnson
65722,14740,922.0783,Hector Ortega
65723,13241,2570.1858,Roger Ye
65724,17037,2580.1419,Isaac King
65725,15991,2590.4073,Isaiah Roberts
65726,12612,1402.0682,Sarah Bennett
65734,16163,629.8169,Molly Martinez
65736,14478,2710.6092,Jesse Gray
65737,18656,623.7504,Diana Navarro
65738,18916,728.1398,Whitney Martinez
65739,18080,1920.4016,Wesley Zhang
65743,14234,1381.0732,Krista Vazquez
65744,12358,2673.0613,Lacey Chen
65745,12674,2694.0563,Elizabeth Patterson
65746,17255,954.6869,Jason Lopez
65747,18167,2657.4919,Randy Zhu
65748,12546,2591.1808,Wilson Pais
65749,14016,70.6869,Garrett James
65750,17333,79.5048,Thomas Smith
65753,13952,55.239,Seth Wood
65754,16286,2602.2529,Jack Gonzalez
65755,18135,2587.8769,David Garcia
65756,15454,624.314,Cody Reed
65757,11262,4.409,Natalie Wilson
65758,11223,44.1779,Isabella Moore
65761,11723,36.023,Brianna Jackson
65763,20504,132.5558,Jennifer Ross
65764,16780,60.7529,Mario She
65765,15390,44.1779,Brenda Sanchez
65766,15747,44.1779,Billy Romero
65767,13531,77.339,Jon Yang
65771,12897,118.1908,Rafael Anand
65772,11682,219.884,Pedro Gomez
65773,15851,2669.0944,Maurizio Macagno
65774,15534,2670.1773,Eduardo Cook
65776,19364,1381.0732,Nelson Blanco
65777,12998,2647.5358,Emily Long
65778,15133,2646.4419,Kendra Diaz
65784,14299,2535.964,Felicia Suarez
65789,18653,612.1369,Daniel Martin
65798,11413,666.8565,Jill Martinez
65800,16588,2710.6092,Jackson Lopez
65801,12673,2634.3974,Omar Zhang
65802,15022,1025.9815,Renee Serrano
65803,17956,1914.1473,Christian Smith
65804,17214,2624.3529,Robert Harris
65805,13121,30.1444,Fernando Butler
65806,15464,38.6529,Lucas Reed
65807,19589,35.6694,Gloria Reed
65808,19973,66.8194,Julie Anand
65812,11948,55.239,Alisha Huang
65813,14669,65.1729,Cody Cooper
65814,13004,6.9394,Emily Washington
65817,11210,31.4704,Isabella Jones
65824,12363,33.139,Lacey Huang
65826,15564,16.5529,Luke Parker
65827,20095,66.2779,Destiny Foster
65828,13303,15.4479,Gavin Stone
65829,16975,75.1069,Mason Young
65831,14273,79.5269,Lucas Sanders
65832,15930,92.7869,Manuel Prasad
65833,16456,71.7919,Misty Luo
65836,14706,27.614,Sean Richardson
65843,11225,78.4108,Isabella Anderson
65844,13144,49.9902,Edwin Ye
65845,17348,94.4554,Krystal Zhang
65846,13061,51.3494,Hannah Alexander
65847,17410,26.8184,Karen Xu
65848,12733,9.934,Kayla Alexander
65849,13055,997.2183,Hannah Gonzales
65850,15769,2626.5408,Billy Schmidt
65851,12784,2659.6798,Rafael Wang
65852,15999,2602.2529,Sean Roberts
65853,17779,896.5086,Susan Zheng
65854,15121,2580.1419,Richard Murphy
65856,14308,2580.1419,Richard Ward
65858,14277,2563.589,Dalton Sanders
65860,14041,2666.4313,Tanya Ramos
65865,20023,1276.8054,Donald Suri
65866,17860,1964.6348,Carrie Munoz
65867,18096,1918.2579,Justin Rodriguez
65868,18098,1939.2529,Wesley Wu
65869,18120,1907.2079,David Johnson
65870,17869,1945.3194,Carrie Torres
65871,18056,1907.2079,Jeffery Lu
65874,11414,680.0944,Jasmine Robinson
65875,13686,596.689,Wyatt Washington
65877,14226,1342.4093,Krista Gutierrez
65878,12676,2694.0563,Elizabeth Hughes
65879,17973,2046.7473,Vincent He
65880,18143,2612.1758,David Rodriguez
65881,11498,25.3819,Jenny Shan
65882,11215,55.239,Isabella Brown
65886,15735,93.9029,Billy Alvarez
65887,13023,65.1729,Tamara Huang
65888,12697,235.354,Elizabeth Hayes
65889,20165,2754.0136,Shannon Vazquez
65892,11661,35.6584,Lauren Lewis
65893,11277,27.614,Ruben Vazquez
65898,11869,76.2119,Warren Yang
65900,12916,132.5779,Aidan Flores
65901,14765,11.039,Sheila Suarez
65905,19397,87.2729,Shane Martinez
65906,17534,5.514,Naomi Ramos
65907,18072,5.514,Christopher Miller
65910,16498,44.1779,Elijah Mitchell
65911,14550,54.1119,Brian Ramirez
65912,19190,30.1444,Philip Moyer
65913,18044,35.6584,Justin Davis
65914,19508,6.9394,Brett Prasad
65916,19183,54.1119,Brianna Sanchez
65919,16464,44.1779,Jonathan Mitchell
65922,11306,44.189,Grace Wilson
65923,11308,101.6269,Grace Taylor
65924,15448,14.2987,Diane Alvarez
65925,18852,159.4184,Matthew Clark
65926,13232,24.2879,Roger Huang
65927,12502,55.239,Madison Foster
65928,16770,2738.5657,Carlos Scott
65929,19824,695.5423,Jasmine Ramirez
65930,14877,982.8644,Richard Howard
65931,15914,2538.4944,Isaiah Perez
65932,15989,2605.5127,Kellie Romero
65933,15453,820.2968,Rodrigo Ready
65934,11491,2710.6092,Jenny Luo
65935,16595,2676.9067,Nichole Yuan
65937,17915,1341.9783,David Moore
65938,17918,1276.8054,Ethan Moore
65940,14673,2535.964,Rob Verhoff
65942,18277,2754.0136,Curtis Zeng
65946,18059,1895.0419,Jeffery Zhu
65948,17864,1934.8329,Carrie Romero
65949,14324,858.9607,Alex Torres
65950,18139,2604.4298,Randy Chen
65951,13783,2626.5408,Monique Blanco
65952,18131,2566.1194,David Brown
65953,14686,27.614,Walter Hernandez
65954,15136,30.1444,Paula Gill
65956,20406,66.2779,Peter Deng
65959,18137,2590.0758,Christopher Thomas
65960,16448,2538.4944,Isaiah Carter
65961,16262,2618.8058,Kevin Gonzalez
65962,14709,905.5254,Hector Moreno
65963,11159,6.9394,Roy Romero
65966,13941,32.034,Lucas Hayes
65967,11019,27.614,Joe Belson
65968,11520,33.6804,Destiny Hall
65969,13707,110.5995,Rodney Sanz
65971,12945,33.139,Jaclyn Guo
65973,13290,15.4479,Gavin Powell
65974,18498,60.7529,Cindy Ramos
65975,11300,65.1729,Marshall Shen
65977,19750,44.1779,Cynthia Lopez
65978,13879,24.2879,Ian Patterson
65979,13863,79.5269,Ian Bennett
65980,14687,89.4608,Jeremy Cooper
65981,19349,77.3169,Cory Martinez
65982,17215,35.3269,Terry Deng
65984,16468,70.6869,Misty Shan
65985,19461,27.614,Raymond Arthur
65986,18018,57.4269,Ryan Rodriguez
65990,16543,15.4479,Gloria Vazquez
65991,14092,62.9519,Charles Watson
65992,11814,46.7194,Ross Torres
65993,12534,9.934,Alejandro Yuan
65994,11565,38.664,Chloe Johnson
65995,12600,55.2169,Damien Lal
65996,16080,626.8334,Andre Martinez
65997,14874,888.9504,Lance Suarez
65998,14757,927.6254,Xavier Richardson
65999,15934,2613.2808,Manuel Subram
66000,15770,2648.6187,Luke Collins
66001,15518,2576.8048,Rachael Lopez
66002,12881,2574.639,Rafael Nara
66003,15998,2621.0158,Jesse Roberts
66005,11432,2728.3003,Nicole Williams
66012,18139,2659.7792,Randy Chen
66013,14103,835.7447,Lori Munoz
66015,15169,937.5594,Adrian Bailey
66016,17947,1934.8329,Vincent Lin
66018,18132,2580.1419,David Davis
66019,12501,2591.1808,Alejandro Gao
66020,16205,2560.2519,Tina Subram
66021,18183,2588.9266,Benjamin Thompson
66022,18133,2647.5358,Randy Zhang
66023,13621,98.8533,Blake Griffin
66024,17303,97.7483,Naomi Jimenez
66025,17282,41.1834,Warren Shan
66028,11758,6.9394,Ross Madan
66029,13034,65.7254,Hannah Jenkins
66030,18136,2574.6279,Randy Wang
66031,16475,2754.0136,Misty Raje
66032,11201,98.3119,Morgan Lee
66035,11506,43.0729,Carol Martinez
66036,11832,55.239,Gerald Chandra
66037,14341,43.3381,Kristy Ramos
66040,11185,217.6077,Morgan Jackson
66043,18825,87.2729,Dana Martin
66044,18531,5.514,Leslie Vazquez
66045,18037,54.6754,Justin Brown
66046,17888,33.1279,Dennis Chen
66048,11213,82.8529,Ruben Sara
66049,13030,85.0519,Tamara Zhou
66050,15781,2681.7798,Jackson Collins
66051,17175,2580.1529,Jackson Wright
66052,15542,2580.1419,Robert Parker
66053,16079,2569.0366,Thomas Phillips
66054,15941,2566.1194,Hunter Roberts
66055,15952,2643.1158,Henry Kapoor
66056,15959,2580.1529,Elijah Roberts
66057,17778,830.2307,Susan He
66059,15042,1918.2579,Richard Blue
66061,14681,2598.9158,Jamie Sanz
66062,14263,2574.639,Devin Sanders
66063,12037,2742.9084,Alisha Beck
66064,14235,2571.2908,Krista Blanco
66071,18050,1934.8329,Jeffery Zhou
66073,17862,1934.8329,Carrie Alonso
66076,11429,2688.5092,Marshall Kumar
66077,14322,820.2968,Kristy Jimenez
66078,12341,2758.6657,Colleen Nath
66080,11212,132.6,Marshall Cai
66083,19748,5.514,Byron Vazquez
66085,19675,219.884,Patricia Garcia
66088,19570,32.034,Holly Suri
66089,16628,168.623,Nichole Anand
66090,13821,2610.3084,Linda Dominguez
66091,13765,2574.6279,Richard Price
66092,19029,2584.5619,Lauren Wood
66093,12474,2596.7279,Sarah Thomas
66095,17793,891.4698,Logan Martinez
66096,12063,55.239,Kelli Zhou
66099,11262,141.3848,Natalie Wilson
66102,18320,171.2198,Jorge Guo
66105,11212,77.3169,Marshall Cai
66106,19525,44.4542,Brett Martinez
66108,13330,16.5529,Julian Perry
66110,16801,60.7529,Elijah Young
66112,14600,44.1779,Micheal Suarez
66113,13763,34.2219,Eduardo Diaz
66114,14959,44.1779,Randall Moreno
66115,15819,34.2219,Patrick Stewart
66116,19358,15.4479,Olivia Washington
66117,19300,40.8077,Olivia Morgan
66118,20057,53.0069,Destiny Bennett
66123,11566,32.034,Barbara Zhu
66124,13791,40.0784,Monique Sanz
66126,11269,44.189,Ruben Torres
66127,12920,62.9629,Jaclyn Zhou
66128,16071,62.9519,Samuel Phillips
66129,16065,632.3473,Andre Rana
66130,12898,2630.4194,Jaclyn Zhang
66131,15852,2696.189,Marcus Stewart
66132,15521,2640.9058,Rachael Rodriguez
66133,13264,858.9607,Roger Zheng
66137,14302,2571.2908,Carol Saunders
66138,13994,2715.3497,Joanna Serrano
66140,11035,2563.589,Julia Brown
66150,15933,2710.6092,Logan Roberts
66151,16263,2634.3974,Denise Gonzalez
66152,11482,2666.4313,Destiny Brown
66153,15929,2644.3313,Jonathan Roberts
66154,18157,2650.8619,Randy Zhao
66155,12048,65.1729,Kelli Wang
66156,11855,55.239,Emma Davis
66157,11091,38.664,Jennifer Taylor
66158,12359,71.7919,Lacey Li
66161,18185,2576.8048,Janelle Kapoor
66163,11277,34.5534,Ruben Vazquez
66164,20740,66.2779,Morgan Gonzales
66167,20287,159.6394,Chloe Wood
66168,20332,87.2729,Chad Kumar
66169,18425,5.514,Larry Munoz
66170,19816,136.9979,Lindsay Xie
66171,19644,5.514,Grace Coleman
66172,16130,68.4658,Molly Chandra
66173,16911,65.1729,Jerry Chander
66174,14349,62.9519,Jared Torres
66175,17867,62.9519,Abby Madan
66176,19261,91.6819,Brianna Flores
66179,13838,76.2119,Linda Ortega
66181,11636,82.8529,Pedro Kapoor
66182,11157,38.675,Kaitlyn Lee
66183,11656,82.8529,Pedro Raman
66184,13365,26.8184,Willie He
66185,19831,640.8669,Lindsay Jai
66186,12882,2598.9158,Tristan Foster
66187,17400,2576.8048,Karen Wu
66188,16004,2782.6663,James Turner
66189,16078,2634.2648,Jose Phillips
66190,15969,2571.2908,Luke Roberts
66194,12572,596.689,Ashley Coleman
66199,18086,1904.9758,Wesley Chen
66202,17866,1918.2579,Samuel Lewis
66203,12607,650.8008,Clayton Gao
66205,13105,1369.1724,Robyn Torres
66206,14230,1428.5551,Mason Sanders
66207,16621,41.1834,Jose Hill
66208,15141,38.664,Isaac Bailey
66209,17287,69.5929,Bethany Andersen
66210,16690,79.0959,Francisco Sai
66211,16567,2577.1694,James Green
66212,11520,38.664,Destiny Hall
66213,11807,59.659,Ross Munoz
66215,11200,70.6869,Morgan Lewis
66222,18329,41.1834,John Taylor
66224,18978,41.1834,Veronica Madan
66225,18875,43.0729,Whitney Suri
66228,11823,86.1016,Ross Ramos
66229,13197,5.514,Edwin Pal
66231,15359,56.8633,Brenda Arun
66232,14432,24.2879,Lawrence Hernandez
66233,15813,34.2219,Troy Subram
66234,15707,38.675,Carlos Edwards
66235,14840,136.9979,Sean Howard
66239,11215,82.8529,Isabella Brown
66240,14873,24.2879,Charles Howard
66241,16066,676.1937,Andre Raman
66242,16069,640.8669,Logan Phillips
66243,14852,850.2865,Lance Munoz
66244,15948,2552.5169,Manuel Perez
66245,11485,1381.0732,Destiny Miller
66246,11493,1357.8572,Jenny Zimmerman
66249,15435,1911.6169,Bryce Reed
66251,15120,2604.7944,Jill Ortega
66254,17372,1911.6169,Krystal Xu
66255,18088,1918.2579,Wesley Li
66260,13106,1382.4876,Louis Nara
66261,12348,2688.5092,Colleen Beck
66262,12670,2634.3974,Elizabeth Long
66263,17239,35.6694,Thomas Lopez
66265,15604,43.6144,Diane Dominguez
66267,13047,97.2069,Hannah Washington
66268,17493,60.764,Elijah Hall
66269,17053,59.659,Jesse Hernandez
66270,11987,27.0615,Kayla Walker
66271,12464,2563.589,Alejandro Zhang
66272,19366,922.0894,Olivia Foster
66273,11311,2.5305,Grace Thomas
66274,11507,30.1444,Marshall Jai
66281,20294,132.5779,Chloe Jenkins
66282,18396,32.5754,Jésus Ramos
66283,18404,5.514,William Moore
66284,16241,77.339,Denise Prasad
66285,19166,77.339,Casey Serrano
66287,16655,44.1779,Alison Pal
66288,15163,8.0444,Kendra Blanco
66289,19938,5.514,Julie Deng
66295,16387,60.7529,Logan Carter
66296,19640,79.5048,Grace Ross
66297,13039,927.6254,Damien Shan
66298,14746,982.8644,Danny Diaz
66299,15840,2538.4944,Steven Stewart
66300,15980,2535.964,Henry Fernandez
66301,15630,830.2307,Luke Evans
66302,15262,1879.594,Cole Sanchez
66304,17914,1238.1415,Dennis Gao
66305,17919,1276.8054,Dennis Guo
66313,13720,1276.8054,Robin Munoz
66315,18049,1973.4969,Christian Clark
66318,15027,888.9394,Jared Bell
66319,15208,997.2183,Teresa Torres
66320,18134,2584.5619,Christian Thomas
66323,17060,59.659,Aaron Hernandez
66324,16617,100.0909,Nichole Nara
66325,11139,65.1729,Kaitlyn Harris
66326,14099,175.695,Ian Watson
66327,13690,2563.589,Rodney Torres
66330,11262,40.432,Natalie Wilson
66332,15310,38.5535,Jillian Prasad
66333,20280,71.7919,Chloe Bennett
66335,11677,104.3783,Megan Wilson
66339,14458,16.5529,Lawrence Vazquez
66340,20102,44.1779,Destiny Diaz
66342,17044,44.1779,Elijah Hernandez
66343,14783,77.339,Patrick Cox
66344,17856,35.6584,Samuel Harris
66345,13530,205.8394,Jeremy Alexander
66349,17579,62.9519,Brittney Cai
66351,16094,626.8334,Jason Phillips
66352,13715,659.6408,Robin Moreno
66353,15842,2618.8169,Cody Stewart
66354,15954,2580.1419,Gabriel Roberts
66355,15961,2590.4073,Jason Roberts
66356,15976,2624.3529,Jack Roberts
66357,16426,1427.4501,Tracy Pal
66360,16164,651.9279,Molly Gonzalez
66361,14281,2674.4757,Felicia Moyer
66363,14459,2649.8453,Lawrence Blanco
66365,17859,1918.2579,Ethan Brown
66368,11433,2634.3974,Jenny Chen
66370,14259,820.2968,Felicia Gomez
66372,12675,2634.3974,Omar Wang
66374,17941,1933.7058,Vincent Li
66375,11502,136.4123,Jenny Pal
66376,11146,5.514,Kaitlyn Martinez
66378,16179,38.5535,Adam Campbell
66379,18707,2.5305,Erika Dominguez
66380,12483,2563.589,Sarah Garcia
66381,14538,923.1723,Mason Ramirez
66382,16317,905.5254,Logan Nelson
66383,11202,43.0729,Ruben Arun
66386,14328,98.8533,Jesse Torres
66387,15815,38.5535,Sean Stewart
66389,11659,87.2729,Lauren Rodriguez
66390,20293,77.339,Chloe Coleman
66391,18828,132.5779,Matthew Moore
66395,20189,5.514,Alyssa Coleman
66396,13301,73.9908,Gavin Butler
66402,15694,8.0444,Caleb Edwards
66404,18953,859.0712,Chelsea Fernandez
66405,15843,2607.7779,Charles Stewart
66406,15845,2720.4769,Devin Stewart
66407,15888,2647.5358,Johnathan Malhotra
66408,15780,2720.4769,Martin Sanchez
66409,13271,2563.589,Carson Griffin
66410,15078,820.2968,Isaac Murphy
66412,11414,858.9607,Jasmine Robinson
66413,19340,1352.3432,Cory Raman
66414,11249,2674.4757,Ruben Diaz
66415,15425,1879.594,Candace Subram
66417,14310,2613.2808,Marcus Ward
66431,18140,2649.8453,David Robinson
66432,11425,2666.4313,Jasmine Lee
66433,13127,27.614,Edwin Yang
66435,20254,66.8194,Chloe Richardson
66441,15718,38.664,Evan Edwards
66442,13846,2602.2529,Marcus Foster
66443,13792,2602.264,Richard Butler
66445,15079,607.7279,Jill Ruiz
66446,15451,635.3529,Nancy Kovar
66447,11530,65.7254,Jenny Raji
66448,11331,183.7394,Grace Lee
66451,11652,26.2769,Lauren Martinez
66459,20185,77.339,George Chandra
66460,13466,92.2344,Dalton Flores
66461,18517,87.2729,Dylan Garcia
66462,16808,15.4479,Mario Shan
66463,17606,5.514,Stacey Zhao
66464,14151,94.4554,Devin Brooks
66465,18124,62.9519,Wesley Hu
66467,17818,4.409,Candice Ma
66469,12731,66.2779,Kayla Gonzales
66470,17205,44.1779,Samuel Lopez
66471,11782,46.7194,Olivia Clark
66472,12140,52.9737,Kelli Becker
66473,11953,46.7194,Alisha Lin
66474,11584,9.934,Chloe Anderson
66475,12610,9.934,Clayton Liang
66476,14739,885.9559,Devin Richardson
66477,12886,2637.5798,Tristan Bryant
66478,15873,2586.7387,Kyle Perez
66479,12884,2566.1194,Rafael Rai
66480,17622,2624.3529,Jonathan Miller
66481,15965,2570.1858,Henry Stone
66482,11246,2673.0613,Isabella Lee
66483,11575,2720.5432,Barbara He
66488,14324,2535.964,Alex Torres
66490,18281,2765.6272,William Martinez
66493,17681,1918.2579,Nathan Robinson
66494,18121,1981.7844,Wesley Zheng
66495,18079,1879.594,Jeffery She
66500,11245,2671.9453,Ruben Ruiz
66501,16822,2682.9953,Mario Chander
66502,12667,2673.0613,Elizabeth Perry
66505,17207,2591.1808,Jose Johnson
66506,16261,2547.0029,Kyle Gonzalez
66507,12468,2538.4944,Alejandro Chen
66509,18265,33.139,Curtis Ma
66511,11951,8.0444,Kayla Davis
66513,17319,33.139,Naomi Moreno
66514,12359,6.9394,Lacey Li
66515,15592,38.664,Ricky Romero
66516,16341,34.5644,Katrina Jai
66517,13009,103.2733,Emily Gonzales
66518,18711,11.3152,Jacob Lee
66519,18282,9.934,Jorge Zhang
66520,13159,54.1119,Edwin Sun
66521,15457,662.9779,Devin Reed
66522,12100,9.934,Jessica Jackson
66523,11208,2.5305,Isabella Johnson
66525,13231,141.3848,Roger Yang
66526,16717,82.2783,Francisco Gonzalez
66527,18787,87.2729,Meghan Jimenez
66528,19996,77.339,Tara Shan
66529,17383,8.0444,Krystal Zheng
66530,16737,5.514,Martin Sai
66531,14462,24.2879,Lawrence Ramos
66532,15053,103.2954,Gina Romero
66533,12752,35.6694,Omar Jai
66538,12311,80.0573,Hannah Hall
66540,12946,90.0133,Dakota Henderson
66541,20641,2715.3497,Katie Ashe
66542,14875,927.6254,Devin Howard
66543,13217,2598.9158,Edwin Bhat
66544,12780,2610.3084,Alexis Russell
66545,16589,2673.0613,Nichole Tang
66547,12991,2602.2529,Emily Coleman
66549,18269,2801.0977,Curtis Guo
66556,18904,671.7958,Whitney Raman
66561,18052,1918.2579,Benjamin Anderson
66562,17868,1918.2579,Carrie Gutierrez
66564,12398,663.5083,Lacey Cai
66565,12355,2671.9453,Lacey Wang
66566,12680,2719.4382,Juan Ramos
66569,14320,234.2158,Kristy Alvarez
66573,12361,180.104,Lacey Yang
66574,17304,38.664,Alan Liu
66576,18176,2591.1808,Randy Guo
66577,13784,2535.964,Monique Serrano
66578,20164,2708.6865,Phillip Sara
66579,16328,905.5254,Katrina Xie
66580,11672,59.659,Pedro Gonzalez
66581,12066,55.239,Abigail Clark
66582,11841,26.2769,Gerald Arun
66584,11769,168.2584,Olivia White
66586,11711,110.5995,Brianna Jones
66587,13988,40.432,Joanna Gill
66588,13760,40.432,Monique Jimenez
66591,20534,26.4869,April Luo
66595,13751,65.1729,Eduardo Foster
66596,17266,66.2779,Jose Davis
66598,18934,136.9979,Joseph Jackson
66599,16647,60.7529,Jason Hill
66600,15975,183.7394,Henry Sullivan
66601,17674,44.1779,Jonathan Anderson
66602,15740,44.1779,Billy Munoz
66603,14350,79.5048,Bryan Townsend
66604,15096,77.339,Jill Gutierrez
66605,17930,77.3169,Benjamin Walker
66610,15610,44.1779,Jose Evans
66611,11670,41.2055,Pedro Martinez
66612,14172,43.6144,Alex Kelly
66613,12535,9.934,Samantha Patterson
66614,15543,79.5269,Pamela Srini
66615,13716,701.6308,Devin Foster
66616,16068,623.1758,Andre Subram
66618,15130,2678.4648,Jeremy Murphy
66624,14118,2673.0613,Mason Brooks
66630,19203,596.689,Brianna Rivera
66632,17373,1918.2579,Krystal Sun
66637,12346,2694.0563,Madison Clark
66638,12681,2644.3313,Omar Liu
66639,17946,1879.594,Vincent Huang
66640,18126,2591.1808,Wesley Cai
66641,16263,2669.6137,Denise Gonzalez
66642,11138,43.0729,Kaitlyn White
66643,13047,33.1279,Hannah Washington
66644,15233,27.614,Isaiah Sanchez
66645,16665,47.4377,Caleb Hill
66646,19581,23.7465,Holly Srini
66649,15598,55.2169,Jonathan Evans
66650,17330,9.934,Noah Lee
66651,14541,905.5254,Mathew Ramos
66652,16329,915.7577,Katrina Tang
66653,15070,651.1323,Gina Carlson
66654,15071,624.314,Alex Murphy
66655,11921,30.1444,Elizabeth White
66656,11066,43.0729,Julia Robinson
66657,17347,30.6859,Robert Smith
66658,11019,26.2769,Joe Belson
66662,19634,77.339,Grace Price
66663,16775,5.514,Candice Zeng
66664,16676,15.4479,Jordan Hill
66667,14905,181.209,Albert Alonso
66668,17701,5.514,Margaret Liu
66672,12401,40.432,Samantha Lewis
66673,16555,34.5534,Logan Perez
66680,11709,109.9144,Brianna Williams
66681,11234,41.2055,Ruben Perez
66682,13194,62.9519,Edwin Shan
66683,12469,55.239,Sarah Taylor
66684,14741,982.8644,Eduardo Richardson
66685,17402,2547.0029,Karen Zhou
66686,16077,2653.6023,Robert Phillips
66690,12576,667.3869,Clayton Li
66692,20768,1293.3804,Isabella Murphy
66693,18084,1961.8944,Justin Martinez
66696,12356,2673.0613,Madison Hall
66697,11120,2732.7092,Kaitlyn Williams
66698,12668,2694.0563,Elizabeth Powell
66699,12669,2634.3974,Clayton Beck
66701,16307,2598.9158,Isaac Gonzalez
66702,13772,2596.7279,Richard Ross
66703,18190,24.2879,Alexander Rodriguez
66704,18197,24.2879,Jorge Leitão
66707,13969,55.239,Seth Hughes
66708,19030,2552.5169,Gary Navarro
66710,17829,885.9559,Dana Blanco
66711,11232,2.5305,Isabella White
66713,11142,32.5754,Kaitlyn Thompson
66715,11719,30.1444,Brianna Taylor
66720,18815,77.339,Meghan Carlson
66721,20351,132.5779,Chad Nara
66722,19228,136.9979,Victor Diaz
66723,19145,147.5065,Casey Alvarez
66725,14588,44.1779,Carlos James
66726,18925,40.8408,Joseph Taylor
66727,15168,44.1779,Kendra Carlson
66730,17887,71.7919,Dennis Wang
66733,16933,60.7529,Connor Young
66734,12488,9.934,Alejandro Zhao
66735,19841,667.9283,Jasmine Wood
66736,16102,623.1758,Connor Phillips
66737,19837,651.9279,Jasmine Sanders
66738,14752,916.0119,Danny Moreno
66739,13358,2637.5687,Willie Gao
66740,15990,2560.2519,Henry Sanchez
66741,11422,858.9607,Christy Goel
66742,11568,2649.8453,Barbara Gao
66746,12343,2535.964,Madison Martinez
66747,11039,2708.6534,Julia Davis
66750,12574,613.2419,Ashley Perry
66751,12577,624.3029,Josue Dominguez
66759,18917,671.7958,Joseph Miller
66762,12510,627.3748,Madison Griffin
66764,14303,820.2968,Felicia Rubio
66765,17203,2613.2919,Hunter Martinez
66766,17218,2562.4508,Terry Xie
66767,16309,2552.5169,Casey Chander
66768,18163,2591.1808,Christian White
66769,13043,96.0798,Hannah Patterson
66770,15039,77.3169,Gina Martin
66774,16165,40.432,Jason Campbell
66775,18264,38.664,Curtis Gao
66776,19097,2.5305,Derrick Diaz
66777,16565,2585.6669,Kara Andersen
66778,19034,2566.1194,Lauren Barnes
66779,16532,2738.5657,Evan Mitchell
66780,17812,885.9559,Nathan Wilson
66781,19192,753.5769,Philip Alonso
66782,17974,673.9395,Vincent Zheng
66783,11635,2.5305,Lauren Anderson
66784,11142,55.239,Kaitlyn Thompson
66785,11300,4.409,Marshall Shen
66786,11507,5.514,Marshall Jai
66789,11677,30.1444,Megan Wilson
66790,19801,99.4169,Jill Murphy
66792,11277,103.3065,Ruben Vazquez
66794,15942,101.6048,Noah Roberts
66795,16771,55.2169,Jack Green
66797,12166,55.2169,Taylor Lewis
66798,20486,55.2169,Jennifer Sanders
66799,14405,71.2394,Lee Alonso
66801,15616,30.1444,Ricky Rubio
66803,18002,30.1444,Brent Zhou
66805,11202,38.675,Ruben Arun
66806,11262,41.2055,Natalie Wilson
66807,11748,38.675,Olivia Williams
66808,11970,82.8529,Alisha Ma
66809,12043,104.9529,Arthur Wilson
66810,12387,38.664,Joe Alvarez
66811,16761,2735.9248,Martin Gonzalez
66812,14744,891.4698,Richard Richardson
66813,15778,2646.4419,Martin Rodriguez
66814,15964,2580.1419,Aaron Roberts
66816,12609,1417.5161,Nuan Ma
66820,14301,2563.589,Charles Ward
66821,12007,2585.6669,Alexis Taylor
66825,11420,596.689,Christy Rai
66826,16585,2673.0613,Eric Lopez
66827,12677,2673.0613,Omar Chen
66828,12683,2666.4313,Elizabeth Butler
66832,18446,23.7465,Zachary Moore
66836,19092,2.5305,Megan Rivera
66837,16706,69.5929,Francisco Mehta
66839,12958,9.934,Dakota Flores
66841,11827,211.9059,Ross Sanz
66842,11211,44.1779,Ruben Prasad
66844,11530,30.1444,Jenny Raji
66846,20203,132.5779,Alyssa West
66847,18078,142.5119,Jeffery Zeng
66848,17603,5.514,Stacey Ye
66849,18062,70.6869,Abby Martinez
66850,18778,44.1779,Meghan Martin
66851,14807,44.1779,Devin Cox
66852,12734,55.2169,Omar Xu
66853,19431,5.514,Douglas Raman
66855,14783,98.3119,Patrick Cox
66857,17840,44.1779,Nathan Martin
66859,13701,82.8529,Rodney Serrano
66860,12939,65.4381,Jaclyn Ma
66861,13762,78.4108,Eduardo Griffin
66862,13182,50.7748,Antonio Bennett
66863,16762,2740.3337,Candice Liang
66864,14750,1009.9258,Danny Alvarez
66865,19815,659.9723,Byron Carlson
66868,17910,1238.1415,Dennis Sun
66871,14666,2574.639,Jamie Vazquez
66873,14234,2614.9383,Krista Vazquez
66884,12621,622.0708,Juan Vazquez
66885,17256,866.8394,Terry Raji
66886,17257,997.2183,Luis Lopez
66887,17957,1918.2579,Ethan Thompson
66888,17942,1895.0419,Vincent Liu
66889,11980,9.934,Kayla Rodriguez
66890,12034,44.1779,Abigail Johnson
66892,16332,40.0784,Katrina Luo
66893,12485,2591.4681,Alejandro Zhou
66894,15072,634.2479,Gina Suarez
66895,11203,2.5305,Morgan Walker
66896,12111,132.6,Jessica Robinson
66897,11619,43.0729,Lauren Jones
66902,16149,77.3169,Molly Rana
66903,20539,16.5529,Jennifer Russell
66904,20335,77.339,Julia Stewart
66905,20010,77.339,Tara Chander
66906,17473,5.514,Thomas Allen
66908,16335,40.8408,Katrina Yuan
66909,15174,110.3895,Eduardo Bailey
66910,19074,33.1279,Megan Stewart
66912,17100,106.0137,Noah Moore
66916,11833,65.7365,Victoria Clark
66917,14331,62.9519,Kristy Gutierrez
66918,14269,94.4554,Joy Carlson
66919,13718,683.9729,Devin Alexander
66920,14753,850.2865,Lucas Richardson
66921,12883,2538.4944,Robyn Diaz
66923,15624,2710.6092,Diane Gill
66924,15436,1879.594,Chase Reed
66930,14326,2619.9108,Kristy Munoz
66939,15623,2649.8453,Damien Anand
66940,12340,2634.3974,Colleen Rai
66941,12342,2673.0613,Madison Garcia
66942,12395,2640.9279,Lacey Zheng
66943,12521,2615.4908,Alejandro Deng
66944,13820,2574.639,Marcus Henderson
66945,17192,2626.5408,Tony Chande
66946,16297,2535.964,Casey Jai
66947,17301,27.614,Alan Li
66949,18256,38.664,Christopher Rodriguez
66950,11362,55.239,Rachel Martin
66951,14522,59.659,Seth Gray
66952,13845,2584.5619,Desirée Moreno
66953,16533,2785.5172,Kelsey Becker
66956,15456,700.5258,Nancy Sai
66957,11176,38.664,Morgan Miller
66958,12034,35.6584,Abigail Johnson
66959,11711,65.1729,Brianna Jones
66962,15498,36.023,Patrick Cook
66967,19150,38.6529,Mary Patterson
66970,20272,104.4004,Derek Raji
66971,16092,8.0444,Kristopher Patel
66972,14637,44.1779,Evan Cooper
66973,14391,24.2879,Angel Peterson
66974,16935,44.1779,Carl Deng
66975,14248,62.9519,Krista Sanz
66978,19391,47.4377,Victoria Bradley
66979,12596,76.2119,Ashley Bryant
66984,11169,46.7194,Roy Gill
66985,15461,5.514,Nancy Arun
66986,11196,176.789,Morgan Clark
66987,11949,38.675,Warren Zhou
66988,19554,96.0798,Monica Raman
66989,11876,82.8529,Tamara Hu
66990,12603,9.934,Ashley Griffin
66991,13333,24.2879,Willie Wang
66992,19821,624.314,Jasmine Peterson
66993,14754,885.9559,Danny Munoz
66994,15844,2598.9158,Allen Malhotra
66995,12018,2688.9844,Alisha Andersen
66996,15750,2547.0029,Kyle Collins
66997,15768,2587.8769,Diane Sanz
66998,15968,2560.2519,Connor Roberts
66999,15440,830.2307,Sebastian Reed
67001,17912,1297.8004,Dennis Zhu
67002,14672,2663.0169,Jamie Ramos
67003,14676,2648.6408,Eduardo Cooper
67004,14279,2582.6834,Felicia Romero
67011,17404,1889.5279,Thomas Rodriguez
67014,16823,2732.7092,Mario Moyer
67015,14323,852.3307,Isaiah Torres
67016,12347,2673.0613,Warren Xie
67017,12360,2634.3974,Lacey Liu
67018,11185,38.664,Morgan Jackson
67021,12369,2.5305,Lacey Zhou
67022,18326,69.5929,Jorge Hu
67023,18175,2613.2919,Randy Liang
67024,12712,2643.1158,Kayla Jenkins
67025,12480,2574.6279,Sarah Harris
67026,20167,2699.9018,Alyssa Kelly
67027,14424,2715.3497,Chase Peterson
67029,11294,2.5305,Alexandra Smith
67030,16358,4.409,Adam Nelson
67031,11330,9.934,Grace Lewis
67038,16876,11.039,Mason Allen
67039,20514,55.2169,Keith Nara
67040,19649,87.2729,Grace Powell
67041,17448,71.2394,Robert Allen
67042,16236,109.3508,Evan Baker
67043,16901,44.1779,Adam Adams
67044,15258,5.514,Juan Sanchez
67045,20632,24.2879,Katie Rai
67046,20300,79.5269,Chloe Powell
67047,19839,138.114,Lindsay Raje
67048,16934,29.8019,Carl She
67049,12842,36.023,Rafael Shen
67050,16056,30.1444,Jesse Turner
67054,13532,8.0444,Jeremiah Russell
67055,11180,109.9144,Morgan Taylor
67056,11192,82.8529,Morgan Thompson
67057,12787,41.2055,Julian Price
67058,12019,82.8529,Alexis Robinson
67059,12936,44.189,Aidan Hayes
67060,13262,9.934,Carson Foster
67061,11477,38.664,Destiny Smith
67062,12566,65.1729,Ashley Ross
67063,12503,65.1729,Madison Gonzales
67065,15918,2615.4908,Manuel Patel
67066,15569,2535.964,Pamela Sanchez
67067,12885,2618.8169,Tristan Gonzales
67068,15771,2643.1158,Billy Rubio
67069,17613,2654.1548,Stacey Zhu
67071,12608,1396.5211,Sarah Price
67074,14325,2538.4944,Evan Torres
67075,14236,2618.8169,Sean Sanders
67076,14436,2673.0613,Steven Peterson
67078,20767,1238.1415,Crystal Sun
67080,12350,2652.3757,Madison Lee
67081,17249,937.5594,Hunter Lewis
67082,17971,1918.2579,Ryan Johnson
67086,13628,43.0729,Edward Wood
67087,13116,43.0729,Louis Anand
67088,12624,2574.6279,Clayton She
67089,17103,2579.5783,Shaun Andersen
67090,18158,2535.964,Randy Lu
67091,17981,596.689,Benjamin Wilson
67093,11262,30.6859,Natalie Wilson
67094,12532,40.0784,Alejandro Luo
67098,11824,67.4934,Victoria Garcia
67102,20431,16.5529,Peter Rai
67104,18886,77.339,Andrew Thomas
67105,19126,77.339,Derrick Serrano
67106,17529,15.4479,Valerie She
67107,18682,77.339,Jacob Brown
67108,14573,44.1779,Eduardo Ramirez
67109,13376,34.2219,Willie Deng
67110,14556,22.0669,Micheal Hernandez
67111,13951,62.9519,Wendy Blanco
67112,11355,15.4479,Christy Lu
67115,11474,55.2169,Nicole Walker
67118,12295,43.0729,Colleen Cai
67121,14986,76.2119,Seth Morgan
67123,12894,38.675,Aidan Bennett
67124,12028,44.189,Alisha Nara
67125,13168,82.8529,Spencer Bryant
67126,12329,55.239,Colleen Jai
67127,15984,2587.8769,Carlos Roberts
67128,13265,852.3307,Carson Bryant
67129,16598,2644.3313,Isaiah Lopez
67133,14275,2605.5127,Seth Sanders
67134,14230,2563.589,Mason Sanders
67139,12620,630.3694,Sarah Coleman
67141,15921,1918.2579,Jesse Perez
67142,11431,1933.7058,Jenny Wagner
67143,18164,2574.6279,Randy Sun
67144,17202,2607.2033,Isaac Wright
67145,17216,2618.8058,Terry Shen
67146,11501,38.664,Destiny Martin
67147,13013,165.7279,Emily Russell
67148,12665,71.7919,Elizabeth Jenkins
67149,15605,27.614,Ricky Blanco
67150,16699,38.6529,Angel Adams
67151,17496,122.6108,Valerie Lin
67152,14683,27.614,Jamie Rubio
67155,16694,43.0729,Gloria Ortega
67156,18141,2619.9108,David Clark
67157,16466,2699.9018,Logan Mitchell
67158,11711,33.1279,Brianna Jones
67162,20738,26.4869,Morgan Foster
67164,11300,19.0834,Marshall Shen
67167,19551,77.339,Emma Long
67168,17377,5.514,Naomi Romero
67170,13950,26.8184,Elena Velez Amezaga
67171,16279,54.1119,Casey Shen
67178,11875,82.8529,Tamara He
67179,14194,110.4558,Jared Kelly
67180,18382,79.5269,Jésus Romero
67181,12393,82.3004,Samantha Martinez
67182,12789,2654.1548,Janice Bennett
67183,15565,2560.2519,Pamela Lopez
67184,17625,2687.3048,Stacey Hee
67185,13270,2646.4198,Carson Russell
67186,15127,2580.1529,Xavier Murphy
67187,15129,2535.964,Kendra Ruiz
67189,12575,683.9729,Clayton Chen
67198,18085,1950.2808,Abby Gonzalez
67205,15209,958.5433,Bryce Rivera
67206,18127,2631.5023,Wesley Zeng
67207,12191,132.6,Abigail Patterson
67208,11619,8.7848,Lauren Jones
67209,16184,43.3381,Tina Vance
67210,17252,33.139,Elijah McDonald
67211,12352,70.1344,Colleen Anand
67212,15731,38.664,Billy Diaz
67213,15465,11.3152,Nancy Prasad
67214,14200,2709.8357,Krista Gomez
67215,14539,915.4594,Mathew Blanco
67217,11694,59.659,Megan Garcia
67219,11200,36.023,Morgan Lewis
67222,11176,35.6694,Morgan Miller
67224,13175,71.7919,Edwin Deng
67225,13198,16.5529,Antonio Jenkins
67226,19866,77.339,Jasmine Simmons
67227,19151,77.339,Casey Munoz
67228,17438,66.2779,Noah Allen
67229,20273,44.1779,Derek Anand
67231,13815,89.0299,Marcus Wood
67233,14938,32.034,Alex Morgan
67234,11141,82.8529,Kaitlyn Martin
67235,16776,2699.9018,Angel Scott
67236,14747,888.9504,Danny Hernandez
67237,16093,613.2419,Kristopher Vance
67238,14755,987.2844,Danny Alonso
67239,15915,2563.589,Alex Perez
67240,15568,2574.6279,Jordan Parker
67241,11945,2577.1694,Alisha Liu
67242,15540,2587.8769,Hunter Parker
67243,15937,2610.3084,Kellie Moreno
67244,15972,2614.3748,Henry Rana
67246,17916,1336.4644,Dennis Ma
67248,14668,2646.4419,Jamie Blanco
67249,14300,2596.7058,Cody Ward
67257,17871,1911.6169,Carrie Vazquez
67259,11489,2644.3313,Destiny Wilson
67351,11203,55.239,Morgan Walker
67353,17317,132.5558,Alan Xu
67354,18009,1918.2579,David Jackson
67356,17987,1934.8329,Brent Chen
67357,17996,1939.2529,Ryan Anderson
67358,11655,11.3152,Lauren Robinson
67361,11185,40.432,Morgan Jackson
67363,11507,48.5869,Marshall Jai
67366,12061,16.5529,Abigail Garcia
67367,17409,77.339,Thomas Moore
67368,18750,5.514,Natasha Navarro
67372,14509,181.209,Sheila Munoz
67373,14393,35.3269,Anne Rubio
67374,15922,146.9319,Sean Perez
67375,14767,33.0727,Isaiah Cox
67377,17110,44.1779,Caleb King
67378,14566,140.2687,Micheal Munoz
67379,11791,38.675,Victoria Smith
67380,14897,55.5042,Albert Alvarez
67381,14502,41.2055,Jonathon Carlson
67382,12649,9.934,Sarah Griffin
67383,12326,38.664,Madison Taylor
67384,11442,38.664,Nicole Moore
67385,16126,640.8669,Isaiah Phillips
67386,13086,2610.3084,Louis Yuan
67387,16148,2563.589,Samuel Campbell
67388,16105,2609.9548,Jordan Phillips
67389,15586,2649.7348,Ricky Moreno
67390,15135,2552.5169,Alex Bailey
67394,18200,632.3473,Christopher Martin
67402,18551,1889.5279,Kathleen Diaz
67403,18360,1934.8329,Frank Rubio
67404,18409,1909.7384,William Taylor
67405,18227,1911.6169,Kelvin Xu
67406,18233,1914.1473,Austin Taylor
67414,12689,2700.1228,Elizabeth Bryant
67415,12698,2674.4757,Kayla Price
67416,13006,2644.3313,Emily Simmons
67418,17278,888.9504,Noah Smith
67419,11203,75.1069,Morgan Walker
67420,17302,97.7483,Jose Lee
67421,16706,33.139,Francisco Mehta
67423,16481,79.5048,Misty Rai
67425,13009,44.1779,Emily Gonzales
67427,19040,2552.5169,Lauren Coleman
67428,14697,2574.6279,Alex Richardson
67429,17781,2597.8108,Nathan Jones
67431,15622,645.2869,Jimmy Gomez
67432,17989,1934.8329,Brent Li
67438,13988,55.2169,Joanna Gill
67439,18410,65.1729,Larry Martin
67440,16838,15.4479,Russell She
67441,15855,32.3323,Lucas Stewart
67442,14618,44.1779,Ian Rivera
67443,12408,46.7194,Ashley Johnson
67445,12597,48.8631,Ashley Alexander
67449,13694,37.5479,Rodney Vazquez
67450,13599,40.0784,Walter Dominguez
67451,12919,82.8529,Jaclyn Lin
67452,17807,8.0444,Samuel Rodriguez
67453,12633,55.239,Clayton Xu
67454,13721,668.4808,Devin Griffin
67455,14003,639.7508,Patrick James
67456,13064,2649.6906,Hannah Diaz
67457,18237,2562.4508,Curtis Zimmerman
67458,16785,2588.9266,Mason Scott
67459,15631,820.2968,Jimmy Hernandez
67461,11494,1374.4432,Destiny Anderson
67462,15218,2596.7279,Teresa Serrano
67470,20208,1293.3804,George Raman
67471,17476,1879.594,Leah Cai
67474,13261,596.689,Carson Simmons
67477,16309,2673.0613,Casey Chander
67478,11431,2649.8453,Jenny Wagner
67480,13107,1381.0732,Fernando Jenkins
67481,12701,2698.4432,Jose Carlson
67482,17258,850.2865,Bethany She
67483,17288,937.0069,Noah Martin
67484,13952,35.6584,Seth Wood
67485,13623,44.4431,Javier Alvarez
67487,16690,103.3065,Francisco Sai
67488,19674,46.7194,Patricia Mehta
67489,13013,77.339,Emily Russell
67490,12695,4.409,Elizabeth Diaz
67491,15231,65.7254,Carlos Sanchez
67492,11370,55.239,Damien Xie
67493,13961,55.239,Seth Powell
67494,17066,82.3004,Johnny Chander
67495,13127,60.764,Edwin Yang
67496,16547,2715.3497,James Perez
67497,12547,2563.589,Samantha Alexander
67498,16392,2602.2529,Greg Carter
67499,14769,905.5254,Danny Vazquez
67503,11361,71.7919,Christy Ma
67504,11711,4.409,Brianna Jones
67506,12970,224.5581,Jaclyn Luo
67507,11287,37.5479,Ruben Carlson
67508,11200,88.3669,Morgan Lewis
67512,15402,16.5529,Richard Rogers
67514,20704,86.1458,Amy Yang
67515,19022,77.339,Gary Jimenez
67516,16960,5.514,Carl Jai
67517,16336,71.2394,Elijah Nelson
67518,15982,5.514,Henry Lopez
67519,15907,5.514,Johnathan Rodriguez
67520,19147,43.3713,Megan Powell
67521,17757,27.614,Susan Ye
67522,17645,5.514,Sandra Liu
67523,19066,93.8808,Craig Navarro
67524,17807,81.7258,Samuel Rodriguez
67526,13681,82.8529,Rodney Romero
67527,13547,55.2169,Jon Zhao
67528,20176,35.6694,Phillip Lopez
67529,16423,92.7869,Tracy Shan
67530,18023,207.7179,Brent He
67533,12288,98.3229,Hannah Jackson
67535,19478,26.2769,Emma Stewart
67537,11127,44.189,Kaitlyn Wilson
67538,12363,148.0258,Lacey Huang
67539,12889,24.2879,Rafael Nath
67540,17385,123.1412,Krystal Cai
67541,11596,55.2169,Anna Jackson
67542,12258,55.239,Colleen Yang
67543,19854,613.2419,Byron Sanz
67545,14902,927.6254,Jesse Ward
67546,16112,2622.6844,Jackson Phillips
67548,12526,939.5815,Samantha Jenkins
67549,15184,2618.8058,Seth Bailey
67550,15219,2596.7279,Jared Rivera
67551,15150,2574.6279,Bryce Bailey
67563,20069,635.3529,Destiny Henderson
67568,18318,1945.3194,Janelle Arthur
67571,16298,2674.4757,Isaiah Gonzalez
67572,14306,820.2968,Eduardo Ward
67573,12686,2694.0563,Omar Lin
67574,11443,2673.0613,Nicole Taylor
67575,12990,2694.0563,Jaclyn Nara
67576,11750,2649.8453,Olivia Brown
67577,15210,944.7419,Nathaniel Rivera
67580,18292,2.5305,John Brown
67581,16425,2566.1194,Tracy Jai
67582,19065,2535.964,Craig Romero
67583,19027,2574.6279,Gary Alonso
67584,19038,2561.3016,Gary Blanco
67585,14150,2596.7279,Louis Liu
67587,17999,1939.2529,Brent Wu
67588,11212,30.1444,Marshall Cai
67589,13988,37.5479,Joanna Gill
67597,20396,77.339,Shawn Nath
67598,20355,87.2729,Chad Goel
67599,18474,44.1779,Tyler Johnson
67600,18765,132.5779,Joshua Brown
67601,18667,14.2987,Diana Vazquez
67603,14430,34.2219,Cole Peterson
67604,13386,93.8808,Willie Yuan
67605,17101,76.2119,Jason King
67606,15279,62.9519,Eduardo Sanchez
67607,16265,30.1444,Gloria Martin
67611,12303,23.7465,Hannah Rodriguez
67614,16649,50.7748,Alison Lal
67615,12892,46.7194,Rafael Black
67616,11982,41.2055,Alisha Cai
67617,16009,83.9469,Nathan Turner
67618,15191,850.2865,Teresa Jimenez
67619,12923,2547.0029,Aidan Foster
67620,13391,2658.0444,Brian Lauer
67621,13406,858.9607,Briana Diaz
67630,15589,2591.1808,Isaac Parker
67631,15362,2644.3313,Brenda Stone
67636,18439,1879.594,Larry Townsend
67637,18501,1934.8329,Dylan Jackson
67640,13555,631.7506,Jon Sun
67642,18039,1934.8329,Benjamin Taylor
67643,12688,2673.0613,Omar Zhou
67644,12996,2634.3974,Emily Powell
67645,11102,27.614,Jennifer Garcia
67646,18730,40.8408,Michael Taylor
67647,20224,33.6804,Cindy Stewart
67649,19798,75.1069,Alicia Raje
67650,11806,59.659,Victoria Moore
67651,14328,70.6869,Jesse Torres
67652,11211,70.6869,Ruben Prasad
67653,16667,11.3152,Connor Hill
67654,11530,44.1779,Jenny Raji
67655,11784,28.1554,Ross Sanchez
67656,14077,27.614,Melinda Vazquez
67661,15543,33.139,Pamela Srini
67662,13318,42.9624,Roger Nara
67664,15761,26.4869,Aaron Collins
67665,12964,55.2169,Dakota Simmons
67667,19846,77.339,Jasmine Henderson
67668,11078,77.339,Joe Sanz
67669,18588,132.5779,Don Roessler
67670,18506,35.3269,Leslie Martin
67672,17106,80.6208,Logan Lopez
67673,13506,136.9979,Colin Rai
67674,16283,70.6869,Luke Gonzalez
67675,14715,34.5534,Hector Romero
67680,11236,82.8529,Isabella Thompson
67681,12598,9.934,Clayton Xu
67682,12982,54.1229,Jaclyn Pal
67683,12023,2602.264,Alexis Lewis
67685,15171,2588.9266,Kendra Suarez
67694,12754,671.7958,Alexis Jenkins
67696,12703,2644.3313,Kayla Wood
67697,15263,77.3169,Heidi Rana
67698,17350,102.1904,Robert Williams
67699,13954,87.2729,Seth Barnes
67701,19972,15.4479,Nicole Hughes
67702,14712,2585.6669,Hector Alonso
67703,19067,2630.4194,Nelson Martin
67704,19037,2668.564,Orlando Rubio
67705,11706,59.659,Pedro Gutierrez
67706,11697,69.5929,Megan Martinez
67710,13860,42.9624,Joy Martin
67711,12202,79.4937,Abigail Gonzales
67712,13474,134.3349,Colin Zeng
67713,16479,55.2169,Misty Chander
67714,20692,55.2169,Tiffany Zeng
67715,20633,76.2119,Kaitlyn Butler
67716,20443,43.6144,Corey She
67718,20020,87.2729,Tara Raji
67719,20119,77.339,Ronald Arthur
67720,17406,8.0444,Naomi Gutierrez
67722,15292,60.7308,Jeremiah Sanchez
67723,13921,62.9519,Theresa Suarez
67725,19907,35.6584,Kathryn Xu
67726,17636,81.7258,James Martinez
67727,18165,44.1779,Austin Williams
67728,11506,38.675,Carol Martinez
67729,15571,62.9519,Adam Parker
67730,18541,26.8184,Leslie Suarez
67731,12638,9.934,Nuan Yuan
67732,14894,888.9504,Alex Ward
67733,14893,927.6254,Isaiah Ward
67734,16869,2626.5408,Russell Chander
67735,13088,2560.2519,Louis Kumar
67736,16850,2602.2529,Gabriel Adams
67737,16854,2588.9377,Melody Moreno
67738,16867,2632.0437,Aaron Adams
67739,12949,2626.5408,Jaclyn Zheng
67740,16145,2566.1194,Kellie Ramos
67741,16829,2644.3313,Mario Goel
67742,15214,2673.5033,Teresa Gill
67743,15134,2574.639,Isaiah Bailey
67744,17920,1276.8054,Dennis He
67745,17921,1238.1415,Ethan Taylor
67757,14885,1276.8054,Paula Ruiz
67758,20186,1238.1415,George Patel
67759,18502,1945.3194,Janelle Fernandez
67760,18228,1889.5279,Janelle Patel
67761,13770,596.689,Monique Navarro
67764,15676,2673.0613,Marc Martin
67765,17281,27.614,Noah Williams
67766,14018,27.614,Steven James
67767,14315,38.9292,Dennis Ware
67768,16697,33.139,Francisco Srini
67772,15434,2.5305,Brian Reed
67773,20224,15.4479,Cindy Stewart
67774,16428,927.6033,Tracy Andersen
67775,17965,905.5254,Ethan Garcia
67776,16424,2587.8769,Caleb Carter
67777,12735,2602.2529,Kayla Russell
67778,14155,2668.564,Louis Huang
67779,14701,905.5033,Hector Ruiz
67780,17998,1879.594,Ryan Thomas
67781,18027,1918.2579,Christian Davis
67782,11276,11.3152,Natalie Martin
67784,11844,55.239,Victoria Walker
67791,11659,35.6694,Lauren Rodriguez
67793,15468,16.5529,Dalton Reed
67794,20774,25.3377,Isabella Richardson
67795,18913,87.2729,Whitney Lopez
67796,20742,142.5119,Morgan Alexander
67797,15573,5.514,Ricky Gomez
67798,15563,44.1779,Connor Parker
67800,15296,8.0444,Isaiah Morris
67801,14542,87.2729,Isaac Ramirez
67802,15701,79.0959,Jack Edwards
67803,19050,62.9519,Gary Rubio
67804,16473,27.614,Hunter Mitchell
67806,19180,44.1779,Megan Diaz
67810,12567,37.5479,Alejandro Raji
67811,17723,20.9619,Jonathan Lee
67813,13219,24.2879,Edwin Raji
67814,11877,38.675,Emma Garcia
67815,12651,9.934,Clayton Andersen
67816,12565,103.2733,Alejandro Beck
67817,19843,624.314,Lindsay Nara
67818,16845,2630.4194,Kyle Adams
67819,16111,2586.7387,Kristopher Subram
67823,12623,1382.4876,Sarah Perry
67824,12874,1342.4093,Tristan Hughes
67825,17922,1374.0123,Ethan Anderson
67829,15595,2563.589,Sean Parker
67833,18545,1907.2079,Leslie Ortega
67834,18553,1879.594,Zachary Smith
67835,17586,1934.8329,Stacey Wang
67837,14305,879.9557,Felicia Ortega
67838,13011,2710.6092,Emily Alexander
67839,11865,8.7848,Emma Jackson
67840,11857,55.239,Emma Wilson
67841,11948,35.6584,Alisha Huang
67842,16181,147.4844,Jackson Campbell
67847,15721,38.664,Marc Rubio
67848,12736,2639.8008,Omar Yuan
67849,19057,2566.1194,Craig Diaz
67850,14702,2623.2258,Hector Diaz
67852,19419,905.5254,Nelson Carlson
67853,18008,1944.7669,Brent Sun
67860,15859,38.5535,Allen Raman
67864,11505,49.9681,Destiny Garcia
67866,20305,77.339,Chloe Patterson
67867,19799,87.2729,Jasmine Bell
67868,11200,5.514,Morgan Lewis
67869,14384,103.8369,Anne Ramos
67870,15282,8.0444,Ian Sanchez
67871,14693,44.1779,Isaiah Richardson
67872,20557,71.7919,Karen Morgan
67873,12862,129.9259,Tristan Barnes
67874,15108,134.3349,Jill Serrano
67875,20571,27.614,Kristin Tang
67877,15712,20.9619,Marc Blanco
67878,13294,96.0798,Roger Kumar
67879,13172,26.8184,Edwin Hu
67880,12910,62.9519,Aidan Powell
67881,13207,94.4554,Antonio Hughes
67882,16122,629.8169,Kristopher Sanchez
67883,16908,2615.4908,Jerry Raje
67884,18377,2646.4419,Anthony Martinez
67885,16100,2618.8058,Caleb Phillips
67892,15181,2626.5408,Paula Blanco
67894,15716,2671.8458,Marc Carlson
67899,18548,1939.2529,Janelle Gonzalez
67902,12805,650.8008,Oscar Bryant
67903,12989,2649.8453,Jaclyn Chander
67904,17073,32.0229,Johnny Moyer
67905,17907,30.6859,Hunter Anderson
67906,19571,62.9519,Emma Foster
67907,12359,27.0615,Lacey Li
67908,16538,2738.5657,Isaac Mitchell
67909,14776,2574.6279,Danny Suarez
67910,19910,2658.0444,Kathryn Yuan
67914,15007,38.5535,Renee Romero
67915,12106,27.614,Kelli Xu
67916,12532,77.3169,Alejandro Luo
67918,11498,104.3783,Jenny Shan
67920,19767,104.4004,Alicia She
67921,20342,87.2729,Chad Pal
67922,20022,132.5779,Tara Ashe
67924,17435,75.1069,Karen She
67925,18661,5.514,Daniel Brown
67926,13199,44.1779,Edwin Raje
67927,15911,29.8019,Carlos Perez
67930,19374,32.5754,Shane Arun
67936,14889,24.2879,Carlos Ward
67937,13598,55.2169,Walter Torres
67938,12274,38.664,Hannah Davis
67939,16871,2560.2519,Russell Nara
67940,16818,2643.0937,Mario Raje
67941,16095,2574.639,Luis Phillips
67942,15170,2563.589,Cody Bailey
67952,18361,1934.8329,Brandon Martin
67953,18414,1945.3194,Larry Rowe
67955,18234,1939.2529,Austin Anderson
67957,13264,596.689,Roger Zheng
67959,15678,2719.4382,Marc Gomez
67960,12124,2649.8453,Taylor Smith
67961,11028,820.2968,Julia Smith
67962,18038,1918.2579,Jeffery Li
67963,18046,1918.2579,Jeffery Wu
67964,12702,2732.7092,Omar Sun
67965,11068,66.2006,Joe Blanco
67966,16341,62.9519,Katrina Jai
67968,12036,44.1779,Warren Xu
67972,13136,38.664,Spencer Price
67973,17495,69.5487,Jason Hall
67974,17983,2628.7508,Christian Robinson
67975,12613,2658.0444,Clayton He
67976,14165,2577.1694,Dalton Brooks
67979,15826,6.9394,Kelvin Zhang
67980,11205,2.5305,Morgan Hall
67986,15864,79.0959,Allen Garcia
67989,12532,104.4004,Alejandro Luo
67991,15370,8.0444,Patrick Rogers
67992,17702,30.1444,Clarence Chen
67993,17084,34.5534,Jonathan Lopez
67994,14197,118.3234,Garrett Kelly
67995,14864,77.3169,Lance Vazquez
68002,14611,44.189,Clinton Jiménez
68003,11961,41.2055,Kayla Taylor
68004,13196,62.9519,Edwin Jai
68005,16782,2742.8642,Jackson Green
68007,12619,918.6086,Clayton Cai
68008,19420,1391.0072,Douglas Arun
68009,15192,2580.1529,Carlos Rivera
68010,15143,2535.964,Jesse Bailey
68011,15144,2535.964,Sean Bailey
68022,17125,596.689,Mitchell Shen
68027,15637,2673.0613,Jimmy Jimenez
68028,11603,2649.8453,Barbara Sharma
68029,12994,2673.0613,Emily Jenkins
68030,11184,6.9394,Roy Rubio
68031,18305,136.9758,Alexander Thompson
68032,19666,38.675,Patricia Srini
68033,18796,26.2769,Joshua Martinez
68034,11763,15.7242,Olivia Anderson
68036,13008,40.0784,Emily Foster
68037,19904,2562.7823,Shannon Martin
68039,11142,71.7919,Kaitlyn Thompson
68043,18328,8.0444,Jorge Cai
68044,17520,5.514,Valerie Harrison
68046,15950,8.0444,Kyle Roberts
68047,14628,5.514,Clinton Dominguez
68048,14488,75.0627,Brian Gray
68050,16202,34.5534,James Parker
68051,15714,92.7869,Isaiah Edwards
68052,17763,27.614,Samuel Brown
68053,12134,69.5929,Kelli Rai
68057,12476,26.2769,Sarah White
68059,13242,62.9519,Carson Jenkins
68060,12664,9.934,Elizabeth Coleman
68061,14895,888.9504,Albert Hernandez
68062,15016,883.4254,Nathaniel Bradley
68063,16653,2665.2048,Alison Jai
68065,15223,2535.964,Steven Rivera
68070,11372,927.6254,Christy Zheng
68075,19206,612.1369,Philip Gill
68079,18543,1918.2579,Leslie Sanz
68083,14160,800.5394,Sabrina Hernandez
68084,11421,2634.3974,Christy Nath
68086,12685,2694.0563,Omar Huang
68087,12694,2634.3974,Elizabeth Griffin
68088,13001,2671.9453,Emily Hughes
68089,17277,937.5594,Bethany Shan
68090,12087,55.239,Kelli Hu
68091,11223,38.664,Isabella Moore
68092,12704,33.1279,Omar Zhu
68094,19753,5.514,Rachel Coleman
68095,18720,59.659,Michael Brown
68096,16410,883.3591,Tracy She
68097,12747,2580.1419,Omar Sharma
68098,17825,2653.0498,Dana Dominguez
68099,19036,2563.589,Gary Vazquez
68100,19041,2640.9279,Lauren Jenkins
68101,17990,659.6408,Abby Mehta
68103,11726,69.5929,Pedro Serrano
68104,11502,8.0444,Jenny Pal
68107,11845,71.7919,Victoria Hall
68109,15468,288.8249,Dalton Reed
68111,12936,35.6694,Aidan Hayes
68113,18054,77.3169,Justin Miller
68114,11530,77.339,Jenny Raji
68115,20123,146.9319,Ronald Srini
68116,18861,147.5065,Matthew Lee
68117,11330,5.514,Grace Lewis
68118,16904,5.514,Melody Romero
68119,15814,103.8369,Troy Mehta
68120,16325,5.514,Jose Nelson
68121,18162,8.0444,Christopher White
68122,14710,44.189,Brian Richardson
68126,13604,146.8987,Blake Flores
68128,13244,90.0133,Roger Zhao
68129,18389,2653.6023,Jésus Dominguez
68130,16839,2535.964,Russell Deng
68131,15283,956.8748,Paula Sanz
68132,16645,2604.7944,Alison Yuan
68133,12915,2561.3016,Jaclyn Wu
68134,12131,2728.3003,Kelli Chander
68137,12583,635.3529,Nuan Wu
68138,14605,2688.5092,Sean James
68143,20209,1347.4923,Alyssa Gonzales
68144,18562,1914.1473,Zachary White
68145,18371,1939.2529,John Walker
68149,14666,907.0172,Jamie Vazquez
68150,18047,1918.2579,Abby Lopez
68151,11091,159.6615,Jennifer Taylor
68153,12692,165.7279,Elizabeth Russell
68154,15822,32.0229,Brian Stewart
68155,19101,50.7748,Derrick Jiménez
68156,12691,43.0729,Omar Ye
68158,13972,55.239,Joanna Johnston
68159,16417,905.5254,Jason Carter
68160,14770,2574.6279,Danny Blanco
68161,12522,2552.5169,Samantha Ross
68162,19299,648.6019,Olivia Cook
68163,17963,1934.8329,Ethan Walker
68166,12136,5.514,Kelli Nath
68175,20538,76.2119,Jennifer Alexander
68176,19853,132.5779,Jasmine Powell
68177,20414,86.7204,Julia Washington
68178,18065,77.339,Jeffery Guo
68179,20752,77.339,Isabella Sanchez
68182,12293,26.2769,Colleen Hu
68184,11301,142.5119,Lacey Raje
68185,12513,65.1729,Alejandro Hu
68186,19845,707.1448,Jasmine Ross
68187,13056,937.5594,Louis He
68189,15632,858.9607,Jordan Evans
68190,15638,858.9607,Jimmy Moreno
68192,12579,596.689,Ashley Powell
68194,14272,1950.2808,Ian Sanders
68197,11412,2644.3313,Christy Raje
68199,12695,33.1279,Elizabeth Diaz
68200,15810,35.6694,Troy Rana
68202,16420,859.0712,Aaron Carter
68203,12520,2587.3133,Alejandro She
68204,19031,2602.2529,Gary Gutierrez
68206,11185,34.5534,Morgan Jackson
68208,11698,23.7465,Megan Robinson
68210,11203,40.0784,Morgan Walker
68211,11287,30.6859,Ruben Carlson
68214,12106,41.1834,Kelli Xu
68218,20516,16.5529,Keith Rai
68219,16072,183.7394,Andre Mehta
68220,17344,5.514,Alan Zeng
68223,16485,44.1779,Misty Black
68225,20479,94.4554,Jennifer Watson
68226,16545,34.5534,Timothy Mitchell
68227,16450,41.9569,Misty Xie
68228,13608,79.0959,Blake Simmons
68231,19444,65.1729,Douglas Sanchez
68233,12310,76.2119,Hannah Walker
68234,14077,41.2055,Melinda Vazquez
68235,11653,138.0919,Pedro Sara
68236,12969,46.7194,Dakota Bryant
68237,16213,79.5269,Tina Lopez
68238,13188,62.9519,Robyn Blanco
68239,19869,672.9008,Jasmine Foster
68240,18433,2574.6279,Brandon Jones
68241,12975,2692.8519,Jaclyn Lal
68242,16835,2535.964,Thomas Adams
68243,12020,888.9394,Alexis Clark
68244,14900,927.6254,Albert Moreno
68245,15005,888.9504,Mark Bebbington
68246,15254,929.8133,Heidi Arun
68247,18116,2626.5408,Wesley Liang
68248,16478,2636.4637,Jose Mitchell
68249,16113,2643.1048,Kristopher Mehta
68250,19365,1381.0732,Shane Kovar
68251,15215,2673.5033,Cole Rivera
68252,13010,2577.1694,Emily Bryant
68260,18369,1907.2079,Janelle Prasad
68261,14267,1973.4969,Felicia Jimenez
68265,13109,1418.6211,Louis Nath
68266,12561,2552.5169,Ashley Bennett
68267,11711,108.8315,Brianna Jones
68268,11787,38.664,Olivia Lee
68269,15238,70.6869,Heidi Suri
68270,17503,70.6869,Jack Hall
68271,18291,24.2879,Jorge Yang
68274,16166,42.9624,Luis Campbell
68275,17321,9.934,Alan Zhu
68276,12704,175.695,Omar Zhu
68277,14795,885.9559,Cole Cox
68278,19901,2560.2519,Nicole Bailey
68279,19076,2646.4419,Craig Vazquez
68280,19028,2612.1758,Gary Romero
68281,14159,2598.9158,Sabrina Diaz
68282,15455,724.8137,Charles Reed
68283,19193,672.9008,Brianna Reed
68284,15656,606.6229,Jesse Evans
68285,11078,38.664,Joe Sanz
68288,11078,28.1554,Joe Sanz
68292,14611,216.127,Clinton Jiménez
68293,13239,41.1834,Carson Henderson
68300,19699,147.5065,Kristina Smith
68301,18339,15.4479,Frank Romero
68302,17032,14.2987,Thomas King
68303,16817,5.514,Jesse Green
68304,15539,71.2394,Samuel Parker
68305,14466,99.9694,Lawrence Suarez
68306,13374,62.9519,Oscar Jenkins
68313,12590,64.6094,Ashley Butler
68314,15057,44.1779,Gina Gutierrez
68315,13683,99.4169,Wyatt Hughes
68317,11679,101.6269,Megan Taylor
68318,12888,106.5883,Tristan Russell
68319,12422,38.675,Lacey Kumar
68320,11747,68.4769,Olivia Johnson
68321,12552,9.934,Stuart Railson
68322,14912,937.5594,Nathaniel Ward
68323,13434,2602.264,Xavier Russell
68324,16866,2701.1173,Russell Raje
68325,16819,2560.2519,Jose Adams
68326,15228,2570.1858,Dalton Stewart
68327,15178,2647.5358,Marcus Bailey
68330,14598,2644.3313,Isaac James
68337,18373,1949.1869,Tyler Jackson
68338,18448,1918.2579,Janelle Subram
68341,14326,845.6786,Kristy Munoz
68342,11975,54.1119,Alisha Guo
68343,11500,15.4479,Destiny Harris
68344,16016,77.3169,Bobby Subram
68346,14009,38.664,Juan James
68347,16632,42.9624,Nathan Hill
68348,17984,2640.9279,Brent Zhang
68349,19069,2574.6279,Lauren Alexander
68351,11166,53.0069,Morgan Williams
68352,11661,33.6804,Lauren Lewis
68354,17385,30.1444,Krystal Cai
68355,15572,36.023,Ricky Martin
68356,11709,77.3169,Brianna Williams
68358,15526,55.2169,Pamela Kapoor
68360,18880,77.339,Orlando Dominguez
68361,19685,87.2729,Rachel Morris
68362,19235,132.5779,Victor Moreno
68364,15836,8.0444,Jared Stewart
68365,15416,5.514,Candace Srini
68367,16467,5.514,Nathan Mitchell
68370,19494,6.9394,Emma Morgan
68374,11177,142.5119,Roy Carlson
68375,13099,107.1408,Louis Pal
68376,16127,683.4094,Molly Kapoor
68377,14891,883.4254,Albert Gomez
68378,14892,850.2865,Albert Diaz
68379,16244,2618.8169,Sean Baker
68380,16087,2618.8169,Andre Perez
68381,16101,2566.1194,Kristopher Madan
68383,15585,2561.3016,Diane Torres
68384,15185,2566.1194,Teresa Ruiz
68392,18370,1879.594,John Lee
68393,18440,1961.8944,Larry Dominguez
68395,17182,2673.0613,Carlos Wright
68396,11017,820.2968,Chloe Clark
68397,14235,1418.6211,Krista Blanco
68400,12987,2644.3313,Jaclyn Chande
68401,11897,2732.7203,Grace Smith
68403,13141,87.2729,Spencer Ross
68404,11123,8.7848,Kaitlyn Brown
68405,18289,9.934,Jorge Liu
68406,16729,9.934,Martin Patel
68407,14700,2570.1858,Walter Romero
68408,16393,2646.4419,Noah Carter
68409,15649,668.4808,Alex Evans
68410,18633,676.1937,Stacy Rubio
68411,11753,33.1279,Ross Sai
68412,13169,132.6,Edwin Zheng
68413,11012,6.9394,Chloe Thompson
68415,13096,40.0784,Fernando Bennett
68420,11841,112.6548,Gerald Arun
68421,19817,87.2508,Lindsay Tang
68423,18407,35.6694,Tyler White
68424,18784,142.5119,Meghan Alan
68425,18575,87.2729,Tyler Wilson
68426,20081,65.1729,Shannon Navarro
68427,13699,83.9469,Devin Jenkins
68428,14844,94.4554,Lance Diaz
68429,19187,162.7444,Brianna Morris
68430,11376,86.7204,Christy Cai
68431,15102,67.4934,Jill Gill
68432,17090,71.7919,Gabriel King
68437,14359,46.7194,Anne Hernandez
68438,14515,62.9519,Mathew Alvarez
68439,12396,55.239,Lacey Hu
68440,16090,668.4808,Kristopher Chandra
68441,16852,2658.0444,Russell Luo
68442,15188,937.5594,Dalton Bailey
68443,15189,850.2865,Teresa Alvarez
68444,16144,2626.5408,Logan Campbell
68445,15204,2646.4419,Teresa Romero
68456,16011,1381.0732,Samuel Turner
68458,19769,596.689,Alicia Shen
68459,19204,596.689,Philip Dominguez
68461,18366,1961.8944,John Lewis
68463,13771,639.1983,Richard Blue
68464,13782,650.8008,Richard Long
68468,11026,857.8447,Joe Martinez
68469,11364,888.9504,Christy Liang
68470,11365,987.2844,Rachel Garcia
68472,13614,30.1444,Briana Torres
68473,20240,62.9408,Shannon Suarez
68474,18728,51.3494,Michael Moore
68475,11098,5.514,Jennifer White
68477,14684,8.0444,Jamie Ortega
68478,11116,8.7848,Roy Rana
68479,20170,2738.5657,Phillip Sullivan
68480,14789,888.9394,Roberto Diaz
68481,14146,2591.1808,Louis Chen
68482,16407,891.4698,Gloria Munoz
68483,14779,905.5254,Danny Schmidt
68484,11501,66.8194,Destiny Martin
68487,12074,77.3169,Kelli Sun
68489,19750,41.1834,Cynthia Lopez
68491,20397,86.7204,Julia Jenkins
68492,11253,104.4004,Natalie Johnson
68493,19741,87.2729,Cynthia Raman
68494,17466,75.6815,Hunter Hall
68495,16809,15.4479,Evan Green
68496,12074,15.4479,Kelli Sun
68497,17760,35.6584,Susan Zhao
68498,18184,99.4169,Randy She
68499,13356,34.2219,Willie Sun
68500,20174,33.139,Phillip Fernandez
68505,11256,46.7194,Natalie Jones
68506,14641,38.675,Clinton Sandberg
68507,16855,79.5269,Russell Lal
68508,20642,2709.8357,Kaitlyn Alexander
68509,16868,2566.1194,Russell Carson
68510,16872,2606.9602,Connor Adams
68511,16756,2647.5358,Martin Fernandez
68512,12859,1412.0022,Robyn Ruiz
68513,11604,2644.3313,Anna Garcia
68514,16828,2698.4432,James Adams
68517,15439,1939.2529,Juan Reed
68522,15591,2538.4944,Jesse Parker
68523,15601,2630.4194,Ricky Gill
68524,18201,640.3033,Benjamin Clark
68526,14606,2634.3974,Timothy James
68528,20074,650.8008,Joel Sai
68534,16448,2682.9953,Isaiah Carter
68536,15677,2676.9067,Jose Edwards
68538,11147,2700.1228,Roy Hernandez
68539,13076,2634.3974,Louis Xie
68540,12047,9.934,Abhijit Thakur
68541,11139,27.614,Kaitlyn Harris
68542,12411,132.6,Lacey Simpson
68545,16680,38.5535,Francisco Kapoor
68546,13841,2535.964,Marcus Butler
68547,14771,2602.2529,Evan Cox
68548,19046,2563.589,Lauren Powell
68549,17833,2547.0029,Samuel Anderson
68550,17114,2656.3758,Luis Wright
68554,18000,703.8187,Ryan Jackson
68555,15462,711.0344,Ian Reed
68557,11736,65.7254,Pedro Rubio
68558,11524,2.5305,Alyssa Jones
68559,11203,32.0229,Morgan Walker
68563,11019,41.1834,Joe Belson
68566,15488,16.5529,Isaac Cook
68567,14341,26.4869,Kristy Ramos
68570,20008,77.339,Tara Chande
68571,18587,77.339,Kathleen Carlson
68572,11640,77.339,Pedro Patel
68573,18690,132.5779,Erika Diaz
68574,16769,5.514,Jackson Scott
68575,17349,71.2394,Robert Johnson
68577,14395,106.5883,Alex Peterson
68578,16050,40.8408,Alex Turner
68579,12743,77.339,Omar Lal
68580,15628,70.6869,Connor Evans
68581,19379,114.3233,Shane Schmidt
68583,19488,53.0069,Brett Kapoor
68584,19464,65.1729,Raymond Prasad
68586,17838,8.0444,Nathan Harris
68587,11221,46.7194,Ruben Fernandez
68588,11318,46.7194,Lacey Becker
68589,11199,138.6444,Ruben Sai
68590,11721,46.7194,Pedro Blanco
68591,13184,111.0083,Antonio Wood
68592,11375,15.4479,Rachel Rodriguez
68593,13332,62.9519,Willie Zhang
68594,13722,728.6923,Robin Romero
68595,16893,2570.1858,Jerry Lal
68596,13019,2643.0937,Hannah Price
68597,16859,2630.4194,Jason Adams
68598,16114,2563.589,Kellie Blanco
68599,16146,2574.6279,Molly Schmidt
68603,12873,1381.0732,Tristan Patterson
68605,15226,2563.589,Adrian Rivera
68607,12581,635.3529,Ashley Long
68608,16345,657.4419,Caleb Nelson
68609,11042,875.5357,Joe Ashe
68617,18558,1934.8329,Tyler Garcia
68618,13822,635.3529,Linda Gill
68619,16831,2688.5092,Jonathan Adams
68620,12132,2649.8453,Taylor Jones
68621,12300,2710.6092,Colleen She
68623,18011,2089.8423,Brent Zhu
68624,11253,54.1119,Natalie Johnson
68625,15583,34.5534,Alex Parker
68626,18264,38.6529,Curtis Gao
68628,17985,2563.589,Ryan Miller
68629,14555,927.6033,Mathew Ortega
68630,15463,686.1277,Nancy Srini
68631,15659,667.9283,Jimmy Blanco
68634,17980,1934.8329,Gerrit Straatsma
68635,11186,4.409,Ruben Kapoor
68636,11207,2.5305,Ruben Srini
68637,11223,30.6859,Isabella Moore
68638,11651,23.7465,Pedro Prasad
68644,12147,41.1834,Dawn Zhang
68646,11131,26.4869,Kaitlyn Taylor
68647,18938,77.339,Chelsea Arun
68649,13451,24.2879,Dalton Ross
68650,13788,184.3472,Richard Flores
68654,12880,38.675,Tristan Butler
68655,12909,79.5269,Aidan Perry
68656,12554,65.1729,Alejandro Chander
68657,14896,982.8644,Evan Ward
68658,14913,922.0783,Chase Ward
68659,18236,2668.564,Todd She
68660,11251,2562.4508,Ruben Hernandez
68661,13038,2535.964,Hannah Long
68662,15183,2538.4944,Teresa Gomez
68664,17924,1276.8054,Dennis Zheng
68669,15363,2634.3974,Mason Rogers
68676,16203,2719.4382,Jonathan Parker
68677,14325,890.9836,Evan Torres
68678,13108,1408.1347,Louis Rai
68679,12705,2682.9953,Kayla Barnes
68680,12706,2705.0842,Omar Gao
68681,13012,2709.5042,Tamara Chen
68682,13075,2737.6707,Madison Henderson
68683,17259,913.2383,Robert Robinson
68684,14209,33.1279,Krista Hernandez
68686,13158,87.2729,Spencer Butler
68687,13794,2618.8169,Monique Rubio
68688,18625,632.3473,Stacy Serrano
68689,11638,2.5305,Pedro Chapman
68691,14077,54.6754,Melinda Vazquez
68695,11784,35.6584,Ross Sanchez
68696,14363,42.9624,Devin Torres
68700,12936,136.9979,Aidan Hayes
68702,20098,75.6815,Joel Gonzalez
68703,18119,15.4479,Wesley He
68704,17679,44.1779,Sandra Zheng
68705,14504,77.339,Jonathon Suarez
68706,17382,32.5754,Logan Allen
68707,15401,44.1779,Candace Malhotra
68708,16719,44.1779,Samuel Scott
68711,11566,54.1119,Barbara Zhu
68712,11638,82.8529,Pedro Chapman
68713,13535,16.5529,Jon Huang
68714,12517,9.934,Samantha Wood
68715,16108,700.5258,Adam Phillips
68716,18392,2588.9377,Jésus Vazquez
68717,14911,959.1069,Albert Navarro
68718,16753,2563.589,Martin Subram
68719,16755,2560.2519,Martin Garcia
68720,15587,2598.9158,Mason Parker
68722,15438,1897.5723,Candace Perez
68729,15304,2732.7092,Isaac Morris
68732,18344,1944.7669,John Thomas
68735,14667,890.9836,Adrian Cooper
68736,12684,2688.5092,Elizabeth Simmons
68737,12687,2634.3974,Elizabeth Gonzales
68738,12999,2673.0613,Jaclyn Raji
68739,14517,32.0229,Mathew Moreno
68740,15237,34.5534,Sabrina Ruiz
68741,11921,29.8019,Elizabeth White
68743,11467,25.3377,Nicole Rodriguez
68744,15206,38.664,Teresa Gutierrez
68745,18262,65.7254,Christopher Lee
68746,17500,132.6,Valerie Ye
68747,17960,905.5254,Vincent Zhu
68748,14158,2650.3094,Ian Brooks
68749,19253,596.689,Victor Carlson
68750,15655,632.3473,Isaac Evans
68753,12936,76.2119,Aidan Hayes
68754,18884,62.9408,Whitney Kovár
68756,20535,16.5529,Jennifer Gonzales
68757,20536,26.4869,April Kumar
68758,13201,11.039,Antonio Perry
68759,20112,87.2729,Ronald Patel
68760,18872,87.2729,Andrew Davis
68761,13936,131.4508,Lucas Bryant
68762,11619,132.5779,Lauren Jones
68764,16152,71.2394,Noah Campbell
68765,14513,5.514,Mathew Hernandez
68766,15741,99.4169,Nathan Collins
68776,18172,44.1779,Austin Jones
68777,13824,5.514,Linda Vazquez
68778,12916,46.7194,Aidan Flores
68779,13236,24.2879,Carson Wood
68780,12887,24.2879,Tristan Alexander
68781,12921,2607.7779,Jaclyn Ye
68782,17780,875.5357,Susan Hu
68783,12615,1381.0732,Sarah Wood
68784,16566,1357.8572,Kara Chavez
68786,13007,2596.7279,Tamara Wang
68791,15179,2622.6844,Ian Bailey
68793,12580,596.689,Clayton Yang
68799,18559,1918.2579,Kathleen Jimenez
68800,18350,1918.2579,Frank Serrano
68801,18431,1939.2529,Brandon Williams
68802,18226,1907.2079,Todd Guo
68805,11423,2644.3313,Jasmine Lewis
68806,11427,2671.9453,Jasmine Hall
68807,11439,2673.0613,Jenny Yang
68809,14238,1381.0732,Timothy Sanders
68810,12699,2634.3974,Omar Xu
68811,11151,2644.3313,Kaitlyn Rodriguez
68812,13956,35.6584,Seth Henderson
68813,12249,71.7919,Emily Thompson
68814,17072,54.6754,Timothy Hernandez
68815,14073,130.3458,Chase Watson
68819,13158,86.1458,Spencer Butler
68820,12614,2585.6669,Nuan Zheng
68821,12549,2574.6279,Samantha Russell
68822,19035,2563.589,Lauren Ross
68823,19051,2658.0444,Gary Ortega
68824,18173,2562.4508,Randy Ma
68825,16310,2560.2519,Casey Nara
68827,11770,38.664,Ross Subram
68830,11500,33.6804,Destiny Harris
68833,11200,27.614,Morgan Lewis
68838,19742,104.4004,Rachel Wood
68839,19754,87.2729,Cynthia Gonzalez
68840,20467,19.0834,Jennifer Howard
68842,20338,136.9979,Julia Sanchez
68843,17394,75.6815,Karen Li
68845,17872,44.1779,Justin Thomas
68849,16191,5.514,Tina Arthur
68852,15690,44.1779,Jason Edwards
68854,16934,66.2779,Carl She
68855,13474,148.0258,Colin Zeng
68856,14879,1009.9258,Ian Howard
68857,13062,2562.4508,Hannah Russell
68858,16118,2833.1206,Carlos Phillips
68859,16344,2535.964,Aaron Nelson
68860,16307,2634.3974,Isaac Gonzalez
68861,15576,2535.964,Jackson Parker
68862,15152,2669.0944,Nathaniel Bailey
68865,15642,1879.594,Jimmy Romero
68870,15597,2563.589,James Evans
68871,14597,2673.0613,Micheal Ramos
68879,12298,1297.8004,Hannah Robinson
68885,14304,858.9607,Devin Ward
68886,12988,2634.3974,Emily Ross
68887,11502,8.7848,Jenny Pal
68888,11330,55.239,Grace Lewis
68889,14086,34.5534,Steven Watson
68890,13998,162.7444,Brad Pritchett
68891,19672,82.8529,Grace Alexander
68892,14685,71.2394,Dalton Cooper
68895,13042,65.7254,Louis Xu
68896,16634,79.0959,Kyle Hill
68897,16534,2916.0287,Kevin Scott
68898,19924,2639.8008,Kathryn Nara
68899,14793,2618.8169,Juan Cox
68900,12494,2618.8058,Sarah Lee
68901,11506,44.1779,Carol Martinez
68907,11631,103.2954,Lauren Moore
68909,12182,16.5529,Dawn Gao
68910,12970,76.2119,Jaclyn Luo
68912,18771,77.339,Natasha Suarez
68913,14619,44.1779,Lucas Rivera
68914,14569,8.0444,Cody Ramirez
68915,16315,32.0229,Casey Nath
68918,14552,37.5479,Mathew Rubio
68921,11195,109.9144,Morgan Robinson
68922,13409,120.3898,Willie Rai
68923,12310,38.664,Hannah Walker
68924,13087,2607.7779,Madison Hughes
68925,13142,2602.264,Edwin Zhou
68926,16844,2618.8169,Noah Baker
68927,16865,2618.8058,Jose Baker
68928,12950,2560.2519,Dakota Perry
68929,16832,2618.8058,Hunter Baker
68930,16827,2649.8453,Timothy Green
68931,15221,2625.9773,Teresa Ramos
68932,15151,2535.964,Kendra Navarro
68936,15180,2646.4419,Lucas Bailey
68937,11368,972.8862,Christy Guo
68938,17293,927.6254,Bethany Chander
68944,18430,1961.8944,Brandon Garcia
68946,12314,1276.8054,Madison Johnson
68949,11428,2674.4757,Christy Raji
68950,17192,2673.0613,Tony Chande
68952,12940,9.934,Dakota Bradley
68953,11867,8.7848,Tamara Gao
68954,11506,8.7848,Carol Martinez
68955,13615,66.2779,Walter Carlson
68956,13002,27.614,Jaclyn Ferrier
68957,15783,70.6869,Carlos Collins
68958,18247,83.9469,Curtis Yang
68959,20268,23.7465,Cindy James
68962,14015,38.664,Bryan James
68963,16172,101.1959,Connor Campbell
68964,17054,59.659,Johnny Sharma
68965,14777,2591.1808,Jesse Cox
68966,18177,2700.5648,Randy He
68967,11501,70.1344,Destiny Martin
68969,11802,30.1444,Ross Alvarez
68974,11922,16.5529,Elizabeth Harris
68975,20329,77.339,Chad Luo
68977,16759,8.0444,Martin Lopez
68978,11262,5.514,Natalie Wilson
68979,15857,5.514,Allen Rana
68980,15512,68.4658,Rachael Mehta
68981,18146,35.3269,David Lee
68982,13692,27.614,Wyatt Goldstein
68984,17988,66.2116,Ryan Wilson
68990,16306,8.0444,Casey Chande
68992,11566,32.5754,Barbara Zhu
68993,14626,165.1533,Xavier Rivera
68994,11862,46.7194,Emma Anderson
68995,19883,606.6229,Christine Raje
68996,16851,2618.8058,Evan Allen
68998,17925,1238.1415,Dennis Hu
69008,12578,683.9729,Clayton Liu
69009,15176,2644.3313,Richard Bailey
69015,14881,1276.8054,Lucas Howard
69018,18438,1889.5279,Brandon Davis
69023,18010,1973.4969,Ryan Martinez
69024,12693,2673.0613,Omar Zhao
69025,13000,2688.5092,Emily Patterson
69027,14060,54.6754,Melinda Romero
69028,19579,59.659,Emma Russell
69029,14772,885.9559,Danny Serrano
69030,19902,2538.4944,Kathryn Deng
69031,18168,2563.589,Christopher Harris
69032,15460,624.314,Marcus Reed
69033,11262,43.0729,Natalie Wilson
69035,13095,98.3119,Louis Shan
69039,12166,38.6529,Taylor Lewis
69042,15378,26.4869,Nathaniel Rogers
69043,19819,136.9979,Lindsay Xu
69044,18995,132.5779,Nicholas Taylor
69047,14360,94.4554,Anne Alvarez
69048,16401,104.9419,Kyle Carter
69049,17903,35.6584,Dennis Zhou
69053,12973,82.8529,Jaclyn Kumar
69054,18329,94.4554,John Taylor
69055,12476,55.239,Sarah White
69056,16110,718.7694,Eric Phillips
69057,19889,596.689,Christine Nara
69058,14914,987.2844,Juan Ward
69059,16880,2590.0758,Russell Anand
69060,16779,2538.4944,Isaiah Scott
69061,12912,2563.589,Aidan Long
69062,12913,2590.4073,Aidan Patterson
69063,15652,858.9607,Jimmy Dominguez
69064,15220,2580.1529,Bryan Rivera
69065,15225,2574.639,Teresa Carlson
69066,17923,1297.8004,Benjamin Brown
69072,15596,2664.0887,Timothy Parker
69073,18198,624.3029,Todd Yang
69079,19209,635.3529,Brianna Cox
69080,19803,635.3529,Jasmine Bailey
69082,17558,1934.2694,Jonathan Allen
69083,12302,1308.8283,Colleen Deng
69086,16297,2666.4313,Casey Jai
69087,11018,874.4086,Joe Mehta
69088,11027,860.3751,Chloe Hall
69089,12700,2673.0613,Kayla Bennett
69090,12412,132.6,Ashley Jones
69091,18274,24.2879,Curtis Cai
69092,14018,42.9624,Steven James
69093,12697,15.7242,Elizabeth Hayes
69095,14797,905.5254,Jared Cox
69096,12523,2602.2529,Samantha Henderson
69097,14720,2566.1194,Hector Gutierrez
69098,19033,2696.1669,Gary Gill
69099,12713,2618.8058,Kayla Powell
69101,18045,1944.7669,Jeffery Huang
69102,17952,1944.7669,Benjamin Miller
69103,12962,9.934,Dakota Butler
69104,11277,43.0729,Ruben Vazquez
69106,11228,2.5305,Marshall Zeng
69108,16089,74.687,Kristopher Kapoor
69109,16096,26.4869,Aaron Phillips
69110,20687,11.039,Tiffany Hu
69111,11185,136.9979,Morgan Jackson
69112,17451,44.1779,Leah Wu
69113,16842,5.514,Russell Shen
69114,18316,8.0444,Anthony Thompson
69115,15938,8.0444,Manuel Garcia
69116,16453,8.0444,Evan Carter
69117,14144,62.9519,Louis Wang
69118,16604,62.9519,Nichole Sharma
69119,16581,55.5042,Nichole She
69122,12811,5.514,Rafael Lu
69123,11808,219.884,Victoria Taylor
69124,13944,46.7194,Joy Hernandez
69125,16772,24.2879,Candice Hu
69126,13223,62.9519,Roger Wang
69127,17411,94.4554,Karen Sun
69128,16109,606.6229,Kristopher Rana
69129,16882,2535.964,Jerry Deng
69130,16892,2587.8769,Jerry Kumar
69131,16907,2587.8769,Jerry Andersen
69132,18379,2610.3084,Anthony Robinson
69133,16116,2587.8769,Kristopher Fernandez
69134,18122,2696.189,Austin Johnson
69135,15578,2694.5204,Carlos Parker
69136,15588,2692.8519,Ricky Munoz
69139,15643,1918.2579,Carlos Evans
69143,15600,2783.4729,Ricky Dominguez
69148,15175,2634.3974,Kendra Rubio
69156,12296,2659.7792,Hannah Garcia
69157,11025,879.9557,Marshall Sun
69158,14316,983.229,Kristy Diaz
69159,11756,2644.3313,Olivia Wilson
69160,13051,2649.8453,Louis Liang
69161,12205,15.4479,Dawn Shen
69162,11149,27.614,Kaitlyn Clark
69163,15222,97.7483,Garrett Rivera
69164,15138,97.7483,Kendra Jimenez
69165,18290,83.9469,Bernard Thames
69166,17325,50.7748,Alan Ma
69170,16739,55.239,Jason Green
69171,18274,9.934,Curtis Cai
69173,17976,2602.2529,Vincent Cai
69174,14525,2552.5169,Mathew Romero
69175,19195,703.8187,Philip Romero
69177,11019,38.664,Joe Belson
69178,14282,59.659,Felicia Gutierrez
69179,12956,9.934,Jaclyn Zeng
69180,11285,2.5305,Ruben Ramos
69181,11711,5.514,Brianna Jones
69182,11300,183.7394,Marshall Shen
69184,15008,79.0959,Jesse Bell
69185,18637,33.139,Tyler Rodriguez
69186,15866,55.2169,Robert Perez
69187,13285,104.3783,Roger Tang
69188,20383,104.4004,Julia Bennett
69189,19755,77.339,Cynthia Rodriguez
69190,18421,5.514,Brandon Smith
69191,19215,136.4454,Philip Suarez
69192,16075,8.0444,Noah Phillips
69193,17166,5.514,Jack Wright
69194,15988,99.3506,Kelvin Wang
69196,12407,82.8529,Lacey Deng
69199,11391,37.5479,Jill Miller
69200,11396,32.034,Christy Luo
69205,13664,215.7734,Javier Ortega
69206,12815,8.0444,Rafael Sun
69207,12320,47.4819,Madison Davis
69208,17705,8.0444,Margaret Wu
69209,12074,109.9144,Kelli Sun
69210,12428,82.8529,Ashley White
69211,12432,101.6269,Jon Sharma
69212,11495,15.4479,Jenny Kumar
69213,13368,79.5269,Briana Gomez
69214,18595,2574.639,Anthony Jones
69215,16864,2618.8169,Russell Andersen
69216,16786,2535.964,Melody Hernandez
69217,16147,2615.756,Nathan Campbell
69218,16641,2642.5302,Evan Hill
69219,12947,2570.1858,Jaclyn He
69220,16081,2563.589,Kyle Phillips
69222,15145,2538.4944,Kendra Alonso
69229,15187,2674.4757,Teresa Diaz
69235,20188,1276.8054,George Vance
69236,18229,1879.594,Todd Zheng
69239,17185,2682.9953,Tony Jai
69241,14668,829.0815,Jamie Blanco
69242,14236,1402.0682,Sean Sanders
69243,11472,2700.1228,Jenny Hu
69244,12995,2700.1228,Emily Perry
69245,12932,9.934,Jaclyn Sun
69246,18713,83.9469,Erika Vazquez
69247,17324,79.5048,Noah Robinson
69251,16404,2580.1419,Latoya Nath
69252,19052,2604.7944,Craig Martin
69253,19899,2591.1808,Nicole Murphy
69254,19032,2596.7279,Gary Dominguez
69255,17811,2629.8669,Candice Sun
69256,14708,866.8394,Patrick Richardson
69258,11518,11.3152,Destiny Walker
69259,11519,70.6869,Jenny Nath
69262,11176,127.0308,Morgan Miller
69265,18345,33.139,John Jackson
69267,15244,55.2169,Heidi Patel
69269,20113,77.339,Alyssa Rogers
69270,19868,132.5779,Christine Luo
69271,19734,132.5779,Rachel Sanders
69272,19229,136.9979,Victor Hernandez
69273,18585,87.2729,Kathleen Ramos
69274,16843,99.4169,Russell Xie
69275,17675,138.114,Sandra Guo
69276,18968,90.0133,Veronica Kapoor
69277,14489,44.1779,Nathaniel Gray
69278,19836,44.1779,Lindsay Andersen
69279,14923,16.8292,Seth Cook
69280,14780,8.0444,Timothy Cox
69281,19307,164.6229,Nelson Dominguez
69284,19445,70.6869,Victoria Perry
69286,16778,2808.1586,Eric Green
69287,14868,992.7983,Adrian Howard
69288,13063,2574.6279,Hannah Griffin
69289,18401,2535.964,Jésus Suarez
69290,16909,2626.5408,Jerry Chande
69291,14910,927.6254,Albert Romero
69292,15252,850.2865,Patrick Sanchez
69293,12922,2576.8048,Aidan Simmons
69294,15205,2610.3084,Teresa Navarro
69295,15207,2624.3529,Brian Rivera
69298,15182,2563.589,Teresa Martin
69301,15201,2688.5092,Teresa Alonso
69302,20206,1276.8054,Florian Stiller
69303,20318,1293.3804,Cindy Foster
69304,14268,1918.2579,Damien Chander
69308,18634,1909.7384,Daniel Lee
69311,15126,30.1444,Seth Murphy
69312,17501,24.2879,Valerie Zhao
69314,20269,5.514,Derek Goel
69315,15730,38.664,Sean Edwards
69316,15140,38.664,Kendra Moreno
69317,14792,2580.1419,Chase Cox
69318,14705,2538.4944,Jesse Richardson
69319,17964,2601.1148,Christian Johnson
69320,14157,2535.964,Louis Wu
69323,19186,620.9769,Philip Jimenez
69324,18021,676.2158,Ryan Lewis
69327,11185,16.8292,Morgan Jackson
69328,16667,23.7465,Connor Hill
69332,11091,79.0959,Jennifer Taylor
69334,20392,147.4844,Julia Henderson
69335,12895,159.6394,Rafael Raji
69336,18579,77.339,Tyler Martinez
69337,14446,104.4004,Lawrence Romero
69338,15977,44.1779,Henry Mehta
69341,15421,5.514,Candace Rana
69342,16367,44.1779,Angel Nelson
69343,14624,44.1779,Seth Rivera
69344,13930,155.2194,Wendy Alvarez
69345,15243,40.8408,Heidi Chandra
69346,18142,26.8184,Christopher Jackson
69347,15610,82.8529,Jose Evans
69357,11566,8.0444,Barbara Zhu
69358,14119,82.8529,Isaac Brooks
69359,14906,82.8529,Patrick Ward
69360,13587,86.7204,Blake Ross
69361,12312,38.664,Colleen Luo
69362,11586,9.934,Barbara Shen
69363,12590,9.934,Ashley Butler
69364,19842,623.5073,Lindsay Chander
69366,14915,927.6254,Richard Cook
69367,16881,2563.589,Jerry She
69368,16833,2590.0758,Melody Jimenez
69369,16086,2659.6798,Gabriel Phillips
69370,16104,2668.5419,Luke Phillips
69371,15227,2674.6083,Xavier Stewart
69378,15590,2641.9998,Ricky Alonso
69384,18556,1879.594,Zachary Thomas
69387,12750,666.8565,Omar Shan
69566,12708,9.934,Kayla Ross
69567,14100,30.1444,Lori Jimenez
69568,12357,98.8533,Samantha Smith
69569,16030,41.1834,Bobby Rodriguez
69570,18450,28.1554,Brandon Robinson
69572,11045,55.239,Julia Miller
69573,18743,11.3152,Michael Thompson
69574,18258,9.934,Curtis Lu
69576,14800,897.7241,Roberto Moreno
69577,12850,2580.1419,Rafael Xu
69578,12820,2574.6279,Trevor Ross
69579,12819,2618.8058,Rafael Gao
69580,20549,2566.1194,April Raje
69581,15665,687.2658,Logan Edwards
69583,11049,6.9394,Julia Anderson
69587,11176,44.1779,Morgan Miller
69588,12984,76.2119,Emily Bennett
69589,11211,26.2769,Ruben Prasad
69590,13920,76.2119,Lucas Perry
69595,11712,33.139,Pedro Dominguez
69597,12959,77.3169,Jaclyn She
69599,12140,26.4869,Kelli Becker
69601,18076,75.0627,Justin Garcia
69602,17527,14.2987,Mason Hall
69604,14625,8.0444,Clinton Gutierrez
69605,13888,24.2879,Ian Simmons
69606,16419,30.1444,Luis Carter
69610,12545,76.7533,Samantha Bryant
69611,13539,76.2119,Jon Lin
69613,14142,32.5754,Garrett Brooks
69614,11219,41.2055,Ruben Mehta
69615,13272,90.0133,Carson Diaz
69616,20644,2715.3497,Kaitlyn Griffin
69617,17555,2677.9454,Brittney Xu
69618,17439,2587.8769,Caleb Hall
69619,13402,2596.7279,Willie Chande
69620,17415,2538.4944,Karen Gao
69621,17416,2619.9108,Thomas Anderson
69622,17003,2670.1773,Robert Hernandez
69623,17157,2580.1529,Robert Miller
69624,11241,2682.9953,Isabella Clark
69626,18334,1238.1415,John Anderson
69630,15647,1895.0419,Angel Evans
69633,17295,899.9894,Bethany Nara
69634,15265,937.5594,Heidi Subram
69635,16810,820.2968,Mason Green
69641,18564,1895.0419,Kathleen Munoz
69642,12330,1253.5894,Madison Thomas
69649,12305,606.6229,Colleen Shen
69652,19284,1918.2579,Erik Gutierrez
69653,11046,886.0222,Julia Wilson
69654,11357,820.2968,Christy Sun
69655,13123,2673.0613,Edwin Chen
69656,13133,2673.0613,Fernando Diaz
69657,19257,1922.1033,Brianna Patterson
69658,13625,2732.7203,Blake Diaz
69659,11974,42.5094,Kayla Thompson
69660,11287,8.7848,Ruben Carlson
69661,13124,27.614,Edwin Li
69664,18265,38.664,Curtis Ma
69665,16492,43.0729,Jordan Mitchell
69666,13125,6.9394,Fernando Gonzales
69667,16695,42.9624,Francisco Ashe
69668,16665,42.9624,Caleb Hill
69669,14803,859.0712,Adrian Cox
69670,11215,2.5305,Isabella Brown
69671,11185,71.7919,Morgan Jackson
69674,11330,67.4934,Grace Lewis
69677,11868,79.0959,Emma White
69678,17491,77.3169,Valerie Huang
69681,20381,77.339,Julia Price
69682,20292,132.5779,Bradley Lal
69683,15162,77.339,Bryan Bailey
69684,20743,87.2729,Crystal Chen
69686,16120,8.0444,Kristopher Gonzalez
69687,15316,8.0444,Jillian Raman
69688,14615,32.0008,Richard Rivera
69689,17709,33.1279,Nathan Lewis
69690,14389,8.0444,Carlos Peterson
69691,14499,16.8292,Jonathon Serrano
69692,14595,44.1779,Evan James
69694,18883,62.9519,Whitney Patel
69696,16421,34.5534,Tracy Lal
69698,12746,40.0784,Alexis Barnes
69700,11621,133.6498,Barbara Nara
69701,16141,651.9058,James Campbell
69702,19997,2696.189,Destiny Stewart
69703,17604,2618.8169,James Davis
69704,16961,2562.4508,Jackson King
69705,15289,874.5744,Heidi Perez
69706,13710,2587.3133,Rodney Ortega
69708,17326,982.8865,Noah Clark
69709,15785,2633.1377,Troy Kapoor
69710,15719,2630.4194,Marc Suarez
69715,18801,1988.4254,Joshua Clark
69716,14354,1939.2529,Steven Torres
69721,13128,2694.0563,Fernando Bryant
69722,18215,156.8879,Todd Xu
69723,16343,24.2879,Mohamed Pal
69727,12357,4.409,Samantha Smith
69729,15024,9.934,Paula Alonso
69730,18215,9.934,Todd Xu
69731,20718,2762.9862,Amy Sun
69732,17977,866.8394,Ryan Williams
69733,19441,866.8394,Douglas Gonzalez
69735,14928,2626.5408,Paula Hernandez
69736,18626,2602.2529,Anthony White
69737,16197,635.3529,Sean Campbell
69739,11632,38.664,Lauren Taylor
69740,11300,98.3119,Marshall Shen
69747,19232,43.0729,Brianna Sandberg
69749,20325,87.2729,Chad Tang
69750,18345,94.4554,John Jackson
69751,13413,62.9519,Dave Natsuhara
69752,18149,38.675,Abby Perez
69755,19371,35.6694,Olivia Alexander
69757,13828,183.7394,Marcus Powell
69758,14633,162.3798,Angel Cooper
69759,17337,24.2879,Alan Zheng
69760,12324,65.1729,Colleen Shan
69761,18068,2696.189,Jeffery He
69762,15309,927.6254,Sean Morris
69763,15312,937.5594,Patrick Morris
69764,15333,937.5594,Jillian Lopez
69765,15308,927.6254,Jillian Srini
69766,18357,2552.5169,John Harris
69767,13353,2614.3637,Julian Griffin
69768,17399,2615.4908,Thomas Wilson
69769,13551,1352.3432,Miguel Jenkins
69770,19439,1407.5822,Douglas Martinez
69772,17781,2644.3313,Nathan Jones
69773,17214,2644.3313,Robert Harris
69774,17225,2743.7482,Terry Luo
69786,14884,1308.8283,Xavier Howard
69788,18798,1909.7384,Joshua Robinson
69791,11356,874.4086,Rachel White
69795,12352,205.8394,Colleen Anand
69796,11966,27.614,Kayla White
69797,20630,82.8529,Katie Nara
69798,15715,16.5529,Marc Ramos
69801,16465,915.4262,Misty Sharma
69802,19049,2646.4198,Lauren Hughes
69803,17647,2574.6279,Sandra Yang
69804,20581,2696.189,Kaitlyn Ward
69805,11222,146.9429,Ruben Lopez
69807,19224,203.8504,Nelson Alonso
69812,11748,45.957,Olivia Williams
69813,11823,40.432,Ross Ramos
69814,18988,77.339,Veronica Raman
69815,15376,87.2729,Brenda Garcia
69816,19540,77.339,Monica Malhotra
69818,14480,77.339,Jonathon Moreno
69820,15936,44.1779,Nathan Roberts
69821,15407,44.1779,Seth Rogers
69822,19905,8.0444,Kathryn Xie
69823,14548,138.114,Patrick Ramirez
69825,17901,34.5534,Hunter Moore
69826,16472,30.1444,Samuel Mitchell
69827,17879,71.7919,Hunter Smith
69829,13796,44.1779,Monique Ortega
69830,11188,82.8529,Marshall Hu
69831,11527,41.2055,Jenny Becker
69832,13723,82.8529,Devin Diaz
69833,11476,59.659,Jenny Zeng
69834,12924,100.4998,Aidan Gonzales
69835,19994,596.689,Tara Sharma
69836,16151,706.5923,Ioannis Xylaras
69837,19830,2641.9777,Lindsay Shan
69838,17004,2672.4204,Noah King
69839,12622,830.2307,Clayton Zeng
69841,11417,835.7447,Jasmine Clark
69844,11610,2649.8453,Barbara Andersen
69846,15645,1918.2579,Diane Vazquez
69849,13091,2700.1228,Louis Lal
69850,13105,2538.4944,Robyn Torres
69855,20077,699.9623,Joel Madan
69863,13079,2644.3313,Madison Jenkins
69864,13622,2710.6092,Javier Hernandez
69866,12045,9.934,Rakesh Tangirala
69867,11941,76.2119,Alisha Li
69868,14014,30.1444,Jared James
69870,12371,71.2394,Samantha Miller
69871,12582,65.1729,Ashley Patterson
69872,17289,69.5929,Bethany Raje
69873,14858,9.934,Sebastian Howard
69874,16549,2748.4997,Jesse Scott
69875,16426,2535.964,Tracy Pal
69876,20587,2628.7398,Kaitlyn Peterson
69877,12833,2552.5169,Robyn Gomez
69878,20556,2587.8769,April Nath
69879,14861,2650.3094,Jared Howard
69880,16252,662.9779,Denise Mehta
69884,16089,103.2733,Kristopher Kapoor
69886,15872,55.2169,Allen Gonzalez
69887,20027,87.2729,Destiny Richardson
69889,18390,132.5779,Jésus Gill
69891,16376,8.0444,Sean Nelson
69892,16669,5.514,Alison Nath
69893,14630,5.514,Carlos Cooper
69894,13991,94.4554,Joanna Vazquez
69895,16724,44.1779,Alex Adams
69896,13869,24.2879,Ian Henderson
69898,18012,28.1554,Ryan Robinson
69899,19509,48.5869,Emma Howard
69900,11386,76.2119,Christy Xie
69905,12638,32.5754,Nuan Yuan
69906,11631,82.8529,Lauren Moore
69907,11879,109.9144,Tamara Cai
69908,16646,134.7437,Elijah Hill
69909,13181,62.9519,Antonio Price
69910,13218,94.4554,Antonio Bryant
69911,13387,2582.6834,Oscar Washington
69912,17546,2562.4508,James Moore
69913,17038,2698.7194,Johnny Shen
69914,17133,2604.7944,Mitchell Kumar
69915,17398,2602.2529,Karen Huang
69916,18972,2618.8169,Veronica Patel
69917,13517,1384.9186,Jon Zhang
69918,13554,1342.4093,Miguel Powell
69926,16484,659.9723,Misty Goel
69927,15788,2621.0158,Diane Rubio
69930,15391,2688.5092,Garrett Rogers
69935,20080,606.6229,Joel Schmidt
69938,18794,1918.2579,Joshua Garcia
69942,13111,1381.0732,Louis Goel
69944,13080,2688.5092,Louis Xu
69946,12587,30.1444,Ashley Washington
69949,12666,5.514,Clayton Goel
69950,16184,43.0729,Tina Vance
69952,15728,38.664,Billy Ruiz
69953,13013,40.0784,Emily Russell
69954,15812,2.5305,Jesse Stewart
69955,12749,2582.6834,Alexis Henderson
69956,16446,1007.1744,Misty Shen
69957,15674,674.0169,Hunter Edwards
69958,19278,635.3529,Brianna Russell
69959,11331,55.239,Grace Lee
69965,11276,82.2783,Natalie Martin
69966,11277,15.4479,Ruben Vazquez
69967,17665,44.1779,Sandra Xu
69968,18779,5.514,Joshua Anderson
69969,14390,44.1779,Giraldo Sandoval
69971,14695,54.1229,Sheila Blanco
69972,15355,38.675,Brenda Malhotra
69977,11880,46.7194,Tamara Zeng
69978,11931,165.1533,Elizabeth Clark
69979,15874,94.4554,Allen Rodriguez
69980,12928,82.8529,Jaclyn Lu
69981,15526,46.7194,Pamela Kapoor
69982,13383,2574.6279,Oscar Flores
69983,15342,954.6869,Lucas Morris
69984,17171,2696.189,Adam Wright
69985,13233,2658.5748,Carson Price
69986,18959,2587.3133,Joseph Clark
69987,16204,2634.3974,Kevin Baker
69989,12588,651.9279,Clayton Zhou
69990,15767,2574.639,Billy Suarez
69991,15797,2590.4073,Timothy Collins
69992,16157,2563.589,Kyle Campbell
69993,11175,873.2926,Morgan Davis
70003,18680,1918.2579,Diana Sanz
70004,18605,1918.2579,Anthony Miller
70009,14161,596.689,Lucas Brooks
70013,11422,622.0708,Christy Goel
70014,11126,860.3751,Roy Fernandez
70015,11134,820.2968,Marshall Guo
70019,19288,1918.2579,Erik Vazquez
70020,14009,32.0229,Juan James
70021,14309,27.614,Kristy Gomez
70022,18717,93.8366,Michael Williams
70023,18216,33.0727,Austin Davis
70025,11121,16.5529,Kaitlyn Jones
70026,17316,65.7254,Thomas Clark
70027,14802,932.5869,Roberto Munoz
70029,12852,2610.3084,Trevor Diaz
70030,14975,2628.7398,Paula Jimenez
70031,14929,2570.1858,Albert Castro
70032,19922,2602.2529,Kathryn Carson
70033,12711,2635.3919,Omar Liang
70034,12961,9.934,Carol Washington
70040,19646,79.0959,Grace Jenkins
70043,13095,104.9419,Louis Shan
70044,20389,25.3377,Shawn Raje
70045,18453,5.514,Brandon Clark
70046,18456,14.2987,Tyler Harris
70047,17587,5.514,Stacey Chen
70048,20083,44.1779,Destiny Long
70049,16766,5.514,Candice He
70050,20760,8.0444,Isabella Cook
70052,16280,14.2987,Casey Xie
70053,14534,40.8408,Alex Ramirez
70054,16579,77.339,Kara Anand
70055,17961,81.7258,Ryan Thompson
70058,13204,156.8879,Edwin Chander
70059,11497,38.664,Jenny Lal
70060,16135,640.8669,Molly Sai
70061,17593,2630.4194,Stacey Huang
70062,17624,2604.7944,James Harris
70063,17581,2618.2423,Naomi Suarez
70064,13145,2582.6834,Spencer Coleman
70065,15311,927.6254,Timothy Morris
70066,19438,1402.0682,Douglas Fernandez
70070,15644,1914.1473,Jimmy Navarro
70071,13113,2653.1161,Fernando Long
70072,13115,2688.5092,Fernando Hughes
70074,11044,2574.639,Joe Moreno
70075,15725,2591.1808,Billy Gomez
70076,13049,2598.9158,Louis Ma
70082,18780,1944.7669,Meghan Ruiz
70085,16567,2634.3974,James Green
70086,12129,2673.0613,Taylor Johnson
70087,11047,820.2968,Julia Moore
70090,12144,8.7848,Taylor Anderson
70091,17228,30.1444,Jose Jones
70092,13982,27.614,Joanna Gutierrez
70093,19088,24.2879,Craig Sanz
70094,20619,82.8529,Dwayne Ramos
70095,20223,97.7041,George Perez
70098,19312,623.5073,Olivia Cooper
70099,11805,59.659,Ross Johnsen
70100,12099,9.934,Jessica Thomas
70103,11223,2.5305,Isabella Moore
70104,11331,8.0444,Grace Lee
70105,15761,76.2119,Aaron Collins
70111,12972,41.1834,Dakota Alexander
70112,19200,41.1834,Brianna Murphy
70113,14658,25.3377,Sebastian Cooper
70114,19017,77.339,Lauren Kelly
70115,18879,77.339,Andrew Moore
70116,17490,14.2987,Kevin Hall
70117,17469,8.0444,Cameron White
70118,17146,44.1779,Noah Wright
70119,16131,183.7394,Evan Phillips
70120,15898,8.0444,Johnathan Rana
70121,16591,146.9319,Aaron Scott
70122,16578,82.8529,Kara Raji
70126,11787,82.8529,Olivia Lee
70127,12093,41.2055,Jessica Moore
70128,12119,46.7194,Jessica Walker
70129,12426,109.9144,Lacey Sharma
70130,14022,738.6483,Cody James
70131,16138,624.314,Molly Madan
70132,16123,696.1169,Angel Phillips
70133,20182,2624.3529,Alyssa Ross
70134,18075,2646.4419,Jeffery Cai
70135,17623,2571.2908,Stacey Guo
70136,17543,2668.564,Cameron Clark
70137,17544,2607.7779,Brittney Ye
70138,15290,987.2844,Dalton Sanchez
70139,13057,992.7983,Louis Zheng
70140,18224,2645.8673,Todd Ma
70141,18225,2596.7058,Todd Liang
70142,20375,2615.4908,Shawn Yuan
70143,19705,2587.8769,Kristina Raman
70144,13154,2552.5169,Edwin Xu
70145,17176,2618.8058,Tony Kumar
70146,11496,1342.4093,Destiny Jackson
70147,17834,875.5357,Ethan Jones
70151,17294,859.0712,Noah Brown
70152,16158,2563.589,Kevin Campbell
70153,15722,2651.4144,Mason Edwards
70161,13265,596.689,Carson Bryant
70162,16565,2674.4757,Kara Andersen
70163,11033,845.6786,Julia Jones
70164,14681,858.9607,Jamie Sanz
70166,12666,30.1444,Clayton Goel
70167,14229,27.614,Evan Sanders
70168,13048,87.2729,Louis Gao
70169,13640,43.0729,Edward Powell
70170,19575,40.0784,Holly Vance
70171,20560,2628.7398,April Beck
70172,12717,2547.0029,Omar Zheng
70173,19943,2574.6279,Julie Tang
70175,11619,75.0627,Lauren Jones
70176,11277,91.262,Ruben Vazquez
70178,19000,33.139,Veronica Gonzalez
70182,18821,77.339,Matthew Brown
70184,18408,14.2987,Jésus Ortega
70186,19115,164.0594,Derrick Torres
70187,18994,136.9979,Veronica Lopez
70189,16650,5.514,Alison Sharma
70192,14251,79.5269,Jared Sanders
70193,13932,24.2879,Lucas Foster
70194,16058,34.2219,Andre Smith
70195,13655,24.2879,Edward Foster
70196,19081,35.6584,Megan Cook
70198,19179,14.2987,Megan Griffin
70203,11091,38.675,Jennifer Taylor
70204,13826,54.1119,Marcus Perry
70205,11728,82.8529,Pedro Ramos
70206,11841,46.7194,Gerald Arun
70207,13167,46.7194,Edwin He
70208,13073,24.2879,Madison Ross
70209,13222,68.4769,Roger Zhang
70210,16142,623.1758,Jonathan Campbell
70211,17460,2585.6669,Leah Xu
70212,17474,2602.2529,Leah Zheng
70213,17499,2535.964,Naomi Blanco
70214,17535,2658.0444,Brittney Liu
70215,15255,888.9504,Heidi Srini
70216,12031,850.2865,Alisha Nath
70217,13248,2552.5169,Roger Lu
70218,12418,2642.5523,Lacey Luo
70219,18950,2598.9158,Kelvin Ma
70220,17136,2538.4944,Adam King
70221,17156,2765.0084,Mitchell Black
70222,13690,1396.5211,Rodney Torres
70226,12585,640.8669,Ashley Flores
70227,15756,2618.8169,Billy Dominguez
70228,13050,2574.639,Hannah Butler
70229,11191,889.8897,Morgan Martin
70231,11082,862.8061,Roy Suri
70239,20651,1270.1644,Morgan Morris
70241,18800,1939.2529,Meghan Torres
70246,15120,896.5086,Jill Ortega
70248,19289,1950.2808,Kelvin Guo
70249,12409,132.6,Ashley Williams
70250,11950,38.664,Alisha Wu
70251,11148,35.6584,Kaitlyn Robinson
70252,18763,59.659,Joshua Jones
70254,11371,55.239,Marshall Xu
70255,16445,883.4254,Carlos Carter
70256,16509,901.0612,Aaron Mitchell
70257,14947,2535.964,Randall Hernandez
70258,19298,2563.589,Erik Suarez
70259,19911,2580.1419,Nicole Richardson
70260,20555,2619.9108,Kaitlyn Cook
70264,11091,38.5535,Jennifer Taylor
70266,12431,35.6694,Ashley Harris
70268,20432,16.5529,Julia Griffin
70269,12919,26.4869,Jaclyn Lin
70270,17539,159.6394,Brittney Wu
70271,18940,87.2729,Chelsea Srini
70273,18397,5.514,William Brown
70274,17528,60.7529,Cameron McDonald
70275,15736,85.0187,Jonathan Collins
70278,17643,77.3169,Sandra Li
70279,17878,77.3169,Samuel Walker
70284,11510,109.9144,Destiny Clark
70285,11159,46.7194,Roy Romero
70286,12958,219.884,Dakota Flores
70287,11521,46.7194,Alyssa Smith
70288,13342,35.6031,Julian Butler
70289,11390,54.1119,Christy Tang
70290,15287,992.7983,Heidi Sanchez
70291,18113,2643.1158,Christopher Anderson
70292,13400,2637.5687,Willie Andersen
70293,18353,2560.2519,Frank Carlson
70294,17001,2587.8769,Ricardo Kumar
70295,13359,2714.1894,Julian Hayes
70296,13743,2596.7279,Eduardo Hughes
70297,17139,2552.5169,Eric King
70299,11171,835.7447,Roy Vazquez
70305,14883,1248.0754,Lance Ortega
70306,18645,1879.594,Diana Alvarez
70308,12292,622.9659,Hannah Harris
70309,13616,2732.7092,Walter Suarez
70312,12146,141.3848,Taylor Thomas
70313,12997,38.9292,Jaclyn Becker
70314,14317,34.5534,Dalton Ward
70315,18191,94.4554,Todd Chow
70316,12997,47.4819,Jaclyn Becker
70319,16452,982.8423,Misty Tang
70320,19931,2588.9266,Shannon Ruiz
70321,19917,2617.7119,Kathryn Shan
70322,12817,2590.4073,Rafael Zhu
70323,14833,2574.639,Mason Howard
70324,19258,634.2479,Victor Sanz
70325,11318,2.5305,Lacey Becker
70326,13267,33.1279,Roger Holt
70327,11276,44.1779,Natalie Martin
70329,11200,36.023,Morgan Lewis
70331,13936,71.7919,Lucas Bryant
70332,12158,41.1834,Dawn Yang
70333,17347,77.3169,Robert Smith
70334,18536,60.7529,Leslie Ramos
70335,19665,77.339,Patricia Madan
70336,18082,75.1069,Christian Moore
70337,18340,44.1779,Nicholas Lewis
70338,15335,44.1779,Eduardo Morris
70339,20771,51.3494,Isabella Bailey
70341,15713,36.023,Marc Serrano
70342,20141,4.409,Ronald Fernandez
70344,12626,76.2119,Clayton Deng
70346,13675,182.6123,Wyatt Jenkins
70347,16401,8.0444,Kyle Carter
70348,15872,94.4554,Allen Gonzalez
70349,13399,2535.964,Willie Pal
70350,19844,2688.3987,Jasmine Barnes
70351,18232,2618.8169,John Williams
70352,17009,2598.9158,Melody Gill
70353,13212,2633.1377,Antonio Butler
70354,13361,2566.1194,Oscar Price
70355,13214,2563.589,Antonio Simmons
70358,15646,1939.2529,Jimmy Gutierrez
70359,12589,680.6358,Clayton Ye
70360,15755,2602.2529,Billy Torres
70361,15717,2610.3084,Alex Edwards
70362,11083,820.2968,Jennifer Jones
70366,20350,1276.8054,Dwayne Ruiz
70367,20373,1276.8054,Shawn Luo
70373,11032,830.2307,Joe Sanchez
70374,11044,895.4036,Joe Moreno
70378,12049,82.3004,Kelli Chen
70379,16682,33.139,Eric Hill
70380,17905,28.1554,Dennis Zhao
70382,13124,69.5487,Edwin Li
70383,14686,130.9315,Walter Hernandez
70384,14824,953.5929,Roberto Ramos
70386,14937,2538.4944,Randall Martin
70387,19196,2612.1869,Brianna Morgan
70388,11746,38.664,Ross Patel
70393,17338,35.6584,Alan Hu
70395,16071,11.039,Samuel Phillips
70396,11501,104.4004,Destiny Martin
70397,20288,104.4004,Chloe Bradley
70398,19398,77.339,Shane Gonzalez
70399,18810,147.5065,Orlando Romero
70401,17117,44.1779,Connor King
70402,18662,44.1779,Diana Torres
70404,15248,71.2394,Sean Sanchez
70405,13834,24.2879,Marcus Hughes
70406,17205,38.675,Samuel Lopez
70407,17204,82.8529,Robert Jackson
70408,14963,44.1779,Steven Morgan
70409,17650,43.0729,Cameron Wilson
70412,14808,48.8631,Eduardo Cox
70415,11627,44.189,Lauren Wilson
70416,11722,82.8529,Brianna Thomas
70417,11639,138.0919,Lauren Jackson
70418,11972,46.7194,Kayla Martin
70419,13192,62.9519,Edwin Lal
70420,13392,62.9519,Xavier Wood
70421,12871,16.5529,Rafael Pal
70422,16137,613.2419,Jesse Phillips
70423,16139,723.7198,Timothy Phillips
70424,17458,2618.8169,Logan Hall
70425,17461,2659.6798,Leah Sun
70426,13152,2653.0498,Spencer Long
70427,15338,900.2546,Marcus Morris
70428,18352,2580.1529,John White
70429,17414,2535.964,José Rodriguez
70430,17267,2602.2529,Robert Clark
70431,17114,2682.9953,Luis Wright
70432,12297,2649.8453,Hannah Martinez
70434,18452,1297.8004,Larry Serrano
70435,13117,2694.0563,Fernando Flores
70436,15229,866.8394,Jeremiah Stewart
70437,15764,2587.8769,Caleb Collins
70444,17691,1966.3144,Jonathan Jackson
70447,13768,596.689,Monique Romero
70448,12299,606.6229,Colleen Zeng
70449,11030,830.2307,Julia Johnston
70450,11901,2732.7092,Elizabeth Johnson
70451,13132,2720.0128,Fernando Griffin
70453,11958,93.9029,Alisha Lu
70454,13037,27.614,Hannah Powell
70455,12361,33.1279,Lacey Yang
70456,11987,98.8533,Kayla Walker
70457,11118,41.9127,Roy Raman
70459,17522,72.8858,Valerie Zheng
70461,14209,175.695,Krista Hernandez
70462,13005,175.695,Emily Butler
70463,16705,69.5929,Francisco Subram
70464,15093,2754.0136,Jill Alonso
70465,14801,888.9394,Steven Cox
70466,20589,2591.1808,Kristin Rai
70467,14846,2639.8008,Paula Martin
70468,14832,2607.7669,Roberto Sanz
70469,11645,59.659,Lauren Harris
70472,18749,26.2769,Natasha Romero
70476,11211,77.3169,Ruben Prasad
70477,17468,62.9408,Leah Ma
70480,20025,104.4004,Donald Chandra
70481,20770,55.2169,Crystal Gao
70482,13096,26.4869,Fernando Bennett
70483,17180,76.2119,Tony Sharma
70484,17340,32.3323,Alan Cai
70486,14607,5.514,Cody Rivera
70487,19044,33.0727,Lauren Perry
70490,12367,122.0583,Samantha Brown
70492,14934,64.6094,Albert Ortega
70493,14527,5.514,Mathew Navarro
70494,11619,41.2055,Lauren Jones
70495,11204,82.8529,Ruben Madan
70496,11507,38.675,Marshall Jai
70497,13197,55.5042,Edwin Pal
70498,11959,114.3565,Alisha Xu
70499,13200,26.8184,Edwin Chande
70500,12127,38.664,Kelli Raje
70501,20035,2563.589,Donald Srini
70502,16967,2560.2519,Carl Chander
70503,19746,2574.639,Rachel Ross
70504,13165,2563.589,Spencer Gonzales
70505,13210,2563.589,Antonio Washington
70506,18839,2635.3919,Matthew Jackson
70507,11420,858.9607,Christy Rai
70515,18670,1904.9758,Christopher Jones
70521,11034,879.9557,Joe Perez
70522,13077,2676.9067,Louis Tang
70524,12125,1918.2579,Kelli Pal
70525,11287,98.3229,Ruben Carlson
70526,14213,30.1444,Seth Kelly
70528,15426,9.934,Sean Reed
70529,18466,59.659,Brandi Martin
70530,15666,713.7748,Jimmy Carlson
70531,19286,1939.2529,Erik Dominguez
70532,11161,43.0729,Karen Walker
70534,11331,71.7919,Grace Lee
70535,11223,30.1444,Isabella Moore
70536,14561,79.0959,Cole Ramirez
70538,11869,106.1574,Warren Yang
70540,19541,35.6694,Monica Sai
70541,20363,159.6394,Julia Peterson
70542,20362,77.339,Julia Torres
70543,19810,87.2729,Jasmine Richardson
70544,17588,15.4479,Logan Johnson
70545,12166,44.1779,Taylor Lewis
70546,18910,66.2779,Whitney Garcia
70547,15286,75.6815,Seth Sanchez
70548,13459,62.9519,Colin Liang
70550,15698,46.7194,Marc Navarro
70554,18001,34.5534,Brent Lin
70555,11566,33.6804,Barbara Zhu
70557,14692,40.0784,Walter Moreno
70559,11498,82.8529,Jenny Shan
70560,11518,79.5158,Destiny Walker
70561,13175,68.4769,Edwin Deng
70562,12412,153.0204,Ashley Jones
70563,12786,24.2879,Alexis Hayes
70564,19982,651.9058,Nicole Butler
70565,19990,606.6229,Nicole Alexander
70566,16150,696.1169,Hunter Campbell
70567,16366,2832.5018,Latoya She
70568,13851,2576.8048,Marcus Alexander
70569,17007,2574.639,Ricardo Shan
70570,19661,2786.0034,Patricia Malhotra
70571,13709,2577.1694,Devin Flores
70572,11548,1396.5211,Barbara Lin
70574,16205,2709.5042,Tina Subram
70575,12210,2673.0613,Gail Russell
70581,15733,2645.8673,Timothy Edwards
70587,18654,1962.4469,Diana Romero
70588,18606,1934.8329,Stacy Alvarez
70593,11029,835.7447,Joe Gonzalez
70594,11039,867.7786,Julia Davis
70596,19255,1879.594,Victor Suarez
70597,13082,2709.5042,Madison Powell
70598,11763,41.9127,Olivia Anderson
70600,11951,9.934,Kayla Davis
70602,14794,2535.964,Sebastian Cox
70603,12827,2640.9279,Rafael He
70605,11860,38.664,Emma Taylor
70606,11176,69.5929,Morgan Miller
70607,11231,2.5305,Ruben Sanchez
70609,11262,35.6584,Natalie Wilson
70613,15536,106.1574,Pamela Sai
70615,11276,36.023,Natalie Martin
70616,11632,30.1444,Lauren Taylor
70619,14282,11.039,Felicia Gutierrez
70622,20122,142.5119,Ronald Madan
70624,17173,5.514,Eric Wright
70625,17160,5.514,Connor Wright
70627,16903,5.514,Kelvin Huang
70628,15635,85.0519,Jimmy Ashe
70631,11566,28.1554,Barbara Zhu
70634,13837,99.4169,Linda Rubio
70635,17645,140.6444,Sandra Liu
70636,12718,114.8758,Omar Hu
70637,16129,624.314,Kellie Serrano
70638,13397,2648.6187,Xavier Henderson
70639,18066,2591.1808,Justin Harris
70640,17433,2587.3133,Thomas Thompson
70641,15347,937.5594,Brenda Kapoor
70642,20470,2582.6834,Corey Chavez
70643,17000,2535.964,Hunter Hernandez
70644,17365,2618.8058,Krystal Ye
70645,13579,868.8947,Miguel Diaz
70646,16261,2676.9067,Kyle Gonzalez
70650,17312,987.2844,Jose Moore
70651,11046,2696.189,Julia Wilson
70652,15784,2574.639,Troy Suri
70653,15786,2560.2519,Isaiah Collins
70654,11088,895.4036,Jennifer Miller
70671,11038,820.2968,Joe Diaz
70672,13089,2673.0613,Madison Flores
70674,17314,77.3169,Thomas Robinson
70678,14521,59.659,Mathew Ferrier
70680,15828,135.1305,Troy Rodriguez
70681,15437,2.5305,Candace Sanchez
70682,20598,2560.2519,Kaitlyn Price
70683,14831,2579.5783,Evan Howard
70684,11633,2.5305,Marshall Nara
70685,11211,2.5305,Ruben Prasad
70687,11287,37.5479,Ruben Carlson
70691,15172,77.3169,Charles Bailey
70692,20101,75.0627,Destiny Griffin
70693,17145,15.4479,Mitchell Andersen
70694,14506,44.1779,Adrian Gray
70695,13463,118.1908,Dalton Patterson
70701,17708,32.5754,Samuel Garcia
70702,11232,41.2055,Isabella White
70703,11978,44.189,Kayla Martinez
70704,12147,188.1042,Dawn Zhang
70705,12795,46.7194,Abigail Barnes
70706,12199,82.8529,Abigail Foster
70707,14455,82.8529,Damien Nara
70708,12063,38.675,Kelli Zhou
70709,15007,138.0919,Renee Romero
70710,12389,55.239,Samantha Thompson
70711,13385,2615.4687,Briana Ruiz
70712,17462,2580.1529,Leah Zhu
70713,17425,2646.4198,Naomi Torres
70714,16916,2690.5866,Jerry Nara
70715,15325,885.9559,Jillian Garcia
70716,15339,927.6254,Ian Morris
70717,17423,2538.4944,Aaron Hall
70718,17134,2626.5408,Mitchell Lal
70719,16979,2566.1194,Carl Raji
70720,17412,2668.564,Thomas Taylor
70721,17413,2614.3637,Karen Zhu
70724,12123,858.9607,Kelli Jai
70729,18204,613.2419,Benjamin Lewis
70730,13106,2624.3529,Louis Nara
70731,15799,2598.9158,Carlos Stewart
70734,15395,2673.0613,Cody Rogers
70741,18684,1939.2529,Diana Ortega
70745,13558,596.689,Miguel Patterson
70748,11031,835.7447,Julia Williams
70749,14676,820.2968,Eduardo Cooper
70750,13620,2673.0613,Walter Ortega
70751,13626,2732.7203,Blake Hayes
70753,14321,30.1444,Angel Torres
70754,14124,27.614,Joy Torres
70755,19579,33.139,Emma Russell
70756,19090,62.9519,Megan Murphy
70758,15823,43.0729,Bryce Stewart
70759,13044,38.664,Louis Sun
70760,19582,40.0784,Emma Diaz
70761,19325,2566.1194,Olivia Gray
70762,19903,2646.4198,Kathryn Shen
70763,12618,2591.1808,Sarah Henderson
70764,19339,2598.9158,Olivia Bennett
70765,12816,2701.6366,Trevor Wood
70766,15667,753.5769,Nathan Edwards
70767,11300,65.7254,Marshall Shen
70768,11883,38.664,Emma Robinson
70773,16731,43.0729,Martin Vance
70774,14359,149.1529,Anne Hernandez
70775,12158,55.2169,Dawn Yang
70778,20493,26.4869,Keith Xu
70780,13922,62.9519,Lucas Powell
70781,13445,83.9469,Briana Ashe
70783,14201,36.023,Masato Kawai
70784,14156,216.127,Marcus Brooks
70785,17955,70.6869,Vincent Lu
70787,19368,35.6694,Olivia Gonzales
70789,18015,41.1834,Brent Ma
70790,18016,38.6529,Christian Brown
70791,14815,70.6869,Roberto Townsend
70792,14530,40.0784,Sheila Alonso
70793,12324,8.0444,Colleen Shan
70794,11702,46.7194,Pedro Romero
70795,12962,82.8529,Dakota Butler
70796,18356,33.0727,Frank Sanz
70797,17542,2587.8769,Brittney Zhou
70798,17552,2604.7944,Austin Martinez
70800,12130,2649.8453,Taylor Williams
70801,17927,1268.2859,Justin Jackson
70804,13018,630.9108,Robyn Alonso
70805,17299,888.9504,Alan Chen
70806,16156,2535.964,Thomas Campbell
70807,15765,2563.589,Connor Collins
70808,15490,2673.0613,Rachael Kapoor
70811,20546,1323.1823,April Pal
70812,20656,1297.8004,Lindsey Luo
70813,14882,1276.8054,Seth Howard
70818,13823,635.3529,Marcus Coleman
70819,17202,2688.5092,Isaac Wright
70820,11048,829.0815,Julia Taylor
70821,11358,896.5086,Christy Zhu
70822,13078,2673.0613,Madison Coleman
70823,12697,76.2119,Elizabeth Hayes
70824,16162,164.0373,Molly Lopez
70828,19197,2607.2033,Philip Navarro
70829,20590,2590.4073,Kaitlyn James
70833,11847,55.239,Emma Johnson
70836,18892,77.339,Andrew Martinez
70837,20333,77.339,Chloe Diaz
70838,17164,14.2987,Tony Deng
70844,15686,44.1779,Marc Jimenez
70845,12831,44.1779,Rafael Hu
70846,11276,44.189,Natalie Martin
70847,12224,93.9029,Dawn Jai
70848,19991,659.6408,Nicole Russell
70849,17470,2574.639,Leah Liang
70850,15314,876.7733,Jillian Rana
70851,15291,982.8644,Jillian Suri
70852,17008,2560.2519,Ricardo Jai
70853,17010,2635.3919,Ricardo Pal
70854,17363,2587.8769,Naomi Alonso
70855,17393,2657.4256,José Martinez
70859,15266,954.6648,Jared Sanchez
70860,15732,2547.0029,Billy Hernandez
70863,17595,1973.4969,Stacey Wu
70864,18589,1954.7008,Kelvin Zhu
70865,18609,1973.4969,Janelle Perez
70870,11035,835.7447,Julia Brown
70871,14672,835.7447,Jamie Ramos
70874,15607,32.0229,Hunter Evans
70875,19092,83.9469,Megan Rivera
70878,16552,2810.5012,Kara Kumar
70879,17648,2591.1808,Jonathan Moore
70880,19916,2601.1148,Nicole Ward
70881,12826,2604.4298,Trevor Perry
70882,19070,2547.0029,Lauren Russell
70883,19263,648.6019,Erik Martin
70891,13290,25.3377,Gavin Powell
70893,15878,87.2729,Jason Perez
70894,18576,87.2729,Kathleen Torres
70895,18660,77.339,Daniel Rodriguez
70896,18455,71.2394,Larry Ramos
70897,12964,5.514,Dakota Simmons
70899,14663,115.9698,Garrett Cooper
70900,19847,24.2879,Lindsay Nath
70903,14983,40.0784,Randall Carlson
70905,16601,8.0444,Isaiah Hill
70906,11268,101.6269,Natalie Anderson
70907,11703,41.2055,Megan Walker
70908,12629,59.6369,Sarah Patterson
70909,13588,16.5529,Jon Luo
70910,12564,82.3004,Alejandro Goel
70911,16365,2751.6489,Katrina Anand
70912,17441,2657.4698,Thomas Lewis
70913,15284,995.5387,Heidi Rodriguez
70914,13711,2630.4194,Robin Hernandez
70915,18961,2618.8058,Chelsea Rodriguez
70916,17203,2658.63,Hunter Martinez
70921,12584,620.9769,Ashley Hughes
70922,18202,624.314,Benjamin Rodriguez
70923,18203,656.3479,Todd Lin
70924,11168,858.9607,Roy Dominguez
70927,17654,1944.7669,Sandra Lin
70928,18646,1918.2579,Tyler Walker
70929,18567,1879.594,Kathleen Alonso
70930,18568,1914.1473,Zachary Thompson
70931,18597,1945.3194,Stacy Gomez
70932,18598,1879.594,Tyler Taylor
70936,14261,1381.0732,Felicia Ruiz
70937,13112,1408.1347,Louis Becker
70939,19256,1918.2579,Brianna McDonald
70942,14674,102.1904,Jamie Carlson
70943,15149,32.0229,Kendra Romero
70944,13995,33.1279,Seth Hayes
70945,17245,43.0729,Terry Nara
70947,16614,35.6694,Nichole Chande
70948,15253,77.3169,Brian Sanchez
70949,19604,26.2769,Grace Cooper
70951,18741,66.8194,Natasha Hernandez
70952,18294,2.5305,Jorge Wu
70953,15094,2832.5018,Chase Murphy
70954,14778,2591.1808,Sean Cox
70955,19944,2566.1194,Julie Xu
70956,16253,596.689,Hunter Gonzalez
70957,19285,1934.8329,Erik Torres
70958,16497,2.5305,Kelsey Xie
70962,18970,147.5065,Orlando Ramos
70963,18830,132.5779,Dana Alvarez
70964,20311,132.5779,Bradley Goel
70965,17684,5.514,Jonathan Williams
70966,15159,8.0444,Paula Vazquez
70967,14837,129.2298,Roberto Ortega
70968,16825,67.9023,Isaiah Allen
70969,13673,104.4004,Wyatt Henderson
70972,11389,76.2119,Jasmine Davis
70973,19484,43.0729,Raymond Rodriguez
70974,13544,76.2119,Jon Ye
70975,13609,98.3119,Walter Serrano
70977,15075,5.514,Mason Murphy
70978,14363,153.0204,Devin Torres
70979,12425,99.4279,Ashley Thomas
70980,12455,24.2879,Sarah Smith
70981,12175,38.675,Anna Jones
70982,12663,76.2119,Clayton Nath
70983,12626,9.934,Clayton Deng
70984,18826,106.5662,Dana Gomez
70985,17582,2650.3094,Brittney Zeng
70986,18067,2630.4194,Justin Martin
70987,17537,2563.589,Elijah Allen
70988,17545,2587.8769,Cameron Rodriguez
70989,17580,2657.4919,Jonathan Davis
70990,15256,937.5594,Nathaniel Sanchez
70991,17424,2677.9454,Thomas Jackson
70992,13247,2615.4908,Robyn Carlson
70993,16969,2696.189,Melody Torres
70994,16981,2561.3016,Carl Anand
70995,18971,2598.9158,Veronica Chandra
70996,17140,2563.589,Mitchell Jai
70997,18135,2649.8453,David Garcia
70998,12307,2634.3974,Colleen Tang
71003,15753,2596.7279,Billy Gutierrez
71013,18762,1950.2808,Joshua Williams
71014,18596,1961.8944,Daniel Harris
71016,13406,635.3529,Briana Diaz
71018,12125,2671.9453,Kelli Pal
71020,13135,2673.0613,Edwin Wu
71022,19181,1918.2579,Philip Diaz
71023,13081,2644.3313,Madison Perry
71025,19569,83.9469,Emma Simmons
71027,12361,27.0615,Lacey Yang
71028,19048,2566.1194,Lauren Patterson
71029,19058,2588.9266,Craig Jiménez
71030,12846,2639.8008,Trevor Bryant
71031,19260,654.4584,Victor Rubio
71036,11185,44.1779,Morgan Jackson
71041,20511,16.5529,Keith Chande
71042,18101,71.2394,Wesley Zhou
71043,19221,66.2779,Victor Martin
71045,16718,15.4479,Francisco Rodriguez
71046,13833,118.1908,Linda Suarez
71047,18048,71.7919,Jeffery Lin
71048,20727,33.6804,Morgan Long
71052,16264,44.1779,Gabriel Gonzalez
71055,12955,82.8529,Robyn Jimenez
71056,12044,107.1408,Gail Moore
71057,14327,35.6031,Kristy Alonso
71058,16124,678.9673,Kristopher Perez
71059,12423,2574.6279,Ashley Anderson
71060,13380,2626.5408,Willie Tang
71061,16968,2570.1858,Carlos King
71062,17002,2576.8048,Noah Hernandez
71063,17013,2653.6023,Gabriel Wright
71064,13370,2574.639,Oscar Ross
71065,17268,2563.589,Caleb Lopez
71066,17364,2598.9158,Krystal Zhou
71067,11242,862.8061,Ruben Gomez
71068,13259,1342.4093,Roger Liang
71069,13553,1342.4093,Miguel Perry
71070,15653,858.9607,Mason Evans
71071,11612,2673.0613,Marshall Chander
71072,18331,1297.8004,Nicholas Rodriguez
71073,15808,2624.3529,Evan Stewart
71074,16155,2696.7194,Molly Mehta
71075,15726,2590.4073,Isaac Edwards
71076,15754,2591.1808,Gabriel Collins
71077,11089,924.1336,Jennifer Wilson
71083,20468,1238.1415,Jennifer Ward
71084,18790,1909.7384,Meghan Moreno
71087,13556,650.8008,Jon Zhu
71089,13579,663.5083,Miguel Diaz
71092,13090,2673.0613,Wyatt Griffin
71093,13141,30.1444,Spencer Ross
71094,11760,141.3848,Marshall Ashe
71095,15803,34.5534,Troy Srini
71096,16178,77.3169,Tina Kapoor
71097,15020,34.5534,Juan Bell
71098,19667,166.7998,Patricia Prasad
71099,13116,175.695,Louis Anand
71100,12352,27.0615,Colleen Anand
71101,12858,2566.1194,Rafael Kumar
71102,20573,2668.564,Kristin Xu
71103,14847,2618.8058,Lance Alvarez
71104,18005,2622.6844,Brent Zhao
71105,11330,2.5305,Grace Lewis
71107,11185,2.5305,Morgan Jackson
71116,11640,104.3783,Pedro Patel
71117,14586,77.3169,Micheal Gill
71118,11833,11.039,Victoria Clark
71119,20079,5.514,Joel Prasad
71121,11214,176.789,Ruben Rana
71122,12900,24.2879,Jaclyn Chen
71123,15866,62.9519,Robert Perez
71124,19897,659.6408,Nicole Blue
71125,17563,2649.6906,Caleb Allen
71126,19710,2598.9158,Kristina Fernandez
71127,18127,2673.0613,Wesley Zeng
71128,12308,2682.9953,Hannah Lee
71131,15211,927.6254,Chase Rivera
71132,11047,2696.189,Julia Moore
71133,15802,2646.4419,Angel Stewart
71140,17858,1879.594,Carrie Moreno
71147,11050,858.9607,Julia Thomas
71148,13129,2673.0613,Fernando Alexander
71149,13130,2644.3313,Fernando Russell
71150,19274,1879.594,Nelson Harrison
71151,13629,2666.4313,Javier Muñoz
71152,13040,66.2779,Robyn Romero
71153,11215,142.534,Isabella Brown
71158,13002,112.6658,Jaclyn Ferrier
71159,13627,132.6,Edward Price
71160,16548,2699.9018,Kara Xu
71161,19945,2602.2529,Julie Luo
71162,12175,132.6,Anna Jones
71164,13071,33.139,Madison Barnes
71166,15974,77.339,Jordan Roberts
71167,18843,77.339,Matthew Martin
71169,15479,94.9748,Nancy Lopez
71170,19026,83.9469,Gary Munoz
71171,15298,8.0444,Jillian Patel
71172,17874,38.6529,Carrie Serrano
71173,14934,132.5779,Albert Ortega
71175,12403,74.3334,Samantha Walker
71177,17757,60.7529,Susan Ye
71178,13500,44.1779,Jeremiah Henderson
71179,15162,82.8529,Bryan Bailey
71180,12434,82.8529,Ashley Martin
71181,11569,38.664,Chloe Jones
71182,15323,888.9394,Jared Morris
71183,13384,2643.1158,Willie Luo
71184,15409,866.8394,Candace Arun
71185,17135,2629.3144,Jack King
71186,13161,2587.8769,Edwin Gao
71190,12301,2673.0613,Hannah Clark
71191,12291,2644.3313,Colleen Zheng
71196,18335,2715.3497,Zachary Davis
71207,17656,639.1983,Sandra Zhou
71213,18679,1879.594,Orlando Diaz
71214,12123,728.6812,Kelli Jai
71217,13160,2644.3313,Edwin Zhu
71219,19188,1914.1473,Nelson Moreno
71220,11502,48.5979,Jenny Pal
71221,16179,41.1834,Adam Campbell
71222,17327,100.4998,Alan Liang
71223,18451,83.3944,Zachary Taylor
71224,14313,44.1779,Lucas Ward
71226,15021,9.934,Sebastian Bell
71227,14798,905.5254,Bryan Cox
71228,14819,859.0712,Lucas Cox
71229,12825,2618.8058,Rafael Liang
71230,20548,2595.6008,April Andersen
71231,17986,2607.2033,Brent Wang
71232,11713,69.5929,Brianna Davis
71233,11505,69.5929,Destiny Garcia
71234,11176,23.7465,Morgan Miller
71235,11203,30.1444,Morgan Walker
71236,11875,99.4169,Tamara He
71237,17619,101.6048,Cameron Jones
71238,16117,95.5273,Kristopher Lopez
71239,14552,77.339,Mathew Rubio
71241,13465,83.9469,Dalton Hughes
71242,17817,54.6754,Samuel Taylor
71243,20056,159.6173,Donald Martinez
71246,13096,155.1973,Fernando Bennett
71247,12536,9.934,Samantha Hughes
71248,18317,24.2879,Jorge Ma
71249,19995,683.9729,Nicole Diaz
71250,13398,2566.1194,Willie Johnsen
71251,19855,2552.5169,Lindsay Raji
71252,17524,2560.2519,Valerie Hu
71253,18788,2598.9158,Joshua Harris
71254,18954,987.2844,Chelsea Lopez
71255,13401,2602.264,Willie Raje
71256,17005,2625.9773,Ricardo Lal
71257,17264,2570.1858,Jose Brown
71260,18136,2644.3313,Randy Wang
71262,12321,2649.8453,Madison Miller
71266,16483,596.689,Misty Nath
71267,15789,2692.8519,Troy Chandra
71268,13107,2598.9158,Fernando Jenkins
71269,11090,830.2307,Jennifer Moore
71270,11084,835.7447,Roy Kapoor
71272,20091,622.0708,Destiny Washington
71273,20076,612.1369,Destiny Perry
71274,20078,695.0119,Destiny Powell
71278,13139,2644.3313,Spencer Wood
71279,13110,1342.4093,Fernando Perry
71280,19174,1879.594,Casey Ortega
71285,16267,656.3479,Jason Gonzalez
71286,16608,33.139,Mason Lopez
71288,20314,75.0627,Bradley Raji
71290,18280,101.1959,Alexander Anderson
71291,16540,2778.9977,Kara Deng
71292,15664,650.8008,Jimmy Ramos
71293,11223,43.0729,Isabella Moore
71296,11253,32.0229,Natalie Johnson
71297,16479,79.0959,Misty Chander
71298,11223,33.1279,Isabella Moore
71301,20488,16.5529,Keith Deng
71302,18985,104.4004,Nicholas Davis
71303,18230,5.514,Brandon Anderson
71304,18911,71.2394,Joseph Williams
71306,11581,77.3169,Barbara Zeng
71307,16312,70.6869,Casey Rai
71308,19376,32.5754,Victoria Stewart
71309,19430,70.6869,Victoria Barnes
71313,16325,183.7394,Jose Nelson
71315,14446,41.2055,Lawrence Romero
71316,16847,62.9519,Isaac Young
71317,15494,138.6444,Rachael Sai
71318,12415,82.8529,Ashley Miller
71319,19992,648.6019,Tara Lal
71320,16783,2715.3497,Evan Scott
71321,20034,2618.8169,Donald Madan
71322,17553,2588.9266,Cameron Lee
71323,17508,2569.0366,Jackson Hall
71324,17420,2619.0931,Karen Guo
71325,17421,2626.5408,Karen He
71326,17006,2656.9283,Ricardo Sharma
71327,13246,2618.8058,Damien Jai
71328,18126,2673.0613,Wesley Cai
71329,17207,2710.6092,Jose Johnson
71330,17218,2659.7792,Terry Xie
71331,18332,1297.8004,Alan Zhang
71332,17926,1256.8602,David Taylor
71333,15724,2552.5169,Billy Martin
71342,18638,1945.3194,Daniel Walker
71343,18565,1977.3423,Zachary Martin
71345,13769,606.6229,Richard Wood
71346,11425,630.3694,Jasmine Lee
71347,19283,1949.1869,Olivia Stewart
71348,11912,2652.3757,Elizabeth Wilson
71350,13619,2688.5092,Walter Rubio
71351,11277,8.7848,Ruben Vazquez
71352,11803,82.3004,Victoria Wilson
71353,17311,77.3169,Jose Wilson
71356,15605,16.5529,Ricky Blanco
71357,15123,55.239,Ian Murphy
71358,11119,55.239,Roy Subram
71359,13617,59.6479,Walter Sanz
71361,18734,2.5305,Michael Thomas
71362,11921,9.934,Elizabeth White
71363,19807,15.4479,Alicia Beck
71364,16461,932.5869,Misty Kumar
71365,14822,905.5254,Dalton Cox
71366,12804,2618.8058,Oscar Gonzales
71367,12813,2561.3016,Oscar Hayes
71368,11710,69.5929,Pedro Torres
71373,19411,33.139,Douglas Vance
71374,20531,71.7919,April Tang
71375,18115,15.4479,Christian Walker
71376,17452,5.514,Jose Allen
71377,11276,5.514,Natalie Martin
71378,11287,66.2779,Ruben Carlson
71379,16651,15.4479,Alison Shan
71380,17517,44.1779,Valerie Liang
71381,15978,8.0444,Henry Garcia
71382,15962,68.4658,Henry Madan
71384,20756,8.0444,Crystal Lin
71386,13317,62.9519,Julian Bennett
71388,17801,139.1527,Candice Zhou
71390,19468,6.9394,Nelson Rubio
71394,16187,5.514,Tina Malhotra
71396,14547,76.2119,Mathew Suarez
71397,16460,44.1779,Misty Yuan
71398,17814,114.8648,Nathan Moore
71399,12148,82.8529,Taylor Jackson
71400,11254,155.1973,Natalie Williams
71401,19646,94.4554,Grace Jenkins
71402,12968,24.2879,Dakota Gonzales
71403,12652,55.239,Elizabeth Price
71404,12470,55.239,Alejandro Li
71405,16121,678.9894,Kristopher Rodriguez
71406,17592,2580.1419,Stacey Yang
71407,17475,2619.9108,Leah Hu
71408,18351,2563.589,Frank Ramos
71409,17417,2602.264,Karen Liang
71410,16983,2604.7944,Samuel King
71411,13362,2535.964,Willie Liang
71412,13357,2610.3084,Willie Zhu
71413,11609,2710.6092,Anna Rodriguez
71415,15648,1918.2579,Isaiah Evans
71416,13103,2649.8453,Fernando Coleman
71417,13114,2634.3974,Fernando Patterson
71418,12586,624.314,Clayton Lin
71419,15213,850.2865,Teresa Dominguez
71420,17861,1933.7058,Ethan Clark
71423,13126,2653.1161,Edwin Liu
71424,13131,2644.3313,Edwin Huang
71428,11758,30.1444,Ross Madan
71429,15034,104.3783,Cody Bell
71430,18793,33.6804,Joshua Thompson
71432,11361,55.239,Christy Ma
71433,17766,2587.8769,Logan Harris
71434,20553,2602.2529,Kaitlyn Reed
71436,11211,30.1444,Ruben Prasad
71440,16795,75.0627,Mario Xu
71441,16813,15.4479,Melody Alvarez
71443,15272,71.2394,Adrian Sanchez
71444,14922,5.514,Lucas Cook
71445,15743,44.1779,Hunter Collins
71447,14178,95.6709,Sean Kelly
71448,16264,24.2879,Gabriel Gonzalez
71449,18622,71.7919,Stacy Blanco
71450,13780,65.7365,Monique Vazquez
71456,11131,62.9629,Kaitlyn Taylor
71458,14582,55.2279,Xavier Ramirez
71459,13092,123.7158,Wyatt Diaz
71460,11486,38.664,Jenny Tang
71461,17612,2598.9158,Cameron Smith
71462,17536,2626.5408,Jesse Hall
71463,17427,2621.0158,Thomas White
71464,15337,927.6254,Richard Morris
71465,17362,2552.5169,Krystal Wu
71472,15729,2566.1194,Jesse Edwards
71473,15751,2624.3529,Kevin Collins
71474,15752,2582.6834,Diane Suarez
71482,18792,1961.8944,Joshua Martin
71483,17655,1934.8329,James Lewis
71485,13119,2644.3313,Fernando Washington
71486,19254,1879.594,Brianna Powell
71490,12161,8.7848,Dawn Wu
71491,11971,65.7254,Kayla Harrison
71492,11795,38.664,Ross Ruiz
71493,12371,30.1444,Samantha Miller
71494,11367,30.1444,Rachel Robinson
71495,19265,46.7194,Brianna Butler
71496,15224,38.664,Paula Ramos
71497,15720,38.664,Marc Schmidt
71498,17072,82.3004,Timothy Hernandez
71499,12682,175.695,Omar Yang
71500,11237,2709.8357,Isabella Garcia
71503,20172,2708.6865,Phillip Mehta
71504,16551,2861.2981,Kara Yuan
71505,13141,148.0479,Spencer Ross
71506,14796,982.8423,Roberto Jiménez
71507,19930,2577.1694,Nicole Ramirez
71508,17651,2650.8619,Cameron Moore
71509,19912,2681.7798,Nicole Cox
71510,20584,2604.7944,Kaitlyn Torres
71511,15651,624.314,Jimmy Travers
71512,15663,651.9279,Jonathan Edwards
71515,19642,40.432,Grace Henderson
71517,17450,136.9979,Leah Huang
71518,16787,44.1779,Mario Xie
71519,15387,5.514,Diane Ruiz
71520,15327,44.1779,Garrett Morris
71522,15299,8.0444,Jillian Vance
71523,15177,8.0444,Kendra Ortega
71524,14766,5.514,Danny Gill
71525,16034,8.0444,Luke Turner
71528,12594,32.034,Ashley Gonzales
71533,15102,40.0784,Jill Gill
71535,15748,62.9519,Jose Collins
71536,11681,82.8529,Megan Anderson
71537,18320,34.2219,Jorge Guo
71538,17453,2626.5408,Thomas Walker
71539,15343,850.2865,Seth Morris
71540,13269,2570.1858,Roger Cai
71541,13226,2633.1377,Antonio Russell
71542,17103,2673.0613,Shaun Andersen
71544,13104,2682.9953,Louis Chande
71545,17320,898.8844,Alan Sun
71549,18563,1934.8329,Zachary Harris
71550,18608,1895.0419,Anthony Moore
71552,12133,596.689,Taylor Brown
71555,11918,2644.3313,Elizabeth Thomas
71564,16342,51.3494,Luis Nelson
71566,20263,23.7465,Cindy Gray
71567,15217,11.039,Teresa Blanco
71568,20713,2916.0287,Morgan Henderson
71569,19442,905.5254,Victoria Jenkins
71570,17966,905.5254,Vincent Ma
71571,14941,2763.5719,Isaac Morgan
71572,12829,2604.4408,Trevor Long
71573,14843,2580.1419,Patrick Howard
71574,11313,2.5305,Grace White
71578,18968,77.3169,Veronica Kapoor
71579,14574,42.9624,Richard Ramirez
71582,19635,104.4004,Cassandra Garcia
71583,16642,44.1779,Alison Xu
71584,16337,8.0444,Katrina Kumar
71585,14410,62.9519,Patrick Peterson
71586,15049,79.5269,Gina Jiménez
71587,15052,41.2055,Gina Alonso
71588,12851,79.0959,Rafael Luo
71589,12822,83.9469,Trevor Henderson
71593,16574,44.1779,Kara Becker
71594,12048,82.8529,Kelli Wang
71595,12068,38.675,Abigail Lewis
71596,12836,43.6144,Trevor Flores
71597,16912,2630.4194,Sean Allen
71598,16989,2563.589,Carlos Hernandez
71599,18882,2566.1194,Andrew Taylor
71600,17401,2574.639,Karen Lin
71609,15723,2646.4419,Marc Ortega
71618,18802,1981.7844,Joshua Rodriguez
71619,18616,1911.6169,Stacy Torres
71620,18639,1879.594,Orlando Gomez
71621,18607,1934.8329,Anthony Wilson
71623,12128,2682.9953,Kelli Chande
71624,15142,27.614,Kendra Munoz
71625,18195,94.4554,Benjamin Martinez
71628,11966,6.9394,Kayla White
71629,14823,899.9894,Jeremy Cox
71630,18019,2552.5169,Christopher Brown
71631,19073,2560.2519,Craig Gill
71634,19290,668.4808,Nelson Torres
71635,11757,30.1444,Olivia Moore
71636,11849,65.1729,Gerald Sara
71637,11223,27.614,Isabella Moore
71641,11861,40.432,Tamara Lu
71644,20523,16.5529,Jennifer Washington
71646,16891,66.2779,Jerry Yuan
71648,15956,5.514,Henry Chapman
71649,15332,44.1779,Charles Morris
71650,17212,68.4769,Robert White
71651,19333,38.9292,Olivia Brooks
71652,14970,77.339,Randall Navarro
71653,19176,70.6869,Philip Gomez
71654,12818,79.0959,Trevor Barnes
71658,13466,44.189,Dalton Flores
71659,13282,62.9519,Roger Shen
71660,12366,82.8529,Lacey Wu
71661,14333,90.0133,Kristy Torres
71662,12070,38.675,Petr Lazecky
71663,12556,9.934,Ashley Price
71664,12368,38.664,Lacey Lin
71665,16136,624.314,Isaac Phillips
71666,17591,2582.6834,Stacey Liu
71667,17594,2626.5408,Austin Rodriguez
71668,15341,927.6254,Jillian Rodriguez
71669,15410,924.7856,Dalton Rogers
71670,15288,874.5744,Xavier Sanchez
71671,18231,2668.564,Austin Moore
71672,18951,2580.1419,Orlando Serrano
71673,15657,921.1391,Jimmy Vazquez
71676,15800,2596.7279,Troy Arun
71677,15801,2577.1694,Troy Madan
71688,13122,2673.0613,Robyn Dominguez
71695,12145,8.7848,Kelli Anand
71696,13149,33.1279,Spencer Powell
71697,17316,41.9569,Thomas Clark
71699,16611,36.023,Nichole Andersen
71700,14680,55.239,Ian Cooper
71701,17301,55.239,Alan Li
71702,15132,65.1729,Angel Bailey
71703,12679,175.695,Elizabeth West
71704,14126,79.0959,Timothy Brooks
71705,16566,2647.5358,Kara Chavez
71706,19311,2640.9279,Frank Diaz
71708,11500,70.6869,Destiny Harris
71710,11253,44.1779,Natalie Johnson
71713,19217,66.8194,Philip Rubio
71716,11520,54.6754,Destiny Hall
71718,11833,77.3169,Victoria Clark
71720,15157,16.5529,Cole Bailey
71721,11861,55.2169,Tamara Lu
71723,16722,5.514,Isaiah Adams
71725,16047,5.514,Andre Patel
71727,17826,33.139,Nathan Thomas
71728,14964,54.1119,Randall Alonso
71729,16188,44.1779,Alex Campbell
71730,15713,5.514,Marc Serrano
71731,12872,54.1119,Tristan Long
71732,11222,82.8529,Ruben Lopez
71733,11794,46.7194,Victoria Williams
71734,12064,52.9737,Abigail Robinson
71735,11980,109.9144,Kayla Rodriguez
71736,20648,2715.3497,Lindsey Shen
71737,13852,2535.964,Marcus Russell
71738,17446,2635.3808,Cameron Thomas
71739,16914,2609.9548,Connor Hernandez
71740,16915,2624.3529,Timothy Allen
71741,18785,2597.8108,Joshua Jackson
71742,17017,2577.1694,Ricardo Raje
71743,13706,2582.6834,Devin Hughes
71744,18922,2571.2908,Joseph Moore
71745,17141,2626.5408,Samuel Wright
71746,13225,2566.1194,Roger Chen
71748,17949,868.8947,Vincent Zhou
71749,17093,2673.0613,Greg White
71755,15793,2563.589,Mason Collins
71756,15734,2602.264,James Collins
71757,15757,2535.964,Elijah Collins
71758,11167,879.9557,Morgan Jones
71765,20090,606.6229,Destiny Flores
71767,17865,1977.9169,Justin Anderson
71768,18655,1918.2579,Daniel Johnson
71770,14673,830.2307,Rob Verhoff
71771,13618,2673.0613,Blake Russell
71953,12157,8.7848,Taylor Martinez
71954,11856,65.1729,Emma Miller
71955,14054,205.8394,Alex Watson
71957,11149,9.934,Kaitlyn Clark
71960,15083,2552.5169,Sean Murphy
71961,12863,2659.6577,Tristan Ross
71962,11679,59.659,Megan Taylor
71963,11019,82.3004,Joe Belson
71965,11330,93.8808,Grace Lewis
71969,12892,87.2729,Rafael Black
71970,15550,5.514,Thomas Parker
71972,16099,99.4169,Kellie Vazquez
71973,20519,60.7308,Jennifer Patterson
71974,20084,26.8184,Carol Patterson
71975,14787,76.2119,Roberto Ruiz
71976,13684,44.1779,Rodney Gutierrez
71977,13441,51.3494,Colin Ye
71978,11559,38.664,Alyssa Lewis
71979,18824,2646.4419,Matthew Miller
71980,18840,2535.964,Matthew White
71981,18592,2535.964,Kathleen Ortega
71982,18527,2563.589,Leslie Gutierrez
71985,16169,2602.2529,Molly Rodriguez
71986,20749,690.5919,Crystal Liu
71987,18868,1944.7669,Andrew Williams
71988,18089,1918.2579,Alexander Johnson
71989,18955,1939.2529,Joseph Garcia
71990,18118,1934.8329,Austin Smith
71991,19316,1879.594,Olivia Howard
71992,19329,1944.7669,Cory Madan
71995,11432,612.1369,Nicole Williams
71996,11420,2720.5432,Christy Rai
71997,11929,890.9836,Tammy Raji
71998,15134,829.0815,Isaiah Bailey
72000,13636,2694.0563,Edward Coleman
72001,11878,8.7848,Emma Martinez
72002,14669,34.5534,Cody Cooper
72003,15598,130.3458,Jonathan Evans
72007,16287,2604.7944,Casey Yuan
72008,18028,905.5254,Abby Fernandez
72009,15051,2535.964,Gina Moreno
72011,16290,707.6973,Casey Lal
72012,16273,687.2658,Bethany Beck
72013,11498,6.9394,Jenny Shan
72014,14265,32.0229,Richard Sanders
72015,11019,37.5479,Joe Belson
72018,13707,16.5529,Rodney Sanz
72019,20367,142.5119,Shawn Xie
72020,19138,77.339,Nelson Hernandez
72021,17429,5.514,Karen Cai
72022,17457,60.7529,Jonathan Hall
72023,17019,60.7529,Ricardo Chande
72024,18313,8.0444,Jorge Sun
72025,15515,8.0444,Diane Alonso
72028,18144,35.3269,Randy Liu
72029,19354,41.1834,Olivia Patterson
72032,11558,23.7465,Barbara Lu
72034,12326,32.034,Madison Taylor
72035,11677,38.675,Megan Wilson
72036,11659,41.2055,Lauren Rodriguez
72037,13335,79.5269,Julian Long
72038,16800,26.8184,Gabriel Young
72039,12539,9.934,Alejandro Lal
72040,13389,128.1248,Oscar Butler
72041,12660,49.7029,Elizabeth Henderson
72042,13729,2696.7194,Eduardo Barnes
72043,15528,987.2844,Cody Cook
72044,15529,888.9504,Diane Romero
72045,15473,850.2865,Carlos Cook
72046,16046,820.2968,Angel Turner
72051,11264,890.9836,Ruben Romero
72054,18362,1906.3571,William Robinson
72055,18869,1918.2579,Andrew Jones
72056,18976,1934.8329,Veronica Arun
72057,18806,1973.4969,Meghan Gill
72061,13035,650.8008,Louis Zhao
72062,16684,640.8669,Francisco Chandra
72063,12044,9.934,Gail Moore
72064,11791,93.9029,Victoria Smith
72065,16618,41.1834,Nichole Rai
72066,11965,27.0615,Kayla Jackson
72067,11071,75.1069,Joe Serrano
72070,16530,905.5254,Hunter Hill
72071,15048,2580.1419,Gina Alvarez
72072,15056,2673.4812,Xavier Bell
72073,20567,2624.3529,Kristin Deng
72074,19364,2612.1869,Nelson Blanco
72075,11859,38.664,Gerald Subram
72080,11211,41.9127,Ruben Prasad
72081,11330,42.9624,Grace Lewis
72082,14904,288.2503,Timothy Ward
72083,11802,35.6694,Ross Alvarez
72084,18937,77.339,Orlando Blanco
72085,19237,77.339,Victor Romero
72086,18991,77.339,Veronica Garcia
72088,16988,5.514,Ricardo Shen
72089,15318,44.1779,Nathaniel Morris
72091,19385,129.2298,Shane Raman
72094,12810,8.0444,Rafael Zhao
72095,18878,2641.9998,Andrew Wilson
72096,15433,927.6254,Candace Gonzalez
72097,18378,2696.189,Jésus Munoz
72099,12133,858.9607,Taylor Brown
72105,13024,680.6358,Hannah Barnes
72106,13974,2618.8169,Joanna Moreno
72107,13134,2596.7279,Fernando Hayes
72108,16352,2619.0931,Jordan Nelson
72110,15876,2694.0563,Gabriel Perez
72118,19125,1918.2579,Derrick Bradley
72119,19321,1918.2579,Olivia Torres
72122,11429,650.8008,Marshall Kumar
72126,11368,940.1451,Christy Guo
72127,14346,820.2968,Joy Ortega
72130,14853,32.0229,Chase Howard
72131,18267,33.139,Curtis Liang
72134,13670,136.9979,Wyatt Barnes
72135,15791,19.0834,Troy Patel
72137,19447,888.9394,Raymond Suri
72138,16730,76.2119,Evan Adams
72139,18026,891.4698,Brent Zheng
72140,14818,875.6241,Ian Cox
72141,19438,2618.8058,Douglas Fernandez
72142,19439,2626.5408,Douglas Martinez
72143,12834,2563.589,Rafael Zeng
72144,16270,651.9058,Denise Perez
72145,11619,4.409,Lauren Jones
72147,12895,76.2119,Rafael Raji
72148,11287,33.139,Ruben Carlson
72149,20313,104.4004,Dwayne Martin
72151,20471,81.7369,Jennifer Torres
72152,18524,132.5779,Nicholas Walker
72153,16380,136.9979,Latoya Yuan
72154,14898,46.3548,Albert Jiménez
72155,16296,135.8598,Angel Gonzalez
72157,13534,40.0784,Jeremiah Diaz
72158,15634,44.1779,Adam Evans
72159,11655,44.189,Lauren Robinson
72160,11881,155.1973,Tamara She
72161,12641,9.934,Sarah Bryant
72162,15471,927.6254,Nancy Raman
72163,16211,648.6019,Tina Fernandez
72164,18393,2535.964,Anthony Rodriguez
72168,18463,1268.2859,Larry Rubio
72171,11930,987.2844,Elizabeth Robinson
72178,18051,1918.2579,Jeffery Ye
72179,18982,1971.2758,Orlando Carlson
72180,18092,1977.3423,Wesley Yang
72181,19315,1939.2529,Frank Hernandez
72182,13255,2649.8453,Carson Flores
72183,16286,2634.3974,Jack Gonzalez
72184,13630,2634.3974,Briana Dominguez
72185,13643,2644.3313,Edward Long
72186,11253,55.239,Natalie Johnson
72187,11498,38.664,Jenny Shan
72188,11913,27.614,Elizabeth Moore
72190,13184,132.6,Antonio Wood
72191,11148,44.1779,Kaitlyn Robinson
72194,20576,2613.2919,Kristin Yuan
72195,20552,2580.1419,Kaitlyn Rogers
72196,13542,2613.2919,Jon Zhou
72197,13514,2646.4419,Colin Anand
72199,11314,11.3152,Lacey Rai
72201,11262,39.4706,Natalie Wilson
72203,14079,76.2119,Melinda Serrano
72205,16106,36.023,Jack Phillips
72208,15340,45.957,Jillian Gonzalez
72210,19858,104.4004,Lindsay Anand
72211,11331,86.1458,Grace Lee
72212,16379,65.1729,Latoya Luo
72214,15973,44.1779,Henry Raman
72215,15746,5.514,Robert Collins
72216,13755,50.7748,Robin Ortega
72217,13375,79.5269,Oscar Perry
72218,19823,51.3494,Jasmine Gray
72219,16190,79.5269,Evan Campbell
72220,17854,71.7919,Carrie Hernandez
72221,16471,59.0844,Misty Pal
72223,20579,27.614,Kaitlyn Howard
72229,12319,5.514,Colleen Kumar
72232,15353,215.7734,Brenda Van
72236,11354,25.3819,Christy Ye
72237,11560,59.659,Barbara Xu
72238,16125,650.8008,Molly Suri
72239,18829,2602.2529,Dana Diaz
72240,18849,2615.4908,Matthew Robinson
72241,15489,997.2183,Jesse Cook
72242,18399,2580.1419,William Miller
72243,18437,2607.7779,Brandon Brown
72245,15661,873.2926,Jimmy Serrano
72247,18158,2644.3313,Randy Lu
72248,17811,2682.9953,Candice Sun
72250,18337,2699.9018,Frank Moreno
72253,16620,2560.2519,Nichole Nath
72254,16351,2535.964,Luke Nelson
72256,11224,858.9607,Isabella Taylor
72261,18867,1934.8329,Andrew Johnson
72267,15129,896.5086,Kendra Ruiz
72268,13958,2634.3974,Seth Jenkins
72271,13036,693.9069,Carol Perry
72272,12128,1949.1869,Kelli Chande
72274,17906,23.7465,Benjamin Jones
72275,18263,101.6048,Janelle Malhotra
72278,18286,79.0959,Zachary Jones
72279,15125,55.239,Lucas Murphy
72280,13120,102.7319,Edwin West
72281,13564,2601.1148,Jon He
72282,15058,2552.5169,Gina Torres
72283,20577,2538.4944,Dwayne Vazquez
72284,13538,2574.6279,Jon Wu
72285,12843,2696.189,Trevor Foster
72286,13513,2585.6669,Jeremy Powell
72287,14949,2696.189,Brian Morgan
72288,11842,65.1729,Gerald Madan
72295,16849,132.5779,Russell Xu
72296,11142,104.4004,Kaitlyn Thompson
72298,19731,87.2729,Byron Gill
72299,20747,77.339,Crystal Li
72303,14460,106.5883,Jeremy Peterson
72304,14612,44.1779,Devin Rivera
72305,14490,44.1779,Jonathon Torres
72306,18631,27.614,Daniel Lewis
72310,12611,64.6094,Clayton Guo
72311,15103,40.0784,Jill Vazquez
72312,13276,24.2879,Gavin Bennett
72313,11736,118.2019,Pedro Rubio
72314,13151,101.6048,Edwin Lu
72315,17585,94.4554,James Williams
72316,18862,2601.6894,Matthew Walker
72317,13734,2586.7387,Eduardo Jenkins
72318,15432,888.9504,Candace Martinez
72319,18416,2618.8058,William Lewis
72320,18481,2562.4508,Brandi Navarro
72321,13702,2538.4944,Rodney Ramos
72324,11242,2673.0613,Ruben Gomez
72328,16031,1879.594,Caleb Turner
72331,17504,866.8394,Adam Hall
72333,16176,2602.2529,Tina Suri
72334,16180,2582.6834,Eric Campbell
72338,15905,2649.8453,Johnathan Gonzalez
72346,20669,1238.1415,Lindsey Chande
72347,19008,1945.3194,Veronica Perez
72348,14732,1934.8329,Hector Ramos
72349,19293,1934.8329,Erik Serrano
72351,14713,639.1983,Bryce Richardson
72354,14163,755.5659,Seth Brooks
72355,11359,838.2751,Christy Gao
72356,15127,857.8447,Xavier Murphy
72358,14039,2673.0613,Xavier James
72359,14319,70.6869,Kristy Hernandez
72361,17731,26.2769,Margaret He
72363,15727,38.664,Diane Carlson
72364,18715,59.659,Orlando Ashe
72365,13666,2566.1194,Rodney Alvarez
72366,17097,927.6033,Kelvin Wu
72368,20564,2607.7779,April Anand
72370,11711,66.8194,Brianna Jones
72371,11131,33.1279,Kaitlyn Taylor
72374,17687,44.1779,Sandra Zeng
72375,17132,5.514,Melody Saunders
72377,16749,68.4658,Melody Ruiz
72378,15190,109.3508,Jeremy Bailey
72380,14493,60.7308,Jonathon Gill
72381,14784,132.5779,Sheila Sanz
72387,11566,28.1554,Barbara Zhu
72389,13798,40.0784,Richard Gonzales
72390,11974,82.8529,Kayla Thompson
72391,11851,38.675,Gerald Rana
72392,11857,82.8529,Emma Wilson
72393,16876,118.1908,Mason Allen
72394,12257,55.239,Colleen Liu
72395,20658,2715.3497,Morgan Cook
72396,16216,678.9894,Caleb Baker
72398,14025,647.4637,Charles James
72399,18850,2625.9773,Brandy Srini
72400,18864,2576.8048,Brandy Fernandez
72401,18819,2591.1808,Meghan Sanz
72402,18560,2615.4908,Zachary Jackson
72403,13733,2621.0158,Eduardo Coleman
72404,18611,2643.0937,Stacy Munoz
72405,15506,850.2865,Rachael Sara
72406,18528,2632.0437,Leslie Dominguez
72407,13462,2625.9773,Dalton Long
72408,18513,2587.8769,Leslie Hernandez
72409,18460,2587.8769,Larry Sanz
72410,13693,1407.0186,Wyatt Bryant
72411,19476,1428.0247,Raymond Fernandez
72414,16027,1939.2529,Gabriel Turner
72415,16616,2582.6834,Gloria Carlson
72416,16630,2646.4419,Thomas Hill
72417,16495,2678.4758,Kelsey Shen
72418,13110,2563.589,Fernando Perry
72420,16000,2673.0613,Bobby Van
72425,15916,2719.394,Manuel Kapoor
72432,18091,1934.8329,Christopher Wilson
72434,14164,620.4354,Xavier Brooks
72435,18173,2681.8792,Randy Ma
72437,13646,2634.3974,Edward Hughes
72440,13182,132.6,Antonio Bennett
72441,19580,132.5337,Emma Griffin
72442,18279,72.8748,Curtis She
72443,12369,29.8019,Lacey Zhou
72444,14100,44.1779,Lori Jimenez
72445,19578,59.659,Holly Arun
72446,14682,55.239,Xavier Cooper
72447,13026,55.239,Tamara Lin
72448,13634,132.6,Javier Navarro
72449,19941,2628.7508,Julie Xie
72450,19420,2604.4298,Douglas Arun
72451,16278,606.6229,Casey Deng
72452,11752,57.4158,Ross Malhotra
72454,11820,38.6529,Ross Vazquez
72457,14567,16.5529,Micheal Alonso
72459,18977,142.5119,Nicholas Williams
72460,18550,71.2394,Dylan Walker
72461,16923,66.2779,Aaron Young
72463,15835,103.8369,Allen Chandra
72464,14408,72.8858,Timothy Peterson
72465,13934,34.2219,Wendy Moreno
72466,16402,5.514,Latoya Rai
72467,18138,83.9469,David Martinez
72469,20137,87.2508,Ronald Mehta
72474,16043,44.1779,Kellie Torres
72475,11166,44.189,Morgan Williams
72476,11085,82.8529,Jennifer Brown
72477,11848,46.7194,Warren Liu
72478,13201,55.5042,Antonio Perry
72479,18860,2646.4419,Brandy Garcia
72480,18537,2535.964,Tyler Brown
72481,15466,888.9504,Diane Jimenez
72482,18512,2596.7279,Dylan Thompson
72483,18395,2624.3529,Jésus Serrano
72484,16657,2566.1194,Alison Andersen
72485,16029,1918.2579,Shirleen Travers
72489,16025,1945.3194,Bob Lopez
72492,13021,659.6408,Hannah Wood
72493,14012,2677.9454,Tanya Jimenez
72494,17328,894.4644,Noah Rodriguez
72495,13111,2636.4637,Louis Goel
72499,20744,606.6229,Morgan Russell
72502,14888,1324.8619,Jeremiah Howard
72503,18525,1918.2579,Leslie Navarro
72504,18980,1934.8329,Veronica Srini
72505,18998,1972.3808,Nicholas Jackson
72506,18803,1934.8329,Joshua Lewis
72511,13257,2673.0613,Carson Butler
72512,15130,820.2968,Jeremy Murphy
72515,17234,41.1834,Robert Lopez
72517,13668,8.7848,Wyatt Price
72518,12351,27.0615,Colleen Raji
72519,19623,103.2733,Grace James
72520,19474,891.4698,Victoria Russell
72521,15620,2631.5023,Jimmy Martin
72525,19870,41.1834,Christine Yuan
72526,12916,33.139,Aidan Flores
72527,11262,104.3783,Natalie Wilson
72529,20540,11.039,April Sharma
72530,20521,27.8681,Jennifer Hughes
72531,16858,5.514,Elijah Adams
72532,16806,60.7529,Angel Allen
72533,15358,44.1779,Alex Rogers
72534,14764,8.0444,Angel Cox
72535,20773,34.2219,Crystal Guo
72536,17638,77.3169,Sandra Wang
72537,14187,40.432,Juan Kelly
72538,16941,71.7919,Jack Hernandez
72542,12592,47.4819,Clayton Zhao
72544,11726,177.3083,Pedro Serrano
72545,16229,632.3473,Denise Kapoor
72546,18514,2640.9058,Leslie Alvarez
72547,18519,2610.3084,Leslie Moreno
72548,15422,940.2998,Isaac Reed
72549,13482,2562.7823,Colin Xie
72550,18420,2668.564,William Walker
72551,20708,2580.1529,Amy Wu
72552,18432,2597.8108,Larry Navarro
72553,18435,2626.5408,Larry Gutierrez
72554,18478,2630.4194,Brandi Alonso
72555,18457,1378.9958,Nicholas Lee
72556,18461,1292.8169,Brandon Lewis
72561,16607,2562.7823,Nichole Jai
72562,17334,850.2865,Alan He
72566,15567,2644.3313,Pamela Rodriguez
72567,15566,2742.6432,Pamela Martinez
72574,19357,1966.3144,Olivia Flores
72576,19295,1879.594,Erik Ramos
72578,14774,620.4354,Danny Ramos
72580,12222,2682.9953,Emily Jones
72581,14262,1352.3432,Felicia Diaz
72583,19961,98.3229,Julie Andersen
72586,17059,59.659,Johnny Pal
72590,19454,2647.5358,Victoria Hughes
72593,17778,2678.4979,Susan He
72594,19340,2641.9998,Cory Raman
72595,16259,635.3529,Denise Lopez
72596,11503,2.5305,Destiny Thompson
72597,12963,9.934,Jaclyn Xie
72599,11194,70.1344,Ruben Vance
72601,11501,27.614,Destiny Martin
72604,20433,82.2783,Peter Nath
72605,19878,77.339,Christine Jai
72606,18993,142.5119,Veronica Fernandez
72607,15412,5.514,Carlos Reed
72608,16748,65.1729,Martin Sara
72609,20202,50.7748,Alyssa Flores
72610,14177,51.7472,Jesse Kelly
72612,16189,44.1779,Tina Sai
72613,13533,76.2119,Jeremiah Griffin
72614,12530,82.8529,Alejandro Xu
72615,15761,109.9144,Aaron Collins
72616,20012,613.2419,Tara Nara
72617,15503,927.6033,Rachael Smith
72618,13724,2535.964,Devin Hayes
72619,18422,2598.9158,Larry Jimenez
72620,18428,2577.1694,Larry Romero
72624,16623,2646.4419,Jonathan Hill
72625,14048,2552.5169,Carlos Watson
72626,15575,927.6254,Ricky Ruiz
72629,15889,2688.5092,Johnathan Sai
72634,19156,1909.7384,Megan Butler
72635,19108,1879.594,Derrick Alonso
72636,14731,1918.2579,Adrian Richardson
72639,13134,1381.0732,Fernando Hayes
72640,13638,2673.0613,Edward Perry
72641,14034,59.9463,Ian James
72642,15805,102.1904,Troy Prasad
72643,18745,83.9469,Natasha Munoz
72645,11102,77.3169,Jennifer Garcia
72646,15095,2754.0136,Jill Navarro
72647,19952,15.4479,Julie Lal
72649,13572,2615.4908,Miguel Gonzales
72650,17834,2614.3637,Ethan Jones
72651,17978,924.2773,Ryan Jones
72652,14834,905.5254,Roberto Rubio
72653,17780,2563.589,Susan Hu
72654,19476,2602.264,Raymond Fernandez
72655,14991,2597.8108,Carlos Bell
72656,15614,2741.4056,Ricky Sanz
72660,19322,624.314,Cory Weber
72661,16051,624.314,Evan Turner
72662,19302,637.5298,Erik Rubio
72663,11682,59.659,Pedro Gomez
72664,11507,26.2769,Marshall Jai
72666,11827,71.7919,Ross Sanz
72667,17579,104.3783,Brittney Cai
72668,20532,103.2733,Jennifer Simmons
72669,11845,55.2169,Victoria Hall
72670,13941,159.0869,Lucas Hayes
72671,18833,87.2729,Dana Moreno
72672,16917,5.514,James Young
72673,16725,15.4479,Martin Suri
72675,19939,54.1119,Nicole Kelly
72676,12751,92.7869,Alexis Coleman
72677,14816,70.6869,Roberto Dominguez
72678,19054,24.2879,Craig Gomez
72679,20063,71.7919,Joel Jordan
72682,19485,6.9394,Nelson Ortega
72683,11130,41.2055,Roy Martinez
72684,11230,46.7194,Isabella Jackson
72685,11781,82.8529,Warren Zhang
72686,11676,41.2055,Pedro Rodriguez
72687,14725,99.4279,Hector Gill
72688,16370,24.2879,Alex Nelson
72689,13412,9.934,Simon Pearson
72690,12477,55.239,Alejandro Yang
72691,12550,65.1729,Samantha Griffin
72692,20002,651.9058,Destiny Morris
72693,15525,859.0712,Pamela Suri
72694,14026,651.1323,Devin James
72695,20033,626.8334,Donald Arun
72696,15428,937.5594,Timothy Reed
72697,18429,2587.8769,Anthony Lee
72698,18381,2607.2033,Jésus Alonso
72700,16659,2535.964,Noah Green
72701,16661,2574.6279,Alison Chande
72706,13022,657.3866,Tamara Yang
72707,13973,2596.7279,Seth Washington
72708,16637,2566.1194,Gabriel Hill
72709,15582,948.5983,Ricky Jimenez
72710,13109,2596.7279,Louis Nath
72711,16820,968.3447,Mario Chande
72717,18979,1933.7058,Nicholas Jones
72718,19294,2011.0448,Olivia Morris
72721,14716,620.9216,Nathaniel Richardson
72722,13607,623.7504,Walter Vazquez
72723,18177,2671.9453,Randy He
72727,16685,668.4808,Robert Green
72728,13970,2673.0613,Joanna Ashe
72729,14020,2694.0563,Adrian James
72730,14030,2673.0613,Richard James
72731,14031,2673.0613,Marcus James
72735,13635,132.6,Javier Gutierrez
72736,17058,59.659,Johnny Jai
72737,20716,2597.8108,Amy Lu
72738,16531,937.5373,Kelsey Goel
72739,16541,935.3383,Elijah Scott
72740,16288,648.6019,Adam Gonzalez
72743,17371,16.5529,Luis Hall
72747,11019,136.9979,Joe Belson
72749,17273,75.1069,Bethany Kumar
72750,16648,8.0444,Alison Kumar
72751,17131,5.514,Mitchell Yuan
72752,15360,5.514,Brenda Madan
72753,13857,50.7748,Marcus Hayes
72754,13475,62.9519,Dalton Gonzales
72755,13727,89.4608,Robin Navarro
72757,12824,49.2167,Trevor Jenkins
72758,19055,50.7748,Lauren Butler
72759,16403,41.9569,Kevin Carter
72762,16038,66.2779,Andre Suri
72764,16497,90.0133,Kelsey Xie
72765,14586,44.189,Micheal Gill
72766,17509,67.9023,Valerie Sun
72767,18578,2598.9158,Kathleen Gill
72768,20004,651.9058,Destiny Rogers
72769,18497,2574.6279,Dylan Thomas
72770,18386,2552.5169,Jésus Gutierrez
72771,18398,2597.8108,William Davis
72773,11001,650.8008,Amber Young
72774,16629,2602.264,Logan Hill
72775,16636,2601.6894,Alison Shen
72776,11263,862.8061,Natalie Moore
72781,18103,1918.2579,Justin Walker
72782,19002,1911.6169,Veronica Rodriguez
72786,11995,2700.1228,Alexis Jones
72787,13959,2703.9903,Seth Perry
72789,13969,30.1444,Seth Hughes
72790,15240,70.6869,Mason Sanchez
72791,18279,106.1574,Curtis She
72792,11913,9.934,Elizabeth Moore
72793,11245,2709.8357,Ruben Ruiz
72795,14827,982.8644,Angel Howard
72797,16269,659.9723,Denise Sanchez
72798,11330,43.0729,Grace Lewis
72799,11203,4.409,Morgan Walker
72801,11142,98.3229,Kaitlyn Thompson
72804,13239,37.5479,Carson Henderson
72807,20697,86.1016,Morgan Watson
72808,18500,44.1779,Brandi Suarez
72810,19234,132.5779,Brianna Price
72811,12203,109.3508,Dawn Deng
72812,16505,44.1779,Kelsey Yuan
72813,13928,94.4554,Lucas Washington
72814,14972,62.9519,Eduardo Morgan
72817,13830,98.3119,Marcus Long
72818,12098,82.8529,Kelli Shen
72819,16228,629.8169,Angel Baker
72821,18643,2563.589,Diana Hernandez
72822,18427,2579.5783,Brandon Johnson
72823,15662,905.9122,James Edwards
72824,12298,2644.3313,Hannah Robinson
72833,15850,2694.0563,Richard Stone
72837,19133,1879.594,Derrick Rubio
72843,19031,2682.9953,Gary Gutierrez
72844,18166,2644.3313,Christian Harris
72845,11992,2644.3313,Alexis Williams
72847,14263,1402.0682,Devin Sanders
72848,13633,2634.3974,Edward Henderson
72849,11920,2673.0613,Tamara Nath
72850,20051,2686.7412,Shannon Alonso
72852,11801,55.239,Ross Hernandez
72853,15804,70.6869,Isaiah Stewart
72854,15787,70.6869,Alex Collins
72855,14227,71.7919,Alex Sanders
72856,17493,83.9469,Elijah Hall
72857,19761,75.0627,Brandy Kapoor
72861,14013,38.664,Cole James
72862,19098,2.5305,Derrick Hernandez
72865,19446,859.0712,Douglas Perez
72867,13546,2585.6669,Miguel Henderson
72868,19453,2601.1148,Victoria Patterson
72869,15089,2560.2519,Bryce Murphy
72870,13545,2574.6279,Miguel Ross
72871,20558,2563.589,Kaitlyn Blue
72872,19305,687.2658,Frank Gomez
72874,11500,87.2619,Destiny Harris
72878,19222,60.7529,Victor Gomez
72879,18851,77.339,Brandy Prasad
72880,14760,132.5779,Jeremy Richardson
72881,11223,5.514,Isabella Moore
72882,16073,71.2394,Hunter Phillips
72883,12158,44.1779,Dawn Yang
72884,14721,5.514,Sebastian Richardson
72886,14042,24.2879,Dalton James
72887,14479,90.5658,Sean Gray
72888,16276,8.0444,Bethany Ashe
72889,15119,36.023,Eduardo Murphy
72890,14698,67.3498,Evan Richardson
72891,12821,55.2058,Rafael Ma
72898,11684,44.189,Megan Jackson
72899,11710,38.675,Pedro Torres
72900,12056,82.8529,Kelli Yang
72901,13054,83.9469,Hannah Foster
72902,11878,82.8529,Emma Martinez
72903,12875,89.4387,Tristan Flores
72904,12662,16.5529,Clayton Rai
72905,18832,2580.1529,Matthew Taylor
72906,18581,2598.9158,Daniel Clark
72907,15474,987.2844,Angel Cook
72908,15427,874.5744,Candace Mehta
72909,18441,2630.4194,Brandon Martinez
72910,20665,2607.2033,Lindsey Pal
72911,11549,1451.7601,Alyssa Garcia
72912,13794,1396.5211,Monique Rubio
72914,16660,2563.589,Alison Raje
72915,18338,2813.6726,Frank Munoz
72916,18462,1297.8004,Daniel Weisman
72919,17332,997.2183,Robert Lee
72920,15268,850.2865,Heidi Mehta
72921,13112,2645.8783,Louis Becker
72922,13957,2596.7279,Wendy Ramos
72931,18372,1945.3194,Jésus Diaz
72932,19158,1918.2579,Casey Gutierrez
72933,19120,1911.6169,Derrick Vazquez
72934,19131,1906.6554,Derrick Schmidt
72935,19137,1918.2579,Casey Gomez
72936,18865,1966.3144,Brandy Lopez
72937,18866,1879.594,Brandy Martinez
72938,18914,1907.2079,Joseph Brown
72939,18999,1939.2529,Nicholas White
72941,19318,1939.2529,Frank Jimenez
72942,15923,1977.9169,Manuel Sai
72944,19280,1939.2529,Brianna Griffin
72948,14171,706.0398,Sabrina Alonso
72952,13518,651.1323,Jeremiah Hughes
72954,12043,9.934,Arthur Wilson
72955,11928,8.7848,Tamara Black
72956,11185,55.239,Morgan Jackson
72958,20235,38.6529,Derek Tang
72963,15807,50.3659,Troy Sara
72964,17314,9.934,Thomas Robinson
72965,12691,175.695,Omar Ye
72966,13767,2576.8048,Richard Bradley
72967,16546,944.7419,Kara Tang
72970,20569,2668.5308,Kristin Shen
72972,19308,606.6229,Frank Ruiz
72973,11685,69.5929,Pedro Ruiz
72974,11463,27.614,Nicole Martinez
72976,11142,34.5534,Kaitlyn Thompson
72977,11220,11.3152,Ruben Garcia
72978,11212,97.7483,Marshall Cai
72982,20285,77.339,Bradley Luo
72985,13179,44.1779,Spencer Hayes
72986,15373,44.1779,Bryce Rogers
72987,16671,5.514,Luke Green
72988,15867,8.0444,Allen Fernandez
72989,14403,8.0444,Jesse Peterson
72991,17642,5.514,Jonathan Wilson
72992,19053,27.614,Lauren Washington
72994,19457,102.1904,Victoria Butler
72998,12870,54.1119,Tristan Powell
72999,12790,26.8184,Rafael Liu
73000,13323,156.8879,Julian Ross
73001,11608,38.664,Anna Clark
73002,16128,596.689,Alex Phillips
73003,18848,2758.3784,Brandy Madan
73004,18615,2580.1419,Stacy Gutierrez
73005,13726,2562.7823,Eduardo Bennett
73006,18508,2607.7558,Dylan Harris
73007,13853,2574.6279,Marcus Griffin
73008,18436,2535.964,Anthony Walker
73012,16262,2649.8453,Kevin Gonzalez
73014,18458,1276.8054,Tyler Smith
73016,15580,927.6254,Ricky Alvarez
73020,20751,635.3529,Crystal Yang
73021,19282,1920.4016,Brianna Diaz
73026,19032,2659.7792,Gary Dominguez
73028,17825,2688.5092,Dana Dominguez
73029,18160,2644.3313,Randy Xu
73030,15121,879.9557,Richard Murphy
73031,11943,905.3376,Kayla Williams
73036,12369,71.7919,Lacey Zhou
73038,15804,38.664,Isaiah Stewart
73039,14222,55.239,Carlos Sanders
73040,15464,2.5305,Lucas Reed
73041,15453,2574.6279,Rodrigo Ready
73043,14813,992.7983,Roberto Gutierrez
73044,16550,905.5254,Kara Luo
73045,12866,2547.0029,Rafael Jai
73047,16305,596.689,Casey Raje
73048,11254,70.1344,Natalie Williams
73049,11330,32.0229,Grace Lewis
73053,18685,43.0729,Jacob Miller
73054,20690,43.6144,Tiffany Cai
73055,11661,132.5779,Lauren Lewis
73056,11724,54.1119,Brianna White
73057,15477,8.0444,Nancy Garcia
73058,16378,15.4479,Latoya Xu
73060,16571,14.2987,Jordan Lopez
73061,15650,127.0308,Evan Evans
73067,12893,38.675,Tristan Hayes
73068,14082,24.2879,Jared Watson
73069,12864,55.2169,Rafael Shan
73070,18894,2560.2519,Andrew Robinson
73071,13916,2602.2529,Lucas Coleman
73072,19453,1342.4093,Victoria Patterson
73074,16658,2535.964,Luis Hill
73075,16638,2647.5358,Samuel Adams
73076,13108,2622.0656,Louis Rai
73079,11257,886.0222,Natalie Brown
73080,19205,1381.0732,Brianna Cooper
73087,19016,1934.8329,Gary Diaz
73088,19119,1950.2808,Megan Kelly
73089,19148,1934.8329,Megan Long
73090,19353,1879.594,Olivia Long
73095,13258,2634.3974,Roger Ma
73096,15122,879.9557,Marcus Murphy
73097,11372,830.2307,Christy Zheng
73098,14033,2700.1228,Tanya Dominguez
73099,16028,1918.2579,Bob Gonzalez
73101,13159,38.9292,Edwin Sun
73102,17323,83.9469,Alan Gao
73103,19650,46.7194,Cassandra Perez
73104,19267,46.7194,Erik Diaz
73106,20607,26.2769,Kaitlyn Ross
73107,15602,38.664,Samuel Evans
73108,20212,85.0408,George Garcia
73109,14054,27.0615,Alex Watson
73110,18620,905.5254,Stacy Vazquez
73111,16554,893.9008,Sean Scott
73112,15669,2563.589,Jimmy Suarez
73113,20592,2574.9042,Kaitlyn Watson
73115,20575,2647.5137,Kaitlyn Cox
73116,17767,2574.6279,Susan Sun
73117,19337,635.3529,Olivia Price
73118,16271,630.9108,Bethany Goel
73119,16268,659.9723,Luis Gonzalez
73120,11500,65.1729,Destiny Harris
73124,11215,27.614,Isabella Brown
73129,15872,110.5995,Allen Gonzalez
73131,17360,16.5529,Krystal Holt
73133,20356,87.2729,Julia Richardson
73134,20336,77.339,Chad Sharma
73135,18311,15.4479,Dylan Wilson
73136,20762,136.9979,Crystal Zhao
73137,16084,5.514,Andre Sanchez
73138,15782,8.0444,Martin Perez
73139,15818,5.514,Troy Fernandez
73140,16933,44.1779,Connor Young
73141,14781,62.9519,Danny Rubio
73142,20725,70.6869,Amy He
73143,11487,59.659,Marshall Shan
73149,17808,104.9419,Ethan Martinez
73150,13593,55.2169,Blake Coleman
73151,18876,2574.6279,Andrew Miller
73152,13730,2640.3533,Robin Gutierrez
73153,18566,2629.3254,Anthony Williams
73154,20015,624.314,Tara Nath
73155,20003,640.8669,Tara Andersen
73156,18515,2648.6187,Tyler Thompson
73157,18511,2724.8527,Dylan Martin
73158,13878,2615.4908,Ian Long
73159,18442,2555.0473,Brandon Miller
73168,15846,2703.9903,Allen Sai
73173,19109,1909.7384,Megan Peterson
73177,11417,2673.0613,Jasmine Clark
73178,12011,820.2968,Alisha Shan
73179,13649,2644.3313,Edward Washington
73180,13955,2700.1228,Seth Ross
73185,11142,132.6,Kaitlyn Thompson
73186,11262,8.7848,Natalie Wilson
73189,13511,2689.5258,Jeremy Perry
73190,16572,2699.9018,Kara Nath
73192,13552,2590.4073,Jon Xu
73193,19301,651.9279,Erik Sanz
73197,11300,46.3327,Marshall Shen
73198,11091,30.1444,Jennifer Taylor
73199,11276,40.432,Natalie Martin
73201,11276,36.023,Natalie Martin
73202,19647,216.127,Grace Perry
73206,13466,11.039,Dalton Flores
73207,11652,87.2729,Lauren Martinez
73208,17178,15.4479,Tony Lal
73209,16212,44.1779,Luis Baker
73210,15738,183.7394,Logan Collins
73212,12406,38.675,Ashley Smith
73213,17855,165.7279,Carrie Alvarez
73216,18630,54.1119,Stacy Suarez
73219,14371,41.2055,Anne Navarro
73220,11668,82.8529,Pedro Lopez
73221,13306,79.5269,Roger Pal
73222,12516,9.934,Alejandro Cai
73223,12594,9.934,Ashley Gonzales
73224,12336,55.239,Madison Harris
73225,16210,713.7637,Tina Garcia
73226,18594,2570.1858,Stacy Martin
73227,13918,2649.7348,Lucas Jenkins
73228,18613,2587.8769,Stacy Navarro
73229,15530,935.3383,Pamela Chapman
73230,15520,916.0119,Rachael Gonzalez
73231,15472,859.0712,Nancy Subram
73232,18532,2591.4681,Janelle Martinez
73233,18376,2618.8169,William Smith
73234,18394,2538.4944,Jésus Blanco
73236,18141,2674.4757,David Clark
73239,13020,596.689,Hannah Bennett
73241,16494,2633.1377,Kevin Mitchell
73245,20670,1303.3144,Morgan Murphy
73248,18804,2000.5583,Meghan Dominguez
73250,19309,1918.2579,Olivia Bailey
73252,13580,635.3529,Miguel Hayes
73253,11930,820.2968,Elizabeth Robinson
73254,13645,2649.8453,Javier Vazquez
73256,14038,2644.3313,Seth James
73257,11711,132.6,Brianna Jones
73258,11881,8.7848,Tamara She
73260,18443,66.8194,Larry Gill
73261,13008,68.4658,Emily Foster
73262,15805,38.664,Troy Prasad
73263,17319,9.934,Naomi Moreno
73264,13624,60.764,Javier Jiménez
73266,16573,905.5254,Kara Goel
73270,14950,2602.264,Bryce Morgan
73271,15046,2613.3029,Ian Bell
73272,11650,59.659,Lauren Garcia
73273,11315,2.5305,Grace Harris
73274,13758,32.034,Eduardo Russell
73275,11784,77.3169,Ross Sanchez
73276,12054,77.3169,Abigail Harris
73277,11868,103.3065,Emma White
73279,20469,55.2169,Corey Raje
73280,11507,132.5779,Marshall Jai
73281,16855,87.2729,Russell Lal
73282,19832,77.339,Jasmine Brooks
73283,19835,87.2729,Lindsay Pal
73284,16837,77.339,Logan Adams
73285,19210,5.514,Philip Ramos
73286,16966,5.514,Alex Young
73287,16062,8.0444,Kellie Dominguez
73288,15324,56.2887,Paula Ortega
73290,18604,24.2879,Tyler Anderson
73292,15670,127.0308,Diane Bradley
73294,16435,6.9394,Tracy Rai
73296,17760,66.2779,Susan Zhao
73297,11418,44.1779,Jasmine Rodriguez
73298,12891,24.2879,Tristan Diaz
73299,12899,106.5883,Jaclyn Wang
73300,14274,82.8529,Felicia Alonso
73301,12527,96.0908,Alejandro Xie
73302,20649,2749.1185,Morgan Sanchez
73303,18808,2665.1937,Matthew Smith
73304,18838,2626.5408,Brandy Malhotra
73305,18582,2562.4508,Kathleen Vazquez
73306,15527,927.6254,Adrian Cook
73307,15532,891.4698,Pamela Patel
73308,13712,2566.1194,Robin Alvarez
73309,12214,2676.9067,Roger Harui
73311,18766,1297.8004,Joshua Davis
73312,18464,1238.1415,Brandon Lee
73313,11929,866.8394,Tammy Raji
73323,19292,1918.2579,Olivia Sanchez
73331,12239,2682.9953,Emily Anderson
73332,12216,2709.5042,Emily Smith
73333,14345,820.2968,Cole Torres
73335,13964,2644.3313,Wendy Sanz
73336,13118,1381.0732,Edwin Zhang
73337,13632,2703.9903,Edward Ross
73338,14032,2673.0613,Tanya Torres
73339,16167,77.3169,Aaron Campbell
73340,14684,34.5534,Jamie Ortega
73341,20222,66.8194,Alyssa Diaz
73344,17292,59.659,Jose Lewis
73345,13623,60.764,Javier Alvarez
73346,11966,27.0615,Kayla White
73347,13504,2591.1808,Briana Munoz
73349,15619,2574.6279,Elijah Evans
73351,12841,2602.2529,Trevor Simmons
73352,11276,16.8292,Natalie Martin
73353,11200,44.1779,Morgan Lewis
73357,19887,87.2729,Nicole Morris
73358,19668,132.5779,Patricia Saunders
73360,15546,44.1779,Diane Navarro
73361,14638,29.8019,Clinton Carlson
73362,14437,24.2879,Lawrence Jimenez
73363,13754,62.9519,Robin Rubio
73364,15076,106.5883,Paula Gutierrez
73365,16251,24.2879,Denise Subram
73369,17839,33.1279,Dana Rubio
73372,13586,98.3119,Blake Barnes
73375,11652,49.9902,Lauren Martinez
73376,12117,44.189,Jessica Lee
73377,16230,683.9729,Isaiah Baker
73378,18782,2649.6906,Joshua Thomas
73379,18479,2598.9158,Brandi Romero
73380,18480,2574.639,Dylan Williams
73381,16054,830.2307,Isaac Turner
73382,16045,885.4697,Carlos Turner
73383,13606,820.2968,Blake Butler
73384,16656,2598.9158,Hunter Adams
73392,18465,1297.8004,Larry Ortega
73393,13975,2538.4944,Joanna Munoz
73394,17510,874.5744,Gabriel Allen
73395,16349,2563.589,Katrina Chande
73397,11252,845.6786,Ruben Alvarez
73398,16836,858.9607,Mario Ashe
73408,18324,1918.2579,John Davis
73409,19117,1934.8329,Megan Watson
73410,18168,2658.63,Christopher Harris
73411,11363,820.2968,Rachel Thompson
73413,12008,54.6754,Alexis Ashe
73414,15718,32.0229,Evan Edwards
73415,16182,27.614,Tina Chandra
73419,15077,2561.3016,Jill Gomez
73420,16945,905.5254,Carl Luo
73422,17779,2694.4873,Susan Zheng
73423,15047,2580.1419,Paula Romero
73424,20561,2696.189,Kaitlyn Murphy
73425,12867,2535.964,Tristan Coleman
73426,19942,2580.1419,Nicole Sandberg
73428,11429,683.9729,Marshall Kumar
73429,11143,6.9394,Roy Martin
73431,11091,8.0444,Jennifer Taylor
73437,11300,109.3398,Marshall Shen
73439,18944,99.4169,Joseph Harris
73443,13762,86.7204,Eduardo Griffin
73444,19006,77.339,Nicholas Thompson
73445,20100,44.1779,Joel Rodriguez
73446,19236,132.5779,Victor Muñoz
73447,17550,5.514,Brittney Lu
73448,20021,89.4608,Destiny Cooper
73449,14564,138.114,Garrett Ramirez
73450,16387,44.1779,Logan Carter
73451,15424,34.2219,Candace Raman
73452,20096,24.2879,Joel Martinez
73453,16258,70.6869,Denise Fernandez
73454,11437,59.659,Nicole Davis
73455,17091,35.6584,Shaun Lal
73456,20065,23.7465,Destiny Ross
73457,13810,59.0844,Marcus Price
73460,13775,76.2119,Monique Torres
73461,11667,41.2055,Pedro Fernandez
73462,16599,5.514,Gloria Ramos
73463,13941,82.8529,Lucas Hayes
73464,16789,2699.9018,Carlos Green
73465,13736,2538.4944,Eduardo Perry
73466,15531,927.6254,Charles Cook
73467,15538,897.7241,Nathan Parker
73468,18388,2582.6834,William Jones
73469,18147,2634.3974,Randy Yang
73470,16639,2574.6279,Alison Xie
73471,18336,2836.314,Janelle Madan
73475,16026,1939.2529,Kevin Turner
73480,15997,2634.3974,Bob Chapman
73488,18368,1939.2529,William Rodriguez
73489,18854,1939.2529,Brandy Rana
73491,18858,2000.5583,Brandy Mehta
73492,19387,1950.2808,Shane Mehta
73496,14162,612.1369,Sabrina Alvarez
73498,11942,858.9607,Kayla Johnson
73499,13953,2703.9903,Wendy Serrano
73502,13967,1408.1347,Joanna Hernandez
73503,11991,2688.5092,Alexis Johnson
73504,16493,683.9729,Kelsey She
73505,13125,30.1444,Fernando Gonzales
73506,16926,24.2879,Melody Nicholls
73507,11246,2708.6865,Isabella Lee
73508,15081,2566.1194,Jill Diaz
73509,15062,2602.2529,Gina Gill
73510,19452,915.4594,Nelson Sanz
73511,15059,2623.2258,Dalton Bell
73518,19646,44.1779,Grace Jenkins
73519,18322,33.6804,Anthony Garcia
73528,19848,136.9979,Jasmine Coleman
73529,11824,11.039,Victoria Garcia
73530,19239,87.2729,Brianna Ross
73531,19132,77.339,Megan Wood
73532,14586,136.9979,Micheal Gill
73533,16853,5.514,Robert Baker
73534,16374,16.8292,Isaac Oliver
73536,15012,44.1779,Renee Gutierrez
73537,14621,114.3454,Clinton Romero
73538,14252,106.5883,Bryan Sanders
73539,13470,62.9519,Briana Jiménez
73540,14551,123.7158,Sheila Romero
73541,14690,142.5119,Walter Jimenez
73543,19898,30.1444,Christine Raji
73544,20578,34.5534,Kristin Kumar
73545,19456,41.1834,Victoria Washington
73548,13412,40.0784,Simon Pearson
73550,16300,44.1779,Casey Pal
73551,14244,38.675,Krista Suarez
73552,12139,104.9529,Taylor Wilson
73553,12778,50.7748,Alexis Alexander
73554,18863,2668.5419,Andrew Smith
73555,18905,2670.1552,Whitney Subram
73556,18818,2562.7823,Matthew Jones
73557,18614,2563.589,Anthony Taylor
73558,14023,635.3529,Joy Moyer
73559,13725,2597.8108,Eduardo Price
73560,18412,2563.589,William Anderson
73561,18375,2591.1808,Jésus Alvarez
73562,13713,2635.3808,Devin Butler
73567,14049,2588.9377,Tanya Rubio
73568,11259,858.9607,Natalie Miller
73575,18363,1879.594,William Clark
73576,18857,1918.2579,Brandy Subram
73577,11944,874.4086,Kayla Jones
73578,13651,2673.0613,Edward Butler
73579,13965,2658.63,Seth Long
73581,13009,38.9292,Emily Gonzales
73582,11911,27.614,Tamara Raje
73583,17067,70.6869,Hunter Jackson
73584,15212,70.6869,Juan Rivera
73586,16481,135.8708,Misty Rai
73587,13565,2577.1694,Miguel Washington
73588,16561,937.5594,Timothy Scott
73589,13536,2646.4419,Jeremiah Hayes
73590,19365,2622.1098,Shane Kovar
73592,17442,98.3229,Connor Hall
73594,11091,30.1444,Jennifer Taylor
73595,20364,87.2729,Shawn She
73596,13239,16.5529,Carson Henderson
73597,18355,77.339,Zachary Miller
73598,19154,77.339,Megan Flores
73599,19230,87.2729,Victor Alvarez
73600,18791,77.339,Meghan Munoz
73601,16957,44.1779,Carlos Young
73605,11543,59.659,Alyssa Martin
73606,11556,23.7465,Barbara Zhao
73607,19384,35.6694,Victoria Reed
73609,14974,131.4508,Randall Dominguez
73610,11086,109.9144,Roy Chandra
73611,14265,38.675,Richard Sanders
73612,14632,82.8529,Clinton Vazquez
73613,12544,9.934,Samantha Gonzales
73614,12311,48.5979,Hannah Hall
73615,18789,2535.964,Orlando Alonso
73616,15537,937.5594,Logan Parker
73617,18956,937.5594,Joseph Martinez
73618,12215,2720.5432,Dawn Kumar
73625,20753,596.689,Isabella Morris
73628,20736,1265.7554,Morgan Butler
73629,19314,1911.6169,Olivia Cox
73630,19313,1934.2694,Olivia Richardson
73635,11425,2673.0613,Jasmine Lee
73637,13647,2634.3974,Edward Flores
73639,13957,1352.3432,Wendy Ramos
73640,13631,2649.8453,Edward Barnes
73641,11919,2720.0128,Elizabeth Jackson
73643,11972,25.3819,Kayla Martin
73644,16628,38.6529,Nichole Anand
73645,18727,35.6694,Erika Rubio
73646,18280,38.6529,Alexander Anderson
73650,16181,40.432,Jackson Campbell
73651,11115,8.7848,Karen Smith
73652,19617,40.0784,Cassandra Arthur
73653,14344,69.5929,Sebastian Torres
73654,16919,15.4479,Jonathan Young
73656,17979,905.5033,Ryan Brown
73657,13537,2576.8048,Miguel Price
73658,13567,2604.7944,Joan Navarro
73659,12849,2552.5169,Trevor Russell
73660,15668,2580.1419,Samuel Edwards
73662,20562,2535.964,Dwayne Gill
73663,11735,38.664,Brianna Clark
73665,11131,5.514,Kaitlyn Taylor
73667,11861,108.8204,Tamara Lu
73673,19664,87.2729,Grace Simmons
73676,19367,65.1729,Shane Malhotra
73677,14529,64.6094,Angel Ramirez
73681,13095,82.8529,Louis Shan
73682,12192,44.189,Dawn He
73683,13028,54.1229,Hannah Henderson
73684,12879,40.8408,Rafael Chande
73685,12730,9.934,Omar Tang
73686,12322,55.239,Madison Wilson
73687,16215,682.7906,Tina Martinez
73688,18518,2629.8448,Janelle Lopez
73689,13792,1417.5161,Richard Butler
73692,16631,2566.1194,Caleb Scott
73693,16347,2585.9542,Katrina Raje
73694,13968,2562.4508,Seth Patterson
73705,19003,1950.2808,Nicholas Harris
73706,19319,1966.3144,Olivia Ward
73709,11360,858.9607,Rachel Harris
73710,11365,835.7447,Rachel Garcia
73711,11946,820.2968,Kayla Brown
73712,13648,2673.0613,Javier Browning
73715,13637,2688.5092,Edward Jenkins
73717,16346,34.5534,Katrina Andersen
73718,16332,122.6108,Katrina Luo
73719,18262,91.6819,Christopher Lee
73720,16605,43.0729,Evan Lopez
73721,18713,178.2255,Erika Vazquez
73722,18744,11.3152,Michael Garcia
73724,16559,2788.9316,Kara Jai
73726,16308,2618.8058,Jesse Gonzalez
73728,11510,65.1729,Destiny Clark
73729,11632,44.1779,Lauren Taylor
73734,14282,30.1444,Felicia Gutierrez
73737,16133,76.2119,Molly Vance
73738,14626,16.5529,Xavier Rivera
73740,19850,132.5779,Lindsay Goel
73741,16649,77.339,Alison Lal
73742,16646,142.5119,Elijah Hill
73743,17472,5.514,Leah Guo
73744,18117,15.4479,Wesley Guo
73745,16499,5.514,Kelsey Tang
73746,15010,89.4608,Timothy Bell
73747,14547,136.9979,Mathew Suarez
73748,19378,27.614,Victoria Sanchez
73752,20011,596.689,Destiny Bell
73753,18881,2607.7779,Whitney Chandra
73754,18538,2563.589,Dylan Clark
73755,20013,596.689,Tara Rai
73756,18533,2658.0444,Leslie Blanco
73757,18415,2712.7529,Larry Diaz
73758,13784,1397.6482,Monique Serrano
73759,16053,820.2968,Sunil Uppal
73763,16624,2607.7779,Nichole Goel
73764,16348,2585.6669,Connor Nelson
73765,13118,2619.9108,Edwin Zhang
73766,16350,2569.0366,Katrina Chapman
73767,16159,2585.9542,Gabriel Campbell
73768,11261,820.2968,Ruben Alonso
73774,18856,1918.2579,Matthew Rodriguez
73777,19296,1950.2808,Olivia Rogers
73780,14719,733.1012,Juan Richardson
73783,12657,2710.6092,Elizabeth Barnes
73785,11993,2673.0613,Warren Zhao
73786,13960,2738.2342,Wendy Carlson
73787,13644,2732.7203,Edward Patterson
73788,16686,640.3033,Francisco Patel
73789,13971,2666.4313,Seth Flores
73790,16946,982.8644,Carl Yuan
73791,11505,55.239,Destiny Garcia
73792,14069,136.9648,Bryce Watson
73793,15141,32.0229,Isaac Bailey
73794,18720,35.6694,Michael Brown
73795,18333,30.6859,Alan Wang
73796,18271,122.6108,Curtis He
73797,20403,8.0444,Shawn Anand
73799,15796,38.664,Sean Collins
73800,15594,38.664,Ricky Gutierrez
73801,13634,14.3429,Javier Navarro
73802,16560,2709.8357,Samuel Perez
73803,16938,1025.9815,Carl Shen
73804,14838,924.2773,Lance Martin
73806,15621,2651.4144,Jason Evans
73807,13543,2591.1808,Miguel Barnes
73808,12973,9.934,Jaclyn Kumar
73809,11173,74.5765,Roy Serrano
73811,11520,102.1904,Destiny Hall
73812,11520,8.0444,Destiny Hall
73815,11276,36.023,Natalie Martin
73819,11642,136.9979,Pedro Malhotra
73823,19709,140.6444,Kristina Garcia
73824,13859,24.2879,Damien Raje
73825,15672,99.4169,Jimmy Rubio
73826,17201,24.2879,Mason Wright
73827,19908,54.6754,Nicole Cooper
73828,13838,79.0959,Linda Ortega
73829,12823,42.9624,Trevor Coleman
73832,15919,15.4479,Isaac Perez
73833,11310,82.8529,Lacey Nara
73834,12532,38.675,Alejandro Luo
73835,12740,49.7029,Kayla Hayes
73836,18817,2604.7944,Matthew Williams
73837,13987,2574.639,Seth Alexander
73838,18547,2598.9158,Kathleen Gomez
73839,15497,927.6254,Diane Munoz
73840,18526,2561.3016,Dylan Robinson
73841,18406,2602.264,Jésus Rubio
73842,18413,2647.5358,William Thomas
73843,20483,2597.8108,Jennifer Brooks
73844,12745,830.2307,Alexis Wood
73849,15917,2634.3974,Evan Perez
73858,19114,1918.2579,Megan James
73859,19124,1939.2529,Nelson Diaz
73860,19415,1918.2579,Victoria James
73861,19297,1944.7669,Olivia Reed
73864,11429,2680.73,Marshall Kumar
73865,12330,2644.3313,Madison Thomas
73867,13025,683.9729,Tamara Wu
73868,14045,2634.3974,Tanya Suarez
73869,11078,15.4479,Joe Sanz
73870,13972,30.1444,Joanna Johnston
73871,14679,41.9569,Marcus Cooper
73872,12587,55.239,Ashley Washington
73873,19573,37.5479,Emma Gonzales
73874,15078,2602.2529,Isaac Murphy
73875,15440,2659.6798,Sebastian Reed
73876,16052,607.7279,Andre Sai
73877,11432,687.2658,Nicole Williams
73878,11711,38.664,Brianna Jones
73879,11631,86.7204,Lauren Moore
73886,20695,16.5529,Morgan Ramirez
73887,15815,55.2169,Sean Stewart
73888,18941,136.9979,Chelsea Prasad
73889,20322,77.339,Chad Shen
73890,20017,87.2729,Destiny Bailey
73892,19404,5.514,Nelson Ramos
73894,17516,44.1779,Cameron Garcia
73895,15960,5.514,Henry Arun
73896,15887,44.1779,Johnathan Vance
73897,15393,8.0444,Steven Rogers
73898,17197,62.9519,Noah Jackson
73899,17880,35.6584,David Wilson
73900,20043,35.6694,Destiny Ramirez
73904,18156,44.1779,Randy Ye
73905,11940,38.675,Alisha Chen
73906,15197,118.1798,Mason Rivera
73907,13311,33.0727,Gavin Griffin
73908,12482,55.239,Sarah Thompson
73909,20659,2725.2836,Dwayne Suarez
73910,16790,2834.2366,Mario Tang
73911,18540,2653.6023,Tyler Davis
73912,15547,888.9504,Pamela Schmidt
73914,18426,2610.3084,Larry Alonso
73915,15660,830.2307,Timothy Evans
73919,13997,2778.9977,Joanna Carlson
73922,15267,888.9504,Bryan Sanchez
73923,16496,2632.0658,Gabriel Mitchell
73924,11048,2622.1098,Julia Taylor
73932,19146,1950.2808,Casey Jiménez
73933,12129,1889.5279,Taylor Johnson
73934,19287,1907.2079,Erik Gill
73938,13256,2688.5092,Carson Washington
73939,15133,852.3307,Kendra Diaz
73940,13966,2649.8453,Wendy Ortega
73941,12088,65.1729,Kelli Cai
73942,11114,71.7919,Jennifer Hall
73943,15584,30.1444,Evan Parker
73944,17076,32.0229,Johnny Raji
73945,14677,34.5534,Jamie Suarez
73946,20248,77.3169,Cindy Murphy
73947,19100,85.0519,Megan Cox
73948,11913,8.0444,Elizabeth Moore
73949,17503,38.664,Jack Hall
73950,13635,70.1344,Javier Gutierrez
73951,13120,69.5487,Edwin West
73952,16940,2832.5018,Jordan Hernandez
73953,15687,2748.4997,Elijah Edwards
73954,13155,9.934,Spencer Hughes
73956,19940,2696.189,Julie Shen
73958,16289,659.6408,Casey Kumar
73959,12070,55.239,Petr Lazecky
73960,11510,30.8958,Destiny Clark
73971,19638,5.514,Grace Wood
73972,17523,5.514,Evan Hall
73973,15877,44.1779,Elijah Perez
73974,15891,44.1779,Johnathan Madan
73976,16726,8.0444,Martin Kapoor
73978,18035,70.6869,David White
73979,20131,43.0729,Ronald Raman
73980,12602,40.0784,Clayton Sun
73983,16542,5.514,Kara Shen
73985,17193,66.2779,Tony Chander
73986,11715,99.4279,Pedro Gill
73987,13612,55.2169,Walter Ramos
73988,12325,38.664,Madison Moore
73989,18783,2610.3084,Meghan Hernandez
73990,18831,2673.5033,Dana Jiménez
73991,18586,2566.1194,Zachary Clark
73992,18610,2538.4944,Stacy Moreno
73993,18781,2610.3084,Meghan Diaz
73994,18539,2604.4298,Dylan Rodriguez
73995,15523,937.5594,Rachael Sanchez
73996,18516,2657.4256,Leslie Jimenez
73997,13728,2692.2773,Eduardo Wood
73999,18403,2562.4508,Jésus Sanz
74000,13700,2590.4073,Devin Perry
74001,19454,1402.0682,Victoria Hughes
74002,12302,2719.4382,Colleen Deng
74006,15906,2673.0613,Eric Perez
74016,20680,1293.3804,Lindsey Raji
74017,19157,1879.594,Casey Navarro
74018,19276,1950.2808,Brianna Alexander
74026,11364,820.2968,Christy Liang
74029,13156,654.4584,Spencer Flores
74031,11500,8.7848,Destiny Harris
74032,11369,66.2779,Warren Kumar
74033,15794,27.614,Troy Malhotra
74035,16710,59.659,Kelvin Yang
74036,13548,2574.6279,Miguel Coleman
74037,13515,2618.8169,Jeremiah Long
74038,15087,2584.5619,Brian Murphy
74039,15088,2561.3016,Jill Jimenez
74040,12830,2582.6834,Trevor Patterson
74041,12957,9.934,Deb Hughes
74042,11501,27.614,Destiny Martin
74048,18887,147.5065,Andrew Jackson
74049,11738,132.5779,Ross Suri
74050,18434,5.514,Daniel Moore
74051,18996,77.339,Nicholas Anderson
74052,15848,44.1779,Eduardo Stewart
74053,15110,77.339,Steven Murphy
74054,19936,32.0229,Nicole Brooks
74055,19356,87.2508,Cory Rodriguez
74059,11532,46.7194,Alyssa Moore
74060,15449,8.0444,Nancy Chapman
74061,13751,107.1408,Eduardo Foster
74062,12963,109.9144,Jaclyn Xie
74063,18827,2574.6279,Dana Ruiz
74064,18561,2640.9058,Kathleen Moreno
74065,15502,888.9504,Rachael Madan
74066,15467,937.5594,Nancy Schmidt
74067,15334,937.5594,Devin Morris
74068,15475,888.9394,Nancy Mehta
74070,12762,2602.264,Alexis Patterson
74071,13777,1352.3432,Richard Johnston
74072,16033,820.2968,Bobby Sanchez
74073,12808,820.2968,Oscar Russell
74074,13580,858.9607,Miguel Hayes
74077,16612,2563.589,Jesse Lopez
74084,19004,1950.2808,Nicholas Martin
74085,19112,1950.2808,Megan Ramirez
74086,14730,2087.3119,Steven Richardson
74089,13606,596.689,Blake Butler
74091,14714,622.0708,Sheila Serrano
74092,12263,2688.5092,Emily Hall
74093,11947,820.2968,Alisha Yang
74096,11877,8.7848,Emma Garcia
74097,11371,27.614,Marshall Xu
74105,20223,109.3508,George Perez
74106,16250,2574.6279,Samuel Gonzalez
74107,13570,2618.8058,Miguel Foster
74108,14984,2590.0758,Randall Suarez
74109,19918,2607.7669,Kathryn Jai
74113,12159,16.5529,Taylor Robinson
74115,19840,132.5779,Lindsay Chande
74116,18945,87.2729,Chelsea Raman
74117,18834,132.5779,Matthew Anderson
74120,17967,35.6584,Ryan Smith
74121,19331,32.0229,Olivia James
74122,12304,69.5929,Hannah Lewis
74125,11717,153.0204,Brianna Moore
74126,15615,30.8958,Kyle Evans
74127,13735,2580.1419,Robin Torres
74129,18400,2662.9948,Jésus Carlson
74131,18418,2566.1194,William Lee
74132,11512,2563.589,Destiny Rodriguez
74133,13765,1374.4432,Richard Price
74134,20051,1381.0732,Shannon Alonso
74136,14055,2626.5408,Melinda Moreno
74139,13967,2650.3204,Joanna Hernandez
74144,12314,2673.0613,Madison Johnson
74145,13650,2634.3974,Javier Serrano
74148,11786,38.664,Olivia Lewis
74149,17304,30.1444,Alan Liu
74150,15599,34.5534,Ricky Torres
74151,17500,40.8408,Valerie Ye
74152,18444,28.1554,Brandon Wilson
74154,11902,27.0615,Elizabeth Weisman
74155,11051,65.1729,Joe Alonso
74156,12666,2.5305,Clayton Goel
74157,11884,38.664,Emma Clark
74158,11170,108.2458,Morgan Brown
74161,11502,36.9402,Jenny Pal
74164,14274,40.432,Felicia Alonso
74166,16721,55.2169,Francisco Sanchez
74168,19885,136.9979,Nicole Sanchez
74169,18356,132.5779,Frank Sanz
74171,15495,44.1779,Sean Cook
74172,19200,79.5269,Brianna Murphy
74173,14689,5.514,Carlos Richardson
74174,15060,27.614,Gina Dominguez
74175,16191,24.2879,Tina Arthur
74176,20144,133.1083,Ronald Gonzalez
74177,14958,32.5754,Jared Morgan
74182,11640,49.9902,Pedro Patel
74183,12959,38.675,Jaclyn She
74184,15536,82.8529,Pamela Sai
74185,12148,8.7848,Taylor Jackson
74186,13023,33.1279,Tamara Huang
74187,19597,28.1554,Holly Lopez
74190,16342,107.0966,Luis Nelson
74191,11715,59.659,Pedro Gill
74192,11276,6.9394,Natalie Martin
74194,11530,55.239,Jenny Raji
74196,11276,71.7919,Natalie Martin
74199,18320,41.1834,Jorge Guo
74200,12055,26.4869,Abigail Martin
74203,20490,55.2169,Keith Xie
74207,14533,101.1959,Isaiah Ramirez
74211,17706,44.1779,Jonathan Garcia
74212,11133,79.5158,Kaitlyn Thomas
74213,13797,8.0444,Linda Hernandez
74214,12205,41.2055,Dawn Shen
74215,13390,110.4337,Oscar Simmons
74216,13321,79.5048,Julian Barnes
74217,12478,9.934,Alejandro Huang
74218,11595,38.664,Anna Thomas
74224,11749,8.7848,Olivia Jones
74225,18283,9.934,Zachary Williams
74226,11300,121.5169,Marshall Shen
74228,13071,55.2169,Madison Barnes
74229,18891,132.5779,Andrew Garcia
74230,16757,5.514,Adam Scott
74232,14402,44.1779,Isaac Peterson
74233,20508,24.2879,Jennifer Coleman
74234,20330,79.5048,Chad Yuan
74235,15629,44.1779,Jimmy Diaz
74236,16321,8.0444,Gloria Diaz
74237,15444,92.7869,Bryan Reed
74238,14988,38.675,Xavier Morgan
74240,13804,30.1444,Richard Russell
74241,20168,35.6694,Phillip Raman
74244,12740,76.2119,Kayla Hayes
74245,11185,171.7944,Morgan Jackson
74246,11138,44.189,Kaitlyn White
74247,12145,138.0919,Kelli Anand
74248,11801,41.2055,Ross Hernandez
74249,19223,26.8184,Brianna James
74250,18812,128.1248,Matthew Johnson
74251,11856,82.8529,Emma Miller
74252,12646,9.934,Clayton Jai
74253,11051,71.7919,Joe Alonso
74254,11079,27.614,Jennifer Johnson
74255,15154,27.614,Kendra Gutierrez
74256,17250,38.6529,Gabriel Lopez
74257,19091,24.2879,Megan Bailey
74258,18304,26.8184,Alexander Martin
74260,16486,40.0784,Kyle Mitchell
74261,11733,38.664,Brianna Robinson
74266,20757,77.339,Carol Zhou
74267,16368,109.3508,Latoya Deng
74269,14546,136.9979,Timothy Ramirez
74271,12606,53.0069,Ashley Hayes
74272,11142,82.8529,Kaitlyn Thompson
74275,11383,54.1119,Jasmine Smith
74276,17491,62.9519,Valerie Huang
74277,16930,51.3494,Jerry Ferrier
74279,11115,86.7204,Karen Smith
74280,11467,8.7848,Nicole Rodriguez
74281,13124,4.409,Edwin Li
74287,17867,132.5558,Abby Madan
74290,12795,132.5779,Abigail Barnes
74293,15306,99.4169,Jillian Madan
74294,16240,5.514,Denise Stone
74295,18535,24.2879,Tyler Jones
74296,16274,5.514,Bethany Raji
74297,18153,5.514,Randy Lin
74298,15448,44.189,Diane Alvarez
74299,14999,46.7194,Renee Hernandez
74300,14980,62.9519,Randall Serrano
74306,11632,85.6154,Lauren Taylor
74307,15796,27.614,Sean Collins
74308,17237,122.5998,Terry Pal
74309,17375,24.2879,Krystal Gao
74310,12692,175.695,Elizabeth Russell
74313,13760,76.2119,Monique Jimenez
74316,11287,42.9624,Ruben Carlson
74317,17657,41.1834,Cameron Anderson
74318,18846,146.9319,Matthew Garcia
74319,18507,114.3454,Leslie Gomez
74321,11723,44.1779,Brianna Jackson
74322,18107,15.4479,Wesley Xu
74323,12056,44.1779,Kelli Yang
74324,14583,5.514,Micheal Travers
74325,14407,71.2394,Lee Romero
74327,19525,44.1779,Brett Martinez
74328,17939,41.1834,Ethan Thomas
74329,13601,49.7029,Blake Patterson
74333,16443,5.514,Jackson Carter
74334,11645,109.9144,Lauren Harris
74335,11294,44.189,Alexandra Smith
74336,12696,27.614,Oscar Lu
74337,20309,75.6815,Bradley Rai
74338,14019,40.432,Tanya Munoz
74339,17296,55.239,Bethany Raheem
74340,19587,103.2733,Holly Raman
74341,18730,2.5305,Michael Taylor
74342,11668,59.659,Pedro Lopez
74344,14371,36.023,Anne Navarro
74347,20087,30.1444,Destiny Hughes
74350,16071,40.432,Samuel Phillips
74351,16816,5.514,Nathan Baker
74352,18472,87.8144,Dylan Moore
74353,13919,94.4554,Theresa Carlson
74354,15259,24.2879,Heidi Prasad
74355,14785,54.1119,Brian Cox
74356,19937,80.6208,Julie She
74357,20136,30.1444,Alyssa Howard
74358,17938,41.1834,David Thomas
74361,13677,44.1779,Rodney Munoz
74362,11218,41.2055,Ruben Subram
74363,16133,62.9519,Molly Vance
74364,11435,38.664,Nicole Brown
74365,15758,70.6869,Billy Gill
74366,15186,30.1444,Xavier Bailey
74367,19651,65.4713,Patricia Suri
74368,16633,33.139,Alison Deng
74370,14675,55.239,Devin Cooper
74371,14684,60.764,Jamie Ortega
74372,18330,59.659,Jorge She
74373,11091,38.664,Jennifer Taylor
74374,14265,59.659,Richard Sanders
74375,11644,2.5305,Pedro Sai
74376,11309,2.5305,Grace Anderson
74377,11235,70.1344,Isabella Martin
74379,11182,43.0729,Morgan Anderson
74381,13762,47.4819,Eduardo Griffin
74383,16800,40.432,Gabriel Young
74384,16948,79.0959,Jordan Young
74389,20393,16.5529,Julia Coleman
74390,20491,26.4869,Jennifer Bennett
74391,20276,142.5119,Chloe Kelly
74392,17549,44.1779,Cameron Lewis
74394,16883,54.1119,Jerry Shen
74395,16239,44.1779,Denise Madan
74396,16070,44.1779,Nathan Phillips
74397,14482,99.4169,Jonathon Alonso
74398,14340,24.2879,Kristy Blanco
74399,18642,161.8052,Daniel Martinez
74400,13798,110.5995,Richard Gonzales
74401,13611,42.9624,Blake Gonzales
74408,14992,40.0784,Paula Moreno
74410,11985,44.189,Alisha She
74411,12203,46.7194,Dawn Deng
74412,12890,79.5269,Rafael Goel
74413,12417,65.4934,Ashley Wilson
74414,16849,62.9519,Russell Xu
74415,11597,38.664,Barbara Kumar
74416,12040,9.934,Abigail Miller
74417,12690,35.6584,Elizabeth Alexander
74420,13157,38.664,Spencer Washington
74421,19953,25.3819,Nicole Blue
74422,11236,43.0729,Isabella Thompson
74424,11659,23.7465,Lauren Rodriguez
74425,11223,54.6754,Isabella Moore
74427,16370,36.023,Alex Nelson
74431,13267,16.5529,Roger Holt
74432,13944,11.039,Joy Hernandez
74434,14361,118.1908,Charles Torres
74435,16576,165.1533,Noah Hill
74437,14999,16.8292,Renee Hernandez
74439,12792,85.0519,Gregory Winston
74440,12911,34.2219,Jaclyn Huang
74441,11552,38.664,Alyssa Robinson
74443,16488,124.2794,Misty Raji
74446,11262,30.1444,Natalie Wilson
74447,11277,28.1554,Ruben Vazquez
74450,15868,67.4934,José Perez
74451,14632,79.0959,Clinton Vazquez
74454,19863,77.339,Christine Stone
74455,11211,77.339,Ruben Prasad
74456,15574,140.6444,Eric Parker
74457,19150,34.2219,Mary Patterson
74458,16188,62.9519,Alex Campbell
74459,18155,95.5383,Randy Zhou
74460,12405,40.432,Samantha Hall
74463,11566,40.0784,Barbara Zhu
74464,11186,41.2055,Ruben Kapoor
74465,11733,176.789,Brianna Robinson
74466,15856,40.8408,Allen Schmidt
74467,17338,49.6256,Alan Hu
74468,17126,62.9519,Mitchell Xie
74469,13072,38.675,Louis Deng
74470,13172,132.6,Edwin Hu
74471,12149,8.7848,Taylor White
74472,14228,27.614,Krista Torres
74473,17068,43.0729,Johnny Nara
74474,15607,65.7254,Hunter Evans
74475,13624,4.409,Javier Jiménez
74476,19603,37.5479,Grace Rivera
74477,11730,38.664,Brianna Garcia
74478,11639,2.5305,Lauren Jackson
74479,11085,59.6479,Jennifer Brown
74480,11091,32.0229,Jennifer Taylor
74481,20082,89.0299,Joel Rana
74485,18317,43.0729,Jorge Ma
74487,13096,33.139,Fernando Bennett
74488,12431,77.339,Ashley Harris
74489,18555,5.514,Kathleen Hernandez
74492,15381,5.514,Juan Rogers
74493,19411,44.1779,Douglas Vance
74495,16583,46.7194,Adam Lopez
74499,14196,76.2119,Bryan Kelly
74500,19469,43.0729,Raymond Rana
74501,11957,46.7194,Kayla Moore
74502,11441,48.5979,Nicole Wilson
74503,11923,8.7848,Elizabeth Martin
74504,18719,38.6529,Michael Jones
74505,18326,38.6529,Jorge Hu
74506,18466,48.5869,Brandi Martin
74507,17057,59.659,Luis Hernandez
74508,11179,70.1344,Roy Sullivan
74509,14282,32.0229,Felicia Gutierrez
74511,11498,4.409,Jenny Shan
74513,16772,134.3349,Candice Hu
74514,14765,38.5535,Sheila Suarez
74516,11200,214.3479,Morgan Lewis
74517,20777,11.039,Crystal Hu
74518,16902,77.339,Eric Adams
74519,19711,87.2729,Kristina Lopez
74520,20126,77.339,Ronald Prasad
74521,18077,87.2729,Benjamin Thomas
74522,11824,65.1729,Victoria Garcia
74523,16024,5.514,Kyle Turner
74524,14206,173.032,Devin Kelly
74525,13830,216.127,Marcus Long
74526,12489,77.3169,Sarah Clark
74529,11927,38.675,Elizabeth Martinez
74530,11938,38.675,Alisha Wang
74531,13094,62.9519,Fernando Price
74532,12288,65.1729,Hannah Jackson
74533,16698,35.6694,Thomas Green
74534,18711,83.9469,Jacob Lee
74536,11500,2.5305,Destiny Harris
74537,13014,132.6,Tamara Li
74538,11065,6.9394,Joe Gill
74540,12430,71.7919,Jon Lal
74541,13708,40.432,Rodney Rubio
74543,16815,5.514,Mario Andersen
74544,13481,34.2219,Colin Stone
74545,14247,90.0133,Joy Ramos
74546,16462,54.6754,Misty Lal
74548,11533,38.675,Alyssa Taylor
74549,13281,24.2879,Gavin Ross
74550,12596,9.934,Ashley Bryant
74551,11585,55.239,Barbara Deng
74552,14678,130.3458,Richard Cooper
74554,20404,138.114,Peter She
74555,17321,147.4844,Alan Zhu
74557,11094,86.1458,Jennifer Thomas
74558,18742,2.5305,Natasha Alvarez
74559,12357,27.0615,Samantha Smith
74560,11729,38.664,Brianna Thompson
74561,11019,132.6,Joe Belson
74563,11212,30.1444,Marshall Cai
74565,14724,42.9624,Jared Richardson
74567,20510,80.5877,Jennifer Perry
74568,18359,75.6815,John Thompson
74569,16008,5.514,Bobby Prasad
74571,17356,15.4479,Krystal Yang
74572,20499,60.7529,Keith Lal
74573,14759,8.0444,Dalton Richardson
74574,14692,77.339,Walter Moreno
74575,15682,77.339,Kyle Edwards
74576,19303,44.1779,Erik Ortega
74577,19347,30.6859,Cory Fernandez
74579,11519,44.189,Jenny Nath
74580,11849,219.884,Gerald Sara
74581,11172,99.4058,Roy Blanco
74582,11844,82.8529,Victoria Walker
74583,12542,9.934,Samantha Simmons
74584,12375,48.5979,Samantha Taylor
74586,19796,93.8808,Jasmine Reed
74587,12345,4.409,Colleen Goel
74588,16480,76.2119,Misty Nara
74589,17322,9.934,Jose Taylor
74590,14859,9.934,Lance Gutierrez
74591,13140,54.1119,Spencer Barnes
74592,11656,2.5305,Pedro Raman
74593,11019,71.2394,Joe Belson
74596,11176,5.514,Morgan Miller
74597,11287,33.1279,Ruben Carlson
74600,20775,11.039,Crystal He
74601,19009,87.2729,Gary Martin
74602,17673,5.514,Sandra Liang
74603,16954,75.1069,Carl Sharma
74604,18341,75.0627,Frank Navarro
74605,15293,44.1779,Carlos Morris
74606,16502,44.1779,Jack Mitchell
74607,17210,79.5048,Tony Anand
74608,15690,40.432,Jason Edwards
74613,17819,4.409,Dana Romero
74614,12802,44.1779,Oscar Foster
74615,11067,109.9144,Joe Vazquez
74617,12876,40.8408,Rafael Andersen
74618,12519,55.239,Samantha Barnes
74619,12955,9.934,Robyn Jimenez
74620,13963,71.7919,Joy Alvarez
74622,17496,130.9315,Valerie Lin
74623,11716,59.659,Brianna Miller
74624,11262,59.659,Natalie Wilson
74625,11142,43.0729,Kaitlyn Thompson
74626,12062,55.239,Abigail Martinez
74632,16106,26.4869,Jack Phillips
74634,11176,159.6394,Morgan Miller
74636,18952,87.2729,Chelsea Garcia
74637,18969,77.339,Joseph Walker
74638,20275,147.5065,Chloe Brooks
74639,16861,15.4479,Mohamed Pal
74640,16862,44.1779,Luis Adams
74646,14175,40.0784,Mason Kelly
74647,12196,38.675,Gail Butler
74648,13491,134.2023,Colin Kumar
74649,11349,75.1069,Rachel Anderson
74650,19220,34.2219,Brianna Gray
74651,19583,23.7465,Grace Stewart
74652,18748,66.8194,Natasha Alonso
74656,15230,103.8369,Teresa Rubio
74657,19581,97.2069,Holly Srini
74658,11023,6.9394,Chloe Lee
74660,11277,79.0959,Ruben Vazquez
74661,14906,50.3659,Patrick Ward
74662,11698,33.139,Megan Robinson
74665,19895,142.5119,Christine Goel
74666,18385,5.514,Anthony Clark
74667,18114,65.1729,Alexander Williams
74668,11823,15.4479,Ross Ramos
74669,15825,44.1779,Troy Gonzalez
74670,16233,126.4783,Denise Patel
74671,14431,24.2879,Jared Peterson
74672,14368,94.4554,Anne Alonso
74673,13946,24.2879,Seth Bennett
74674,17190,26.8184,Tony Raje
74675,19059,94.4554,Craig Moreno
74676,14179,79.0959,Sabrina Torres
74677,19304,92.7869,Frank Martin
74678,19932,27.614,Kathryn Raji
74680,14545,37.5479,Sean Ramirez
74683,18013,30.6859,Brent Gao
74685,13665,76.2119,Edward Hayes
74686,16035,5.514,Jordan Turner
74687,11633,82.8529,Marshall Nara
74688,12176,46.7194,Anna Brown
74689,12601,9.934,Jarred Gill
74690,15231,34.5534,Carlos Sanchez
74691,18289,94.4554,Jorge Liu
74692,19268,44.189,Erik Hernandez
74694,14679,55.239,Marcus Cooper
74695,11308,2.5305,Grace Taylor
74698,11711,40.432,Brianna Jones
74699,11176,42.9624,Morgan Miller
74700,17680,182.5681,Logan Lee
74701,13289,26.4869,Roger Xu
74705,16076,8.0444,Andre Lopez
74706,12159,44.1779,Taylor Robinson
74707,14856,44.1779,Lance Romero
74708,14500,71.2394,Jonathon Ramos
74709,16257,80.6208,Thomas Gonzalez
74713,12803,48.8631,Rafael Zhou
74714,16467,8.0444,Nathan Mitchell
74715,12087,46.7194,Kelli Hu
74716,13578,49.7029,Jon Shen
74717,12313,48.5979,Madison Smith
74718,12974,62.9519,Dakota Russell
74719,13961,96.0798,Seth Powell
74720,12410,132.6,Jaime Jimenez
74721,15437,38.6529,Candace Sanchez
74722,18367,23.7465,Jésus Gomez
74724,12696,53.0069,Oscar Lu
74725,19624,98.3119,Cassandra Prasad
74726,11819,59.659,Warren Chow
74728,11277,35.6584,Ruben Vazquez
74734,19980,104.4004,Tara Xie
74735,18419,44.1779,Larry Alvarez
74736,11869,32.5754,Warren Yang
74737,16918,71.2394,Jerry Rai
74738,19000,26.8184,Veronica Gonzalez
74739,13738,24.2879,Robin Dominguez
74740,13469,79.5269,Dalton Butler
74741,16285,85.0187,Jordan Gonzalez
74742,14986,52.9737,Seth Morgan
74743,15111,87.2729,Paula Dominguez
74744,17774,30.1444,Susan Liang
74749,19486,131.4508,Raymond Sanchez
74750,11190,44.189,Ruben Patel
74751,12055,49.9902,Abigail Martin
74752,12456,24.2879,Jon Goel
74753,12943,107.1408,Dakota Barnes
74754,15594,34.5534,Ricky Gutierrez
74755,20428,33.139,Dwayne Moreno
74758,13040,38.664,Robyn Romero
74759,11212,43.0729,Marshall Cai
74762,15197,38.5535,Mason Rivera
74765,20688,76.2119,Morgan Torres
74766,20772,80.5877,Crystal Liang
74767,17378,44.1779,Krystal Liang
74768,19872,8.0444,Byron Rubio
74769,15749,8.0444,Thomas Collins
74771,14977,33.1279,Randall Vazquez
74774,19915,87.2619,Kathryn Sharma
74775,14143,47.4819,Steven Brooks
74778,11228,82.8529,Marshall Zeng
74779,11870,229.0444,Tamara Ma
74780,12961,82.8529,Carol Washington
74781,13033,50.7748,Louis Ye
74782,12233,38.664,Dawn Chander
74783,12551,55.239,Samantha Diaz
74784,11276,8.7848,Natalie Martin
74785,11874,8.7848,Emma Thompson
74786,13669,30.1444,Wyatt Bennett
74787,19573,26.2769,Emma Gonzales
74789,14056,87.2729,Evan Watson
74790,17282,69.5929,Warren Shan
74791,17311,9.934,Jose Wilson
74792,11692,59.659,Megan Thompson
74793,11501,135.1305,Destiny Martin
74794,11636,2.5305,Pedro Kapoor
74795,11458,71.7919,Nicole Martin
74799,12077,33.139,Kelli Gao
74800,13701,16.5529,Rodney Serrano
74801,11740,55.2169,Brianna Lee
74802,18499,5.514,Brandi Carlson
74804,18920,142.5119,Orlando Vazquez
74806,19063,71.7919,Lauren Gonzales
74807,17881,35.6584,Carrie Schmidt
74808,15760,41.2055,Luis Collins
74809,12443,33.0727,Jon Chavez
74810,12334,55.239,Colleen Raje
74811,20455,26.2769,Corey Tang
74814,11680,59.659,Pedro Martin
74817,18317,26.2769,Jorge Ma
74818,13860,32.034,Joy Martin
74820,18749,106.1574,Natasha Romero
74822,11520,132.5779,Destiny Hall
74823,18965,136.9979,Chelsea Perez
74824,12097,87.2729,Warren Gao
74826,16962,15.4479,Carl Andersen
74827,15383,126.4783,Cole Rogers
74828,17708,103.2954,Samuel Garcia
74829,15074,94.4554,Gina Schmidt
74830,15113,132.5779,Cody Murphy
74831,17719,43.0729,Nathan Walker
74833,19491,6.9394,Emma Reed
74838,12529,94.4554,Samantha Perry
74839,13211,34.2219,Edwin Nath
74840,16848,34.2219,Russell Tang
74841,17450,33.0727,Leah Huang
74842,13604,49.7029,Blake Flores
74843,11137,6.9394,Kaitlyn Jackson
74844,13617,27.614,Walter Sanz
74845,13140,227.9063,Spencer Barnes
74847,13962,55.239,Wendy Suarez
74848,14057,55.239,Mason Watson
74849,16030,40.0784,Bobby Rodriguez
74850,19104,76.2119,Mary Howard
74851,12034,2.5305,Abigail Johnson
74852,17381,175.695,Krystal Guo
74853,14086,42.9624,Steven Watson
74854,12008,27.0615,Alexis Ashe
74855,11200,2.5305,Morgan Lewis
74856,11507,8.0444,Marshall Jai
74859,15847,38.6529,Kellie Gomez
74861,15511,16.5529,Sebastian Cook
74862,14096,65.1508,Richard Watson
74863,20466,16.5529,Corey Andersen
74864,18813,142.5119,Meghan Serrano
74865,18073,15.4479,Jeffery Hu
74866,16768,5.514,Candice Zimmerman
74867,15336,8.0444,Jillian Martinez
74868,19043,27.614,Gary Ramos
74869,19377,128.0916,Shane Srini
74873,17253,33.139,Terry Black
74874,16635,135.2631,Kevin Hill
74875,16730,79.5269,Evan Adams
74877,19752,65.1729,Cynthia Martinez
74878,17239,59.659,Thomas Lopez
74879,12690,175.695,Elizabeth Alexander
74880,11188,6.9394,Marshall Hu
74887,11711,5.514,Brianna Jones
74892,15826,26.4869,Kelvin Zhang
74893,20737,142.5119,Crystal Zhang
74894,15377,77.339,Brenda Fernandez
74896,18870,77.339,Andrew Brown
74897,18505,15.4479,Brandi Ortega
74898,18797,87.2729,Meghan Moyer
74899,16723,8.0444,Francisco Perez
74900,15694,110.5995,Caleb Edwards
74902,18618,35.6694,Stacy Gill
74906,12871,37.5479,Rafael Pal
74908,11013,82.8529,Joe Raman
74909,11501,153.0204,Destiny Martin
74910,12776,41.2055,Omar Raji
74911,16331,33.0727,Katrina Xu
74912,16667,26.8184,Connor Hill
74913,11501,8.7848,Destiny Martin
74914,16492,101.6158,Jordan Mitchell
74918,12093,9.934,Jessica Moore
74919,11262,38.664,Natalie Wilson
74920,11506,80.6208,Carol Martinez
74922,11330,27.614,Grace Lewis
74923,11276,76.2119,Natalie Martin
74925,14341,76.2119,Kristy Ramos
74929,14504,55.2169,Jonathon Suarez
74930,18939,77.339,Chelsea Madan
74931,17589,66.2779,Stacey Li
74932,16922,109.3508,Nathan King
74935,11209,38.675,Isabella Williams
74936,16721,118.1908,Francisco Sanchez
74937,19086,83.9469,Craig Suarez
74939,13005,180.104,Emily Butler
74940,14557,59.659,Chase Ramirez
74941,11131,55.239,Kaitlyn Taylor
74949,11823,77.3169,Ross Ramos
74952,16506,11.039,Luis Mitchell
74953,12136,55.2169,Kelli Nath
74954,19226,132.5779,Brianna Watson
74955,18070,5.514,Christopher Davis
74956,17697,5.514,Margaret Chen
74957,16060,8.0444,Timothy Turner
74958,16245,5.514,Denise Rana
74959,14869,60.7308,Cody Howard
74960,14575,205.4969,Marcus Ramirez
74961,13731,24.2879,Eduardo Ross
74962,16443,68.4658,Jackson Carter
74963,18159,24.2879,Benjamin Johnson
74964,14962,70.6869,Randall Munoz
74966,13707,44.189,Rodney Sanz
74967,11786,101.6269,Olivia Lewis
74968,13295,79.5269,Gavin Long
74969,16622,77.3169,James Hill
74970,19582,28.1554,Emma Diaz
74971,20257,23.7465,Derek Chande
74972,14054,77.339,Alex Watson
74974,15758,38.664,Billy Gill
74975,11331,43.0729,Grace Lee
74977,11502,108.2458,Jenny Pal
74978,11219,2.5305,Ruben Mehta
74980,11642,98.3229,Pedro Malhotra
74983,15251,55.2169,Timothy Sanchez
74985,18668,5.514,Daniel Davis
74986,15361,44.1779,Evan Rogers
74987,20745,71.2394,Morgan Griffin
74988,14258,89.4608,Cody Sanders
74989,13875,26.8184,Desiree Carlson
74990,16035,51.3494,Jordan Turner
74992,18003,70.6869,Ryan Garcia
74997,12801,32.5754,Abigail Perry
75001,11123,114.8758,Kaitlyn Brown
75002,17305,38.664,Alan Yang
75003,14321,55.239,Angel Torres
75004,11229,43.0729,Ruben Rodriguez
75005,19640,30.6859,Grace Ross
75006,12945,113.7598,Jaclyn Guo
75008,12444,71.7919,Ashley Clark
75011,18535,33.139,Tyler Jones
75012,17391,5.514,Naomi Navarro
75013,18503,136.9979,Brandi Sanz
75015,14397,44.1779,Sheila Ruiz
75016,17686,79.5048,Jonathan Thomas
75017,20551,71.7919,Kaitlyn Morris
75018,18172,41.2055,Austin Jones
75019,14168,79.5048,Sabrina Moreno
75020,20169,87.2508,Alyssa Sanders
75022,12606,272.3273,Ashley Hayes
75029,12088,123.7158,Kelli Cai
75030,12038,27.614,Abigail Jones
75033,16175,43.0729,Jordan Campbell
75034,11118,8.7848,Roy Raman
75035,15263,9.934,Heidi Rana
75036,11711,69.5929,Brianna Jones
75037,15761,4.409,Aaron Collins
75038,11185,87.8144,Morgan Jackson
75040,14079,42.9624,Melinda Serrano
75041,18926,168.2694,Joseph Anderson
75043,20365,77.339,Shawn Deng
75044,20473,16.5529,Jennifer Peterson
75045,18674,136.9979,Diana Ramos
75046,20298,77.339,Bradley Pal
75047,17584,44.1779,Brittney She
75048,18774,146.9319,Natasha Sanz
75051,15300,5.514,Jillian Malhotra
75052,16303,165.7279,Mason Gonzalez
75053,14933,40.8408,Albert Rubio
75054,17851,54.6754,Ethan Robinson
75055,20134,164.6229,Ronald Subram
75058,12643,103.8369,Clayton Sharma
75059,13338,134.7437,Robyn Ortega
75060,14514,156.8879,Richard Gray
75061,17283,97.7483,Kelvin Lin
75063,18732,126.4783,Michael Anderson
75064,12351,75.1069,Colleen Raji
75065,16640,36.023,Alison Tang
75069,11502,109.3508,Jenny Pal
75070,11176,27.614,Morgan Miller
75073,11875,30.1444,Tamara He
75075,13175,132.5558,Edwin Deng
75077,16370,86.1016,Alex Nelson
75079,12939,75.6815,Jaclyn Ma
75080,18805,147.5065,Joshua Lee
75081,13929,85.0519,Lucas Butler
75083,13423,44.189,Xavier Washington
75084,11078,132.6,Joe Sanz
75085,11927,18.7187,Elizabeth Martinez
75087,11794,38.664,Victoria Williams
75088,14680,125.9258,Ian Cooper
75089,19585,66.8194,Grace Sanchez
75091,20601,88.9194,Katie Shen
75093,16170,173.032,Caleb Campbell
75094,16927,8.7848,Samuel Young
75095,11657,59.659,Lauren Clark
75096,11287,98.3119,Ruben Carlson
75100,13350,86.7204,Willie Zhao
75101,20201,147.5065,Alyssa Hughes
75102,19893,132.5779,Christine Nath
75103,18529,44.1779,Leslie Gill
75104,17151,14.2987,Jose Wright
75105,15160,109.3508,Kendra Gill
75106,14474,8.0444,Isaac Gray
75107,14029,62.9519,Tanya Gutierrez
75109,14114,94.4554,Alex Brooks
75110,13753,93.8366,Robin Sanz
75111,19072,54.1119,Lauren Diaz
75116,16402,5.514,Latoya Rai
75117,18178,32.5754,Randy Zheng
75118,13671,149.4292,Rodney Moreno
75119,11981,46.7194,Alisha Hu
75120,18749,93.8808,Natasha Romero
75121,15251,82.8529,Timothy Sanchez
75122,15868,34.2219,José Perez
75123,18759,209.9169,Joshua Johnson
