BusinessEntityID,CellPhone,HomePhone,WorkPhone
1959,,,1 (11) 500 555-0110
2409,1 (11) 500 555-0110,,
2467,,1 (11) 500 555-0110,
2488,1 (11) 500 555-0110,,
2510,,1 (11) 500 555-0110,
2553,,1 (11) 500 555-0110,
2621,,1 (11) 500 555-0110,
2625,1 (11) 500 555-0110,,
3637,,1 (11) 500 555-0110,
3843,1 (11) 500 555-0110,,
3884,,1 (11) 500 555-0110,
4341,,1 (11) 500 555-0110,
4348,,1 (11) 500 555-0110,
4511,1 (11) 500 555-0110,,
4651,1 (11) 500 555-0110,,
4772,,1 (11) 500 555-0110,
4871,,1 (11) 500 555-0110,
4920,,1 (11) 500 555-0110,
4973,1 (11) 500 555-0110,,
5239,1 (11) 500 555-0110,,
5303,1 (11) 500 555-0110,,
5454,1 (11) 500 555-0110,,
5851,,1 (11) 500 555-0110,
6089,,1 (11) 500 555-0110,
6117,1 (11) 500 555-0110,,
6134,1 (11) 500 555-0110,,
6182,,1 (11) 500 555-0110,
6404,,1 (11) 500 555-0110,
6542,1 (11) 500 555-0110,,
6544,,1 (11) 500 555-0110,
6802,1 (11) 500 555-0110,,
6896,1 (11) 500 555-0110,,
6897,1 (11) 500 555-0110,,
7070,1 (11) 500 555-0110,,
7112,1 (11) 500 555-0110,,
7170,1 (11) 500 555-0110,,
7381,1 (11) 500 555-0110,,
7391,1 (11) 500 555-0110,,
7652,,1 (11) 500 555-0110,
7899,1 (11) 500 555-0110,,
8207,1 (11) 500 555-0110,,
8254,1 (11) 500 555-0110,,
8521,1 (11) 500 555-0110,,
8536,,1 (11) 500 555-0110,
9059,1 (11) 500 555-0110,,
9263,1 (11) 500 555-0110,,
9350,1 (11) 500 555-0110,,
9358,,1 (11) 500 555-0110,
9546,1 (11) 500 555-0110,,
9870,1 (11) 500 555-0110,,
10102,,1 (11) 500 555-0110,
10117,1 (11) 500 555-0110,,
10393,,1 (11) 500 555-0110,
10442,,1 (11) 500 555-0110,
10749,,1 (11) 500 555-0110,
10789,,1 (11) 500 555-0110,
10825,,1 (11) 500 555-0110,
10962,1 (11) 500 555-0110,,
10971,,1 (11) 500 555-0110,
11068,,1 (11) 500 555-0110,
11081,,1 (11) 500 555-0110,
11091,,1 (11) 500 555-0110,
11169,1 (11) 500 555-0110,,
11174,1 (11) 500 555-0110,,
11282,,1 (11) 500 555-0110,
11575,,1 (11) 500 555-0110,
11738,1 (11) 500 555-0110,,
11993,,1 (11) 500 555-0110,
12230,1 (11) 500 555-0110,,
12361,,1 (11) 500 555-0110,
12557,,1 (11) 500 555-0110,
12601,1 (11) 500 555-0110,,
12699,1 (11) 500 555-0110,,
12714,,1 (11) 500 555-0110,
12758,,1 (11) 500 555-0110,
12772,,1 (11) 500 555-0110,
12780,,1 (11) 500 555-0110,
12811,,1 (11) 500 555-0110,
12827,1 (11) 500 555-0110,,
12903,1 (11) 500 555-0110,,
12955,1 (11) 500 555-0110,,
13005,1 (11) 500 555-0110,,
13380,1 (11) 500 555-0110,,
13382,,1 (11) 500 555-0110,
13940,,1 (11) 500 555-0110,
14028,1 (11) 500 555-0110,,
14097,1 (11) 500 555-0110,,
14353,1 (11) 500 555-0110,,
14764,,1 (11) 500 555-0110,
14772,,1 (11) 500 555-0110,
14976,,1 (11) 500 555-0110,
15416,1 (11) 500 555-0110,,
15437,,1 (11) 500 555-0110,
15640,,1 (11) 500 555-0110,
15859,1 (11) 500 555-0110,,
15871,,1 (11) 500 555-0110,
15873,1 (11) 500 555-0110,,
15891,,1 (11) 500 555-0110,
16012,,1 (11) 500 555-0110,
16079,1 (11) 500 555-0110,,
16462,1 (11) 500 555-0110,,
16592,1 (11) 500 555-0110,,
16661,,1 (11) 500 555-0110,
16675,,1 (11) 500 555-0110,
16696,,1 (11) 500 555-0110,
16848,,1 (11) 500 555-0110,
16857,,1 (11) 500 555-0110,
16861,1 (11) 500 555-0110,,
17084,,1 (11) 500 555-0110,
17245,1 (11) 500 555-0110,,
17346,1 (11) 500 555-0110,,
17364,,1 (11) 500 555-0110,
17504,1 (11) 500 555-0110,,
17511,,1 (11) 500 555-0110,
17536,,1 (11) 500 555-0110,
17668,,1 (11) 500 555-0110,
17774,1 (11) 500 555-0110,,
17933,,1 (11) 500 555-0110,
18111,,1 (11) 500 555-0110,
18136,,1 (11) 500 555-0110,
18198,1 (11) 500 555-0110,,
19030,1 (11) 500 555-0110,,
19067,,1 (11) 500 555-0110,
19175,,1 (11) 500 555-0110,
19213,,1 (11) 500 555-0110,
19270,,1 (11) 500 555-0110,
19610,1 (11) 500 555-0110,,
19674,1 (11) 500 555-0110,,
19929,1 (11) 500 555-0110,,
19960,1 (11) 500 555-0110,,
20067,,1 (11) 500 555-0110,
20164,,1 (11) 500 555-0110,
20165,1 (11) 500 555-0110,,
20229,1 (11) 500 555-0110,,
20660,,1 (11) 500 555-0110,
2428,,1 (11) 500 555-0111,
2451,,1 (11) 500 555-0111,
2474,,1 (11) 500 555-0111,
2668,1 (11) 500 555-0111,,
2682,1 (11) 500 555-0111,,
2726,1 (11) 500 555-0111,,
3062,1 (11) 500 555-0111,,
3228,1 (11) 500 555-0111,,
3408,1 (11) 500 555-0111,,
3498,,1 (11) 500 555-0111,
3548,,1 (11) 500 555-0111,
3631,,1 (11) 500 555-0111,
3656,,1 (11) 500 555-0111,
3689,1 (11) 500 555-0111,,
3759,1 (11) 500 555-0111,,
3932,1 (11) 500 555-0111,,
4047,1 (11) 500 555-0111,,
4126,,1 (11) 500 555-0111,
4137,1 (11) 500 555-0111,,
4228,1 (11) 500 555-0111,,
4367,1 (11) 500 555-0111,,
4445,,1 (11) 500 555-0111,
4503,1 (11) 500 555-0111,,
4764,,1 (11) 500 555-0111,
4822,1 (11) 500 555-0111,,
4825,1 (11) 500 555-0111,,
5006,1 (11) 500 555-0111,,
5233,1 (11) 500 555-0111,,
5247,1 (11) 500 555-0111,,
5419,1 (11) 500 555-0111,,
5686,,1 (11) 500 555-0111,
5814,1 (11) 500 555-0111,,
5841,1 (11) 500 555-0111,,
6443,,1 (11) 500 555-0111,
6467,,1 (11) 500 555-0111,
6560,1 (11) 500 555-0111,,
6662,,1 (11) 500 555-0111,
6758,,1 (11) 500 555-0111,
6806,1 (11) 500 555-0111,,
6842,1 (11) 500 555-0111,,
6907,1 (11) 500 555-0111,,
6926,1 (11) 500 555-0111,,
7051,1 (11) 500 555-0111,,
7229,,1 (11) 500 555-0111,
7298,1 (11) 500 555-0111,,
7372,,1 (11) 500 555-0111,
7420,1 (11) 500 555-0111,,
7562,,1 (11) 500 555-0111,
7614,,1 (11) 500 555-0111,
7866,,1 (11) 500 555-0111,
7880,,1 (11) 500 555-0111,
7930,,1 (11) 500 555-0111,
8211,1 (11) 500 555-0111,,
8277,1 (11) 500 555-0111,,
8294,1 (11) 500 555-0111,,
8351,,1 (11) 500 555-0111,
8543,1 (11) 500 555-0111,,
8575,1 (11) 500 555-0111,,
8707,,1 (11) 500 555-0111,
8708,,1 (11) 500 555-0111,
8876,,1 (11) 500 555-0111,
8933,1 (11) 500 555-0111,,
9038,,1 (11) 500 555-0111,
9374,1 (11) 500 555-0111,,
9463,1 (11) 500 555-0111,,
9580,,1 (11) 500 555-0111,
9649,1 (11) 500 555-0111,,
9823,1 (11) 500 555-0111,,
9935,1 (11) 500 555-0111,,
10121,,1 (11) 500 555-0111,
10127,,1 (11) 500 555-0111,
10241,,1 (11) 500 555-0111,
10324,,1 (11) 500 555-0111,
10605,1 (11) 500 555-0111,,
10625,,1 (11) 500 555-0111,
10628,,1 (11) 500 555-0111,
10668,1 (11) 500 555-0111,,
10832,,1 (11) 500 555-0111,
10868,1 (11) 500 555-0111,,
10894,,1 (11) 500 555-0111,
10934,1 (11) 500 555-0111,,
10951,1 (11) 500 555-0111,,
11192,1 (11) 500 555-0111,,
11546,1 (11) 500 555-0111,,
11950,,1 (11) 500 555-0111,
11979,,1 (11) 500 555-0111,
12472,,1 (11) 500 555-0111,
12868,,1 (11) 500 555-0111,
13123,1 (11) 500 555-0111,,
13260,,1 (11) 500 555-0111,
13421,,1 (11) 500 555-0111,
13562,1 (11) 500 555-0111,,
13594,1 (11) 500 555-0111,,
13748,1 (11) 500 555-0111,,
13787,,1 (11) 500 555-0111,
13822,,1 (11) 500 555-0111,
13945,1 (11) 500 555-0111,,
13962,,1 (11) 500 555-0111,
13984,1 (11) 500 555-0111,,
13988,1 (11) 500 555-0111,,
14019,1 (11) 500 555-0111,,
14209,1 (11) 500 555-0111,,
14268,,1 (11) 500 555-0111,
14377,1 (11) 500 555-0111,,
14515,1 (11) 500 555-0111,,
14541,1 (11) 500 555-0111,,
14570,1 (11) 500 555-0111,,
14650,,1 (11) 500 555-0111,
14711,,1 (11) 500 555-0111,
14746,,1 (11) 500 555-0111,
14812,,1 (11) 500 555-0111,
14827,1 (11) 500 555-0111,,
14844,1 (11) 500 555-0111,,
14967,,1 (11) 500 555-0111,
15216,1 (11) 500 555-0111,,
15345,,1 (11) 500 555-0111,
15362,,1 (11) 500 555-0111,
15364,,1 (11) 500 555-0111,
15377,1 (11) 500 555-0111,,
15504,1 (11) 500 555-0111,,
15524,,1 (11) 500 555-0111,
15547,,1 (11) 500 555-0111,
15747,1 (11) 500 555-0111,,
15762,1 (11) 500 555-0111,,
15771,1 (11) 500 555-0111,,
15936,1 (11) 500 555-0111,,
16014,1 (11) 500 555-0111,,
16061,1 (11) 500 555-0111,,
16076,,1 (11) 500 555-0111,
16103,1 (11) 500 555-0111,,
16265,1 (11) 500 555-0111,,
16306,1 (11) 500 555-0111,,
16639,1 (11) 500 555-0111,,
16651,1 (11) 500 555-0111,,
16725,,1 (11) 500 555-0111,
16811,,1 (11) 500 555-0111,
16884,,1 (11) 500 555-0111,
17073,1 (11) 500 555-0111,,
17125,,1 (11) 500 555-0111,
17248,1 (11) 500 555-0111,,
17304,1 (11) 500 555-0111,,
17618,,1 (11) 500 555-0111,
17726,,1 (11) 500 555-0111,
17729,,1 (11) 500 555-0111,
17752,1 (11) 500 555-0111,,
17825,1 (11) 500 555-0111,,
17875,1 (11) 500 555-0111,,
17884,1 (11) 500 555-0111,,
18067,1 (11) 500 555-0111,,
18179,,1 (11) 500 555-0111,
18276,,1 (11) 500 555-0111,
18297,1 (11) 500 555-0111,,
18403,,1 (11) 500 555-0111,
18473,,1 (11) 500 555-0111,
18510,,1 (11) 500 555-0111,
18518,,1 (11) 500 555-0111,
18613,1 (11) 500 555-0111,,
18924,,1 (11) 500 555-0111,
18961,1 (11) 500 555-0111,,
18972,1 (11) 500 555-0111,,
18982,,1 (11) 500 555-0111,
19087,1 (11) 500 555-0111,,
19125,,1 (11) 500 555-0111,
19142,1 (11) 500 555-0111,,
19184,1 (11) 500 555-0111,,
19188,,1 (11) 500 555-0111,
19199,,1 (11) 500 555-0111,
19215,,1 (11) 500 555-0111,
19383,1 (11) 500 555-0111,,
19397,,1 (11) 500 555-0111,
19441,,1 (11) 500 555-0111,
19525,,1 (11) 500 555-0111,
19617,,1 (11) 500 555-0111,
19938,1 (11) 500 555-0111,,
20055,,1 (11) 500 555-0111,
20459,1 (11) 500 555-0111,,
20477,,1 (11) 500 555-0111,
20520,1 (11) 500 555-0111,,
20591,1 (11) 500 555-0111,,
20718,1 (11) 500 555-0111,,
419,,,1 (11) 500 555-0112
945,1 (11) 500 555-0112,,
995,,,1 (11) 500 555-0112
1141,1 (11) 500 555-0112,,
1159,,,1 (11) 500 555-0112
2424,1 (11) 500 555-0112,,
2440,,1 (11) 500 555-0112,
2475,1 (11) 500 555-0112,,
2517,,1 (11) 500 555-0112,
2599,1 (11) 500 555-0112,,
2701,1 (11) 500 555-0112,,
2725,,1 (11) 500 555-0112,
3060,,1 (11) 500 555-0112,
3078,1 (11) 500 555-0112,,
3272,1 (11) 500 555-0112,,
3461,,1 (11) 500 555-0112,
3464,1 (11) 500 555-0112,,
3647,1 (11) 500 555-0112,,
3707,1 (11) 500 555-0112,,
3799,,1 (11) 500 555-0112,
3898,,1 (11) 500 555-0112,
4086,,1 (11) 500 555-0112,
4298,,1 (11) 500 555-0112,
4389,,1 (11) 500 555-0112,
4444,,1 (11) 500 555-0112,
4467,,1 (11) 500 555-0112,
4589,1 (11) 500 555-0112,,
4610,1 (11) 500 555-0112,,
4733,1 (11) 500 555-0112,,
4898,,1 (11) 500 555-0112,
4930,1 (11) 500 555-0112,,
5031,1 (11) 500 555-0112,,
5138,1 (11) 500 555-0112,,
5207,,1 (11) 500 555-0112,
5275,,1 (11) 500 555-0112,
5322,1 (11) 500 555-0112,,
5586,,1 (11) 500 555-0112,
5718,1 (11) 500 555-0112,,
5861,,1 (11) 500 555-0112,
5927,1 (11) 500 555-0112,,
5971,1 (11) 500 555-0112,,
6039,1 (11) 500 555-0112,,
6059,1 (11) 500 555-0112,,
6157,1 (11) 500 555-0112,,
6239,,1 (11) 500 555-0112,
6244,1 (11) 500 555-0112,,
6638,,1 (11) 500 555-0112,
6887,1 (11) 500 555-0112,,
7076,1 (11) 500 555-0112,,
7107,,1 (11) 500 555-0112,
7199,,1 (11) 500 555-0112,
7263,,1 (11) 500 555-0112,
7544,,1 (11) 500 555-0112,
7688,,1 (11) 500 555-0112,
7701,1 (11) 500 555-0112,,
7763,1 (11) 500 555-0112,,
8122,,1 (11) 500 555-0112,
8299,,1 (11) 500 555-0112,
8333,,1 (11) 500 555-0112,
8353,1 (11) 500 555-0112,,
8527,1 (11) 500 555-0112,,
8685,1 (11) 500 555-0112,,
8785,,1 (11) 500 555-0112,
8809,1 (11) 500 555-0112,,
8960,1 (11) 500 555-0112,,
9272,1 (11) 500 555-0112,,
9444,1 (11) 500 555-0112,,
9457,1 (11) 500 555-0112,,
9680,,1 (11) 500 555-0112,
9752,,1 (11) 500 555-0112,
9784,,1 (11) 500 555-0112,
9792,,1 (11) 500 555-0112,
9801,1 (11) 500 555-0112,,
9906,1 (11) 500 555-0112,,
10049,,1 (11) 500 555-0112,
10067,1 (11) 500 555-0112,,
10080,1 (11) 500 555-0112,,
10086,,1 (11) 500 555-0112,
10108,,1 (11) 500 555-0112,
10222,,1 (11) 500 555-0112,
10329,,1 (11) 500 555-0112,
10365,1 (11) 500 555-0112,,
10724,1 (11) 500 555-0112,,
10826,1 (11) 500 555-0112,,
11071,,1 (11) 500 555-0112,
11122,,1 (11) 500 555-0112,
11238,,1 (11) 500 555-0112,
11252,1 (11) 500 555-0112,,
11285,1 (11) 500 555-0112,,
11412,1 (11) 500 555-0112,,
11539,,1 (11) 500 555-0112,
11565,,1 (11) 500 555-0112,
11653,,1 (11) 500 555-0112,
11761,1 (11) 500 555-0112,,
11841,,1 (11) 500 555-0112,
11935,,1 (11) 500 555-0112,
11994,1 (11) 500 555-0112,,
12003,,1 (11) 500 555-0112,
12162,1 (11) 500 555-0112,,
12276,,1 (11) 500 555-0112,
12422,,1 (11) 500 555-0112,
12478,1 (11) 500 555-0112,,
12546,1 (11) 500 555-0112,,
12646,1 (11) 500 555-0112,,
12727,1 (11) 500 555-0112,,
12743,1 (11) 500 555-0112,,
13160,,1 (11) 500 555-0112,
13164,,1 (11) 500 555-0112,
13205,1 (11) 500 555-0112,,
13225,,1 (11) 500 555-0112,
13228,1 (11) 500 555-0112,,
13285,,1 (11) 500 555-0112,
13320,,1 (11) 500 555-0112,
13383,1 (11) 500 555-0112,,
13480,1 (11) 500 555-0112,,
13583,1 (11) 500 555-0112,,
13591,,1 (11) 500 555-0112,
13592,,1 (11) 500 555-0112,
13761,,1 (11) 500 555-0112,
13801,,1 (11) 500 555-0112,
14049,1 (11) 500 555-0112,,
14297,1 (11) 500 555-0112,,
14494,,1 (11) 500 555-0112,
14566,,1 (11) 500 555-0112,
14597,,1 (11) 500 555-0112,
14644,,1 (11) 500 555-0112,
14858,,1 (11) 500 555-0112,
14864,,1 (11) 500 555-0112,
15012,,1 (11) 500 555-0112,
15049,1 (11) 500 555-0112,,
15096,1 (11) 500 555-0112,,
15129,,1 (11) 500 555-0112,
15283,,1 (11) 500 555-0112,
15304,,1 (11) 500 555-0112,
15427,,1 (11) 500 555-0112,
15514,,1 (11) 500 555-0112,
15614,1 (11) 500 555-0112,,
15646,,1 (11) 500 555-0112,
15710,1 (11) 500 555-0112,,
15715,,1 (11) 500 555-0112,
16087,1 (11) 500 555-0112,,
16220,1 (11) 500 555-0112,,
16485,,1 (11) 500 555-0112,
16510,,1 (11) 500 555-0112,
16705,,1 (11) 500 555-0112,
16728,1 (11) 500 555-0112,,
16822,,1 (11) 500 555-0112,
16994,,1 (11) 500 555-0112,
17009,,1 (11) 500 555-0112,
17014,,1 (11) 500 555-0112,
17023,,1 (11) 500 555-0112,
17168,1 (11) 500 555-0112,,
17237,1 (11) 500 555-0112,,
17258,1 (11) 500 555-0112,,
17421,1 (11) 500 555-0112,,
17481,,1 (11) 500 555-0112,
17524,1 (11) 500 555-0112,,
17692,1 (11) 500 555-0112,,
17731,1 (11) 500 555-0112,,
18120,1 (11) 500 555-0112,,
18175,1 (11) 500 555-0112,,
18185,1 (11) 500 555-0112,,
18217,1 (11) 500 555-0112,,
18386,1 (11) 500 555-0112,,
18455,,1 (11) 500 555-0112,
18500,,1 (11) 500 555-0112,
18609,1 (11) 500 555-0112,,
18790,,1 (11) 500 555-0112,
18810,,1 (11) 500 555-0112,
18973,,1 (11) 500 555-0112,
19182,,1 (11) 500 555-0112,
19242,1 (11) 500 555-0112,,
19420,1 (11) 500 555-0112,,
19602,,1 (11) 500 555-0112,
19673,1 (11) 500 555-0112,,
19880,1 (11) 500 555-0112,,
19948,,1 (11) 500 555-0112,
20044,,1 (11) 500 555-0112,
20068,1 (11) 500 555-0112,,
20255,1 (11) 500 555-0112,,
20462,1 (11) 500 555-0112,,
20493,,1 (11) 500 555-0112,
20573,,1 (11) 500 555-0112,
20694,1 (11) 500 555-0112,,
20751,,1 (11) 500 555-0112,
425,,,1 (11) 500 555-0113
783,1 (11) 500 555-0113,,
1153,,,1 (11) 500 555-0113
1401,1 (11) 500 555-0113,,
2500,1 (11) 500 555-0113,,
2529,,1 (11) 500 555-0113,
2562,,1 (11) 500 555-0113,
2630,,1 (11) 500 555-0113,
2798,1 (11) 500 555-0113,,
2929,,1 (11) 500 555-0113,
2952,,1 (11) 500 555-0113,
3020,,1 (11) 500 555-0113,
3207,1 (11) 500 555-0113,,
3273,,1 (11) 500 555-0113,
3285,,1 (11) 500 555-0113,
3287,1 (11) 500 555-0113,,
3396,1 (11) 500 555-0113,,
3588,,1 (11) 500 555-0113,
3724,,1 (11) 500 555-0113,
4124,1 (11) 500 555-0113,,
4157,,1 (11) 500 555-0113,
4206,,1 (11) 500 555-0113,
4221,,1 (11) 500 555-0113,
4316,1 (11) 500 555-0113,,
4321,1 (11) 500 555-0113,,
4351,1 (11) 500 555-0113,,
4368,,1 (11) 500 555-0113,
4384,1 (11) 500 555-0113,,
4393,1 (11) 500 555-0113,,
4876,1 (11) 500 555-0113,,
4923,1 (11) 500 555-0113,,
4946,1 (11) 500 555-0113,,
5049,,1 (11) 500 555-0113,
5090,,1 (11) 500 555-0113,
5256,,1 (11) 500 555-0113,
5579,1 (11) 500 555-0113,,
5804,,1 (11) 500 555-0113,
5929,,1 (11) 500 555-0113,
6041,1 (11) 500 555-0113,,
6151,1 (11) 500 555-0113,,
6215,,1 (11) 500 555-0113,
6461,,1 (11) 500 555-0113,
6639,1 (11) 500 555-0113,,
6650,1 (11) 500 555-0113,,
6810,,1 (11) 500 555-0113,
6963,1 (11) 500 555-0113,,
7081,1 (11) 500 555-0113,,
7100,,1 (11) 500 555-0113,
7145,,1 (11) 500 555-0113,
7294,1 (11) 500 555-0113,,
7353,,1 (11) 500 555-0113,
7374,1 (11) 500 555-0113,,
7402,1 (11) 500 555-0113,,
7424,,1 (11) 500 555-0113,
7457,,1 (11) 500 555-0113,
7461,,1 (11) 500 555-0113,
7539,1 (11) 500 555-0113,,
7550,1 (11) 500 555-0113,,
7724,,1 (11) 500 555-0113,
7735,1 (11) 500 555-0113,,
7896,1 (11) 500 555-0113,,
8010,1 (11) 500 555-0113,,
8227,,1 (11) 500 555-0113,
8241,,1 (11) 500 555-0113,
8337,1 (11) 500 555-0113,,
8435,,1 (11) 500 555-0113,
8442,,1 (11) 500 555-0113,
8502,1 (11) 500 555-0113,,
8520,1 (11) 500 555-0113,,
8601,1 (11) 500 555-0113,,
8613,,1 (11) 500 555-0113,
8626,,1 (11) 500 555-0113,
8766,,1 (11) 500 555-0113,
8810,1 (11) 500 555-0113,,
9024,,1 (11) 500 555-0113,
9293,1 (11) 500 555-0113,,
9435,,1 (11) 500 555-0113,
9631,1 (11) 500 555-0113,,
9632,,1 (11) 500 555-0113,
9640,1 (11) 500 555-0113,,
9684,,1 (11) 500 555-0113,
9712,1 (11) 500 555-0113,,
9831,1 (11) 500 555-0113,,
9969,,1 (11) 500 555-0113,
9976,1 (11) 500 555-0113,,
10157,,1 (11) 500 555-0113,
10175,1 (11) 500 555-0113,,
10308,,1 (11) 500 555-0113,
10509,1 (11) 500 555-0113,,
10626,1 (11) 500 555-0113,,
10683,1 (11) 500 555-0113,,
10759,,1 (11) 500 555-0113,
10911,,1 (11) 500 555-0113,
10926,,1 (11) 500 555-0113,
10965,,1 (11) 500 555-0113,
11128,1 (11) 500 555-0113,,
11369,1 (11) 500 555-0113,,
11383,1 (11) 500 555-0113,,
11461,1 (11) 500 555-0113,,
11487,1 (11) 500 555-0113,,
11488,1 (11) 500 555-0113,,
11561,,1 (11) 500 555-0113,
11622,1 (11) 500 555-0113,,
12583,1 (11) 500 555-0113,,
12671,1 (11) 500 555-0113,,
12883,1 (11) 500 555-0113,,
12884,1 (11) 500 555-0113,,
13188,,1 (11) 500 555-0113,
13445,,1 (11) 500 555-0113,
13824,1 (11) 500 555-0113,,
13883,1 (11) 500 555-0113,,
13921,,1 (11) 500 555-0113,
13966,,1 (11) 500 555-0113,
14036,,1 (11) 500 555-0113,
14221,,1 (11) 500 555-0113,
14310,,1 (11) 500 555-0113,
14311,,1 (11) 500 555-0113,
14477,1 (11) 500 555-0113,,
14983,,1 (11) 500 555-0113,
15021,1 (11) 500 555-0113,,
15068,1 (11) 500 555-0113,,
15126,,1 (11) 500 555-0113,
15221,,1 (11) 500 555-0113,
15324,,1 (11) 500 555-0113,
15374,1 (11) 500 555-0113,,
15562,1 (11) 500 555-0113,,
15566,1 (11) 500 555-0113,,
15601,1 (11) 500 555-0113,,
15820,,1 (11) 500 555-0113,
15854,1 (11) 500 555-0113,,
15881,1 (11) 500 555-0113,,
15931,,1 (11) 500 555-0113,
15951,1 (11) 500 555-0113,,
15993,1 (11) 500 555-0113,,
16129,1 (11) 500 555-0113,,
16145,1 (11) 500 555-0113,,
16177,1 (11) 500 555-0113,,
16248,1 (11) 500 555-0113,,
16294,,1 (11) 500 555-0113,
16310,,1 (11) 500 555-0113,
16327,1 (11) 500 555-0113,,
16362,1 (11) 500 555-0113,,
16670,1 (11) 500 555-0113,,
16749,,1 (11) 500 555-0113,
16999,1 (11) 500 555-0113,,
17041,1 (11) 500 555-0113,,
17140,,1 (11) 500 555-0113,
17605,,1 (11) 500 555-0113,
17625,1 (11) 500 555-0113,,
17682,,1 (11) 500 555-0113,
17717,1 (11) 500 555-0113,,
17942,1 (11) 500 555-0113,,
18053,,1 (11) 500 555-0113,
18056,,1 (11) 500 555-0113,
18469,1 (11) 500 555-0113,,
18567,,1 (11) 500 555-0113,
18569,1 (11) 500 555-0113,,
18699,1 (11) 500 555-0113,,
18730,,1 (11) 500 555-0113,
18869,,1 (11) 500 555-0113,
18890,1 (11) 500 555-0113,,
18935,1 (11) 500 555-0113,,
19083,,1 (11) 500 555-0113,
19225,,1 (11) 500 555-0113,
19315,1 (11) 500 555-0113,,
19347,1 (11) 500 555-0113,,
19434,1 (11) 500 555-0113,,
19471,1 (11) 500 555-0113,,
19485,,1 (11) 500 555-0113,
19538,,1 (11) 500 555-0113,
19554,1 (11) 500 555-0113,,
19565,1 (11) 500 555-0113,,
19611,1 (11) 500 555-0113,,
19633,,1 (11) 500 555-0113,
19649,,1 (11) 500 555-0113,
19778,,1 (11) 500 555-0113,
19807,,1 (11) 500 555-0113,
19850,,1 (11) 500 555-0113,
19870,1 (11) 500 555-0113,,
19949,1 (11) 500 555-0113,,
19955,1 (11) 500 555-0113,,
20016,1 (11) 500 555-0113,,
20073,,1 (11) 500 555-0113,
20100,,1 (11) 500 555-0113,
20186,1 (11) 500 555-0113,,
20257,1 (11) 500 555-0113,,
20331,1 (11) 500 555-0113,,
20398,,1 (11) 500 555-0113,
20404,1 (11) 500 555-0113,,
20422,,1 (11) 500 555-0113,
20582,1 (11) 500 555-0113,,
20756,1 (11) 500 555-0113,,
983,,,1 (11) 500 555-0114
1463,,,1 (11) 500 555-0114
1879,1 (11) 500 555-0114,,
2427,,1 (11) 500 555-0114,
2576,,1 (11) 500 555-0114,
2710,,1 (11) 500 555-0114,
2765,,1 (11) 500 555-0114,
2833,,1 (11) 500 555-0114,
3080,1 (11) 500 555-0114,,
3130,1 (11) 500 555-0114,,
3185,,1 (11) 500 555-0114,
3255,1 (11) 500 555-0114,,
3367,1 (11) 500 555-0114,,
3373,1 (11) 500 555-0114,,
3415,,1 (11) 500 555-0114,
3419,,1 (11) 500 555-0114,
3421,,1 (11) 500 555-0114,
3472,,1 (11) 500 555-0114,
3541,1 (11) 500 555-0114,,
3571,1 (11) 500 555-0114,,
3728,1 (11) 500 555-0114,,
3745,1 (11) 500 555-0114,,
3764,,1 (11) 500 555-0114,
3826,,1 (11) 500 555-0114,
3926,,1 (11) 500 555-0114,
4161,,1 (11) 500 555-0114,
4224,,1 (11) 500 555-0114,
4247,1 (11) 500 555-0114,,
4584,1 (11) 500 555-0114,,
4867,1 (11) 500 555-0114,,
5018,1 (11) 500 555-0114,,
5040,1 (11) 500 555-0114,,
5430,,1 (11) 500 555-0114,
5532,,1 (11) 500 555-0114,
5716,1 (11) 500 555-0114,,
5905,,1 (11) 500 555-0114,
5947,,1 (11) 500 555-0114,
6035,1 (11) 500 555-0114,,
6040,1 (11) 500 555-0114,,
6284,1 (11) 500 555-0114,,
6531,1 (11) 500 555-0114,,
6534,,1 (11) 500 555-0114,
6636,1 (11) 500 555-0114,,
6665,,1 (11) 500 555-0114,
6786,1 (11) 500 555-0114,,
6816,,1 (11) 500 555-0114,
6836,,1 (11) 500 555-0114,
6889,1 (11) 500 555-0114,,
7105,,1 (11) 500 555-0114,
7181,,1 (11) 500 555-0114,
7245,1 (11) 500 555-0114,,
7771,,1 (11) 500 555-0114,
7794,1 (11) 500 555-0114,,
7821,,1 (11) 500 555-0114,
7825,1 (11) 500 555-0114,,
8320,,1 (11) 500 555-0114,
8463,1 (11) 500 555-0114,,
8507,1 (11) 500 555-0114,,
8568,,1 (11) 500 555-0114,
8690,1 (11) 500 555-0114,,
8697,,1 (11) 500 555-0114,
8699,,1 (11) 500 555-0114,
8797,,1 (11) 500 555-0114,
8798,1 (11) 500 555-0114,,
8912,,1 (11) 500 555-0114,
8920,,1 (11) 500 555-0114,
8946,,1 (11) 500 555-0114,
9069,1 (11) 500 555-0114,,
9268,1 (11) 500 555-0114,,
9565,,1 (11) 500 555-0114,
9609,,1 (11) 500 555-0114,
10063,,1 (11) 500 555-0114,
10090,,1 (11) 500 555-0114,
10371,,1 (11) 500 555-0114,
10594,,1 (11) 500 555-0114,
10599,,1 (11) 500 555-0114,
10609,,1 (11) 500 555-0114,
10929,,1 (11) 500 555-0114,
10933,,1 (11) 500 555-0114,
11010,1 (11) 500 555-0114,,
11126,1 (11) 500 555-0114,,
11477,,1 (11) 500 555-0114,
11550,1 (11) 500 555-0114,,
11581,1 (11) 500 555-0114,,
11634,1 (11) 500 555-0114,,
11693,1 (11) 500 555-0114,,
11755,,1 (11) 500 555-0114,
11817,,1 (11) 500 555-0114,
11873,1 (11) 500 555-0114,,
11893,,1 (11) 500 555-0114,
11992,1 (11) 500 555-0114,,
12050,,1 (11) 500 555-0114,
12140,1 (11) 500 555-0114,,
12346,,1 (11) 500 555-0114,
12505,1 (11) 500 555-0114,,
12586,,1 (11) 500 555-0114,
12702,1 (11) 500 555-0114,,
13085,,1 (11) 500 555-0114,
13231,1 (11) 500 555-0114,,
13244,,1 (11) 500 555-0114,
13248,,1 (11) 500 555-0114,
13284,1 (11) 500 555-0114,,
13396,1 (11) 500 555-0114,,
13454,,1 (11) 500 555-0114,
13624,,1 (11) 500 555-0114,
13659,1 (11) 500 555-0114,,
13677,,1 (11) 500 555-0114,
13683,1 (11) 500 555-0114,,
13688,,1 (11) 500 555-0114,
13699,,1 (11) 500 555-0114,
13770,,1 (11) 500 555-0114,
13938,1 (11) 500 555-0114,,
14032,1 (11) 500 555-0114,,
14099,1 (11) 500 555-0114,,
14320,1 (11) 500 555-0114,,
14357,1 (11) 500 555-0114,,
14540,,1 (11) 500 555-0114,
14585,,1 (11) 500 555-0114,
14660,1 (11) 500 555-0114,,
14694,,1 (11) 500 555-0114,
14733,,1 (11) 500 555-0114,
14897,,1 (11) 500 555-0114,
15052,,1 (11) 500 555-0114,
15091,,1 (11) 500 555-0114,
15201,,1 (11) 500 555-0114,
15217,1 (11) 500 555-0114,,
15261,,1 (11) 500 555-0114,
15287,,1 (11) 500 555-0114,
15389,,1 (11) 500 555-0114,
15639,,1 (11) 500 555-0114,
15894,,1 (11) 500 555-0114,
15935,1 (11) 500 555-0114,,
15983,,1 (11) 500 555-0114,
16055,1 (11) 500 555-0114,,
16086,,1 (11) 500 555-0114,
16136,1 (11) 500 555-0114,,
16189,,1 (11) 500 555-0114,
16384,1 (11) 500 555-0114,,
16425,1 (11) 500 555-0114,,
16442,,1 (11) 500 555-0114,
16444,,1 (11) 500 555-0114,
16616,,1 (11) 500 555-0114,
16752,1 (11) 500 555-0114,,
16764,1 (11) 500 555-0114,,
16766,1 (11) 500 555-0114,,
16995,1 (11) 500 555-0114,,
17051,,1 (11) 500 555-0114,
17132,1 (11) 500 555-0114,,
17223,,1 (11) 500 555-0114,
17269,,1 (11) 500 555-0114,
17333,,1 (11) 500 555-0114,
17429,,1 (11) 500 555-0114,
17562,1 (11) 500 555-0114,,
17749,,1 (11) 500 555-0114,
17779,1 (11) 500 555-0114,,
17854,,1 (11) 500 555-0114,
18026,,1 (11) 500 555-0114,
18027,,1 (11) 500 555-0114,
18199,,1 (11) 500 555-0114,
18213,1 (11) 500 555-0114,,
18367,,1 (11) 500 555-0114,
18628,1 (11) 500 555-0114,,
18643,1 (11) 500 555-0114,,
18731,,1 (11) 500 555-0114,
19045,,1 (11) 500 555-0114,
19327,1 (11) 500 555-0114,,
19502,1 (11) 500 555-0114,,
19570,,1 (11) 500 555-0114,
19591,,1 (11) 500 555-0114,
19655,1 (11) 500 555-0114,,
19657,1 (11) 500 555-0114,,
19688,1 (11) 500 555-0114,,
19754,1 (11) 500 555-0114,,
19756,1 (11) 500 555-0114,,
19919,1 (11) 500 555-0114,,
19961,,1 (11) 500 555-0114,
20226,,1 (11) 500 555-0114,
20269,1 (11) 500 555-0114,,
20339,,1 (11) 500 555-0114,
20450,,1 (11) 500 555-0114,
20478,,1 (11) 500 555-0114,
20513,,1 (11) 500 555-0114,
20563,,1 (11) 500 555-0114,
20580,1 (11) 500 555-0114,,
20634,,1 (11) 500 555-0114,
20664,1 (11) 500 555-0114,,
887,,,1 (11) 500 555-0115
1209,1 (11) 500 555-0115,,
1801,,,1 (11) 500 555-0115
1925,,,1 (11) 500 555-0115
2455,,1 (11) 500 555-0115,
2655,1 (11) 500 555-0115,,
2741,,1 (11) 500 555-0115,
2954,,1 (11) 500 555-0115,
3267,1 (11) 500 555-0115,,
3342,,1 (11) 500 555-0115,
3394,1 (11) 500 555-0115,,
3504,,1 (11) 500 555-0115,
3933,,1 (11) 500 555-0115,
3980,,1 (11) 500 555-0115,
4084,,1 (11) 500 555-0115,
4181,1 (11) 500 555-0115,,
4208,,1 (11) 500 555-0115,
4246,,1 (11) 500 555-0115,
4423,,1 (11) 500 555-0115,
4433,,1 (11) 500 555-0115,
4567,,1 (11) 500 555-0115,
4629,,1 (11) 500 555-0115,
4659,,1 (11) 500 555-0115,
4727,,1 (11) 500 555-0115,
5108,,1 (11) 500 555-0115,
5280,,1 (11) 500 555-0115,
5294,,1 (11) 500 555-0115,
5573,1 (11) 500 555-0115,,
5601,,1 (11) 500 555-0115,
5644,,1 (11) 500 555-0115,
5713,,1 (11) 500 555-0115,
5870,,1 (11) 500 555-0115,
5933,1 (11) 500 555-0115,,
5983,1 (11) 500 555-0115,,
6193,,1 (11) 500 555-0115,
6200,,1 (11) 500 555-0115,
6268,,1 (11) 500 555-0115,
6341,1 (11) 500 555-0115,,
6366,,1 (11) 500 555-0115,
6419,,1 (11) 500 555-0115,
6444,,1 (11) 500 555-0115,
6526,1 (11) 500 555-0115,,
6689,,1 (11) 500 555-0115,
6703,1 (11) 500 555-0115,,
6741,,1 (11) 500 555-0115,
7082,,1 (11) 500 555-0115,
7612,,1 (11) 500 555-0115,
7756,,1 (11) 500 555-0115,
7769,,1 (11) 500 555-0115,
7843,1 (11) 500 555-0115,,
7958,,1 (11) 500 555-0115,
7983,1 (11) 500 555-0115,,
8021,,1 (11) 500 555-0115,
8111,,1 (11) 500 555-0115,
8318,1 (11) 500 555-0115,,
8588,1 (11) 500 555-0115,,
8711,,1 (11) 500 555-0115,
8838,1 (11) 500 555-0115,,
9075,1 (11) 500 555-0115,,
9090,,1 (11) 500 555-0115,
9203,,1 (11) 500 555-0115,
9278,1 (11) 500 555-0115,,
9376,,1 (11) 500 555-0115,
9429,1 (11) 500 555-0115,,
9533,1 (11) 500 555-0115,,
9650,,1 (11) 500 555-0115,
10042,1 (11) 500 555-0115,,
10097,1 (11) 500 555-0115,,
10136,1 (11) 500 555-0115,,
10151,,1 (11) 500 555-0115,
10261,,1 (11) 500 555-0115,
10547,,1 (11) 500 555-0115,
10633,,1 (11) 500 555-0115,
10872,1 (11) 500 555-0115,,
10968,,1 (11) 500 555-0115,
11217,1 (11) 500 555-0115,,
11263,,1 (11) 500 555-0115,
11288,,1 (11) 500 555-0115,
11301,,1 (11) 500 555-0115,
11310,1 (11) 500 555-0115,,
11416,,1 (11) 500 555-0115,
11420,1 (11) 500 555-0115,,
11579,1 (11) 500 555-0115,,
11603,1 (11) 500 555-0115,,
11654,1 (11) 500 555-0115,,
11708,1 (11) 500 555-0115,,
11882,,1 (11) 500 555-0115,
11968,,1 (11) 500 555-0115,
12154,,1 (11) 500 555-0115,
12265,1 (11) 500 555-0115,,
12353,,1 (11) 500 555-0115,
12488,1 (11) 500 555-0115,,
12578,,1 (11) 500 555-0115,
12682,1 (11) 500 555-0115,,
12751,1 (11) 500 555-0115,,
12825,1 (11) 500 555-0115,,
12837,,1 (11) 500 555-0115,
12945,,1 (11) 500 555-0115,
13030,1 (11) 500 555-0115,,
13076,,1 (11) 500 555-0115,
13176,,1 (11) 500 555-0115,
13319,1 (11) 500 555-0115,,
13325,,1 (11) 500 555-0115,
13418,,1 (11) 500 555-0115,
13507,,1 (11) 500 555-0115,
13690,1 (11) 500 555-0115,,
13978,1 (11) 500 555-0115,,
14134,,1 (11) 500 555-0115,
14294,1 (11) 500 555-0115,,
14481,1 (11) 500 555-0115,,
14795,1 (11) 500 555-0115,,
14852,,1 (11) 500 555-0115,
14854,,1 (11) 500 555-0115,
15023,,1 (11) 500 555-0115,
15411,1 (11) 500 555-0115,,
15413,1 (11) 500 555-0115,,
15447,,1 (11) 500 555-0115,
15478,1 (11) 500 555-0115,,
15690,,1 (11) 500 555-0115,
15720,1 (11) 500 555-0115,,
15774,,1 (11) 500 555-0115,
16040,,1 (11) 500 555-0115,
16182,1 (11) 500 555-0115,,
16339,,1 (11) 500 555-0115,
16394,,1 (11) 500 555-0115,
16503,1 (11) 500 555-0115,,
16570,,1 (11) 500 555-0115,
16714,1 (11) 500 555-0115,,
16726,,1 (11) 500 555-0115,
16761,1 (11) 500 555-0115,,
16869,1 (11) 500 555-0115,,
16964,,1 (11) 500 555-0115,
16965,,1 (11) 500 555-0115,
17006,1 (11) 500 555-0115,,
17192,,1 (11) 500 555-0115,
17194,,1 (11) 500 555-0115,
17321,,1 (11) 500 555-0115,
17325,1 (11) 500 555-0115,,
17374,,1 (11) 500 555-0115,
17425,1 (11) 500 555-0115,,
17672,1 (11) 500 555-0115,,
17710,1 (11) 500 555-0115,,
17781,1 (11) 500 555-0115,,
17838,,1 (11) 500 555-0115,
18020,1 (11) 500 555-0115,,
18098,1 (11) 500 555-0115,,
18112,,1 (11) 500 555-0115,
18252,,1 (11) 500 555-0115,
18389,1 (11) 500 555-0115,,
18487,,1 (11) 500 555-0115,
18519,1 (11) 500 555-0115,,
18615,1 (11) 500 555-0115,,
18642,1 (11) 500 555-0115,,
18654,,1 (11) 500 555-0115,
18773,1 (11) 500 555-0115,,
18774,1 (11) 500 555-0115,,
18775,1 (11) 500 555-0115,,
18797,1 (11) 500 555-0115,,
18815,1 (11) 500 555-0115,,
18819,,1 (11) 500 555-0115,
18895,1 (11) 500 555-0115,,
18942,1 (11) 500 555-0115,,
19158,1 (11) 500 555-0115,,
19240,1 (11) 500 555-0115,,
19307,1 (11) 500 555-0115,,
19323,1 (11) 500 555-0115,,
19367,,1 (11) 500 555-0115,
19371,1 (11) 500 555-0115,,
19577,1 (11) 500 555-0115,,
19593,1 (11) 500 555-0115,,
19595,1 (11) 500 555-0115,,
19597,1 (11) 500 555-0115,,
19627,1 (11) 500 555-0115,,
19729,,1 (11) 500 555-0115,
19815,,1 (11) 500 555-0115,
19816,,1 (11) 500 555-0115,
19830,1 (11) 500 555-0115,,
19975,,1 (11) 500 555-0115,
19998,,1 (11) 500 555-0115,
20159,,1 (11) 500 555-0115,
20208,1 (11) 500 555-0115,,
20230,,1 (11) 500 555-0115,
20330,1 (11) 500 555-0115,,
20412,1 (11) 500 555-0115,,
20517,,1 (11) 500 555-0115,
20644,,1 (11) 500 555-0115,
20683,1 (11) 500 555-0115,,
1207,1 (11) 500 555-0116,,
1985,1 (11) 500 555-0116,,
2534,,1 (11) 500 555-0116,
2620,1 (11) 500 555-0116,,
2627,1 (11) 500 555-0116,,
2635,,1 (11) 500 555-0116,
2641,,1 (11) 500 555-0116,
2720,,1 (11) 500 555-0116,
2740,1 (11) 500 555-0116,,
2890,,1 (11) 500 555-0116,
3108,1 (11) 500 555-0116,,
3125,1 (11) 500 555-0116,,
3141,,1 (11) 500 555-0116,
3175,,1 (11) 500 555-0116,
3179,1 (11) 500 555-0116,,
3215,,1 (11) 500 555-0116,
3369,,1 (11) 500 555-0116,
3391,,1 (11) 500 555-0116,
3392,,1 (11) 500 555-0116,
3483,1 (11) 500 555-0116,,
3610,,1 (11) 500 555-0116,
3661,,1 (11) 500 555-0116,
3706,1 (11) 500 555-0116,,
3808,,1 (11) 500 555-0116,
3888,1 (11) 500 555-0116,,
3995,1 (11) 500 555-0116,,
4020,1 (11) 500 555-0116,,
4031,,1 (11) 500 555-0116,
4162,,1 (11) 500 555-0116,
4164,1 (11) 500 555-0116,,
4474,1 (11) 500 555-0116,,
4931,1 (11) 500 555-0116,,
5036,,1 (11) 500 555-0116,
5445,1 (11) 500 555-0116,,
5534,1 (11) 500 555-0116,,
5832,,1 (11) 500 555-0116,
5863,,1 (11) 500 555-0116,
5984,1 (11) 500 555-0116,,
6077,,1 (11) 500 555-0116,
6285,1 (11) 500 555-0116,,
6311,1 (11) 500 555-0116,,
6354,1 (11) 500 555-0116,,
6360,1 (11) 500 555-0116,,
6364,1 (11) 500 555-0116,,
6392,1 (11) 500 555-0116,,
6512,1 (11) 500 555-0116,,
6675,1 (11) 500 555-0116,,
6735,,1 (11) 500 555-0116,
6912,,1 (11) 500 555-0116,
7275,1 (11) 500 555-0116,,
7321,1 (11) 500 555-0116,,
7619,1 (11) 500 555-0116,,
7781,,1 (11) 500 555-0116,
7850,1 (11) 500 555-0116,,
8073,1 (11) 500 555-0116,,
8155,1 (11) 500 555-0116,,
8267,1 (11) 500 555-0116,,
8376,1 (11) 500 555-0116,,
8396,1 (11) 500 555-0116,,
8467,1 (11) 500 555-0116,,
8547,,1 (11) 500 555-0116,
8653,1 (11) 500 555-0116,,
8754,,1 (11) 500 555-0116,
9309,1 (11) 500 555-0116,,
9322,,1 (11) 500 555-0116,
9496,1 (11) 500 555-0116,,
9585,,1 (11) 500 555-0116,
9736,1 (11) 500 555-0116,,
9742,1 (11) 500 555-0116,,
9827,,1 (11) 500 555-0116,
9851,1 (11) 500 555-0116,,
9886,,1 (11) 500 555-0116,
9894,1 (11) 500 555-0116,,
10165,,1 (11) 500 555-0116,
10254,1 (11) 500 555-0116,,
10292,,1 (11) 500 555-0116,
10294,1 (11) 500 555-0116,,
10484,1 (11) 500 555-0116,,
10485,,1 (11) 500 555-0116,
10569,,1 (11) 500 555-0116,
10774,,1 (11) 500 555-0116,
10792,1 (11) 500 555-0116,,
10841,1 (11) 500 555-0116,,
10858,,1 (11) 500 555-0116,
10981,,1 (11) 500 555-0116,
11037,,1 (11) 500 555-0116,
11150,,1 (11) 500 555-0116,
11152,,1 (11) 500 555-0116,
11168,1 (11) 500 555-0116,,
11377,,1 (11) 500 555-0116,
11424,1 (11) 500 555-0116,,
11544,1 (11) 500 555-0116,,
11660,1 (11) 500 555-0116,,
11690,,1 (11) 500 555-0116,
11814,1 (11) 500 555-0116,,
12056,1 (11) 500 555-0116,,
12081,1 (11) 500 555-0116,,
12127,1 (11) 500 555-0116,,
12134,1 (11) 500 555-0116,,
12277,,1 (11) 500 555-0116,
12512,1 (11) 500 555-0116,,
12548,,1 (11) 500 555-0116,
12559,,1 (11) 500 555-0116,
12622,,1 (11) 500 555-0116,
12639,1 (11) 500 555-0116,,
12879,,1 (11) 500 555-0116,
13110,1 (11) 500 555-0116,,
13192,1 (11) 500 555-0116,,
13234,,1 (11) 500 555-0116,
13246,,1 (11) 500 555-0116,
13343,1 (11) 500 555-0116,,
13637,1 (11) 500 555-0116,,
13839,1 (11) 500 555-0116,,
13898,,1 (11) 500 555-0116,
13911,,1 (11) 500 555-0116,
13922,,1 (11) 500 555-0116,
14250,1 (11) 500 555-0116,,
14281,,1 (11) 500 555-0116,
14331,,1 (11) 500 555-0116,
14509,,1 (11) 500 555-0116,
14549,,1 (11) 500 555-0116,
14586,1 (11) 500 555-0116,,
14634,1 (11) 500 555-0116,,
14725,,1 (11) 500 555-0116,
14732,1 (11) 500 555-0116,,
14734,1 (11) 500 555-0116,,
14886,,1 (11) 500 555-0116,
14964,1 (11) 500 555-0116,,
15063,1 (11) 500 555-0116,,
15077,,1 (11) 500 555-0116,
15088,,1 (11) 500 555-0116,
15145,1 (11) 500 555-0116,,
15177,1 (11) 500 555-0116,,
15205,1 (11) 500 555-0116,,
15471,1 (11) 500 555-0116,,
15637,1 (11) 500 555-0116,,
15698,,1 (11) 500 555-0116,
15753,,1 (11) 500 555-0116,
15775,1 (11) 500 555-0116,,
15875,,1 (11) 500 555-0116,
15967,1 (11) 500 555-0116,,
16020,,1 (11) 500 555-0116,
16234,1 (11) 500 555-0116,,
16263,1 (11) 500 555-0116,,
16505,1 (11) 500 555-0116,,
16622,,1 (11) 500 555-0116,
16671,1 (11) 500 555-0116,,
16697,,1 (11) 500 555-0116,
16939,,1 (11) 500 555-0116,
16960,1 (11) 500 555-0116,,
16978,1 (11) 500 555-0116,,
17215,1 (11) 500 555-0116,,
17334,,1 (11) 500 555-0116,
17348,1 (11) 500 555-0116,,
17550,,1 (11) 500 555-0116,
17592,,1 (11) 500 555-0116,
17787,1 (11) 500 555-0116,,
17804,,1 (11) 500 555-0116,
17868,1 (11) 500 555-0116,,
17908,,1 (11) 500 555-0116,
17976,1 (11) 500 555-0116,,
18003,1 (11) 500 555-0116,,
18072,1 (11) 500 555-0116,,
18073,,1 (11) 500 555-0116,
18100,1 (11) 500 555-0116,,
18157,,1 (11) 500 555-0116,
18203,,1 (11) 500 555-0116,
18293,1 (11) 500 555-0116,,
18382,,1 (11) 500 555-0116,
18555,,1 (11) 500 555-0116,
18650,1 (11) 500 555-0116,,
18667,1 (11) 500 555-0116,,
18681,,1 (11) 500 555-0116,
18738,1 (11) 500 555-0116,,
18944,1 (11) 500 555-0116,,
18958,,1 (11) 500 555-0116,
19074,,1 (11) 500 555-0116,
19272,,1 (11) 500 555-0116,
19344,,1 (11) 500 555-0116,
19458,,1 (11) 500 555-0116,
19703,1 (11) 500 555-0116,,
19725,1 (11) 500 555-0116,,
19787,1 (11) 500 555-0116,,
20018,,1 (11) 500 555-0116,
20062,1 (11) 500 555-0116,,
20098,1 (11) 500 555-0116,,
20258,1 (11) 500 555-0116,,
20376,,1 (11) 500 555-0116,
20418,1 (11) 500 555-0116,,
20641,1 (11) 500 555-0116,,
20661,,1 (11) 500 555-0116,
20725,1 (11) 500 555-0116,,
290,1 (11) 500 555-0117,,
729,,,1 (11) 500 555-0117
2454,,1 (11) 500 555-0117,
2492,1 (11) 500 555-0117,,
2695,1 (11) 500 555-0117,,
2714,,1 (11) 500 555-0117,
2754,1 (11) 500 555-0117,,
2788,,1 (11) 500 555-0117,
2795,1 (11) 500 555-0117,,
2993,1 (11) 500 555-0117,,
3022,1 (11) 500 555-0117,,
3040,,1 (11) 500 555-0117,
3117,,1 (11) 500 555-0117,
3166,1 (11) 500 555-0117,,
3219,,1 (11) 500 555-0117,
3246,1 (11) 500 555-0117,,
3471,1 (11) 500 555-0117,,
3519,1 (11) 500 555-0117,,
3528,1 (11) 500 555-0117,,
3539,,1 (11) 500 555-0117,
3551,,1 (11) 500 555-0117,
3788,1 (11) 500 555-0117,,
3822,1 (11) 500 555-0117,,
3908,,1 (11) 500 555-0117,
3954,,1 (11) 500 555-0117,
4156,,1 (11) 500 555-0117,
4345,1 (11) 500 555-0117,,
4408,1 (11) 500 555-0117,,
4685,1 (11) 500 555-0117,,
4936,,1 (11) 500 555-0117,
4942,,1 (11) 500 555-0117,
5001,1 (11) 500 555-0117,,
5073,1 (11) 500 555-0117,,
5126,,1 (11) 500 555-0117,
5241,,1 (11) 500 555-0117,
5279,1 (11) 500 555-0117,,
5351,,1 (11) 500 555-0117,
5564,1 (11) 500 555-0117,,
5818,1 (11) 500 555-0117,,
5825,,1 (11) 500 555-0117,
5959,1 (11) 500 555-0117,,
6190,1 (11) 500 555-0117,,
6225,1 (11) 500 555-0117,,
6394,,1 (11) 500 555-0117,
6458,1 (11) 500 555-0117,,
6798,1 (11) 500 555-0117,,
6803,1 (11) 500 555-0117,,
6835,,1 (11) 500 555-0117,
6858,1 (11) 500 555-0117,,
6971,1 (11) 500 555-0117,,
7006,,1 (11) 500 555-0117,
7188,1 (11) 500 555-0117,,
7202,1 (11) 500 555-0117,,
7223,1 (11) 500 555-0117,,
7240,,1 (11) 500 555-0117,
7310,1 (11) 500 555-0117,,
7360,1 (11) 500 555-0117,,
7492,,1 (11) 500 555-0117,
7691,,1 (11) 500 555-0117,
7829,,1 (11) 500 555-0117,
7902,1 (11) 500 555-0117,,
7944,,1 (11) 500 555-0117,
7977,,1 (11) 500 555-0117,
8000,1 (11) 500 555-0117,,
8046,1 (11) 500 555-0117,,
8082,1 (11) 500 555-0117,,
8162,1 (11) 500 555-0117,,
8166,,1 (11) 500 555-0117,
8372,,1 (11) 500 555-0117,
8583,1 (11) 500 555-0117,,
8606,1 (11) 500 555-0117,,
8701,1 (11) 500 555-0117,,
9107,1 (11) 500 555-0117,,
9300,1 (11) 500 555-0117,,
9513,,1 (11) 500 555-0117,
9568,1 (11) 500 555-0117,,
9660,,1 (11) 500 555-0117,
9730,,1 (11) 500 555-0117,
9766,,1 (11) 500 555-0117,
9841,1 (11) 500 555-0117,,
9859,,1 (11) 500 555-0117,
9979,1 (11) 500 555-0117,,
10024,1 (11) 500 555-0117,,
10513,,1 (11) 500 555-0117,
10610,,1 (11) 500 555-0117,
10779,1 (11) 500 555-0117,,
10842,1 (11) 500 555-0117,,
10915,,1 (11) 500 555-0117,
10957,1 (11) 500 555-0117,,
10964,1 (11) 500 555-0117,,
11109,1 (11) 500 555-0117,,
11194,1 (11) 500 555-0117,,
11220,1 (11) 500 555-0117,,
11331,1 (11) 500 555-0117,,
11520,,1 (11) 500 555-0117,
11736,,1 (11) 500 555-0117,
11929,,1 (11) 500 555-0117,
12142,1 (11) 500 555-0117,,
12290,,1 (11) 500 555-0117,
12416,,1 (11) 500 555-0117,
12436,1 (11) 500 555-0117,,
12504,1 (11) 500 555-0117,,
12539,1 (11) 500 555-0117,,
12564,,1 (11) 500 555-0117,
12613,,1 (11) 500 555-0117,
12784,1 (11) 500 555-0117,,
12949,1 (11) 500 555-0117,,
12979,,1 (11) 500 555-0117,
13002,,1 (11) 500 555-0117,
13048,,1 (11) 500 555-0117,
13539,1 (11) 500 555-0117,,
13607,,1 (11) 500 555-0117,
13877,,1 (11) 500 555-0117,
13893,1 (11) 500 555-0117,,
14069,1 (11) 500 555-0117,,
14076,1 (11) 500 555-0117,,
14327,1 (11) 500 555-0117,,
14547,,1 (11) 500 555-0117,
14672,1 (11) 500 555-0117,,
14729,1 (11) 500 555-0117,,
14790,,1 (11) 500 555-0117,
14836,,1 (11) 500 555-0117,
14837,1 (11) 500 555-0117,,
14894,1 (11) 500 555-0117,,
14930,1 (11) 500 555-0117,,
14987,,1 (11) 500 555-0117,
15074,1 (11) 500 555-0117,,
15208,1 (11) 500 555-0117,,
15606,1 (11) 500 555-0117,,
15625,1 (11) 500 555-0117,,
15631,1 (11) 500 555-0117,,
15712,1 (11) 500 555-0117,,
15713,,1 (11) 500 555-0117,
15767,1 (11) 500 555-0117,,
15837,,1 (11) 500 555-0117,
15888,,1 (11) 500 555-0117,
15902,,1 (11) 500 555-0117,
15940,1 (11) 500 555-0117,,
16030,,1 (11) 500 555-0117,
16034,1 (11) 500 555-0117,,
16036,,1 (11) 500 555-0117,
16276,,1 (11) 500 555-0117,
16606,1 (11) 500 555-0117,,
16733,1 (11) 500 555-0117,,
16878,1 (11) 500 555-0117,,
17033,,1 (11) 500 555-0117,
17088,,1 (11) 500 555-0117,
17170,1 (11) 500 555-0117,,
17186,1 (11) 500 555-0117,,
17227,1 (11) 500 555-0117,,
17230,,1 (11) 500 555-0117,
17344,1 (11) 500 555-0117,,
17551,1 (11) 500 555-0117,,
17610,1 (11) 500 555-0117,,
17732,,1 (11) 500 555-0117,
17830,1 (11) 500 555-0117,,
17956,1 (11) 500 555-0117,,
18238,1 (11) 500 555-0117,,
18258,,1 (11) 500 555-0117,
18432,1 (11) 500 555-0117,,
18483,,1 (11) 500 555-0117,
18525,1 (11) 500 555-0117,,
18664,,1 (11) 500 555-0117,
18674,1 (11) 500 555-0117,,
18849,1 (11) 500 555-0117,,
19011,1 (11) 500 555-0117,,
19025,,1 (11) 500 555-0117,
19028,,1 (11) 500 555-0117,
19050,,1 (11) 500 555-0117,
19106,,1 (11) 500 555-0117,
19204,1 (11) 500 555-0117,,
19398,1 (11) 500 555-0117,,
19560,1 (11) 500 555-0117,,
19704,1 (11) 500 555-0117,,
19740,1 (11) 500 555-0117,,
19782,1 (11) 500 555-0117,,
20270,1 (11) 500 555-0117,,
20354,,1 (11) 500 555-0117,
20395,1 (11) 500 555-0117,,
20439,,1 (11) 500 555-0117,
20583,,1 (11) 500 555-0117,
20768,,1 (11) 500 555-0117,
595,,,1 (11) 500 555-0118
601,1 (11) 500 555-0118,,
795,1 (11) 500 555-0118,,
1053,1 (11) 500 555-0118,,
2380,1 (11) 500 555-0118,,
2466,1 (11) 500 555-0118,,
2506,1 (11) 500 555-0118,,
2594,,1 (11) 500 555-0118,
2750,,1 (11) 500 555-0118,
2871,1 (11) 500 555-0118,,
2872,1 (11) 500 555-0118,,
2885,,1 (11) 500 555-0118,
3249,1 (11) 500 555-0118,,
3262,,1 (11) 500 555-0118,
3279,,1 (11) 500 555-0118,
3295,,1 (11) 500 555-0118,
3669,1 (11) 500 555-0118,,
3704,,1 (11) 500 555-0118,
3751,1 (11) 500 555-0118,,
3801,,1 (11) 500 555-0118,
3814,1 (11) 500 555-0118,,
3829,1 (11) 500 555-0118,,
3846,,1 (11) 500 555-0118,
3993,,1 (11) 500 555-0118,
4016,1 (11) 500 555-0118,,
4029,,1 (11) 500 555-0118,
4114,1 (11) 500 555-0118,,
4149,,1 (11) 500 555-0118,
4520,1 (11) 500 555-0118,,
4564,,1 (11) 500 555-0118,
4573,,1 (11) 500 555-0118,
4636,1 (11) 500 555-0118,,
4653,1 (11) 500 555-0118,,
4715,,1 (11) 500 555-0118,
4774,,1 (11) 500 555-0118,
4800,1 (11) 500 555-0118,,
4840,,1 (11) 500 555-0118,
4903,1 (11) 500 555-0118,,
4913,1 (11) 500 555-0118,,
4916,,1 (11) 500 555-0118,
5175,1 (11) 500 555-0118,,
5246,1 (11) 500 555-0118,,
5266,1 (11) 500 555-0118,,
5318,1 (11) 500 555-0118,,
5327,,1 (11) 500 555-0118,
5344,,1 (11) 500 555-0118,
5408,,1 (11) 500 555-0118,
5655,,1 (11) 500 555-0118,
5698,1 (11) 500 555-0118,,
5783,1 (11) 500 555-0118,,
5875,1 (11) 500 555-0118,,
6130,,1 (11) 500 555-0118,
6133,1 (11) 500 555-0118,,
6202,,1 (11) 500 555-0118,
6353,1 (11) 500 555-0118,,
6356,1 (11) 500 555-0118,,
6429,,1 (11) 500 555-0118,
6491,1 (11) 500 555-0118,,
6520,,1 (11) 500 555-0118,
6588,,1 (11) 500 555-0118,
6884,1 (11) 500 555-0118,,
6905,1 (11) 500 555-0118,,
7146,,1 (11) 500 555-0118,
7154,1 (11) 500 555-0118,,
7205,1 (11) 500 555-0118,,
7236,,1 (11) 500 555-0118,
7273,1 (11) 500 555-0118,,
7428,1 (11) 500 555-0118,,
7653,,1 (11) 500 555-0118,
7655,,1 (11) 500 555-0118,
7659,1 (11) 500 555-0118,,
7796,,1 (11) 500 555-0118,
7947,1 (11) 500 555-0118,,
8045,,1 (11) 500 555-0118,
8245,1 (11) 500 555-0118,,
8316,1 (11) 500 555-0118,,
8397,,1 (11) 500 555-0118,
8511,1 (11) 500 555-0118,,
8689,1 (11) 500 555-0118,,
8799,,1 (11) 500 555-0118,
8839,1 (11) 500 555-0118,,
9015,,1 (11) 500 555-0118,
9022,,1 (11) 500 555-0118,
9035,1 (11) 500 555-0118,,
9063,1 (11) 500 555-0118,,
9393,1 (11) 500 555-0118,,
9488,1 (11) 500 555-0118,,
9490,1 (11) 500 555-0118,,
9531,,1 (11) 500 555-0118,
9607,,1 (11) 500 555-0118,
9695,,1 (11) 500 555-0118,
9708,,1 (11) 500 555-0118,
9750,,1 (11) 500 555-0118,
9834,,1 (11) 500 555-0118,
9869,1 (11) 500 555-0118,,
9916,1 (11) 500 555-0118,,
10291,1 (11) 500 555-0118,,
10370,,1 (11) 500 555-0118,
10443,1 (11) 500 555-0118,,
10475,1 (11) 500 555-0118,,
10490,1 (11) 500 555-0118,,
10580,,1 (11) 500 555-0118,
10596,,1 (11) 500 555-0118,
10603,,1 (11) 500 555-0118,
10699,,1 (11) 500 555-0118,
10755,1 (11) 500 555-0118,,
10783,,1 (11) 500 555-0118,
10819,,1 (11) 500 555-0118,
10948,,1 (11) 500 555-0118,
11036,1 (11) 500 555-0118,,
11184,,1 (11) 500 555-0118,
11254,,1 (11) 500 555-0118,
11414,,1 (11) 500 555-0118,
11446,,1 (11) 500 555-0118,
11511,,1 (11) 500 555-0118,
11636,1 (11) 500 555-0118,,
11706,1 (11) 500 555-0118,,
11754,,1 (11) 500 555-0118,
11834,,1 (11) 500 555-0118,
11941,1 (11) 500 555-0118,,
11953,,1 (11) 500 555-0118,
12061,1 (11) 500 555-0118,,
12098,,1 (11) 500 555-0118,
12238,1 (11) 500 555-0118,,
12261,,1 (11) 500 555-0118,
12304,,1 (11) 500 555-0118,
12386,1 (11) 500 555-0118,,
12421,1 (11) 500 555-0118,,
12821,,1 (11) 500 555-0118,
13118,1 (11) 500 555-0118,,
13147,1 (11) 500 555-0118,,
13154,1 (11) 500 555-0118,,
13270,,1 (11) 500 555-0118,
13502,,1 (11) 500 555-0118,
13641,1 (11) 500 555-0118,,
13644,1 (11) 500 555-0118,,
13840,,1 (11) 500 555-0118,
13866,1 (11) 500 555-0118,,
13930,1 (11) 500 555-0118,,
14046,1 (11) 500 555-0118,,
14122,,1 (11) 500 555-0118,
14210,,1 (11) 500 555-0118,
14262,,1 (11) 500 555-0118,
14486,,1 (11) 500 555-0118,
14579,,1 (11) 500 555-0118,
14641,,1 (11) 500 555-0118,
14931,1 (11) 500 555-0118,,
14951,1 (11) 500 555-0118,,
15046,,1 (11) 500 555-0118,
15156,1 (11) 500 555-0118,,
15168,1 (11) 500 555-0118,,
15249,,1 (11) 500 555-0118,
15298,1 (11) 500 555-0118,,
15482,,1 (11) 500 555-0118,
15598,,1 (11) 500 555-0118,
15696,1 (11) 500 555-0118,,
15718,1 (11) 500 555-0118,,
15763,1 (11) 500 555-0118,,
15856,,1 (11) 500 555-0118,
15897,,1 (11) 500 555-0118,
16016,1 (11) 500 555-0118,,
16215,,1 (11) 500 555-0118,
16221,1 (11) 500 555-0118,,
16229,,1 (11) 500 555-0118,
16270,1 (11) 500 555-0118,,
16312,1 (11) 500 555-0118,,
16438,,1 (11) 500 555-0118,
16543,,1 (11) 500 555-0118,
16717,,1 (11) 500 555-0118,
17061,,1 (11) 500 555-0118,
17094,,1 (11) 500 555-0118,
17329,,1 (11) 500 555-0118,
17472,,1 (11) 500 555-0118,
17538,1 (11) 500 555-0118,,
17740,,1 (11) 500 555-0118,
17764,1 (11) 500 555-0118,,
17841,,1 (11) 500 555-0118,
17904,,1 (11) 500 555-0118,
17990,1 (11) 500 555-0118,,
18036,1 (11) 500 555-0118,,
18123,1 (11) 500 555-0118,,
18205,1 (11) 500 555-0118,,
18225,,1 (11) 500 555-0118,
18228,,1 (11) 500 555-0118,
18528,,1 (11) 500 555-0118,
18536,,1 (11) 500 555-0118,
18742,1 (11) 500 555-0118,,
18767,1 (11) 500 555-0118,,
18860,,1 (11) 500 555-0118,
18901,,1 (11) 500 555-0118,
19129,1 (11) 500 555-0118,,
19167,1 (11) 500 555-0118,,
19261,,1 (11) 500 555-0118,
19280,1 (11) 500 555-0118,,
19288,1 (11) 500 555-0118,,
19328,1 (11) 500 555-0118,,
19482,,1 (11) 500 555-0118,
19498,,1 (11) 500 555-0118,
19503,1 (11) 500 555-0118,,
19535,,1 (11) 500 555-0118,
19566,1 (11) 500 555-0118,,
19596,,1 (11) 500 555-0118,
19728,1 (11) 500 555-0118,,
19763,1 (11) 500 555-0118,,
20003,,1 (11) 500 555-0118,
20035,,1 (11) 500 555-0118,
20070,,1 (11) 500 555-0118,
20426,1 (11) 500 555-0118,,
20444,1 (11) 500 555-0118,,
893,1 (11) 500 555-0119,,
1115,1 (11) 500 555-0119,,
1313,1 (11) 500 555-0119,,
2524,1 (11) 500 555-0119,,
2526,1 (11) 500 555-0119,,
2531,1 (11) 500 555-0119,,
2560,,1 (11) 500 555-0119,
2820,,1 (11) 500 555-0119,
2888,1 (11) 500 555-0119,,
2912,,1 (11) 500 555-0119,
3135,1 (11) 500 555-0119,,
3137,1 (11) 500 555-0119,,
3398,,1 (11) 500 555-0119,
3446,,1 (11) 500 555-0119,
3505,1 (11) 500 555-0119,,
3546,,1 (11) 500 555-0119,
3722,,1 (11) 500 555-0119,
3803,1 (11) 500 555-0119,,
3833,1 (11) 500 555-0119,,
3851,,1 (11) 500 555-0119,
3929,1 (11) 500 555-0119,,
3979,1 (11) 500 555-0119,,
4046,1 (11) 500 555-0119,,
4155,,1 (11) 500 555-0119,
4294,,1 (11) 500 555-0119,
5012,,1 (11) 500 555-0119,
5145,,1 (11) 500 555-0119,
5220,,1 (11) 500 555-0119,
5257,,1 (11) 500 555-0119,
5298,1 (11) 500 555-0119,,
5317,1 (11) 500 555-0119,,
5379,,1 (11) 500 555-0119,
5498,,1 (11) 500 555-0119,
5722,1 (11) 500 555-0119,,
5936,,1 (11) 500 555-0119,
5961,1 (11) 500 555-0119,,
6019,1 (11) 500 555-0119,,
6230,1 (11) 500 555-0119,,
6277,1 (11) 500 555-0119,,
6299,1 (11) 500 555-0119,,
6436,,1 (11) 500 555-0119,
6590,,1 (11) 500 555-0119,
6607,1 (11) 500 555-0119,,
6683,,1 (11) 500 555-0119,
6719,1 (11) 500 555-0119,,
6832,,1 (11) 500 555-0119,
6950,,1 (11) 500 555-0119,
7244,,1 (11) 500 555-0119,
7493,1 (11) 500 555-0119,,
7632,,1 (11) 500 555-0119,
7645,1 (11) 500 555-0119,,
7679,1 (11) 500 555-0119,,
7834,1 (11) 500 555-0119,,
7848,,1 (11) 500 555-0119,
8104,1 (11) 500 555-0119,,
8167,1 (11) 500 555-0119,,
8185,1 (11) 500 555-0119,,
8213,1 (11) 500 555-0119,,
8249,1 (11) 500 555-0119,,
8260,,1 (11) 500 555-0119,
8279,,1 (11) 500 555-0119,
8491,1 (11) 500 555-0119,,
8522,,1 (11) 500 555-0119,
8608,,1 (11) 500 555-0119,
8614,,1 (11) 500 555-0119,
8885,1 (11) 500 555-0119,,
8984,,1 (11) 500 555-0119,
9044,,1 (11) 500 555-0119,
9054,,1 (11) 500 555-0119,
9091,1 (11) 500 555-0119,,
9148,,1 (11) 500 555-0119,
9188,1 (11) 500 555-0119,,
9270,,1 (11) 500 555-0119,
9339,,1 (11) 500 555-0119,
10022,,1 (11) 500 555-0119,
10415,1 (11) 500 555-0119,,
10438,,1 (11) 500 555-0119,
10522,,1 (11) 500 555-0119,
10677,1 (11) 500 555-0119,,
10703,1 (11) 500 555-0119,,
10729,,1 (11) 500 555-0119,
10773,,1 (11) 500 555-0119,
10797,1 (11) 500 555-0119,,
10827,1 (11) 500 555-0119,,
10830,,1 (11) 500 555-0119,
10940,1 (11) 500 555-0119,,
10984,1 (11) 500 555-0119,,
10992,,1 (11) 500 555-0119,
11267,,1 (11) 500 555-0119,
11329,1 (11) 500 555-0119,,
11668,,1 (11) 500 555-0119,
11757,,1 (11) 500 555-0119,
11780,1 (11) 500 555-0119,,
11829,1 (11) 500 555-0119,,
11903,,1 (11) 500 555-0119,
11915,1 (11) 500 555-0119,,
11958,,1 (11) 500 555-0119,
12004,,1 (11) 500 555-0119,
12206,1 (11) 500 555-0119,,
12250,1 (11) 500 555-0119,,
12573,,1 (11) 500 555-0119,
12576,,1 (11) 500 555-0119,
12580,,1 (11) 500 555-0119,
12626,,1 (11) 500 555-0119,
13127,,1 (11) 500 555-0119,
13422,,1 (11) 500 555-0119,
13444,,1 (11) 500 555-0119,
13578,1 (11) 500 555-0119,,
13639,,1 (11) 500 555-0119,
13665,1 (11) 500 555-0119,,
13668,,1 (11) 500 555-0119,
13708,,1 (11) 500 555-0119,
13793,,1 (11) 500 555-0119,
13947,1 (11) 500 555-0119,,
13970,1 (11) 500 555-0119,,
14205,1 (11) 500 555-0119,,
14359,1 (11) 500 555-0119,,
14398,1 (11) 500 555-0119,,
14437,1 (11) 500 555-0119,,
14450,1 (11) 500 555-0119,,
14536,,1 (11) 500 555-0119,
14583,,1 (11) 500 555-0119,
14720,1 (11) 500 555-0119,,
14749,1 (11) 500 555-0119,,
14776,1 (11) 500 555-0119,,
14810,1 (11) 500 555-0119,,
15000,1 (11) 500 555-0119,,
15048,1 (11) 500 555-0119,,
15140,1 (11) 500 555-0119,,
15149,1 (11) 500 555-0119,,
15312,1 (11) 500 555-0119,,
15313,,1 (11) 500 555-0119,
15442,,1 (11) 500 555-0119,
15526,1 (11) 500 555-0119,,
15624,,1 (11) 500 555-0119,
15782,1 (11) 500 555-0119,,
15785,,1 (11) 500 555-0119,
15830,1 (11) 500 555-0119,,
15970,1 (11) 500 555-0119,,
16130,,1 (11) 500 555-0119,
16235,,1 (11) 500 555-0119,
16239,,1 (11) 500 555-0119,
16282,1 (11) 500 555-0119,,
16540,,1 (11) 500 555-0119,
16595,,1 (11) 500 555-0119,
16657,1 (11) 500 555-0119,,
16715,,1 (11) 500 555-0119,
16797,,1 (11) 500 555-0119,
16818,,1 (11) 500 555-0119,
17001,1 (11) 500 555-0119,,
17052,1 (11) 500 555-0119,,
17062,1 (11) 500 555-0119,,
17108,1 (11) 500 555-0119,,
17113,1 (11) 500 555-0119,,
17131,,1 (11) 500 555-0119,
17133,,1 (11) 500 555-0119,
17420,,1 (11) 500 555-0119,
17435,1 (11) 500 555-0119,,
17584,,1 (11) 500 555-0119,
17702,1 (11) 500 555-0119,,
17829,,1 (11) 500 555-0119,
17946,,1 (11) 500 555-0119,
17959,1 (11) 500 555-0119,,
18127,,1 (11) 500 555-0119,
18138,1 (11) 500 555-0119,,
18186,1 (11) 500 555-0119,,
18561,1 (11) 500 555-0119,,
18781,,1 (11) 500 555-0119,
18799,,1 (11) 500 555-0119,
18897,,1 (11) 500 555-0119,
19059,,1 (11) 500 555-0119,
19122,,1 (11) 500 555-0119,
19274,1 (11) 500 555-0119,,
19444,1 (11) 500 555-0119,,
19598,1 (11) 500 555-0119,,
19672,,1 (11) 500 555-0119,
19842,1 (11) 500 555-0119,,
20140,,1 (11) 500 555-0119,
20181,1 (11) 500 555-0119,,
20266,,1 (11) 500 555-0119,
20574,,1 (11) 500 555-0119,
20767,1 (11) 500 555-0119,,
627,1 (11) 500 555-0120,,
1891,,,1 (11) 500 555-0120
2498,1 (11) 500 555-0120,,
2616,1 (11) 500 555-0120,,
2629,1 (11) 500 555-0120,,
2652,,1 (11) 500 555-0120,
2719,,1 (11) 500 555-0120,
3184,1 (11) 500 555-0120,,
3389,1 (11) 500 555-0120,,
3432,1 (11) 500 555-0120,,
3500,,1 (11) 500 555-0120,
4333,1 (11) 500 555-0120,,
4375,,1 (11) 500 555-0120,
4396,,1 (11) 500 555-0120,
4710,,1 (11) 500 555-0120,
4737,,1 (11) 500 555-0120,
4918,1 (11) 500 555-0120,,
5290,,1 (11) 500 555-0120,
5354,,1 (11) 500 555-0120,
5467,1 (11) 500 555-0120,,
5979,1 (11) 500 555-0120,,
6010,1 (11) 500 555-0120,,
6473,,1 (11) 500 555-0120,
6573,,1 (11) 500 555-0120,
7002,1 (11) 500 555-0120,,
7011,,1 (11) 500 555-0120,
7115,,1 (11) 500 555-0120,
7167,,1 (11) 500 555-0120,
7315,1 (11) 500 555-0120,,
7388,,1 (11) 500 555-0120,
7857,1 (11) 500 555-0120,,
8594,,1 (11) 500 555-0120,
8769,1 (11) 500 555-0120,,
8777,1 (11) 500 555-0120,,
9308,1 (11) 500 555-0120,,
9675,,1 (11) 500 555-0120,
10206,1 (11) 500 555-0120,,
10747,1 (11) 500 555-0120,,
10778,,1 (11) 500 555-0120,
11019,,1 (11) 500 555-0120,
11065,,1 (11) 500 555-0120,
11258,,1 (11) 500 555-0120,
11327,1 (11) 500 555-0120,,
11589,1 (11) 500 555-0120,,
11801,,1 (11) 500 555-0120,
11842,,1 (11) 500 555-0120,
12104,1 (11) 500 555-0120,,
12118,1 (11) 500 555-0120,,
12208,,1 (11) 500 555-0120,
12384,,1 (11) 500 555-0120,
13350,1 (11) 500 555-0120,,
13512,1 (11) 500 555-0120,,
13556,1 (11) 500 555-0120,,
14051,,1 (11) 500 555-0120,
14211,,1 (11) 500 555-0120,
14265,1 (11) 500 555-0120,,
14303,,1 (11) 500 555-0120,
14755,,1 (11) 500 555-0120,
15115,,1 (11) 500 555-0120,
15183,,1 (11) 500 555-0120,
15678,,1 (11) 500 555-0120,
15910,,1 (11) 500 555-0120,
15934,1 (11) 500 555-0120,,
16198,1 (11) 500 555-0120,,
16401,1 (11) 500 555-0120,,
16862,1 (11) 500 555-0120,,
17206,,1 (11) 500 555-0120,
17373,1 (11) 500 555-0120,,
17753,,1 (11) 500 555-0120,
17860,1 (11) 500 555-0120,,
17925,1 (11) 500 555-0120,,
18094,,1 (11) 500 555-0120,
18147,,1 (11) 500 555-0120,
18499,,1 (11) 500 555-0120,
18791,,1 (11) 500 555-0120,
18953,,1 (11) 500 555-0120,
19065,1 (11) 500 555-0120,,
19749,1 (11) 500 555-0120,,
19819,,1 (11) 500 555-0120,
19918,,1 (11) 500 555-0120,
19944,,1 (11) 500 555-0120,
20020,,1 (11) 500 555-0120,
20380,,1 (11) 500 555-0120,
20652,1 (11) 500 555-0120,,
20772,,1 (11) 500 555-0120,
2615,,1 (11) 500 555-0121,
2681,,1 (11) 500 555-0121,
2840,1 (11) 500 555-0121,,
3268,1 (11) 500 555-0121,,
3381,1 (11) 500 555-0121,,
3591,,1 (11) 500 555-0121,
4001,1 (11) 500 555-0121,,
4039,,1 (11) 500 555-0121,
4041,,1 (11) 500 555-0121,
4392,,1 (11) 500 555-0121,
4462,,1 (11) 500 555-0121,
4706,,1 (11) 500 555-0121,
4781,,1 (11) 500 555-0121,
4833,,1 (11) 500 555-0121,
4864,1 (11) 500 555-0121,,
5349,1 (11) 500 555-0121,,
5599,1 (11) 500 555-0121,,
5907,1 (11) 500 555-0121,,
6148,1 (11) 500 555-0121,,
6173,,1 (11) 500 555-0121,
6183,,1 (11) 500 555-0121,
6199,1 (11) 500 555-0121,,
6391,,1 (11) 500 555-0121,
6500,,1 (11) 500 555-0121,
6581,,1 (11) 500 555-0121,
6625,,1 (11) 500 555-0121,
6864,1 (11) 500 555-0121,,
6996,1 (11) 500 555-0121,,
7156,1 (11) 500 555-0121,,
7220,,1 (11) 500 555-0121,
7361,,1 (11) 500 555-0121,
7514,,1 (11) 500 555-0121,
7571,,1 (11) 500 555-0121,
7600,1 (11) 500 555-0121,,
7708,1 (11) 500 555-0121,,
7920,1 (11) 500 555-0121,,
8030,1 (11) 500 555-0121,,
8425,,1 (11) 500 555-0121,
8792,1 (11) 500 555-0121,,
8994,,1 (11) 500 555-0121,
9521,,1 (11) 500 555-0121,
10243,1 (11) 500 555-0121,,
10351,,1 (11) 500 555-0121,
10719,,1 (11) 500 555-0121,
10727,,1 (11) 500 555-0121,
10734,1 (11) 500 555-0121,,
10958,,1 (11) 500 555-0121,
11364,,1 (11) 500 555-0121,
11630,1 (11) 500 555-0121,,
11696,1 (11) 500 555-0121,,
11772,,1 (11) 500 555-0121,
12152,1 (11) 500 555-0121,,
12225,1 (11) 500 555-0121,,
12363,,1 (11) 500 555-0121,
12651,1 (11) 500 555-0121,,
12874,,1 (11) 500 555-0121,
13339,1 (11) 500 555-0121,,
13369,1 (11) 500 555-0121,,
13452,,1 (11) 500 555-0121,
14824,,1 (11) 500 555-0121,
14855,1 (11) 500 555-0121,,
15366,1 (11) 500 555-0121,,
15491,1 (11) 500 555-0121,,
15732,,1 (11) 500 555-0121,
15758,1 (11) 500 555-0121,,
15905,,1 (11) 500 555-0121,
15952,,1 (11) 500 555-0121,
16065,,1 (11) 500 555-0121,
16755,1 (11) 500 555-0121,,
17092,,1 (11) 500 555-0121,
17236,1 (11) 500 555-0121,,
17485,1 (11) 500 555-0121,,
17609,,1 (11) 500 555-0121,
18071,,1 (11) 500 555-0121,
18838,1 (11) 500 555-0121,,
18932,,1 (11) 500 555-0121,
19228,1 (11) 500 555-0121,,
19374,,1 (11) 500 555-0121,
19489,1 (11) 500 555-0121,,
19558,1 (11) 500 555-0121,,
19913,1 (11) 500 555-0121,,
19940,,1 (11) 500 555-0121,
20007,,1 (11) 500 555-0121,
20453,1 (11) 500 555-0121,,
20559,,1 (11) 500 555-0121,
20565,,1 (11) 500 555-0121,
507,1 (11) 500 555-0122,,
549,,,1 (11) 500 555-0122
593,,,1 (11) 500 555-0122
1271,1 (11) 500 555-0122,,
1841,1 (11) 500 555-0122,,
2491,1 (11) 500 555-0122,,
2494,,1 (11) 500 555-0122,
2942,1 (11) 500 555-0122,,
2967,1 (11) 500 555-0122,,
3127,,1 (11) 500 555-0122,
3351,1 (11) 500 555-0122,,
3475,1 (11) 500 555-0122,,
3784,1 (11) 500 555-0122,,
4550,,1 (11) 500 555-0122,
4749,1 (11) 500 555-0122,,
5300,1 (11) 500 555-0122,,
5397,,1 (11) 500 555-0122,
5735,1 (11) 500 555-0122,,
5850,,1 (11) 500 555-0122,
6348,1 (11) 500 555-0122,,
6351,,1 (11) 500 555-0122,
6374,,1 (11) 500 555-0122,
6795,,1 (11) 500 555-0122,
6959,1 (11) 500 555-0122,,
7164,1 (11) 500 555-0122,,
7304,1 (11) 500 555-0122,,
7379,1 (11) 500 555-0122,,
7610,,1 (11) 500 555-0122,
7656,1 (11) 500 555-0122,,
7810,1 (11) 500 555-0122,,
7888,,1 (11) 500 555-0122,
8618,1 (11) 500 555-0122,,
8670,1 (11) 500 555-0122,,
8991,,1 (11) 500 555-0122,
9078,,1 (11) 500 555-0122,
9213,,1 (11) 500 555-0122,
9224,,1 (11) 500 555-0122,
9669,,1 (11) 500 555-0122,
9721,,1 (11) 500 555-0122,
10638,,1 (11) 500 555-0122,
10768,1 (11) 500 555-0122,,
10815,,1 (11) 500 555-0122,
11359,,1 (11) 500 555-0122,
11408,1 (11) 500 555-0122,,
11568,,1 (11) 500 555-0122,
11940,1 (11) 500 555-0122,,
12260,,1 (11) 500 555-0122,
13060,1 (11) 500 555-0122,,
13294,1 (11) 500 555-0122,,
13301,,1 (11) 500 555-0122,
13360,,1 (11) 500 555-0122,
14116,1 (11) 500 555-0122,,
14146,,1 (11) 500 555-0122,
14394,,1 (11) 500 555-0122,
14503,,1 (11) 500 555-0122,
14655,,1 (11) 500 555-0122,
14664,,1 (11) 500 555-0122,
14781,1 (11) 500 555-0122,,
15450,,1 (11) 500 555-0122,
15463,,1 (11) 500 555-0122,
15487,1 (11) 500 555-0122,,
15689,,1 (11) 500 555-0122,
16070,1 (11) 500 555-0122,,
16335,,1 (11) 500 555-0122,
16386,,1 (11) 500 555-0122,
16694,1 (11) 500 555-0122,,
16924,,1 (11) 500 555-0122,
17042,1 (11) 500 555-0122,,
17116,1 (11) 500 555-0122,,
17306,1 (11) 500 555-0122,,
17398,,1 (11) 500 555-0122,
17443,1 (11) 500 555-0122,,
17452,1 (11) 500 555-0122,,
17459,1 (11) 500 555-0122,,
17506,,1 (11) 500 555-0122,
17725,1 (11) 500 555-0122,,
17836,,1 (11) 500 555-0122,
17855,,1 (11) 500 555-0122,
18045,,1 (11) 500 555-0122,
18486,,1 (11) 500 555-0122,
18603,1 (11) 500 555-0122,,
19255,,1 (11) 500 555-0122,
19266,,1 (11) 500 555-0122,
19293,,1 (11) 500 555-0122,
19463,,1 (11) 500 555-0122,
19531,1 (11) 500 555-0122,,
19651,,1 (11) 500 555-0122,
19665,1 (11) 500 555-0122,,
19795,1 (11) 500 555-0122,,
19977,,1 (11) 500 555-0122,
20109,1 (11) 500 555-0122,,
20141,,1 (11) 500 555-0122,
20157,1 (11) 500 555-0122,,
20194,1 (11) 500 555-0122,,
20265,1 (11) 500 555-0122,,
20402,,1 (11) 500 555-0122,
20516,,1 (11) 500 555-0122,
20721,,1 (11) 500 555-0122,
865,1 (11) 500 555-0123,,
905,,,1 (11) 500 555-0123
1103,1 (11) 500 555-0123,,
3168,,1 (11) 500 555-0123,
3335,1 (11) 500 555-0123,,
3491,,1 (11) 500 555-0123,
3507,1 (11) 500 555-0123,,
3663,,1 (11) 500 555-0123,
3861,,1 (11) 500 555-0123,
4087,,1 (11) 500 555-0123,
4382,,1 (11) 500 555-0123,
4420,1 (11) 500 555-0123,,
4565,1 (11) 500 555-0123,,
4846,,1 (11) 500 555-0123,
5044,1 (11) 500 555-0123,,
5100,1 (11) 500 555-0123,,
5391,1 (11) 500 555-0123,,
5486,,1 (11) 500 555-0123,
5562,,1 (11) 500 555-0123,
5869,1 (11) 500 555-0123,,
5940,,1 (11) 500 555-0123,
6138,1 (11) 500 555-0123,,
6519,,1 (11) 500 555-0123,
6764,1 (11) 500 555-0123,,
7110,1 (11) 500 555-0123,,
7513,,1 (11) 500 555-0123,
8220,1 (11) 500 555-0123,,
8303,,1 (11) 500 555-0123,
8716,1 (11) 500 555-0123,,
8924,1 (11) 500 555-0123,,
9402,,1 (11) 500 555-0123,
9686,,1 (11) 500 555-0123,
9878,1 (11) 500 555-0123,,
9918,,1 (11) 500 555-0123,
9959,1 (11) 500 555-0123,,
10044,,1 (11) 500 555-0123,
10130,1 (11) 500 555-0123,,
10272,,1 (11) 500 555-0123,
10397,,1 (11) 500 555-0123,
10834,,1 (11) 500 555-0123,
11074,1 (11) 500 555-0123,,
11478,1 (11) 500 555-0123,,
11889,1 (11) 500 555-0123,,
12074,1 (11) 500 555-0123,,
12084,1 (11) 500 555-0123,,
12213,,1 (11) 500 555-0123,
12345,1 (11) 500 555-0123,,
12794,1 (11) 500 555-0123,,
13105,,1 (11) 500 555-0123,
13224,,1 (11) 500 555-0123,
13292,,1 (11) 500 555-0123,
13349,,1 (11) 500 555-0123,
13506,,1 (11) 500 555-0123,
13829,1 (11) 500 555-0123,,
13882,1 (11) 500 555-0123,,
14162,1 (11) 500 555-0123,,
14761,,1 (11) 500 555-0123,
14796,1 (11) 500 555-0123,,
14883,1 (11) 500 555-0123,,
15792,,1 (11) 500 555-0123,
15986,1 (11) 500 555-0123,,
16243,1 (11) 500 555-0123,,
16632,1 (11) 500 555-0123,,
16710,,1 (11) 500 555-0123,
16745,1 (11) 500 555-0123,,
16772,,1 (11) 500 555-0123,
17167,1 (11) 500 555-0123,,
17401,,1 (11) 500 555-0123,
17539,,1 (11) 500 555-0123,
17641,,1 (11) 500 555-0123,
17748,,1 (11) 500 555-0123,
18050,1 (11) 500 555-0123,,
18223,1 (11) 500 555-0123,,
18440,,1 (11) 500 555-0123,
18600,1 (11) 500 555-0123,,
19095,,1 (11) 500 555-0123,
19241,,1 (11) 500 555-0123,
19305,1 (11) 500 555-0123,,
19620,,1 (11) 500 555-0123,
20160,1 (11) 500 555-0123,,
20220,1 (11) 500 555-0123,,
20271,1 (11) 500 555-0123,,
2443,1 (11) 500 555-0124,,
2609,1 (11) 500 555-0124,,
2679,1 (11) 500 555-0124,,
2838,1 (11) 500 555-0124,,
2876,1 (11) 500 555-0124,,
3048,1 (11) 500 555-0124,,
3763,,1 (11) 500 555-0124,
3870,,1 (11) 500 555-0124,
4074,,1 (11) 500 555-0124,
4119,1 (11) 500 555-0124,,
4153,1 (11) 500 555-0124,,
4625,,1 (11) 500 555-0124,
4827,,1 (11) 500 555-0124,
4960,1 (11) 500 555-0124,,
4978,,1 (11) 500 555-0124,
4991,1 (11) 500 555-0124,,
5278,1 (11) 500 555-0124,,
5301,1 (11) 500 555-0124,,
5883,,1 (11) 500 555-0124,
6013,,1 (11) 500 555-0124,
7094,,1 (11) 500 555-0124,
7136,1 (11) 500 555-0124,,
7149,,1 (11) 500 555-0124,
7184,,1 (11) 500 555-0124,
7551,1 (11) 500 555-0124,,
7730,1 (11) 500 555-0124,,
8285,1 (11) 500 555-0124,,
8456,,1 (11) 500 555-0124,
8585,1 (11) 500 555-0124,,
8656,1 (11) 500 555-0124,,
9032,1 (11) 500 555-0124,,
9275,,1 (11) 500 555-0124,
9514,1 (11) 500 555-0124,,
9774,1 (11) 500 555-0124,,
9786,,1 (11) 500 555-0124,
9866,,1 (11) 500 555-0124,
9973,,1 (11) 500 555-0124,
10170,1 (11) 500 555-0124,,
10255,,1 (11) 500 555-0124,
10265,,1 (11) 500 555-0124,
10378,1 (11) 500 555-0124,,
10501,,1 (11) 500 555-0124,
10598,,1 (11) 500 555-0124,
10851,,1 (11) 500 555-0124,
10917,,1 (11) 500 555-0124,
11038,1 (11) 500 555-0124,,
11140,1 (11) 500 555-0124,,
11173,1 (11) 500 555-0124,,
11495,1 (11) 500 555-0124,,
11543,1 (11) 500 555-0124,,
12159,,1 (11) 500 555-0124,
12281,,1 (11) 500 555-0124,
12368,,1 (11) 500 555-0124,
12518,1 (11) 500 555-0124,,
12528,1 (11) 500 555-0124,,
12532,1 (11) 500 555-0124,,
12617,1 (11) 500 555-0124,,
12887,,1 (11) 500 555-0124,
13895,,1 (11) 500 555-0124,
13960,1 (11) 500 555-0124,,
14139,,1 (11) 500 555-0124,
14219,1 (11) 500 555-0124,,
14415,1 (11) 500 555-0124,,
14491,,1 (11) 500 555-0124,
14625,,1 (11) 500 555-0124,
14693,,1 (11) 500 555-0124,
14813,1 (11) 500 555-0124,,
15093,1 (11) 500 555-0124,,
15438,1 (11) 500 555-0124,,
15493,,1 (11) 500 555-0124,
16165,1 (11) 500 555-0124,,
16254,1 (11) 500 555-0124,,
16582,1 (11) 500 555-0124,,
16627,1 (11) 500 555-0124,,
17465,1 (11) 500 555-0124,,
17589,,1 (11) 500 555-0124,
17973,,1 (11) 500 555-0124,
18006,1 (11) 500 555-0124,,
18032,,1 (11) 500 555-0124,
18086,1 (11) 500 555-0124,,
18346,1 (11) 500 555-0124,,
18348,1 (11) 500 555-0124,,
18687,,1 (11) 500 555-0124,
18690,1 (11) 500 555-0124,,
18692,1 (11) 500 555-0124,,
18768,,1 (11) 500 555-0124,
18994,,1 (11) 500 555-0124,
19157,1 (11) 500 555-0124,,
19581,1 (11) 500 555-0124,,
20292,,1 (11) 500 555-0124,
20309,1 (11) 500 555-0124,,
20399,,1 (11) 500 555-0124,
20536,1 (11) 500 555-0124,,
20685,1 (11) 500 555-0124,,
20692,,1 (11) 500 555-0124,
1451,1 (11) 500 555-0125,,
2436,,1 (11) 500 555-0125,
2653,,1 (11) 500 555-0125,
2664,1 (11) 500 555-0125,,
2824,,1 (11) 500 555-0125,
2887,1 (11) 500 555-0125,,
2945,,1 (11) 500 555-0125,
2963,,1 (11) 500 555-0125,
3043,1 (11) 500 555-0125,,
3138,1 (11) 500 555-0125,,
3321,,1 (11) 500 555-0125,
3450,1 (11) 500 555-0125,,
3558,1 (11) 500 555-0125,,
4038,1 (11) 500 555-0125,,
4200,,1 (11) 500 555-0125,
4243,1 (11) 500 555-0125,,
4331,,1 (11) 500 555-0125,
4604,,1 (11) 500 555-0125,
4877,1 (11) 500 555-0125,,
5283,1 (11) 500 555-0125,,
5621,1 (11) 500 555-0125,,
5649,1 (11) 500 555-0125,,
5798,1 (11) 500 555-0125,,
5864,,1 (11) 500 555-0125,
6061,,1 (11) 500 555-0125,
6110,1 (11) 500 555-0125,,
6150,1 (11) 500 555-0125,,
6371,,1 (11) 500 555-0125,
6455,1 (11) 500 555-0125,,
6476,1 (11) 500 555-0125,,
6505,,1 (11) 500 555-0125,
6978,,1 (11) 500 555-0125,
7101,,1 (11) 500 555-0125,
7392,,1 (11) 500 555-0125,
7453,1 (11) 500 555-0125,,
7648,,1 (11) 500 555-0125,
7811,,1 (11) 500 555-0125,
8031,,1 (11) 500 555-0125,
8139,,1 (11) 500 555-0125,
8815,1 (11) 500 555-0125,,
9984,1 (11) 500 555-0125,,
10354,,1 (11) 500 555-0125,
10606,,1 (11) 500 555-0125,
10652,1 (11) 500 555-0125,,
11190,,1 (11) 500 555-0125,
11216,,1 (11) 500 555-0125,
11226,,1 (11) 500 555-0125,
11392,1 (11) 500 555-0125,,
11530,,1 (11) 500 555-0125,
11591,1 (11) 500 555-0125,,
11593,,1 (11) 500 555-0125,
11680,,1 (11) 500 555-0125,
12192,1 (11) 500 555-0125,,
12312,1 (11) 500 555-0125,,
12420,1 (11) 500 555-0125,,
12738,,1 (11) 500 555-0125,
12774,1 (11) 500 555-0125,,
12786,,1 (11) 500 555-0125,
12935,1 (11) 500 555-0125,,
13068,1 (11) 500 555-0125,,
13397,1 (11) 500 555-0125,,
13527,1 (11) 500 555-0125,,
13561,1 (11) 500 555-0125,,
13733,1 (11) 500 555-0125,,
13783,1 (11) 500 555-0125,,
13957,1 (11) 500 555-0125,,
14451,1 (11) 500 555-0125,,
14527,1 (11) 500 555-0125,,
14880,1 (11) 500 555-0125,,
14922,1 (11) 500 555-0125,,
15537,,1 (11) 500 555-0125,
15634,1 (11) 500 555-0125,,
15794,,1 (11) 500 555-0125,
15926,1 (11) 500 555-0125,,
16260,,1 (11) 500 555-0125,
16284,1 (11) 500 555-0125,,
16589,,1 (11) 500 555-0125,
16650,,1 (11) 500 555-0125,
16703,,1 (11) 500 555-0125,
16953,1 (11) 500 555-0125,,
17296,1 (11) 500 555-0125,,
17323,,1 (11) 500 555-0125,
17659,,1 (11) 500 555-0125,
17786,,1 (11) 500 555-0125,
17900,,1 (11) 500 555-0125,
18088,,1 (11) 500 555-0125,
18314,1 (11) 500 555-0125,,
18369,1 (11) 500 555-0125,,
18408,1 (11) 500 555-0125,,
18443,,1 (11) 500 555-0125,
18625,,1 (11) 500 555-0125,
19076,,1 (11) 500 555-0125,
19173,,1 (11) 500 555-0125,
19391,,1 (11) 500 555-0125,
19684,,1 (11) 500 555-0125,
19707,,1 (11) 500 555-0125,
19878,1 (11) 500 555-0125,,
20108,1 (11) 500 555-0125,,
20303,1 (11) 500 555-0125,,
20608,1 (11) 500 555-0125,,
1301,1 (11) 500 555-0126,,
2505,1 (11) 500 555-0126,,
2636,,1 (11) 500 555-0126,
2670,,1 (11) 500 555-0126,
2796,1 (11) 500 555-0126,,
3152,1 (11) 500 555-0126,,
3211,,1 (11) 500 555-0126,
3410,,1 (11) 500 555-0126,
3626,1 (11) 500 555-0126,,
3839,1 (11) 500 555-0126,,
3878,1 (11) 500 555-0126,,
4317,1 (11) 500 555-0126,,
4399,,1 (11) 500 555-0126,
4689,1 (11) 500 555-0126,,
5083,1 (11) 500 555-0126,,
5682,,1 (11) 500 555-0126,
5847,,1 (11) 500 555-0126,
5958,,1 (11) 500 555-0126,
6080,,1 (11) 500 555-0126,
6129,1 (11) 500 555-0126,,
6204,1 (11) 500 555-0126,,
6462,1 (11) 500 555-0126,,
6571,1 (11) 500 555-0126,,
6637,1 (11) 500 555-0126,,
6750,1 (11) 500 555-0126,,
6880,1 (11) 500 555-0126,,
6952,1 (11) 500 555-0126,,
6977,,1 (11) 500 555-0126,
7046,,1 (11) 500 555-0126,
7178,,1 (11) 500 555-0126,
7455,,1 (11) 500 555-0126,
7459,1 (11) 500 555-0126,,
7596,1 (11) 500 555-0126,,
7627,,1 (11) 500 555-0126,
7731,,1 (11) 500 555-0126,
8621,,1 (11) 500 555-0126,
8719,,1 (11) 500 555-0126,
9118,1 (11) 500 555-0126,,
9221,1 (11) 500 555-0126,,
9439,,1 (11) 500 555-0126,
9547,1 (11) 500 555-0126,,
9719,,1 (11) 500 555-0126,
9890,1 (11) 500 555-0126,,
10123,1 (11) 500 555-0126,,
10184,,1 (11) 500 555-0126,
10564,1 (11) 500 555-0126,,
10762,1 (11) 500 555-0126,,
11029,1 (11) 500 555-0126,,
11271,,1 (11) 500 555-0126,
11743,1 (11) 500 555-0126,,
12244,1 (11) 500 555-0126,,
12308,,1 (11) 500 555-0126,
12358,,1 (11) 500 555-0126,
12477,,1 (11) 500 555-0126,
12862,1 (11) 500 555-0126,,
12973,,1 (11) 500 555-0126,
12983,,1 (11) 500 555-0126,
13088,,1 (11) 500 555-0126,
13193,,1 (11) 500 555-0126,
13323,1 (11) 500 555-0126,,
13362,1 (11) 500 555-0126,,
14011,,1 (11) 500 555-0126,
14025,1 (11) 500 555-0126,,
14070,,1 (11) 500 555-0126,
14567,,1 (11) 500 555-0126,
14782,,1 (11) 500 555-0126,
14849,,1 (11) 500 555-0126,
15798,,1 (11) 500 555-0126,
15962,,1 (11) 500 555-0126,
17035,,1 (11) 500 555-0126,
17103,,1 (11) 500 555-0126,
17331,,1 (11) 500 555-0126,
17352,,1 (11) 500 555-0126,
17727,,1 (11) 500 555-0126,
18022,1 (11) 500 555-0126,,
18121,1 (11) 500 555-0126,,
19013,1 (11) 500 555-0126,,
19439,,1 (11) 500 555-0126,
19689,1 (11) 500 555-0126,,
19863,,1 (11) 500 555-0126,
20325,,1 (11) 500 555-0126,
20777,,1 (11) 500 555-0126,
433,,,1 (11) 500 555-0127
1139,,,1 (11) 500 555-0127
1273,1 (11) 500 555-0127,,
2421,1 (11) 500 555-0127,,
2631,1 (11) 500 555-0127,,
3193,1 (11) 500 555-0127,,
3511,,1 (11) 500 555-0127,
3550,,1 (11) 500 555-0127,
3607,,1 (11) 500 555-0127,
3766,1 (11) 500 555-0127,,
4004,1 (11) 500 555-0127,,
4512,1 (11) 500 555-0127,,
4668,,1 (11) 500 555-0127,
5029,1 (11) 500 555-0127,,
5070,1 (11) 500 555-0127,,
5097,,1 (11) 500 555-0127,
5263,1 (11) 500 555-0127,,
5681,1 (11) 500 555-0127,,
5696,,1 (11) 500 555-0127,
5710,1 (11) 500 555-0127,,
5860,1 (11) 500 555-0127,,
6020,,1 (11) 500 555-0127,
6022,1 (11) 500 555-0127,,
6236,,1 (11) 500 555-0127,
6314,1 (11) 500 555-0127,,
6974,1 (11) 500 555-0127,,
7096,1 (11) 500 555-0127,,
7157,1 (11) 500 555-0127,,
7221,,1 (11) 500 555-0127,
7914,,1 (11) 500 555-0127,
8004,,1 (11) 500 555-0127,
8144,1 (11) 500 555-0127,,
8179,,1 (11) 500 555-0127,
8192,1 (11) 500 555-0127,,
8375,,1 (11) 500 555-0127,
8945,1 (11) 500 555-0127,,
9106,1 (11) 500 555-0127,,
9147,1 (11) 500 555-0127,,
9558,1 (11) 500 555-0127,,
9893,,1 (11) 500 555-0127,
9902,,1 (11) 500 555-0127,
10171,1 (11) 500 555-0127,,
10440,,1 (11) 500 555-0127,
10500,1 (11) 500 555-0127,,
10954,1 (11) 500 555-0127,,
11405,1 (11) 500 555-0127,,
11628,1 (11) 500 555-0127,,
12284,1 (11) 500 555-0127,,
12619,,1 (11) 500 555-0127,
13051,1 (11) 500 555-0127,,
13159,,1 (11) 500 555-0127,
13200,,1 (11) 500 555-0127,
13598,,1 (11) 500 555-0127,
13701,,1 (11) 500 555-0127,
13769,,1 (11) 500 555-0127,
13790,,1 (11) 500 555-0127,
13791,1 (11) 500 555-0127,,
13800,1 (11) 500 555-0127,,
13885,,1 (11) 500 555-0127,
14202,,1 (11) 500 555-0127,
14763,,1 (11) 500 555-0127,
15085,,1 (11) 500 555-0127,
15224,1 (11) 500 555-0127,,
15247,1 (11) 500 555-0127,,
15420,1 (11) 500 555-0127,,
15516,1 (11) 500 555-0127,,
15740,1 (11) 500 555-0127,,
15946,,1 (11) 500 555-0127,
16153,1 (11) 500 555-0127,,
16200,,1 (11) 500 555-0127,
16578,1 (11) 500 555-0127,,
16767,1 (11) 500 555-0127,,
17386,,1 (11) 500 555-0127,
18005,1 (11) 500 555-0127,,
18247,1 (11) 500 555-0127,,
18279,1 (11) 500 555-0127,,
18431,1 (11) 500 555-0127,,
18823,,1 (11) 500 555-0127,
18989,1 (11) 500 555-0127,,
19032,,1 (11) 500 555-0127,
19923,1 (11) 500 555-0127,,
20077,1 (11) 500 555-0127,,
20124,1 (11) 500 555-0127,,
20185,,1 (11) 500 555-0127,
20241,1 (11) 500 555-0127,,
20284,,1 (11) 500 555-0127,
20503,,1 (11) 500 555-0127,
20671,,1 (11) 500 555-0127,
20708,,1 (11) 500 555-0127,
20754,1 (11) 500 555-0127,,
20766,1 (11) 500 555-0127,,
1799,,,1 (11) 500 555-0128
2706,1 (11) 500 555-0128,,
2900,1 (11) 500 555-0128,,
4018,,1 (11) 500 555-0128,
4106,1 (11) 500 555-0128,,
4190,,1 (11) 500 555-0128,
4728,1 (11) 500 555-0128,,
4734,,1 (11) 500 555-0128,
4969,,1 (11) 500 555-0128,
5310,,1 (11) 500 555-0128,
5462,1 (11) 500 555-0128,,
5740,,1 (11) 500 555-0128,
5799,1 (11) 500 555-0128,,
6116,1 (11) 500 555-0128,,
6495,1 (11) 500 555-0128,,
6628,1 (11) 500 555-0128,,
6903,1 (11) 500 555-0128,,
7015,1 (11) 500 555-0128,,
7153,,1 (11) 500 555-0128,
7190,1 (11) 500 555-0128,,
7230,,1 (11) 500 555-0128,
7444,1 (11) 500 555-0128,,
8394,1 (11) 500 555-0128,,
8515,,1 (11) 500 555-0128,
8531,,1 (11) 500 555-0128,
9060,1 (11) 500 555-0128,,
9160,1 (11) 500 555-0128,,
9179,1 (11) 500 555-0128,,
9287,,1 (11) 500 555-0128,
9904,1 (11) 500 555-0128,,
10187,1 (11) 500 555-0128,,
10744,,1 (11) 500 555-0128,
10870,1 (11) 500 555-0128,,
11222,1 (11) 500 555-0128,,
11451,,1 (11) 500 555-0128,
12501,,1 (11) 500 555-0128,
13057,,1 (11) 500 555-0128,
13290,,1 (11) 500 555-0128,
13307,,1 (11) 500 555-0128,
13357,,1 (11) 500 555-0128,
13650,1 (11) 500 555-0128,,
13710,,1 (11) 500 555-0128,
13711,,1 (11) 500 555-0128,
13772,1 (11) 500 555-0128,,
13942,1 (11) 500 555-0128,,
14006,1 (11) 500 555-0128,,
14090,,1 (11) 500 555-0128,
14102,,1 (11) 500 555-0128,
14872,1 (11) 500 555-0128,,
15443,1 (11) 500 555-0128,,
15532,,1 (11) 500 555-0128,
15542,,1 (11) 500 555-0128,
15612,,1 (11) 500 555-0128,
15645,,1 (11) 500 555-0128,
16350,1 (11) 500 555-0128,,
16636,,1 (11) 500 555-0128,
17032,1 (11) 500 555-0128,,
17310,1 (11) 500 555-0128,,
17593,1 (11) 500 555-0128,,
18015,,1 (11) 500 555-0128,
18349,,1 (11) 500 555-0128,
18513,1 (11) 500 555-0128,,
18769,,1 (11) 500 555-0128,
19009,,1 (11) 500 555-0128,
19207,1 (11) 500 555-0128,,
19212,1 (11) 500 555-0128,,
19301,1 (11) 500 555-0128,,
19385,1 (11) 500 555-0128,,
19682,1 (11) 500 555-0128,,
20040,,1 (11) 500 555-0128,
20246,,1 (11) 500 555-0128,
20369,1 (11) 500 555-0128,,
20416,1 (11) 500 555-0128,,
20455,,1 (11) 500 555-0128,
20704,1 (11) 500 555-0128,,
20734,,1 (11) 500 555-0128,
581,1 (11) 500 555-0129,,
2390,,1 (11) 500 555-0129,
2407,1 (11) 500 555-0129,,
2453,,1 (11) 500 555-0129,
2478,,1 (11) 500 555-0129,
2516,,1 (11) 500 555-0129,
2575,,1 (11) 500 555-0129,
2755,1 (11) 500 555-0129,,
2771,1 (11) 500 555-0129,,
3046,,1 (11) 500 555-0129,
3189,1 (11) 500 555-0129,,
3455,1 (11) 500 555-0129,,
3748,1 (11) 500 555-0129,,
3758,1 (11) 500 555-0129,,
4043,1 (11) 500 555-0129,,
4476,1 (11) 500 555-0129,,
4988,,1 (11) 500 555-0129,
4990,1 (11) 500 555-0129,,
4993,1 (11) 500 555-0129,,
5388,1 (11) 500 555-0129,,
5471,1 (11) 500 555-0129,,
5751,1 (11) 500 555-0129,,
6186,1 (11) 500 555-0129,,
6384,1 (11) 500 555-0129,,
6893,,1 (11) 500 555-0129,
6947,,1 (11) 500 555-0129,
7685,,1 (11) 500 555-0129,
7933,,1 (11) 500 555-0129,
8174,,1 (11) 500 555-0129,
8204,1 (11) 500 555-0129,,
8292,,1 (11) 500 555-0129,
8346,,1 (11) 500 555-0129,
8439,1 (11) 500 555-0129,,
8646,,1 (11) 500 555-0129,
8720,,1 (11) 500 555-0129,
8970,1 (11) 500 555-0129,,
9489,,1 (11) 500 555-0129,
9787,,1 (11) 500 555-0129,
9826,1 (11) 500 555-0129,,
9892,,1 (11) 500 555-0129,
9895,1 (11) 500 555-0129,,
9953,,1 (11) 500 555-0129,
9954,,1 (11) 500 555-0129,
10310,1 (11) 500 555-0129,,
10394,1 (11) 500 555-0129,,
10952,,1 (11) 500 555-0129,
11135,,1 (11) 500 555-0129,
11164,1 (11) 500 555-0129,,
11592,1 (11) 500 555-0129,,
12063,1 (11) 500 555-0129,,
12071,1 (11) 500 555-0129,,
12340,,1 (11) 500 555-0129,
12812,1 (11) 500 555-0129,,
12832,1 (11) 500 555-0129,,
13053,,1 (11) 500 555-0129,
13081,,1 (11) 500 555-0129,
13208,1 (11) 500 555-0129,,
13606,,1 (11) 500 555-0129,
13780,1 (11) 500 555-0129,,
14043,1 (11) 500 555-0129,,
14149,,1 (11) 500 555-0129,
14255,,1 (11) 500 555-0129,
14337,1 (11) 500 555-0129,,
14405,1 (11) 500 555-0129,,
14427,,1 (11) 500 555-0129,
14616,1 (11) 500 555-0129,,
15186,1 (11) 500 555-0129,,
15187,,1 (11) 500 555-0129,
15229,1 (11) 500 555-0129,,
15300,1 (11) 500 555-0129,,
15586,,1 (11) 500 555-0129,
15800,,1 (11) 500 555-0129,
16280,,1 (11) 500 555-0129,
16365,1 (11) 500 555-0129,,
16515,,1 (11) 500 555-0129,
16525,1 (11) 500 555-0129,,
16881,,1 (11) 500 555-0129,
17496,,1 (11) 500 555-0129,
17612,1 (11) 500 555-0129,,
17698,,1 (11) 500 555-0129,
18330,,1 (11) 500 555-0129,
18785,1 (11) 500 555-0129,,
18851,1 (11) 500 555-0129,,
18967,,1 (11) 500 555-0129,
19120,1 (11) 500 555-0129,,
19619,,1 (11) 500 555-0129,
19784,,1 (11) 500 555-0129,
19823,,1 (11) 500 555-0129,
19832,,1 (11) 500 555-0129,
19981,,1 (11) 500 555-0129,
20026,,1 (11) 500 555-0129,
20249,1 (11) 500 555-0129,,
20562,,1 (11) 500 555-0129,
20710,1 (11) 500 555-0129,,
853,1 (11) 500 555-0130,,
2415,,1 (11) 500 555-0130,
2537,,1 (11) 500 555-0130,
2693,1 (11) 500 555-0130,,
3090,1 (11) 500 555-0130,,
4058,1 (11) 500 555-0130,,
4089,1 (11) 500 555-0130,,
4111,1 (11) 500 555-0130,,
4219,1 (11) 500 555-0130,,
4556,1 (11) 500 555-0130,,
4809,,1 (11) 500 555-0130,
5249,1 (11) 500 555-0130,,
5316,,1 (11) 500 555-0130,
5394,,1 (11) 500 555-0130,
5399,1 (11) 500 555-0130,,
5514,,1 (11) 500 555-0130,
5725,,1 (11) 500 555-0130,
6323,,1 (11) 500 555-0130,
6362,,1 (11) 500 555-0130,
7123,1 (11) 500 555-0130,,
7384,1 (11) 500 555-0130,,
7893,1 (11) 500 555-0130,,
8134,,1 (11) 500 555-0130,
8140,1 (11) 500 555-0130,,
8226,,1 (11) 500 555-0130,
8295,,1 (11) 500 555-0130,
9067,,1 (11) 500 555-0130,
9127,,1 (11) 500 555-0130,
9167,,1 (11) 500 555-0130,
9205,1 (11) 500 555-0130,,
9378,1 (11) 500 555-0130,,
9523,1 (11) 500 555-0130,,
9671,,1 (11) 500 555-0130,
9947,,1 (11) 500 555-0130,
10309,1 (11) 500 555-0130,,
10383,1 (11) 500 555-0130,,
10618,,1 (11) 500 555-0130,
11264,1 (11) 500 555-0130,,
11778,,1 (11) 500 555-0130,
11983,,1 (11) 500 555-0130,
12207,,1 (11) 500 555-0130,
12554,,1 (11) 500 555-0130,
12600,1 (11) 500 555-0130,,
13033,1 (11) 500 555-0130,,
13165,1 (11) 500 555-0130,,
13289,,1 (11) 500 555-0130,
13302,1 (11) 500 555-0130,,
13315,1 (11) 500 555-0130,,
13352,,1 (11) 500 555-0130,
13443,1 (11) 500 555-0130,,
13827,,1 (11) 500 555-0130,
14086,1 (11) 500 555-0130,,
14295,,1 (11) 500 555-0130,
14333,1 (11) 500 555-0130,,
14686,1 (11) 500 555-0130,,
14920,1 (11) 500 555-0130,,
15024,,1 (11) 500 555-0130,
15737,,1 (11) 500 555-0130,
15766,1 (11) 500 555-0130,,
15821,1 (11) 500 555-0130,,
15904,1 (11) 500 555-0130,,
16019,1 (11) 500 555-0130,,
16216,,1 (11) 500 555-0130,
16315,1 (11) 500 555-0130,,
16435,1 (11) 500 555-0130,,
16528,1 (11) 500 555-0130,,
16579,1 (11) 500 555-0130,,
17291,,1 (11) 500 555-0130,
17461,,1 (11) 500 555-0130,
17821,,1 (11) 500 555-0130,
18150,1 (11) 500 555-0130,,
18170,1 (11) 500 555-0130,,
18439,,1 (11) 500 555-0130,
18452,1 (11) 500 555-0130,,
18541,1 (11) 500 555-0130,,
18729,,1 (11) 500 555-0130,
18754,,1 (11) 500 555-0130,
18965,1 (11) 500 555-0130,,
19036,1 (11) 500 555-0130,,
19148,1 (11) 500 555-0130,,
19279,1 (11) 500 555-0130,,
19329,,1 (11) 500 555-0130,
20273,,1 (11) 500 555-0130,
20274,,1 (11) 500 555-0130,
20481,1 (11) 500 555-0130,,
1893,1 (11) 500 555-0131,,
2649,1 (11) 500 555-0131,,
2804,,1 (11) 500 555-0131,
2857,,1 (11) 500 555-0131,
2974,1 (11) 500 555-0131,,
3114,,1 (11) 500 555-0131,
3441,,1 (11) 500 555-0131,
4202,1 (11) 500 555-0131,,
4415,,1 (11) 500 555-0131,
4555,1 (11) 500 555-0131,,
4755,,1 (11) 500 555-0131,
4782,1 (11) 500 555-0131,,
4926,1 (11) 500 555-0131,,
5131,,1 (11) 500 555-0131,
5687,,1 (11) 500 555-0131,
5771,1 (11) 500 555-0131,,
5788,,1 (11) 500 555-0131,
5831,1 (11) 500 555-0131,,
5962,,1 (11) 500 555-0131,
6027,,1 (11) 500 555-0131,
6075,,1 (11) 500 555-0131,
6548,,1 (11) 500 555-0131,
6829,,1 (11) 500 555-0131,
6869,1 (11) 500 555-0131,,
6883,,1 (11) 500 555-0131,
7314,,1 (11) 500 555-0131,
8302,1 (11) 500 555-0131,,
8306,,1 (11) 500 555-0131,
8742,,1 (11) 500 555-0131,
8940,1 (11) 500 555-0131,,
9017,1 (11) 500 555-0131,,
9031,1 (11) 500 555-0131,,
9056,,1 (11) 500 555-0131,
9165,,1 (11) 500 555-0131,
9247,1 (11) 500 555-0131,,
9294,,1 (11) 500 555-0131,
9386,,1 (11) 500 555-0131,
9539,,1 (11) 500 555-0131,
9783,,1 (11) 500 555-0131,
9986,1 (11) 500 555-0131,,
10119,1 (11) 500 555-0131,,
10612,,1 (11) 500 555-0131,
10692,,1 (11) 500 555-0131,
10795,1 (11) 500 555-0131,,
10888,1 (11) 500 555-0131,,
11040,1 (11) 500 555-0131,,
11154,1 (11) 500 555-0131,,
11848,1 (11) 500 555-0131,,
11901,,1 (11) 500 555-0131,
12083,1 (11) 500 555-0131,,
12126,1 (11) 500 555-0131,,
12197,1 (11) 500 555-0131,,
12339,,1 (11) 500 555-0131,
12391,,1 (11) 500 555-0131,
12579,,1 (11) 500 555-0131,
12610,1 (11) 500 555-0131,,
12850,,1 (11) 500 555-0131,
13007,1 (11) 500 555-0131,,
13166,1 (11) 500 555-0131,,
13172,1 (11) 500 555-0131,,
13235,1 (11) 500 555-0131,,
13499,1 (11) 500 555-0131,,
13544,1 (11) 500 555-0131,,
13679,1 (11) 500 555-0131,,
13890,1 (11) 500 555-0131,,
13958,,1 (11) 500 555-0131,
14077,,1 (11) 500 555-0131,
14174,1 (11) 500 555-0131,,
14232,1 (11) 500 555-0131,,
14282,,1 (11) 500 555-0131,
14521,,1 (11) 500 555-0131,
14592,,1 (11) 500 555-0131,
14750,,1 (11) 500 555-0131,
14828,1 (11) 500 555-0131,,
15100,,1 (11) 500 555-0131,
15244,,1 (11) 500 555-0131,
15502,1 (11) 500 555-0131,,
15584,,1 (11) 500 555-0131,
15703,,1 (11) 500 555-0131,
16120,,1 (11) 500 555-0131,
16138,,1 (11) 500 555-0131,
16496,,1 (11) 500 555-0131,
16561,1 (11) 500 555-0131,,
16640,,1 (11) 500 555-0131,
16967,,1 (11) 500 555-0131,
17631,1 (11) 500 555-0131,,
17632,,1 (11) 500 555-0131,
17743,1 (11) 500 555-0131,,
17754,1 (11) 500 555-0131,,
17777,,1 (11) 500 555-0131,
18479,,1 (11) 500 555-0131,
18516,1 (11) 500 555-0131,,
19033,1 (11) 500 555-0131,,
19303,,1 (11) 500 555-0131,
19326,1 (11) 500 555-0131,,
19386,,1 (11) 500 555-0131,
19484,,1 (11) 500 555-0131,
19541,1 (11) 500 555-0131,,
20042,1 (11) 500 555-0131,,
20511,1 (11) 500 555-0131,,
20602,1 (11) 500 555-0131,,
20632,,1 (11) 500 555-0131,
299,1 (11) 500 555-0132,,
431,1 (11) 500 555-0132,,
1221,,,1 (11) 500 555-0132
1905,,,1 (11) 500 555-0132
2471,,1 (11) 500 555-0132,
2663,1 (11) 500 555-0132,,
2756,,1 (11) 500 555-0132,
2893,,1 (11) 500 555-0132,
3155,1 (11) 500 555-0132,,
3247,1 (11) 500 555-0132,,
3492,,1 (11) 500 555-0132,
3783,,1 (11) 500 555-0132,
4300,1 (11) 500 555-0132,,
4441,,1 (11) 500 555-0132,
4579,,1 (11) 500 555-0132,
4597,1 (11) 500 555-0132,,
5107,1 (11) 500 555-0132,,
5265,,1 (11) 500 555-0132,
5312,,1 (11) 500 555-0132,
5554,1 (11) 500 555-0132,,
5580,,1 (11) 500 555-0132,
5878,,1 (11) 500 555-0132,
6358,1 (11) 500 555-0132,,
6692,1 (11) 500 555-0132,,
6917,1 (11) 500 555-0132,,
7034,,1 (11) 500 555-0132,
7062,,1 (11) 500 555-0132,
7411,1 (11) 500 555-0132,,
7557,,1 (11) 500 555-0132,
7710,1 (11) 500 555-0132,,
8765,1 (11) 500 555-0132,,
8802,1 (11) 500 555-0132,,
8894,1 (11) 500 555-0132,,
8906,1 (11) 500 555-0132,,
8953,1 (11) 500 555-0132,,
9356,1 (11) 500 555-0132,,
9389,1 (11) 500 555-0132,,
9413,1 (11) 500 555-0132,,
9753,1 (11) 500 555-0132,,
10190,,1 (11) 500 555-0132,
10248,,1 (11) 500 555-0132,
10676,1 (11) 500 555-0132,,
10754,1 (11) 500 555-0132,,
10902,,1 (11) 500 555-0132,
11086,1 (11) 500 555-0132,,
11178,,1 (11) 500 555-0132,
11186,1 (11) 500 555-0132,,
11361,1 (11) 500 555-0132,,
11798,1 (11) 500 555-0132,,
12018,,1 (11) 500 555-0132,
12355,,1 (11) 500 555-0132,
12428,1 (11) 500 555-0132,,
12989,,1 (11) 500 555-0132,
13222,1 (11) 500 555-0132,,
13381,1 (11) 500 555-0132,,
13470,1 (11) 500 555-0132,,
13557,1 (11) 500 555-0132,,
13675,,1 (11) 500 555-0132,
13995,,1 (11) 500 555-0132,
14085,1 (11) 500 555-0132,,
14103,1 (11) 500 555-0132,,
14373,,1 (11) 500 555-0132,
14702,1 (11) 500 555-0132,,
15108,1 (11) 500 555-0132,,
15196,,1 (11) 500 555-0132,
15253,,1 (11) 500 555-0132,
15263,1 (11) 500 555-0132,,
15857,1 (11) 500 555-0132,,
16367,1 (11) 500 555-0132,,
16377,,1 (11) 500 555-0132,
16888,,1 (11) 500 555-0132,
16982,,1 (11) 500 555-0132,
17077,,1 (11) 500 555-0132,
17673,1 (11) 500 555-0132,,
18161,1 (11) 500 555-0132,,
18188,1 (11) 500 555-0132,,
18295,,1 (11) 500 555-0132,
18313,1 (11) 500 555-0132,,
18320,1 (11) 500 555-0132,,
18726,1 (11) 500 555-0132,,
19099,,1 (11) 500 555-0132,
19128,1 (11) 500 555-0132,,
19206,,1 (11) 500 555-0132,
19253,,1 (11) 500 555-0132,
19356,,1 (11) 500 555-0132,
19431,1 (11) 500 555-0132,,
19528,,1 (11) 500 555-0132,
19743,1 (11) 500 555-0132,,
20001,,1 (11) 500 555-0132,
20172,1 (11) 500 555-0132,,
20297,1 (11) 500 555-0132,,
20540,1 (11) 500 555-0132,,
20673,,1 (11) 500 555-0132,
735,,,1 (11) 500 555-0133
1353,,,1 (11) 500 555-0133
2433,1 (11) 500 555-0133,,
2490,1 (11) 500 555-0133,,
3277,,1 (11) 500 555-0133,
3376,,1 (11) 500 555-0133,
3655,,1 (11) 500 555-0133,
3739,1 (11) 500 555-0133,,
3782,,1 (11) 500 555-0133,
4023,1 (11) 500 555-0133,,
4633,1 (11) 500 555-0133,,
4743,1 (11) 500 555-0133,,
5059,1 (11) 500 555-0133,,
5088,1 (11) 500 555-0133,,
5431,,1 (11) 500 555-0133,
6086,,1 (11) 500 555-0133,
6624,,1 (11) 500 555-0133,
6757,1 (11) 500 555-0133,,
7268,1 (11) 500 555-0133,,
7307,,1 (11) 500 555-0133,
8088,1 (11) 500 555-0133,,
8423,,1 (11) 500 555-0133,
8775,,1 (11) 500 555-0133,
8997,1 (11) 500 555-0133,,
9163,,1 (11) 500 555-0133,
9234,1 (11) 500 555-0133,,
9373,1 (11) 500 555-0133,,
9409,1 (11) 500 555-0133,,
9452,,1 (11) 500 555-0133,
9729,,1 (11) 500 555-0133,
10126,,1 (11) 500 555-0133,
10147,1 (11) 500 555-0133,,
10213,,1 (11) 500 555-0133,
10417,1 (11) 500 555-0133,,
10763,1 (11) 500 555-0133,,
10936,1 (11) 500 555-0133,,
11907,,1 (11) 500 555-0133,
12021,,1 (11) 500 555-0133,
12033,1 (11) 500 555-0133,,
12174,1 (11) 500 555-0133,,
12279,1 (11) 500 555-0133,,
12438,1 (11) 500 555-0133,,
12537,,1 (11) 500 555-0133,
12797,,1 (11) 500 555-0133,
12814,1 (11) 500 555-0133,,
12915,1 (11) 500 555-0133,,
13258,,1 (11) 500 555-0133,
13435,1 (11) 500 555-0133,,
13723,1 (11) 500 555-0133,,
13730,,1 (11) 500 555-0133,
13861,,1 (11) 500 555-0133,
14530,,1 (11) 500 555-0133,
14640,1 (11) 500 555-0133,,
14684,1 (11) 500 555-0133,,
15103,,1 (11) 500 555-0133,
15252,,1 (11) 500 555-0133,
15278,,1 (11) 500 555-0133,
15572,,1 (11) 500 555-0133,
15752,1 (11) 500 555-0133,,
15832,,1 (11) 500 555-0133,
15860,1 (11) 500 555-0133,,
16329,1 (11) 500 555-0133,,
16388,,1 (11) 500 555-0133,
16414,,1 (11) 500 555-0133,
16577,1 (11) 500 555-0133,,
16620,1 (11) 500 555-0133,,
16667,,1 (11) 500 555-0133,
17038,1 (11) 500 555-0133,,
17451,,1 (11) 500 555-0133,
17484,1 (11) 500 555-0133,,
17601,,1 (11) 500 555-0133,
18702,1 (11) 500 555-0133,,
18986,1 (11) 500 555-0133,,
19058,,1 (11) 500 555-0133,
19268,1 (11) 500 555-0133,,
19334,1 (11) 500 555-0133,,
19419,1 (11) 500 555-0133,,
19883,1 (11) 500 555-0133,,
19966,,1 (11) 500 555-0133,
19980,1 (11) 500 555-0133,,
20314,,1 (11) 500 555-0133,
20458,1 (11) 500 555-0133,,
20629,,1 (11) 500 555-0133,
20737,,1 (11) 500 555-0133,
665,1 (11) 500 555-0134,,
1379,,,1 (11) 500 555-0134
2386,,1 (11) 500 555-0134,
2439,,1 (11) 500 555-0134,
2527,1 (11) 500 555-0134,,
2789,1 (11) 500 555-0134,,
3093,1 (11) 500 555-0134,,
3237,1 (11) 500 555-0134,,
3293,1 (11) 500 555-0134,,
3401,,1 (11) 500 555-0134,
3423,1 (11) 500 555-0134,,
3553,1 (11) 500 555-0134,,
3862,1 (11) 500 555-0134,,
4062,1 (11) 500 555-0134,,
4517,,1 (11) 500 555-0134,
4716,,1 (11) 500 555-0134,
5096,,1 (11) 500 555-0134,
5395,1 (11) 500 555-0134,,
5906,,1 (11) 500 555-0134,
6361,,1 (11) 500 555-0134,
6541,1 (11) 500 555-0134,,
6734,,1 (11) 500 555-0134,
7106,1 (11) 500 555-0134,,
7621,,1 (11) 500 555-0134,
7954,,1 (11) 500 555-0134,
8153,,1 (11) 500 555-0134,
8170,,1 (11) 500 555-0134,
8208,,1 (11) 500 555-0134,
8289,,1 (11) 500 555-0134,
8445,,1 (11) 500 555-0134,
8488,1 (11) 500 555-0134,,
8874,1 (11) 500 555-0134,,
9152,1 (11) 500 555-0134,,
9324,1 (11) 500 555-0134,,
9535,,1 (11) 500 555-0134,
9913,1 (11) 500 555-0134,,
9961,,1 (11) 500 555-0134,
10001,1 (11) 500 555-0134,,
10087,1 (11) 500 555-0134,,
10284,1 (11) 500 555-0134,,
10635,,1 (11) 500 555-0134,
10732,,1 (11) 500 555-0134,
11032,1 (11) 500 555-0134,,
11188,1 (11) 500 555-0134,,
11228,,1 (11) 500 555-0134,
11457,1 (11) 500 555-0134,,
11476,,1 (11) 500 555-0134,
11534,,1 (11) 500 555-0134,
12114,,1 (11) 500 555-0134,
12150,,1 (11) 500 555-0134,
12511,1 (11) 500 555-0134,,
12552,1 (11) 500 555-0134,,
12746,1 (11) 500 555-0134,,
12773,,1 (11) 500 555-0134,
12776,1 (11) 500 555-0134,,
12960,,1 (11) 500 555-0134,
13018,,1 (11) 500 555-0134,
13104,1 (11) 500 555-0134,,
13386,1 (11) 500 555-0134,,
13459,1 (11) 500 555-0134,,
13549,1 (11) 500 555-0134,,
13862,,1 (11) 500 555-0134,
14251,1 (11) 500 555-0134,,
14773,1 (11) 500 555-0134,,
15095,,1 (11) 500 555-0134,
15234,,1 (11) 500 555-0134,
15508,,1 (11) 500 555-0134,
15521,1 (11) 500 555-0134,,
16135,1 (11) 500 555-0134,,
16281,,1 (11) 500 555-0134,
16900,,1 (11) 500 555-0134,
17718,1 (11) 500 555-0134,,
18514,,1 (11) 500 555-0134,
18711,,1 (11) 500 555-0134,
18728,1 (11) 500 555-0134,,
19094,1 (11) 500 555-0134,,
19235,,1 (11) 500 555-0134,
19537,,1 (11) 500 555-0134,
19608,1 (11) 500 555-0134,,
20183,,1 (11) 500 555-0134,
20556,1 (11) 500 555-0134,,
20627,,1 (11) 500 555-0134,
20662,,1 (11) 500 555-0134,
20739,1 (11) 500 555-0134,,
2462,,1 (11) 500 555-0135,
2579,,1 (11) 500 555-0135,
2822,,1 (11) 500 555-0135,
3353,,1 (11) 500 555-0135,
3617,1 (11) 500 555-0135,,
3905,,1 (11) 500 555-0135,
4699,,1 (11) 500 555-0135,
4779,1 (11) 500 555-0135,,
5010,,1 (11) 500 555-0135,
5074,,1 (11) 500 555-0135,
5416,,1 (11) 500 555-0135,
5911,,1 (11) 500 555-0135,
6206,,1 (11) 500 555-0135,
6264,,1 (11) 500 555-0135,
6372,1 (11) 500 555-0135,,
6509,,1 (11) 500 555-0135,
6593,1 (11) 500 555-0135,,
7222,1 (11) 500 555-0135,,
7431,1 (11) 500 555-0135,,
7445,,1 (11) 500 555-0135,
7661,1 (11) 500 555-0135,,
7745,1 (11) 500 555-0135,,
7780,,1 (11) 500 555-0135,
7859,1 (11) 500 555-0135,,
8056,,1 (11) 500 555-0135,
8598,,1 (11) 500 555-0135,
8729,,1 (11) 500 555-0135,
8872,,1 (11) 500 555-0135,
9965,1 (11) 500 555-0135,,
10341,1 (11) 500 555-0135,,
10527,,1 (11) 500 555-0135,
10589,,1 (11) 500 555-0135,
10645,1 (11) 500 555-0135,,
10839,,1 (11) 500 555-0135,
11734,1 (11) 500 555-0135,,
11843,,1 (11) 500 555-0135,
11874,1 (11) 500 555-0135,,
11875,,1 (11) 500 555-0135,
12013,1 (11) 500 555-0135,,
12129,,1 (11) 500 555-0135,
12131,,1 (11) 500 555-0135,
12851,1 (11) 500 555-0135,,
12937,1 (11) 500 555-0135,,
13146,,1 (11) 500 555-0135,
13191,1 (11) 500 555-0135,,
13517,1 (11) 500 555-0135,,
13676,,1 (11) 500 555-0135,
13715,1 (11) 500 555-0135,,
13925,1 (11) 500 555-0135,,
14291,,1 (11) 500 555-0135,
14860,1 (11) 500 555-0135,,
14932,1 (11) 500 555-0135,,
15705,1 (11) 500 555-0135,,
15927,,1 (11) 500 555-0135,
15937,1 (11) 500 555-0135,,
16097,1 (11) 500 555-0135,,
16355,1 (11) 500 555-0135,,
16517,1 (11) 500 555-0135,,
16533,1 (11) 500 555-0135,,
16753,,1 (11) 500 555-0135,
16926,1 (11) 500 555-0135,,
17025,,1 (11) 500 555-0135,
17174,,1 (11) 500 555-0135,
17337,1 (11) 500 555-0135,,
17362,,1 (11) 500 555-0135,
17581,,1 (11) 500 555-0135,
17789,1 (11) 500 555-0135,,
17931,1 (11) 500 555-0135,,
18030,1 (11) 500 555-0135,,
18057,,1 (11) 500 555-0135,
18068,1 (11) 500 555-0135,,
19073,1 (11) 500 555-0135,,
19096,,1 (11) 500 555-0135,
19171,1 (11) 500 555-0135,,
19180,1 (11) 500 555-0135,,
19189,1 (11) 500 555-0135,,
19407,,1 (11) 500 555-0135,
19443,,1 (11) 500 555-0135,
19479,1 (11) 500 555-0135,,
19752,1 (11) 500 555-0135,,
19840,,1 (11) 500 555-0135,
19895,,1 (11) 500 555-0135,
19905,,1 (11) 500 555-0135,
20086,1 (11) 500 555-0135,,
20104,1 (11) 500 555-0135,,
20117,1 (11) 500 555-0135,,
20144,1 (11) 500 555-0135,,
20406,,1 (11) 500 555-0135,
20589,,1 (11) 500 555-0135,
20747,1 (11) 500 555-0135,,
481,1 (11) 500 555-0136,,
577,,,1 (11) 500 555-0136
867,,,1 (11) 500 555-0136
2422,1 (11) 500 555-0136,,
2916,,1 (11) 500 555-0136,
4012,1 (11) 500 555-0136,,
4080,,1 (11) 500 555-0136,
4095,,1 (11) 500 555-0136,
4096,,1 (11) 500 555-0136,
4191,1 (11) 500 555-0136,,
4508,1 (11) 500 555-0136,,
4617,1 (11) 500 555-0136,,
5424,1 (11) 500 555-0136,,
6085,1 (11) 500 555-0136,,
6385,,1 (11) 500 555-0136,
7522,,1 (11) 500 555-0136,
7626,,1 (11) 500 555-0136,
7720,,1 (11) 500 555-0136,
7980,,1 (11) 500 555-0136,
8055,1 (11) 500 555-0136,,
8188,1 (11) 500 555-0136,,
8506,,1 (11) 500 555-0136,
8965,,1 (11) 500 555-0136,
9369,1 (11) 500 555-0136,,
9406,1 (11) 500 555-0136,,
9543,1 (11) 500 555-0136,,
9657,1 (11) 500 555-0136,,
9678,,1 (11) 500 555-0136,
9767,1 (11) 500 555-0136,,
9780,1 (11) 500 555-0136,,
9911,1 (11) 500 555-0136,,
9960,,1 (11) 500 555-0136,
10120,,1 (11) 500 555-0136,
10267,,1 (11) 500 555-0136,
10473,1 (11) 500 555-0136,,
10542,1 (11) 500 555-0136,,
11015,,1 (11) 500 555-0136,
11118,,1 (11) 500 555-0136,
11415,1 (11) 500 555-0136,,
11597,1 (11) 500 555-0136,,
11809,,1 (11) 500 555-0136,
11825,1 (11) 500 555-0136,,
12463,,1 (11) 500 555-0136,
12582,,1 (11) 500 555-0136,
12648,,1 (11) 500 555-0136,
12719,,1 (11) 500 555-0136,
12919,,1 (11) 500 555-0136,
12998,,1 (11) 500 555-0136,
13050,,1 (11) 500 555-0136,
13223,,1 (11) 500 555-0136,
13324,1 (11) 500 555-0136,,
13404,,1 (11) 500 555-0136,
13491,1 (11) 500 555-0136,,
13559,1 (11) 500 555-0136,,
13759,,1 (11) 500 555-0136,
14044,,1 (11) 500 555-0136,
14120,1 (11) 500 555-0136,,
14621,1 (11) 500 555-0136,,
14648,1 (11) 500 555-0136,,
14876,,1 (11) 500 555-0136,
14974,1 (11) 500 555-0136,,
15065,1 (11) 500 555-0136,,
15237,1 (11) 500 555-0136,,
15593,1 (11) 500 555-0136,,
15641,,1 (11) 500 555-0136,
15654,,1 (11) 500 555-0136,
16042,1 (11) 500 555-0136,,
17019,1 (11) 500 555-0136,,
17129,1 (11) 500 555-0136,,
17319,1 (11) 500 555-0136,,
17638,,1 (11) 500 555-0136,
17948,,1 (11) 500 555-0136,
17975,1 (11) 500 555-0136,,
18004,,1 (11) 500 555-0136,
18242,,1 (11) 500 555-0136,
18617,1 (11) 500 555-0136,,
18974,1 (11) 500 555-0136,,
19390,1 (11) 500 555-0136,,
19410,1 (11) 500 555-0136,,
19748,,1 (11) 500 555-0136,
20017,1 (11) 500 555-0136,,
20150,1 (11) 500 555-0136,,
20178,1 (11) 500 555-0136,,
20240,1 (11) 500 555-0136,,
20616,1 (11) 500 555-0136,,
20626,1 (11) 500 555-0136,,
20770,1 (11) 500 555-0136,,
917,1 (11) 500 555-0137,,
1397,,,1 (11) 500 555-0137
2486,1 (11) 500 555-0137,,
2646,1 (11) 500 555-0137,,
2774,1 (11) 500 555-0137,,
3103,,1 (11) 500 555-0137,
3437,1 (11) 500 555-0137,,
3532,1 (11) 500 555-0137,,
4132,1 (11) 500 555-0137,,
4232,1 (11) 500 555-0137,,
4452,1 (11) 500 555-0137,,
4784,1 (11) 500 555-0137,,
4850,1 (11) 500 555-0137,,
5183,1 (11) 500 555-0137,,
5427,,1 (11) 500 555-0137,
5597,,1 (11) 500 555-0137,
5669,1 (11) 500 555-0137,,
5819,1 (11) 500 555-0137,,
5972,,1 (11) 500 555-0137,
6175,,1 (11) 500 555-0137,
6697,1 (11) 500 555-0137,,
6851,1 (11) 500 555-0137,,
6991,,1 (11) 500 555-0137,
7227,,1 (11) 500 555-0137,
7250,1 (11) 500 555-0137,,
7394,,1 (11) 500 555-0137,
7515,1 (11) 500 555-0137,,
7767,,1 (11) 500 555-0137,
7884,,1 (11) 500 555-0137,
8172,1 (11) 500 555-0137,,
8335,,1 (11) 500 555-0137,
8347,1 (11) 500 555-0137,,
8992,,1 (11) 500 555-0137,
9108,1 (11) 500 555-0137,,
9207,,1 (11) 500 555-0137,
9241,1 (11) 500 555-0137,,
9313,1 (11) 500 555-0137,,
9475,,1 (11) 500 555-0137,
10219,1 (11) 500 555-0137,,
10273,,1 (11) 500 555-0137,
10746,,1 (11) 500 555-0137,
10785,,1 (11) 500 555-0137,
10848,1 (11) 500 555-0137,,
11160,1 (11) 500 555-0137,,
11199,1 (11) 500 555-0137,,
11342,1 (11) 500 555-0137,,
11465,,1 (11) 500 555-0137,
11626,,1 (11) 500 555-0137,
11960,,1 (11) 500 555-0137,
11998,1 (11) 500 555-0137,,
12087,1 (11) 500 555-0137,,
12410,,1 (11) 500 555-0137,
12527,,1 (11) 500 555-0137,
12570,1 (11) 500 555-0137,,
12928,1 (11) 500 555-0137,,
13217,,1 (11) 500 555-0137,
13408,1 (11) 500 555-0137,,
13622,1 (11) 500 555-0137,,
14330,1 (11) 500 555-0137,,
14351,1 (11) 500 555-0137,,
15061,,1 (11) 500 555-0137,
15308,,1 (11) 500 555-0137,
15384,,1 (11) 500 555-0137,
15530,1 (11) 500 555-0137,,
15706,1 (11) 500 555-0137,,
16058,,1 (11) 500 555-0137,
16114,1 (11) 500 555-0137,,
16209,1 (11) 500 555-0137,,
16300,,1 (11) 500 555-0137,
16768,1 (11) 500 555-0137,,
16829,,1 (11) 500 555-0137,
17066,1 (11) 500 555-0137,,
17378,,1 (11) 500 555-0137,
17439,,1 (11) 500 555-0137,
17460,1 (11) 500 555-0137,,
17534,,1 (11) 500 555-0137,
17654,1 (11) 500 555-0137,,
17879,,1 (11) 500 555-0137,
18104,1 (11) 500 555-0137,,
18137,,1 (11) 500 555-0137,
18375,1 (11) 500 555-0137,,
18722,1 (11) 500 555-0137,,
18836,1 (11) 500 555-0137,,
18854,1 (11) 500 555-0137,,
19089,,1 (11) 500 555-0137,
19361,,1 (11) 500 555-0137,
19630,,1 (11) 500 555-0137,
19650,1 (11) 500 555-0137,,
20058,1 (11) 500 555-0137,,
20375,,1 (11) 500 555-0137,
20496,,1 (11) 500 555-0137,
20527,1 (11) 500 555-0137,,
20613,1 (11) 500 555-0137,,
20676,,1 (11) 500 555-0137,
20719,,1 (11) 500 555-0137,
587,,,1 (11) 500 555-0138
2476,1 (11) 500 555-0138,,
2964,,1 (11) 500 555-0138,
4446,,1 (11) 500 555-0138,
4491,1 (11) 500 555-0138,,
4494,,1 (11) 500 555-0138,
4791,1 (11) 500 555-0138,,
4995,,1 (11) 500 555-0138,
5020,1 (11) 500 555-0138,,
5080,,1 (11) 500 555-0138,
5460,,1 (11) 500 555-0138,
5920,,1 (11) 500 555-0138,
6131,1 (11) 500 555-0138,,
6337,,1 (11) 500 555-0138,
6532,,1 (11) 500 555-0138,
6585,,1 (11) 500 555-0138,
6667,1 (11) 500 555-0138,,
6704,1 (11) 500 555-0138,,
7369,,1 (11) 500 555-0138,
7840,,1 (11) 500 555-0138,
8022,1 (11) 500 555-0138,,
8421,1 (11) 500 555-0138,,
8853,,1 (11) 500 555-0138,
9155,,1 (11) 500 555-0138,
9206,1 (11) 500 555-0138,,
9343,,1 (11) 500 555-0138,
9820,,1 (11) 500 555-0138,
9867,1 (11) 500 555-0138,,
9919,,1 (11) 500 555-0138,
9922,1 (11) 500 555-0138,,
9991,,1 (11) 500 555-0138,
10099,1 (11) 500 555-0138,,
10207,1 (11) 500 555-0138,,
10412,,1 (11) 500 555-0138,
11569,,1 (11) 500 555-0138,
11861,1 (11) 500 555-0138,,
11937,1 (11) 500 555-0138,,
12120,,1 (11) 500 555-0138,
12209,,1 (11) 500 555-0138,
12418,1 (11) 500 555-0138,,
12725,1 (11) 500 555-0138,,
12803,,1 (11) 500 555-0138,
12835,,1 (11) 500 555-0138,
13484,1 (11) 500 555-0138,,
13552,,1 (11) 500 555-0138,
13951,,1 (11) 500 555-0138,
14413,1 (11) 500 555-0138,,
15271,1 (11) 500 555-0138,,
15461,,1 (11) 500 555-0138,
15829,,1 (11) 500 555-0138,
15896,1 (11) 500 555-0138,,
16046,,1 (11) 500 555-0138,
16430,1 (11) 500 555-0138,,
16855,,1 (11) 500 555-0138,
16895,,1 (11) 500 555-0138,
17119,1 (11) 500 555-0138,,
17130,,1 (11) 500 555-0138,
17349,1 (11) 500 555-0138,,
17417,1 (11) 500 555-0138,,
17522,,1 (11) 500 555-0138,
17756,1 (11) 500 555-0138,,
17839,1 (11) 500 555-0138,,
18023,1 (11) 500 555-0138,,
18075,1 (11) 500 555-0138,,
18079,,1 (11) 500 555-0138,
18153,1 (11) 500 555-0138,,
18478,,1 (11) 500 555-0138,
18509,1 (11) 500 555-0138,,
18527,1 (11) 500 555-0138,,
18585,,1 (11) 500 555-0138,
18621,1 (11) 500 555-0138,,
18865,,1 (11) 500 555-0138,
18925,,1 (11) 500 555-0138,
19137,1 (11) 500 555-0138,,
19370,1 (11) 500 555-0138,,
19387,,1 (11) 500 555-0138,
19575,1 (11) 500 555-0138,,
19637,1 (11) 500 555-0138,,
19772,,1 (11) 500 555-0138,
19881,1 (11) 500 555-0138,,
19957,1 (11) 500 555-0138,,
20105,1 (11) 500 555-0138,,
20137,1 (11) 500 555-0138,,
20343,1 (11) 500 555-0138,,
377,,,1 (11) 500 555-0139
1395,1 (11) 500 555-0139,,
2733,1 (11) 500 555-0139,,
2819,,1 (11) 500 555-0139,
2847,,1 (11) 500 555-0139,
3035,1 (11) 500 555-0139,,
3266,,1 (11) 500 555-0139,
3286,1 (11) 500 555-0139,,
3451,,1 (11) 500 555-0139,
3485,,1 (11) 500 555-0139,
3489,1 (11) 500 555-0139,,
3696,,1 (11) 500 555-0139,
3811,,1 (11) 500 555-0139,
4028,1 (11) 500 555-0139,,
4127,1 (11) 500 555-0139,,
4303,1 (11) 500 555-0139,,
4693,,1 (11) 500 555-0139,
4777,1 (11) 500 555-0139,,
4953,1 (11) 500 555-0139,,
5593,1 (11) 500 555-0139,,
5810,,1 (11) 500 555-0139,
6034,,1 (11) 500 555-0139,
6224,,1 (11) 500 555-0139,
6463,,1 (11) 500 555-0139,
6980,1 (11) 500 555-0139,,
7055,1 (11) 500 555-0139,,
7192,1 (11) 500 555-0139,,
7560,,1 (11) 500 555-0139,
7563,,1 (11) 500 555-0139,
7637,,1 (11) 500 555-0139,
7753,1 (11) 500 555-0139,,
7836,1 (11) 500 555-0139,,
7861,,1 (11) 500 555-0139,
7878,,1 (11) 500 555-0139,
8881,1 (11) 500 555-0139,,
9436,1 (11) 500 555-0139,,
9663,,1 (11) 500 555-0139,
9944,,1 (11) 500 555-0139,
10035,1 (11) 500 555-0139,,
10145,,1 (11) 500 555-0139,
10197,1 (11) 500 555-0139,,
10414,1 (11) 500 555-0139,,
10503,1 (11) 500 555-0139,,
10512,,1 (11) 500 555-0139,
11092,1 (11) 500 555-0139,,
11768,1 (11) 500 555-0139,,
11795,,1 (11) 500 555-0139,
11831,,1 (11) 500 555-0139,
11966,,1 (11) 500 555-0139,
12161,1 (11) 500 555-0139,,
13355,,1 (11) 500 555-0139,
13482,1 (11) 500 555-0139,,
13756,1 (11) 500 555-0139,,
13863,1 (11) 500 555-0139,,
14256,,1 (11) 500 555-0139,
14374,1 (11) 500 555-0139,,
14624,,1 (11) 500 555-0139,
15090,,1 (11) 500 555-0139,
15189,,1 (11) 500 555-0139,
15254,1 (11) 500 555-0139,,
15284,,1 (11) 500 555-0139,
15335,1 (11) 500 555-0139,,
15407,,1 (11) 500 555-0139,
15497,1 (11) 500 555-0139,,
15594,,1 (11) 500 555-0139,
15670,1 (11) 500 555-0139,,
15807,1 (11) 500 555-0139,,
15932,,1 (11) 500 555-0139,
16140,1 (11) 500 555-0139,,
16205,1 (11) 500 555-0139,,
16349,,1 (11) 500 555-0139,
16658,,1 (11) 500 555-0139,
16838,1 (11) 500 555-0139,,
17112,,1 (11) 500 555-0139,
17184,1 (11) 500 555-0139,,
17308,1 (11) 500 555-0139,,
17419,,1 (11) 500 555-0139,
17470,1 (11) 500 555-0139,,
17808,1 (11) 500 555-0139,,
17846,,1 (11) 500 555-0139,
17857,1 (11) 500 555-0139,,
17968,1 (11) 500 555-0139,,
18341,1 (11) 500 555-0139,,
18755,1 (11) 500 555-0139,,
18777,1 (11) 500 555-0139,,
18931,,1 (11) 500 555-0139,
18933,1 (11) 500 555-0139,,
19316,1 (11) 500 555-0139,,
19592,,1 (11) 500 555-0139,
19709,,1 (11) 500 555-0139,
19969,1 (11) 500 555-0139,,
20112,1 (11) 500 555-0139,,
20489,1 (11) 500 555-0139,,
20572,,1 (11) 500 555-0139,
20576,,1 (11) 500 555-0139,
20603,1 (11) 500 555-0139,,
20614,,1 (11) 500 555-0139,
20667,1 (11) 500 555-0139,,
288,1 (11) 500 555-0140,,
435,1 (11) 500 555-0140,,
623,1 (11) 500 555-0140,,
717,,,1 (11) 500 555-0140
1151,1 (11) 500 555-0140,,
1963,,,1 (11) 500 555-0140
2672,,1 (11) 500 555-0140,
2975,1 (11) 500 555-0140,,
3853,1 (11) 500 555-0140,,
4217,1 (11) 500 555-0140,,
4223,,1 (11) 500 555-0140,
4720,,1 (11) 500 555-0140,
4849,1 (11) 500 555-0140,,
5859,,1 (11) 500 555-0140,
5871,1 (11) 500 555-0140,,
6266,,1 (11) 500 555-0140,
6290,1 (11) 500 555-0140,,
6635,1 (11) 500 555-0140,,
6918,1 (11) 500 555-0140,,
7022,,1 (11) 500 555-0140,
7137,1 (11) 500 555-0140,,
7472,1 (11) 500 555-0140,,
7555,,1 (11) 500 555-0140,
7556,1 (11) 500 555-0140,,
8043,,1 (11) 500 555-0140,
8066,,1 (11) 500 555-0140,
8379,,1 (11) 500 555-0140,
8438,1 (11) 500 555-0140,,
8850,1 (11) 500 555-0140,,
9330,,1 (11) 500 555-0140,
9344,,1 (11) 500 555-0140,
9620,1 (11) 500 555-0140,,
9628,,1 (11) 500 555-0140,
10036,1 (11) 500 555-0140,,
10211,,1 (11) 500 555-0140,
10242,,1 (11) 500 555-0140,
10269,,1 (11) 500 555-0140,
10551,1 (11) 500 555-0140,,
10585,,1 (11) 500 555-0140,
11103,,1 (11) 500 555-0140,
12029,,1 (11) 500 555-0140,
12115,,1 (11) 500 555-0140,
12369,,1 (11) 500 555-0140,
12506,1 (11) 500 555-0140,,
12605,1 (11) 500 555-0140,,
12642,,1 (11) 500 555-0140,
12860,,1 (11) 500 555-0140,
13021,,1 (11) 500 555-0140,
13169,1 (11) 500 555-0140,,
13322,,1 (11) 500 555-0140,
13763,1 (11) 500 555-0140,,
13821,1 (11) 500 555-0140,,
13832,,1 (11) 500 555-0140,
13870,1 (11) 500 555-0140,,
14053,,1 (11) 500 555-0140,
14220,1 (11) 500 555-0140,,
14748,,1 (11) 500 555-0140,
15001,1 (11) 500 555-0140,,
15473,1 (11) 500 555-0140,,
16043,1 (11) 500 555-0140,,
16048,1 (11) 500 555-0140,,
16406,1 (11) 500 555-0140,,
16508,,1 (11) 500 555-0140,
16739,1 (11) 500 555-0140,,
16931,1 (11) 500 555-0140,,
17098,,1 (11) 500 555-0140,
17099,1 (11) 500 555-0140,,
17111,,1 (11) 500 555-0140,
17134,1 (11) 500 555-0140,,
17188,,1 (11) 500 555-0140,
17315,,1 (11) 500 555-0140,
17635,,1 (11) 500 555-0140,
17936,,1 (11) 500 555-0140,
18323,,1 (11) 500 555-0140,
18447,,1 (11) 500 555-0140,
18649,,1 (11) 500 555-0140,
18787,1 (11) 500 555-0140,,
18858,1 (11) 500 555-0140,,
18919,,1 (11) 500 555-0140,
19026,1 (11) 500 555-0140,,
19054,1 (11) 500 555-0140,,
19687,,1 (11) 500 555-0140,
19774,1 (11) 500 555-0140,,
19943,,1 (11) 500 555-0140,
20033,,1 (11) 500 555-0140,
20612,1 (11) 500 555-0140,,
20639,1 (11) 500 555-0140,,
20693,,1 (11) 500 555-0140,
2459,1 (11) 500 555-0141,,
2640,1 (11) 500 555-0141,,
2869,,1 (11) 500 555-0141,
2918,1 (11) 500 555-0141,,
3096,1 (11) 500 555-0141,,
3527,,1 (11) 500 555-0141,
3643,,1 (11) 500 555-0141,
3824,1 (11) 500 555-0141,,
4449,1 (11) 500 555-0141,,
4623,1 (11) 500 555-0141,,
5646,,1 (11) 500 555-0141,
5835,,1 (11) 500 555-0141,
5866,,1 (11) 500 555-0141,
6025,,1 (11) 500 555-0141,
6343,,1 (11) 500 555-0141,
7579,,1 (11) 500 555-0141,
7640,1 (11) 500 555-0141,,
7664,1 (11) 500 555-0141,,
8009,,1 (11) 500 555-0141,
8025,,1 (11) 500 555-0141,
8097,1 (11) 500 555-0141,,
8273,1 (11) 500 555-0141,,
8639,1 (11) 500 555-0141,,
9185,1 (11) 500 555-0141,,
9235,1 (11) 500 555-0141,,
9260,,1 (11) 500 555-0141,
9471,,1 (11) 500 555-0141,
9634,1 (11) 500 555-0141,,
9704,,1 (11) 500 555-0141,
10323,,1 (11) 500 555-0141,
10362,1 (11) 500 555-0141,,
10558,,1 (11) 500 555-0141,
11255,,1 (11) 500 555-0141,
12171,,1 (11) 500 555-0141,
12359,,1 (11) 500 555-0141,
12711,1 (11) 500 555-0141,,
12761,1 (11) 500 555-0141,,
13178,1 (11) 500 555-0141,,
13341,,1 (11) 500 555-0141,
13385,1 (11) 500 555-0141,,
13648,,1 (11) 500 555-0141,
13766,1 (11) 500 555-0141,,
13857,,1 (11) 500 555-0141,
13989,,1 (11) 500 555-0141,
14059,,1 (11) 500 555-0141,
14271,1 (11) 500 555-0141,,
14493,1 (11) 500 555-0141,,
15291,,1 (11) 500 555-0141,
15390,,1 (11) 500 555-0141,
15405,1 (11) 500 555-0141,,
15725,,1 (11) 500 555-0141,
16378,,1 (11) 500 555-0141,
16478,1 (11) 500 555-0141,,
16604,1 (11) 500 555-0141,,
16611,1 (11) 500 555-0141,,
16795,,1 (11) 500 555-0141,
17068,1 (11) 500 555-0141,,
17273,,1 (11) 500 555-0141,
17515,1 (11) 500 555-0141,,
17526,,1 (11) 500 555-0141,
17873,,1 (11) 500 555-0141,
17934,1 (11) 500 555-0141,,
18001,,1 (11) 500 555-0141,
18184,1 (11) 500 555-0141,,
18384,1 (11) 500 555-0141,,
18716,,1 (11) 500 555-0141,
18951,,1 (11) 500 555-0141,
19330,,1 (11) 500 555-0141,
19814,,1 (11) 500 555-0141,
19851,,1 (11) 500 555-0141,
19920,,1 (11) 500 555-0141,
20060,1 (11) 500 555-0141,,
20329,,1 (11) 500 555-0141,
20757,1 (11) 500 555-0141,,
689,1 (11) 500 555-0142,,
2458,,1 (11) 500 555-0142,
2589,1 (11) 500 555-0142,,
2665,1 (11) 500 555-0142,,
2785,,1 (11) 500 555-0142,
3077,,1 (11) 500 555-0142,
3417,,1 (11) 500 555-0142,
3469,,1 (11) 500 555-0142,
3633,,1 (11) 500 555-0142,
3873,1 (11) 500 555-0142,,
4371,1 (11) 500 555-0142,,
5198,,1 (11) 500 555-0142,
5509,1 (11) 500 555-0142,,
5531,1 (11) 500 555-0142,,
5570,,1 (11) 500 555-0142,
5789,,1 (11) 500 555-0142,
5811,1 (11) 500 555-0142,,
6259,,1 (11) 500 555-0142,
6433,,1 (11) 500 555-0142,
6466,,1 (11) 500 555-0142,
7194,1 (11) 500 555-0142,,
7449,1 (11) 500 555-0142,,
7468,1 (11) 500 555-0142,,
7887,1 (11) 500 555-0142,,
7987,1 (11) 500 555-0142,,
8182,1 (11) 500 555-0142,,
8224,1 (11) 500 555-0142,,
8629,1 (11) 500 555-0142,,
9141,1 (11) 500 555-0142,,
9602,1 (11) 500 555-0142,,
9626,1 (11) 500 555-0142,,
9723,,1 (11) 500 555-0142,
9731,,1 (11) 500 555-0142,
9733,1 (11) 500 555-0142,,
10575,,1 (11) 500 555-0142,
10925,1 (11) 500 555-0142,,
11163,,1 (11) 500 555-0142,
11214,,1 (11) 500 555-0142,
11260,1 (11) 500 555-0142,,
11513,1 (11) 500 555-0142,,
11911,,1 (11) 500 555-0142,
11973,1 (11) 500 555-0142,,
12186,1 (11) 500 555-0142,,
12263,1 (11) 500 555-0142,,
12324,1 (11) 500 555-0142,,
12602,,1 (11) 500 555-0142,
12752,1 (11) 500 555-0142,,
13039,1 (11) 500 555-0142,,
13112,,1 (11) 500 555-0142,
13161,1 (11) 500 555-0142,,
13257,1 (11) 500 555-0142,,
13331,,1 (11) 500 555-0142,
13338,1 (11) 500 555-0142,,
14029,1 (11) 500 555-0142,,
14138,1 (11) 500 555-0142,,
14144,1 (11) 500 555-0142,,
14525,1 (11) 500 555-0142,,
14893,1 (11) 500 555-0142,,
15072,,1 (11) 500 555-0142,
15137,,1 (11) 500 555-0142,
15680,1 (11) 500 555-0142,,
15864,,1 (11) 500 555-0142,
16354,1 (11) 500 555-0142,,
16454,1 (11) 500 555-0142,,
16610,1 (11) 500 555-0142,,
16762,1 (11) 500 555-0142,,
16803,,1 (11) 500 555-0142,
17145,1 (11) 500 555-0142,,
17271,,1 (11) 500 555-0142,
17274,1 (11) 500 555-0142,,
17678,,1 (11) 500 555-0142,
17831,,1 (11) 500 555-0142,
17834,,1 (11) 500 555-0142,
18392,,1 (11) 500 555-0142,
18855,1 (11) 500 555-0142,,
19143,1 (11) 500 555-0142,,
19149,,1 (11) 500 555-0142,
19506,,1 (11) 500 555-0142,
19708,1 (11) 500 555-0142,,
19757,1 (11) 500 555-0142,,
19798,,1 (11) 500 555-0142,
19812,,1 (11) 500 555-0142,
19970,,1 (11) 500 555-0142,
20286,,1 (11) 500 555-0142,
20311,1 (11) 500 555-0142,,
20545,,1 (11) 500 555-0142,
20650,,1 (11) 500 555-0142,
2416,1 (11) 500 555-0143,,
2445,1 (11) 500 555-0143,,
2518,1 (11) 500 555-0143,,
2593,1 (11) 500 555-0143,,
2644,,1 (11) 500 555-0143,
2768,,1 (11) 500 555-0143,
2811,1 (11) 500 555-0143,,
3079,,1 (11) 500 555-0143,
3124,1 (11) 500 555-0143,,
3297,1 (11) 500 555-0143,,
3313,1 (11) 500 555-0143,,
3645,1 (11) 500 555-0143,,
3725,,1 (11) 500 555-0143,
5033,,1 (11) 500 555-0143,
5902,,1 (11) 500 555-0143,
6167,1 (11) 500 555-0143,,
6416,1 (11) 500 555-0143,,
7019,1 (11) 500 555-0143,,
7133,,1 (11) 500 555-0143,
7176,1 (11) 500 555-0143,,
7777,1 (11) 500 555-0143,,
7885,1 (11) 500 555-0143,,
7923,,1 (11) 500 555-0143,
7952,,1 (11) 500 555-0143,
8304,1 (11) 500 555-0143,,
8681,1 (11) 500 555-0143,,
8976,,1 (11) 500 555-0143,
8996,,1 (11) 500 555-0143,
9098,1 (11) 500 555-0143,,
9424,,1 (11) 500 555-0143,
9950,,1 (11) 500 555-0143,
10307,1 (11) 500 555-0143,,
10455,,1 (11) 500 555-0143,
10847,1 (11) 500 555-0143,,
10859,1 (11) 500 555-0143,,
11009,,1 (11) 500 555-0143,
11115,,1 (11) 500 555-0143,
11143,,1 (11) 500 555-0143,
11171,,1 (11) 500 555-0143,
11202,1 (11) 500 555-0143,,
11502,,1 (11) 500 555-0143,
11859,,1 (11) 500 555-0143,
11984,,1 (11) 500 555-0143,
12316,1 (11) 500 555-0143,,
12443,,1 (11) 500 555-0143,
12452,,1 (11) 500 555-0143,
12823,1 (11) 500 555-0143,,
13017,1 (11) 500 555-0143,,
13219,,1 (11) 500 555-0143,
13335,1 (11) 500 555-0143,,
13376,,1 (11) 500 555-0143,
13384,1 (11) 500 555-0143,,
13612,1 (11) 500 555-0143,,
13615,,1 (11) 500 555-0143,
13807,1 (11) 500 555-0143,,
14089,1 (11) 500 555-0143,,
14141,,1 (11) 500 555-0143,
14189,,1 (11) 500 555-0143,
14388,1 (11) 500 555-0143,,
14502,1 (11) 500 555-0143,,
14839,1 (11) 500 555-0143,,
14958,1 (11) 500 555-0143,,
14999,1 (11) 500 555-0143,,
15223,1 (11) 500 555-0143,,
15585,1 (11) 500 555-0143,,
15622,,1 (11) 500 555-0143,
15769,,1 (11) 500 555-0143,
16573,,1 (11) 500 555-0143,
16628,,1 (11) 500 555-0143,
16666,,1 (11) 500 555-0143,
16770,1 (11) 500 555-0143,,
17199,,1 (11) 500 555-0143,
17262,,1 (11) 500 555-0143,
17299,,1 (11) 500 555-0143,
17305,1 (11) 500 555-0143,,
17476,1 (11) 500 555-0143,,
17571,,1 (11) 500 555-0143,
18061,,1 (11) 500 555-0143,
18116,,1 (11) 500 555-0143,
18339,1 (11) 500 555-0143,,
18422,,1 (11) 500 555-0143,
18551,,1 (11) 500 555-0143,
18736,,1 (11) 500 555-0143,
18833,1 (11) 500 555-0143,,
18853,,1 (11) 500 555-0143,
18946,1 (11) 500 555-0143,,
18993,,1 (11) 500 555-0143,
19302,1 (11) 500 555-0143,,
19360,1 (11) 500 555-0143,,
19438,,1 (11) 500 555-0143,
19453,1 (11) 500 555-0143,,
19469,,1 (11) 500 555-0143,
19678,,1 (11) 500 555-0143,
19769,,1 (11) 500 555-0143,
20239,,1 (11) 500 555-0143,
20371,1 (11) 500 555-0143,,
1075,1 (11) 500 555-0144,,
1231,1 (11) 500 555-0144,,
2511,,1 (11) 500 555-0144,
2721,1 (11) 500 555-0144,,
2880,1 (11) 500 555-0144,,
2901,1 (11) 500 555-0144,,
3524,1 (11) 500 555-0144,,
3860,1 (11) 500 555-0144,,
3938,,1 (11) 500 555-0144,
4180,,1 (11) 500 555-0144,
4280,,1 (11) 500 555-0144,
4748,1 (11) 500 555-0144,,
4762,1 (11) 500 555-0144,,
4790,1 (11) 500 555-0144,,
4947,1 (11) 500 555-0144,,
4980,,1 (11) 500 555-0144,
5350,1 (11) 500 555-0144,,
5525,1 (11) 500 555-0144,,
5672,,1 (11) 500 555-0144,
5837,1 (11) 500 555-0144,,
5921,1 (11) 500 555-0144,,
5999,,1 (11) 500 555-0144,
7211,1 (11) 500 555-0144,,
7651,1 (11) 500 555-0144,,
8168,1 (11) 500 555-0144,,
8602,,1 (11) 500 555-0144,
8663,,1 (11) 500 555-0144,
8713,,1 (11) 500 555-0144,
9255,,1 (11) 500 555-0144,
9362,,1 (11) 500 555-0144,
9549,1 (11) 500 555-0144,,
9599,,1 (11) 500 555-0144,
9762,,1 (11) 500 555-0144,
9896,1 (11) 500 555-0144,,
10122,1 (11) 500 555-0144,,
10326,1 (11) 500 555-0144,,
10486,1 (11) 500 555-0144,,
10812,1 (11) 500 555-0144,,
10883,,1 (11) 500 555-0144,
10892,,1 (11) 500 555-0144,
11062,,1 (11) 500 555-0144,
11437,1 (11) 500 555-0144,,
11468,,1 (11) 500 555-0144,
11586,,1 (11) 500 555-0144,
11621,1 (11) 500 555-0144,,
11878,,1 (11) 500 555-0144,
12182,,1 (11) 500 555-0144,
12372,,1 (11) 500 555-0144,
12485,1 (11) 500 555-0144,,
12575,,1 (11) 500 555-0144,
12672,,1 (11) 500 555-0144,
13106,,1 (11) 500 555-0144,
13327,1 (11) 500 555-0144,,
13617,,1 (11) 500 555-0144,
13903,1 (11) 500 555-0144,,
14021,,1 (11) 500 555-0144,
14193,,1 (11) 500 555-0144,
14368,1 (11) 500 555-0144,,
14709,,1 (11) 500 555-0144,
14767,,1 (11) 500 555-0144,
14962,1 (11) 500 555-0144,,
14977,1 (11) 500 555-0144,,
15281,,1 (11) 500 555-0144,
15623,1 (11) 500 555-0144,,
15824,1 (11) 500 555-0144,,
16146,1 (11) 500 555-0144,,
16575,1 (11) 500 555-0144,,
16607,,1 (11) 500 555-0144,
16700,1 (11) 500 555-0144,,
16750,1 (11) 500 555-0144,,
16827,1 (11) 500 555-0144,,
17478,1 (11) 500 555-0144,,
17582,,1 (11) 500 555-0144,
17813,,1 (11) 500 555-0144,
17847,1 (11) 500 555-0144,,
18181,,1 (11) 500 555-0144,
18299,1 (11) 500 555-0144,,
18591,,1 (11) 500 555-0144,
18848,1 (11) 500 555-0144,,
19582,,1 (11) 500 555-0144,
19643,1 (11) 500 555-0144,,
19931,1 (11) 500 555-0144,,
20047,,1 (11) 500 555-0144,
20074,1 (11) 500 555-0144,,
20155,,1 (11) 500 555-0144,
20560,,1 (11) 500 555-0144,
20656,1 (11) 500 555-0144,,
289,,,1 (11) 500 555-0145
2388,1 (11) 500 555-0145,,
2969,1 (11) 500 555-0145,,
2980,1 (11) 500 555-0145,,
3085,1 (11) 500 555-0145,,
3601,1 (11) 500 555-0145,,
3697,1 (11) 500 555-0145,,
4120,1 (11) 500 555-0145,,
4199,,1 (11) 500 555-0145,
4211,,1 (11) 500 555-0145,
4329,1 (11) 500 555-0145,,
4439,,1 (11) 500 555-0145,
4485,1 (11) 500 555-0145,,
4516,1 (11) 500 555-0145,,
4533,1 (11) 500 555-0145,,
4641,1 (11) 500 555-0145,,
4861,1 (11) 500 555-0145,,
5334,1 (11) 500 555-0145,,
5429,1 (11) 500 555-0145,,
5600,1 (11) 500 555-0145,,
5692,,1 (11) 500 555-0145,
5746,1 (11) 500 555-0145,,
5955,1 (11) 500 555-0145,,
6066,1 (11) 500 555-0145,,
7132,1 (11) 500 555-0145,,
7141,1 (11) 500 555-0145,,
7193,,1 (11) 500 555-0145,
7332,1 (11) 500 555-0145,,
8048,1 (11) 500 555-0145,,
8236,1 (11) 500 555-0145,,
8500,1 (11) 500 555-0145,,
8505,,1 (11) 500 555-0145,
8523,,1 (11) 500 555-0145,
8696,1 (11) 500 555-0145,,
8705,1 (11) 500 555-0145,,
8857,1 (11) 500 555-0145,,
8901,1 (11) 500 555-0145,,
9643,1 (11) 500 555-0145,,
10008,1 (11) 500 555-0145,,
10028,1 (11) 500 555-0145,,
10708,,1 (11) 500 555-0145,
10919,,1 (11) 500 555-0145,
11473,,1 (11) 500 555-0145,
11538,,1 (11) 500 555-0145,
11587,1 (11) 500 555-0145,,
12088,1 (11) 500 555-0145,,
12278,,1 (11) 500 555-0145,
12483,1 (11) 500 555-0145,,
12591,1 (11) 500 555-0145,,
12630,1 (11) 500 555-0145,,
12668,1 (11) 500 555-0145,,
12747,,1 (11) 500 555-0145,
13345,,1 (11) 500 555-0145,
13754,,1 (11) 500 555-0145,
13768,1 (11) 500 555-0145,,
13812,,1 (11) 500 555-0145,
13981,1 (11) 500 555-0145,,
14040,1 (11) 500 555-0145,,
14065,,1 (11) 500 555-0145,
14344,1 (11) 500 555-0145,,
14412,1 (11) 500 555-0145,,
14435,,1 (11) 500 555-0145,
14580,,1 (11) 500 555-0145,
14722,,1 (11) 500 555-0145,
14924,,1 (11) 500 555-0145,
15055,1 (11) 500 555-0145,,
15142,1 (11) 500 555-0145,,
15599,1 (11) 500 555-0145,,
15652,,1 (11) 500 555-0145,
15724,1 (11) 500 555-0145,,
15825,,1 (11) 500 555-0145,
15826,,1 (11) 500 555-0145,
16479,1 (11) 500 555-0145,,
16777,1 (11) 500 555-0145,,
16833,1 (11) 500 555-0145,,
17045,,1 (11) 500 555-0145,
17056,,1 (11) 500 555-0145,
17076,,1 (11) 500 555-0145,
17086,1 (11) 500 555-0145,,
17620,,1 (11) 500 555-0145,
17784,1 (11) 500 555-0145,,
17905,1 (11) 500 555-0145,,
18074,1 (11) 500 555-0145,,
18237,,1 (11) 500 555-0145,
18254,1 (11) 500 555-0145,,
18394,,1 (11) 500 555-0145,
18415,,1 (11) 500 555-0145,
18481,1 (11) 500 555-0145,,
18490,1 (11) 500 555-0145,,
18590,1 (11) 500 555-0145,,
18701,1 (11) 500 555-0145,,
18745,1 (11) 500 555-0145,,
19133,1 (11) 500 555-0145,,
19532,,1 (11) 500 555-0145,
19847,1 (11) 500 555-0145,,
20028,1 (11) 500 555-0145,,
20298,,1 (11) 500 555-0145,
20355,1 (11) 500 555-0145,,
20367,1 (11) 500 555-0145,,
20482,,1 (11) 500 555-0145,
20604,,1 (11) 500 555-0145,
20663,1 (11) 500 555-0145,,
20665,1 (11) 500 555-0145,,
20680,1 (11) 500 555-0145,,
537,1 (11) 500 555-0146,,
1121,1 (11) 500 555-0146,,
1219,1 (11) 500 555-0146,,
1383,,,1 (11) 500 555-0146
2485,1 (11) 500 555-0146,,
2497,1 (11) 500 555-0146,,
2507,,1 (11) 500 555-0146,
2590,,1 (11) 500 555-0146,
2650,,1 (11) 500 555-0146,
3719,,1 (11) 500 555-0146,
3792,1 (11) 500 555-0146,,
4470,1 (11) 500 555-0146,,
4472,,1 (11) 500 555-0146,
5172,,1 (11) 500 555-0146,
5230,,1 (11) 500 555-0146,
5360,,1 (11) 500 555-0146,
5629,,1 (11) 500 555-0146,
5674,1 (11) 500 555-0146,,
5769,,1 (11) 500 555-0146,
6097,1 (11) 500 555-0146,,
6292,1 (11) 500 555-0146,,
6300,1 (11) 500 555-0146,,
6760,1 (11) 500 555-0146,,
6761,1 (11) 500 555-0146,,
7355,,1 (11) 500 555-0146,
7573,1 (11) 500 555-0146,,
7583,1 (11) 500 555-0146,,
7717,,1 (11) 500 555-0146,
7916,1 (11) 500 555-0146,,
8019,1 (11) 500 555-0146,,
8257,,1 (11) 500 555-0146,
8541,1 (11) 500 555-0146,,
8835,,1 (11) 500 555-0146,
9529,,1 (11) 500 555-0146,
9781,1 (11) 500 555-0146,,
9822,1 (11) 500 555-0146,,
10418,,1 (11) 500 555-0146,
10428,1 (11) 500 555-0146,,
10479,,1 (11) 500 555-0146,
10526,,1 (11) 500 555-0146,
10565,1 (11) 500 555-0146,,
10592,1 (11) 500 555-0146,,
10766,,1 (11) 500 555-0146,
10803,,1 (11) 500 555-0146,
11249,,1 (11) 500 555-0146,
11574,,1 (11) 500 555-0146,
11783,,1 (11) 500 555-0146,
12092,1 (11) 500 555-0146,,
12468,,1 (11) 500 555-0146,
12502,,1 (11) 500 555-0146,
12712,1 (11) 500 555-0146,,
12810,,1 (11) 500 555-0146,
13486,,1 (11) 500 555-0146,
14257,,1 (11) 500 555-0146,
14326,1 (11) 500 555-0146,,
14401,1 (11) 500 555-0146,,
14423,1 (11) 500 555-0146,,
14559,1 (11) 500 555-0146,,
14677,1 (11) 500 555-0146,,
14841,1 (11) 500 555-0146,,
15058,1 (11) 500 555-0146,,
15330,1 (11) 500 555-0146,,
15638,1 (11) 500 555-0146,,
15944,,1 (11) 500 555-0146,
16151,1 (11) 500 555-0146,,
16238,,1 (11) 500 555-0146,
16266,,1 (11) 500 555-0146,
16360,,1 (11) 500 555-0146,
16398,1 (11) 500 555-0146,,
16418,1 (11) 500 555-0146,,
16449,,1 (11) 500 555-0146,
16483,,1 (11) 500 555-0146,
16720,,1 (11) 500 555-0146,
16807,1 (11) 500 555-0146,,
17091,1 (11) 500 555-0146,,
17395,1 (11) 500 555-0146,,
17769,,1 (11) 500 555-0146,
17951,1 (11) 500 555-0146,,
18034,1 (11) 500 555-0146,,
18135,1 (11) 500 555-0146,,
18351,1 (11) 500 555-0146,,
19052,1 (11) 500 555-0146,,
19174,1 (11) 500 555-0146,,
19290,1 (11) 500 555-0146,,
19413,,1 (11) 500 555-0146,
19508,1 (11) 500 555-0146,,
19510,,1 (11) 500 555-0146,
19572,,1 (11) 500 555-0146,
19648,1 (11) 500 555-0146,,
19652,1 (11) 500 555-0146,,
19761,1 (11) 500 555-0146,,
19835,,1 (11) 500 555-0146,
19886,1 (11) 500 555-0146,,
19983,,1 (11) 500 555-0146,
20158,,1 (11) 500 555-0146,
20213,1 (11) 500 555-0146,,
20253,,1 (11) 500 555-0146,
20499,,1 (11) 500 555-0146,
20512,,1 (11) 500 555-0146,
20732,1 (11) 500 555-0146,,
747,,,1 (11) 500 555-0147
1913,1 (11) 500 555-0147,,
2472,1 (11) 500 555-0147,,
2508,1 (11) 500 555-0147,,
2538,1 (11) 500 555-0147,,
2926,,1 (11) 500 555-0147,
3075,1 (11) 500 555-0147,,
3115,,1 (11) 500 555-0147,
3412,,1 (11) 500 555-0147,
3582,1 (11) 500 555-0147,,
4068,1 (11) 500 555-0147,,
4159,1 (11) 500 555-0147,,
4230,,1 (11) 500 555-0147,
4634,,1 (11) 500 555-0147,
4740,1 (11) 500 555-0147,,
5212,1 (11) 500 555-0147,,
5323,1 (11) 500 555-0147,,
5369,1 (11) 500 555-0147,,
5377,,1 (11) 500 555-0147,
5756,,1 (11) 500 555-0147,
6367,1 (11) 500 555-0147,,
6517,,1 (11) 500 555-0147,
6538,1 (11) 500 555-0147,,
6659,,1 (11) 500 555-0147,
6724,1 (11) 500 555-0147,,
7080,,1 (11) 500 555-0147,
7759,1 (11) 500 555-0147,,
7986,1 (11) 500 555-0147,,
8252,1 (11) 500 555-0147,,
8329,,1 (11) 500 555-0147,
8478,,1 (11) 500 555-0147,
8741,,1 (11) 500 555-0147,
9036,,1 (11) 500 555-0147,
9068,1 (11) 500 555-0147,,
9184,,1 (11) 500 555-0147,
9365,,1 (11) 500 555-0147,
9455,1 (11) 500 555-0147,,
9518,1 (11) 500 555-0147,,
9592,1 (11) 500 555-0147,,
9854,,1 (11) 500 555-0147,
10161,1 (11) 500 555-0147,,
10176,1 (11) 500 555-0147,,
10390,1 (11) 500 555-0147,,
10866,1 (11) 500 555-0147,,
10875,,1 (11) 500 555-0147,
10972,1 (11) 500 555-0147,,
11403,1 (11) 500 555-0147,,
11486,1 (11) 500 555-0147,,
11508,,1 (11) 500 555-0147,
11612,1 (11) 500 555-0147,,
11731,,1 (11) 500 555-0147,
11784,,1 (11) 500 555-0147,
11827,,1 (11) 500 555-0147,
12123,1 (11) 500 555-0147,,
12218,,1 (11) 500 555-0147,
12335,,1 (11) 500 555-0147,
12448,,1 (11) 500 555-0147,
12693,1 (11) 500 555-0147,,
12704,1 (11) 500 555-0147,,
12757,1 (11) 500 555-0147,,
12781,1 (11) 500 555-0147,,
12892,1 (11) 500 555-0147,,
12982,1 (11) 500 555-0147,,
12999,,1 (11) 500 555-0147,
13372,,1 (11) 500 555-0147,
13526,1 (11) 500 555-0147,,
13535,,1 (11) 500 555-0147,
13698,1 (11) 500 555-0147,,
13842,1 (11) 500 555-0147,,
14058,,1 (11) 500 555-0147,
14518,1 (11) 500 555-0147,,
14612,1 (11) 500 555-0147,,
14791,,1 (11) 500 555-0147,
15479,1 (11) 500 555-0147,,
15603,,1 (11) 500 555-0147,
15684,1 (11) 500 555-0147,,
15990,,1 (11) 500 555-0147,
16178,,1 (11) 500 555-0147,
16341,1 (11) 500 555-0147,,
16558,,1 (11) 500 555-0147,
16773,1 (11) 500 555-0147,,
16870,,1 (11) 500 555-0147,
16882,,1 (11) 500 555-0147,
17156,1 (11) 500 555-0147,,
17317,1 (11) 500 555-0147,,
17679,,1 (11) 500 555-0147,
17794,1 (11) 500 555-0147,,
17827,,1 (11) 500 555-0147,
17935,1 (11) 500 555-0147,,
18411,1 (11) 500 555-0147,,
18850,,1 (11) 500 555-0147,
18857,1 (11) 500 555-0147,,
19217,,1 (11) 500 555-0147,
19314,1 (11) 500 555-0147,,
19446,,1 (11) 500 555-0147,
19690,,1 (11) 500 555-0147,
19806,,1 (11) 500 555-0147,
20079,,1 (11) 500 555-0147,
20334,,1 (11) 500 555-0147,
20401,,1 (11) 500 555-0147,
20657,,1 (11) 500 555-0147,
757,,,1 (11) 500 555-0148
2401,1 (11) 500 555-0148,,
2715,1 (11) 500 555-0148,,
2972,,1 (11) 500 555-0148,
3031,,1 (11) 500 555-0148,
3283,,1 (11) 500 555-0148,
3515,1 (11) 500 555-0148,,
3837,1 (11) 500 555-0148,,
3903,,1 (11) 500 555-0148,
4067,1 (11) 500 555-0148,,
4152,1 (11) 500 555-0148,,
5205,,1 (11) 500 555-0148,
5596,1 (11) 500 555-0148,,
5715,1 (11) 500 555-0148,,
5747,1 (11) 500 555-0148,,
6043,1 (11) 500 555-0148,,
6048,,1 (11) 500 555-0148,
6088,,1 (11) 500 555-0148,
6104,,1 (11) 500 555-0148,
6238,,1 (11) 500 555-0148,
6618,1 (11) 500 555-0148,,
6744,,1 (11) 500 555-0148,
6992,1 (11) 500 555-0148,,
7162,,1 (11) 500 555-0148,
7407,,1 (11) 500 555-0148,
7484,1 (11) 500 555-0148,,
7533,1 (11) 500 555-0148,,
7807,,1 (11) 500 555-0148,
8449,,1 (11) 500 555-0148,
8468,,1 (11) 500 555-0148,
8890,1 (11) 500 555-0148,,
8951,1 (11) 500 555-0148,,
9258,1 (11) 500 555-0148,,
9604,1 (11) 500 555-0148,,
9745,,1 (11) 500 555-0148,
10051,1 (11) 500 555-0148,,
10539,,1 (11) 500 555-0148,
10550,,1 (11) 500 555-0148,
10576,,1 (11) 500 555-0148,
11298,,1 (11) 500 555-0148,
11368,,1 (11) 500 555-0148,
11572,,1 (11) 500 555-0148,
11605,,1 (11) 500 555-0148,
11836,,1 (11) 500 555-0148,
11863,,1 (11) 500 555-0148,
11965,,1 (11) 500 555-0148,
12394,,1 (11) 500 555-0148,
12638,,1 (11) 500 555-0148,
12917,,1 (11) 500 555-0148,
13398,,1 (11) 500 555-0148,
13525,,1 (11) 500 555-0148,
13599,,1 (11) 500 555-0148,
13996,,1 (11) 500 555-0148,
14208,1 (11) 500 555-0148,,
14384,1 (11) 500 555-0148,,
14959,1 (11) 500 555-0148,,
15029,,1 (11) 500 555-0148,
15424,,1 (11) 500 555-0148,
15607,,1 (11) 500 555-0148,
15711,1 (11) 500 555-0148,,
15874,,1 (11) 500 555-0148,
16279,1 (11) 500 555-0148,,
16428,,1 (11) 500 555-0148,
16542,1 (11) 500 555-0148,,
16576,,1 (11) 500 555-0148,
16786,,1 (11) 500 555-0148,
16957,,1 (11) 500 555-0148,
17050,,1 (11) 500 555-0148,
17135,,1 (11) 500 555-0148,
17483,,1 (11) 500 555-0148,
17532,,1 (11) 500 555-0148,
17761,1 (11) 500 555-0148,,
17832,,1 (11) 500 555-0148,
17842,1 (11) 500 555-0148,,
17913,,1 (11) 500 555-0148,
17960,1 (11) 500 555-0148,,
18264,1 (11) 500 555-0148,,
18428,,1 (11) 500 555-0148,
18652,,1 (11) 500 555-0148,
19181,1 (11) 500 555-0148,,
19426,1 (11) 500 555-0148,,
19613,1 (11) 500 555-0148,,
19705,,1 (11) 500 555-0148,
19770,1 (11) 500 555-0148,,
20096,,1 (11) 500 555-0148,
20134,,1 (11) 500 555-0148,
20212,,1 (11) 500 555-0148,
20247,1 (11) 500 555-0148,,
20387,1 (11) 500 555-0148,,
20414,,1 (11) 500 555-0148,
20490,1 (11) 500 555-0148,,
20743,1 (11) 500 555-0148,,
1829,1 (11) 500 555-0149,,
2385,1 (11) 500 555-0149,,
2489,,1 (11) 500 555-0149,
2591,1 (11) 500 555-0149,,
2628,,1 (11) 500 555-0149,
2718,,1 (11) 500 555-0149,
2744,,1 (11) 500 555-0149,
2910,,1 (11) 500 555-0149,
3478,1 (11) 500 555-0149,,
3586,1 (11) 500 555-0149,,
3850,1 (11) 500 555-0149,,
3934,1 (11) 500 555-0149,,
3984,1 (11) 500 555-0149,,
4360,1 (11) 500 555-0149,,
4477,,1 (11) 500 555-0149,
4481,1 (11) 500 555-0149,,
4574,,1 (11) 500 555-0149,
4596,,1 (11) 500 555-0149,
4643,1 (11) 500 555-0149,,
4945,,1 (11) 500 555-0149,
5168,,1 (11) 500 555-0149,
5289,1 (11) 500 555-0149,,
5481,,1 (11) 500 555-0149,
5588,1 (11) 500 555-0149,,
6347,1 (11) 500 555-0149,,
6423,,1 (11) 500 555-0149,
6660,1 (11) 500 555-0149,,
6733,,1 (11) 500 555-0149,
7095,1 (11) 500 555-0149,,
7289,1 (11) 500 555-0149,,
8340,1 (11) 500 555-0149,,
8628,1 (11) 500 555-0149,,
9220,1 (11) 500 555-0149,,
9557,1 (11) 500 555-0149,,
9622,1 (11) 500 555-0149,,
10239,1 (11) 500 555-0149,,
10441,,1 (11) 500 555-0149,
10953,1 (11) 500 555-0149,,
11293,1 (11) 500 555-0149,,
11430,1 (11) 500 555-0149,,
11812,,1 (11) 500 555-0149,
12072,,1 (11) 500 555-0149,
12102,,1 (11) 500 555-0149,
12105,1 (11) 500 555-0149,,
12169,1 (11) 500 555-0149,,
12172,1 (11) 500 555-0149,,
12264,,1 (11) 500 555-0149,
12662,1 (11) 500 555-0149,,
13026,,1 (11) 500 555-0149,
13040,1 (11) 500 555-0149,,
13356,1 (11) 500 555-0149,,
13394,1 (11) 500 555-0149,,
13416,1 (11) 500 555-0149,,
13595,1 (11) 500 555-0149,,
13867,,1 (11) 500 555-0149,
14186,,1 (11) 500 555-0149,
14216,,1 (11) 500 555-0149,
14269,1 (11) 500 555-0149,,
14274,,1 (11) 500 555-0149,
14452,1 (11) 500 555-0149,,
14555,,1 (11) 500 555-0149,
14690,,1 (11) 500 555-0149,
14797,1 (11) 500 555-0149,,
15171,1 (11) 500 555-0149,,
15490,1 (11) 500 555-0149,,
15520,,1 (11) 500 555-0149,
15544,,1 (11) 500 555-0149,
15655,,1 (11) 500 555-0149,
15681,,1 (11) 500 555-0149,
15948,,1 (11) 500 555-0149,
15974,1 (11) 500 555-0149,,
15988,1 (11) 500 555-0149,,
16225,1 (11) 500 555-0149,,
16405,,1 (11) 500 555-0149,
16655,1 (11) 500 555-0149,,
16712,1 (11) 500 555-0149,,
17311,,1 (11) 500 555-0149,
17434,,1 (11) 500 555-0149,
17440,1 (11) 500 555-0149,,
17588,,1 (11) 500 555-0149,
18265,,1 (11) 500 555-0149,
18406,,1 (11) 500 555-0149,
18448,1 (11) 500 555-0149,,
18450,,1 (11) 500 555-0149,
18700,,1 (11) 500 555-0149,
18801,1 (11) 500 555-0149,,
18830,,1 (11) 500 555-0149,
19115,1 (11) 500 555-0149,,
19126,,1 (11) 500 555-0149,
19195,1 (11) 500 555-0149,,
19263,,1 (11) 500 555-0149,
19311,1 (11) 500 555-0149,,
19779,1 (11) 500 555-0149,,
19932,,1 (11) 500 555-0149,
20494,,1 (11) 500 555-0149,
321,1 (11) 500 555-0150,,
2446,,1 (11) 500 555-0150,
2610,,1 (11) 500 555-0150,
2613,1 (11) 500 555-0150,,
2643,,1 (11) 500 555-0150,
2743,1 (11) 500 555-0150,,
3038,,1 (11) 500 555-0150,
3147,,1 (11) 500 555-0150,
3828,1 (11) 500 555-0150,,
4102,,1 (11) 500 555-0150,
4207,1 (11) 500 555-0150,,
4428,1 (11) 500 555-0150,,
4448,1 (11) 500 555-0150,,
4486,,1 (11) 500 555-0150,
4496,,1 (11) 500 555-0150,
4542,,1 (11) 500 555-0150,
4601,,1 (11) 500 555-0150,
4928,1 (11) 500 555-0150,,
5217,1 (11) 500 555-0150,,
5332,,1 (11) 500 555-0150,
5333,1 (11) 500 555-0150,,
5530,,1 (11) 500 555-0150,
5575,,1 (11) 500 555-0150,
5969,,1 (11) 500 555-0150,
5990,,1 (11) 500 555-0150,
6400,1 (11) 500 555-0150,,
7001,1 (11) 500 555-0150,,
7564,,1 (11) 500 555-0150,
7773,,1 (11) 500 555-0150,
8093,1 (11) 500 555-0150,,
8481,,1 (11) 500 555-0150,
8659,1 (11) 500 555-0150,,
10011,1 (11) 500 555-0150,,
10040,,1 (11) 500 555-0150,
10152,1 (11) 500 555-0150,,
10225,,1 (11) 500 555-0150,
10264,1 (11) 500 555-0150,,
10646,1 (11) 500 555-0150,,
10757,,1 (11) 500 555-0150,
11498,,1 (11) 500 555-0150,
11547,,1 (11) 500 555-0150,
11945,1 (11) 500 555-0150,,
12000,1 (11) 500 555-0150,,
12157,1 (11) 500 555-0150,,
12470,,1 (11) 500 555-0150,
12701,1 (11) 500 555-0150,,
12920,,1 (11) 500 555-0150,
13096,,1 (11) 500 555-0150,
13400,,1 (11) 500 555-0150,
13773,,1 (11) 500 555-0150,
13820,1 (11) 500 555-0150,,
13838,,1 (11) 500 555-0150,
14414,1 (11) 500 555-0150,,
14420,,1 (11) 500 555-0150,
14984,,1 (11) 500 555-0150,
15467,1 (11) 500 555-0150,,
15477,1 (11) 500 555-0150,,
16010,,1 (11) 500 555-0150,
16192,,1 (11) 500 555-0150,
16289,,1 (11) 500 555-0150,
16688,1 (11) 500 555-0150,,
16935,1 (11) 500 555-0150,,
16954,,1 (11) 500 555-0150,
17351,,1 (11) 500 555-0150,
17372,1 (11) 500 555-0150,,
17385,1 (11) 500 555-0150,,
17645,1 (11) 500 555-0150,,
17662,1 (11) 500 555-0150,,
17790,,1 (11) 500 555-0150,
17903,1 (11) 500 555-0150,,
18035,,1 (11) 500 555-0150,
18049,,1 (11) 500 555-0150,
18062,1 (11) 500 555-0150,,
18236,1 (11) 500 555-0150,,
19495,1 (11) 500 555-0150,,
19695,1 (11) 500 555-0150,,
19867,1 (11) 500 555-0150,,
19893,,1 (11) 500 555-0150,
20034,,1 (11) 500 555-0150,
20196,1 (11) 500 555-0150,,
20597,,1 (11) 500 555-0150,
407,,,1 (11) 500 555-0151
1817,1 (11) 500 555-0151,,
2393,1 (11) 500 555-0151,,
2920,,1 (11) 500 555-0151,
2943,1 (11) 500 555-0151,,
3259,,1 (11) 500 555-0151,
3454,1 (11) 500 555-0151,,
3581,,1 (11) 500 555-0151,
3612,,1 (11) 500 555-0151,
3684,1 (11) 500 555-0151,,
3946,1 (11) 500 555-0151,,
3948,1 (11) 500 555-0151,,
4141,1 (11) 500 555-0151,,
4203,1 (11) 500 555-0151,,
4231,,1 (11) 500 555-0151,
4235,,1 (11) 500 555-0151,
4262,,1 (11) 500 555-0151,
4747,1 (11) 500 555-0151,,
4895,,1 (11) 500 555-0151,
5225,1 (11) 500 555-0151,,
5706,1 (11) 500 555-0151,,
6201,1 (11) 500 555-0151,,
6690,1 (11) 500 555-0151,,
6708,1 (11) 500 555-0151,,
6712,1 (11) 500 555-0151,,
6743,1 (11) 500 555-0151,,
6788,,1 (11) 500 555-0151,
6990,1 (11) 500 555-0151,,
7122,,1 (11) 500 555-0151,
7207,,1 (11) 500 555-0151,
7526,1 (11) 500 555-0151,,
7687,,1 (11) 500 555-0151,
8293,,1 (11) 500 555-0151,
8556,,1 (11) 500 555-0151,
9113,1 (11) 500 555-0151,,
9121,1 (11) 500 555-0151,,
9162,,1 (11) 500 555-0151,
9198,,1 (11) 500 555-0151,
9217,,1 (11) 500 555-0151,
9225,,1 (11) 500 555-0151,
9434,1 (11) 500 555-0151,,
9574,,1 (11) 500 555-0151,
9877,,1 (11) 500 555-0151,
10014,,1 (11) 500 555-0151,
10107,,1 (11) 500 555-0151,
10355,1 (11) 500 555-0151,,
10445,1 (11) 500 555-0151,,
10493,,1 (11) 500 555-0151,
10895,,1 (11) 500 555-0151,
10931,1 (11) 500 555-0151,,
11290,1 (11) 500 555-0151,,
11447,,1 (11) 500 555-0151,
11670,1 (11) 500 555-0151,,
11758,1 (11) 500 555-0151,,
12603,1 (11) 500 555-0151,,
12718,1 (11) 500 555-0151,,
13417,1 (11) 500 555-0151,,
13727,,1 (11) 500 555-0151,
13845,,1 (11) 500 555-0151,
13919,1 (11) 500 555-0151,,
14109,1 (11) 500 555-0151,,
14125,1 (11) 500 555-0151,,
14259,,1 (11) 500 555-0151,
14611,,1 (11) 500 555-0151,
14627,,1 (11) 500 555-0151,
15053,,1 (11) 500 555-0151,
15314,1 (11) 500 555-0151,,
15506,1 (11) 500 555-0151,,
15533,,1 (11) 500 555-0151,
15558,,1 (11) 500 555-0151,
15620,,1 (11) 500 555-0151,
15805,,1 (11) 500 555-0151,
15861,1 (11) 500 555-0151,,
15918,,1 (11) 500 555-0151,
16024,,1 (11) 500 555-0151,
16074,,1 (11) 500 555-0151,
16161,,1 (11) 500 555-0151,
16690,1 (11) 500 555-0151,,
17657,1 (11) 500 555-0151,,
17928,,1 (11) 500 555-0151,
18011,1 (11) 500 555-0151,,
18372,1 (11) 500 555-0151,,
18930,1 (11) 500 555-0151,,
19289,,1 (11) 500 555-0151,
19338,1 (11) 500 555-0151,,
19493,,1 (11) 500 555-0151,
19903,1 (11) 500 555-0151,,
19904,1 (11) 500 555-0151,,
19968,1 (11) 500 555-0151,,
19973,,1 (11) 500 555-0151,
20149,1 (11) 500 555-0151,,
20272,1 (11) 500 555-0151,,
20332,,1 (11) 500 555-0151,
20472,1 (11) 500 555-0151,,
20702,,1 (11) 500 555-0151,
20755,,1 (11) 500 555-0151,
2413,1 (11) 500 555-0152,,
2447,1 (11) 500 555-0152,,
2584,,1 (11) 500 555-0152,
2602,,1 (11) 500 555-0152,
2707,,1 (11) 500 555-0152,
2747,1 (11) 500 555-0152,,
2877,1 (11) 500 555-0152,,
2998,1 (11) 500 555-0152,,
3017,,1 (11) 500 555-0152,
3486,1 (11) 500 555-0152,,
3557,,1 (11) 500 555-0152,
4459,,1 (11) 500 555-0152,
4701,,1 (11) 500 555-0152,
5051,1 (11) 500 555-0152,,
5079,1 (11) 500 555-0152,,
5363,,1 (11) 500 555-0152,
5559,1 (11) 500 555-0152,,
5666,,1 (11) 500 555-0152,
5826,1 (11) 500 555-0152,,
5838,1 (11) 500 555-0152,,
6126,,1 (11) 500 555-0152,
6135,,1 (11) 500 555-0152,
6263,1 (11) 500 555-0152,,
6782,1 (11) 500 555-0152,,
6833,1 (11) 500 555-0152,,
7491,,1 (11) 500 555-0152,
7558,,1 (11) 500 555-0152,
8090,,1 (11) 500 555-0152,
8399,,1 (11) 500 555-0152,
8931,,1 (11) 500 555-0152,
9062,1 (11) 500 555-0152,,
9758,,1 (11) 500 555-0152,
10112,,1 (11) 500 555-0152,
10158,,1 (11) 500 555-0152,
10461,1 (11) 500 555-0152,,
10701,,1 (11) 500 555-0152,
10735,,1 (11) 500 555-0152,
11067,,1 (11) 500 555-0152,
11752,,1 (11) 500 555-0152,
11906,,1 (11) 500 555-0152,
11938,,1 (11) 500 555-0152,
11947,1 (11) 500 555-0152,,
12226,1 (11) 500 555-0152,,
12588,1 (11) 500 555-0152,,
12900,,1 (11) 500 555-0152,
13250,,1 (11) 500 555-0152,
13667,,1 (11) 500 555-0152,
13764,,1 (11) 500 555-0152,
14263,1 (11) 500 555-0152,,
14341,,1 (11) 500 555-0152,
14482,1 (11) 500 555-0152,,
14613,1 (11) 500 555-0152,,
14691,,1 (11) 500 555-0152,
14745,,1 (11) 500 555-0152,
15097,1 (11) 500 555-0152,,
15111,,1 (11) 500 555-0152,
15230,1 (11) 500 555-0152,,
15286,,1 (11) 500 555-0152,
15371,,1 (11) 500 555-0152,
15398,1 (11) 500 555-0152,,
15401,,1 (11) 500 555-0152,
15651,1 (11) 500 555-0152,,
15721,1 (11) 500 555-0152,,
15784,1 (11) 500 555-0152,,
16429,1 (11) 500 555-0152,,
16617,,1 (11) 500 555-0152,
16949,1 (11) 500 555-0152,,
17115,,1 (11) 500 555-0152,
17369,1 (11) 500 555-0152,,
17409,1 (11) 500 555-0152,,
17828,1 (11) 500 555-0152,,
18169,1 (11) 500 555-0152,,
18414,1 (11) 500 555-0152,,
18647,1 (11) 500 555-0152,,
18673,1 (11) 500 555-0152,,
18764,1 (11) 500 555-0152,,
19337,,1 (11) 500 555-0152,
19379,1 (11) 500 555-0152,,
19488,1 (11) 500 555-0152,,
19614,,1 (11) 500 555-0152,
19726,,1 (11) 500 555-0152,
20166,,1 (11) 500 555-0152,
20282,1 (11) 500 555-0152,,
20729,1 (11) 500 555-0152,,
829,,,1 (11) 500 555-0153
2423,,1 (11) 500 555-0153,
2565,,1 (11) 500 555-0153,
2597,,1 (11) 500 555-0153,
2608,,1 (11) 500 555-0153,
2614,1 (11) 500 555-0153,,
3101,,1 (11) 500 555-0153,
3140,1 (11) 500 555-0153,,
3144,,1 (11) 500 555-0153,
3182,1 (11) 500 555-0153,,
3288,1 (11) 500 555-0153,,
3872,,1 (11) 500 555-0153,
3922,1 (11) 500 555-0153,,
4170,1 (11) 500 555-0153,,
4286,1 (11) 500 555-0153,,
4312,,1 (11) 500 555-0153,
4571,1 (11) 500 555-0153,,
4813,1 (11) 500 555-0153,,
4975,1 (11) 500 555-0153,,
5368,1 (11) 500 555-0153,,
5946,1 (11) 500 555-0153,,
6069,,1 (11) 500 555-0153,
6158,,1 (11) 500 555-0153,
6395,1 (11) 500 555-0153,,
6878,,1 (11) 500 555-0153,
7071,1 (11) 500 555-0153,,
7312,,1 (11) 500 555-0153,
7448,,1 (11) 500 555-0153,
7501,1 (11) 500 555-0153,,
7615,1 (11) 500 555-0153,,
7713,1 (11) 500 555-0153,,
7783,1 (11) 500 555-0153,,
7909,,1 (11) 500 555-0153,
8590,1 (11) 500 555-0153,,
8682,,1 (11) 500 555-0153,
8889,,1 (11) 500 555-0153,
9301,,1 (11) 500 555-0153,
9302,,1 (11) 500 555-0153,
9566,1 (11) 500 555-0153,,
9809,,1 (11) 500 555-0153,
9819,1 (11) 500 555-0153,,
10179,1 (11) 500 555-0153,,
10312,,1 (11) 500 555-0153,
10966,,1 (11) 500 555-0153,
11319,,1 (11) 500 555-0153,
11322,1 (11) 500 555-0153,,
11444,1 (11) 500 555-0153,,
11728,,1 (11) 500 555-0153,
12247,,1 (11) 500 555-0153,
12309,1 (11) 500 555-0153,,
12437,,1 (11) 500 555-0153,
12890,1 (11) 500 555-0153,,
12911,1 (11) 500 555-0153,,
12921,,1 (11) 500 555-0153,
13564,,1 (11) 500 555-0153,
13811,,1 (11) 500 555-0153,
13837,1 (11) 500 555-0153,,
14240,,1 (11) 500 555-0153,
14421,,1 (11) 500 555-0153,
14492,,1 (11) 500 555-0153,
14538,1 (11) 500 555-0153,,
14712,,1 (11) 500 555-0153,
14800,1 (11) 500 555-0153,,
15038,,1 (11) 500 555-0153,
15162,,1 (11) 500 555-0153,
15198,1 (11) 500 555-0153,,
15518,,1 (11) 500 555-0153,
15791,,1 (11) 500 555-0153,
16133,1 (11) 500 555-0153,,
16361,1 (11) 500 555-0153,,
16397,,1 (11) 500 555-0153,
16468,1 (11) 500 555-0153,,
17263,,1 (11) 500 555-0153,
17279,,1 (11) 500 555-0153,
17320,1 (11) 500 555-0153,,
17328,,1 (11) 500 555-0153,
17824,1 (11) 500 555-0153,,
17944,1 (11) 500 555-0153,,
18342,,1 (11) 500 555-0153,
18477,,1 (11) 500 555-0153,
18572,1 (11) 500 555-0153,,
18937,,1 (11) 500 555-0153,
19424,1 (11) 500 555-0153,,
19449,1 (11) 500 555-0153,,
19544,,1 (11) 500 555-0153,
19783,,1 (11) 500 555-0153,
19792,1 (11) 500 555-0153,,
19898,1 (11) 500 555-0153,,
20012,,1 (11) 500 555-0153,
20252,,1 (11) 500 555-0153,
20415,1 (11) 500 555-0153,,
20464,1 (11) 500 555-0153,,
20600,1 (11) 500 555-0153,,
20638,1 (11) 500 555-0153,,
20709,,1 (11) 500 555-0153,
2484,,1 (11) 500 555-0154,
2523,1 (11) 500 555-0154,,
2604,,1 (11) 500 555-0154,
2851,1 (11) 500 555-0154,,
2917,,1 (11) 500 555-0154,
3555,,1 (11) 500 555-0154,
3749,1 (11) 500 555-0154,,
3931,1 (11) 500 555-0154,,
4143,,1 (11) 500 555-0154,
4404,,1 (11) 500 555-0154,
4675,1 (11) 500 555-0154,,
4844,1 (11) 500 555-0154,,
4879,,1 (11) 500 555-0154,
5469,1 (11) 500 555-0154,,
5552,,1 (11) 500 555-0154,
5654,,1 (11) 500 555-0154,
5703,1 (11) 500 555-0154,,
5731,1 (11) 500 555-0154,,
5785,1 (11) 500 555-0154,,
6060,1 (11) 500 555-0154,,
6177,,1 (11) 500 555-0154,
6932,,1 (11) 500 555-0154,
7256,,1 (11) 500 555-0154,
7343,1 (11) 500 555-0154,,
7537,1 (11) 500 555-0154,,
7755,1 (11) 500 555-0154,,
8119,,1 (11) 500 555-0154,
8390,1 (11) 500 555-0154,,
8412,,1 (11) 500 555-0154,
9417,1 (11) 500 555-0154,,
9508,,1 (11) 500 555-0154,
9594,,1 (11) 500 555-0154,
9623,1 (11) 500 555-0154,,
9921,1 (11) 500 555-0154,,
9930,,1 (11) 500 555-0154,
10149,1 (11) 500 555-0154,,
10290,,1 (11) 500 555-0154,
10855,1 (11) 500 555-0154,,
11481,1 (11) 500 555-0154,,
11711,,1 (11) 500 555-0154,
12160,1 (11) 500 555-0154,,
12201,,1 (11) 500 555-0154,
12466,1 (11) 500 555-0154,,
12538,,1 (11) 500 555-0154,
13197,,1 (11) 500 555-0154,
13309,,1 (11) 500 555-0154,
13652,,1 (11) 500 555-0154,
14135,,1 (11) 500 555-0154,
14217,,1 (11) 500 555-0154,
14511,,1 (11) 500 555-0154,
14642,1 (11) 500 555-0154,,
14789,1 (11) 500 555-0154,,
14937,,1 (11) 500 555-0154,
15109,,1 (11) 500 555-0154,
15456,1 (11) 500 555-0154,,
15465,,1 (11) 500 555-0154,
15466,1 (11) 500 555-0154,,
15565,1 (11) 500 555-0154,,
15629,,1 (11) 500 555-0154,
15672,1 (11) 500 555-0154,,
16080,1 (11) 500 555-0154,,
16191,1 (11) 500 555-0154,,
16218,1 (11) 500 555-0154,,
16269,,1 (11) 500 555-0154,
16277,,1 (11) 500 555-0154,
16359,1 (11) 500 555-0154,,
16439,1 (11) 500 555-0154,,
16480,,1 (11) 500 555-0154,
16801,,1 (11) 500 555-0154,
16886,,1 (11) 500 555-0154,
17075,,1 (11) 500 555-0154,
17172,1 (11) 500 555-0154,,
17303,,1 (11) 500 555-0154,
17340,,1 (11) 500 555-0154,
17455,1 (11) 500 555-0154,,
17566,1 (11) 500 555-0154,,
17848,,1 (11) 500 555-0154,
18007,1 (11) 500 555-0154,,
18347,,1 (11) 500 555-0154,
18436,,1 (11) 500 555-0154,
18636,,1 (11) 500 555-0154,
18831,1 (11) 500 555-0154,,
18938,1 (11) 500 555-0154,,
19102,1 (11) 500 555-0154,,
19161,,1 (11) 500 555-0154,
19260,,1 (11) 500 555-0154,
19987,1 (11) 500 555-0154,,
20023,1 (11) 500 555-0154,,
20063,,1 (11) 500 555-0154,
20128,1 (11) 500 555-0154,,
20316,,1 (11) 500 555-0154,
20342,1 (11) 500 555-0154,,
20360,1 (11) 500 555-0154,,
20610,,1 (11) 500 555-0154,
20715,,1 (11) 500 555-0154,
1283,,,1 (11) 500 555-0155
1865,1 (11) 500 555-0155,,
2530,,1 (11) 500 555-0155,
2677,1 (11) 500 555-0155,,
2684,,1 (11) 500 555-0155,
2762,,1 (11) 500 555-0155,
3395,1 (11) 500 555-0155,,
4054,,1 (11) 500 555-0155,
4201,,1 (11) 500 555-0155,
4279,,1 (11) 500 555-0155,
4308,1 (11) 500 555-0155,,
4502,1 (11) 500 555-0155,,
4537,,1 (11) 500 555-0155,
4541,,1 (11) 500 555-0155,
4724,,1 (11) 500 555-0155,
4810,,1 (11) 500 555-0155,
4868,1 (11) 500 555-0155,,
4956,,1 (11) 500 555-0155,
5117,,1 (11) 500 555-0155,
5253,,1 (11) 500 555-0155,
5393,,1 (11) 500 555-0155,
5400,1 (11) 500 555-0155,,
5485,,1 (11) 500 555-0155,
5521,1 (11) 500 555-0155,,
5633,,1 (11) 500 555-0155,
6920,1 (11) 500 555-0155,,
7283,1 (11) 500 555-0155,,
7516,,1 (11) 500 555-0155,
7881,,1 (11) 500 555-0155,
8129,1 (11) 500 555-0155,,
8143,1 (11) 500 555-0155,,
8178,,1 (11) 500 555-0155,
8446,,1 (11) 500 555-0155,
8668,,1 (11) 500 555-0155,
8932,1 (11) 500 555-0155,,
9011,,1 (11) 500 555-0155,
9257,,1 (11) 500 555-0155,
9702,,1 (11) 500 555-0155,
9900,1 (11) 500 555-0155,,
10129,,1 (11) 500 555-0155,
10337,,1 (11) 500 555-0155,
10996,,1 (11) 500 555-0155,
11167,,1 (11) 500 555-0155,
11304,,1 (11) 500 555-0155,
11393,,1 (11) 500 555-0155,
11638,,1 (11) 500 555-0155,
11742,1 (11) 500 555-0155,,
12457,,1 (11) 500 555-0155,
12481,1 (11) 500 555-0155,,
12515,1 (11) 500 555-0155,,
12899,,1 (11) 500 555-0155,
13503,1 (11) 500 555-0155,,
13897,,1 (11) 500 555-0155,
14055,1 (11) 500 555-0155,,
14068,,1 (11) 500 555-0155,
14100,1 (11) 500 555-0155,,
14190,,1 (11) 500 555-0155,
14457,1 (11) 500 555-0155,,
14535,1 (11) 500 555-0155,,
14539,1 (11) 500 555-0155,,
14820,1 (11) 500 555-0155,,
14916,1 (11) 500 555-0155,,
15151,1 (11) 500 555-0155,,
15375,1 (11) 500 555-0155,,
15488,1 (11) 500 555-0155,,
15997,1 (11) 500 555-0155,,
16163,,1 (11) 500 555-0155,
16273,,1 (11) 500 555-0155,
16432,,1 (11) 500 555-0155,
17074,1 (11) 500 555-0155,,
17105,1 (11) 500 555-0155,,
17142,,1 (11) 500 555-0155,
17213,1 (11) 500 555-0155,,
17557,,1 (11) 500 555-0155,
17577,,1 (11) 500 555-0155,
18017,,1 (11) 500 555-0155,
18263,,1 (11) 500 555-0155,
18350,1 (11) 500 555-0155,,
18544,,1 (11) 500 555-0155,
18655,,1 (11) 500 555-0155,
18688,1 (11) 500 555-0155,,
18888,,1 (11) 500 555-0155,
18991,,1 (11) 500 555-0155,
19086,,1 (11) 500 555-0155,
19219,,1 (11) 500 555-0155,
20092,1 (11) 500 555-0155,,
20176,,1 (11) 500 555-0155,
20301,,1 (11) 500 555-0155,
20312,1 (11) 500 555-0155,,
20382,,1 (11) 500 555-0155,
20675,1 (11) 500 555-0155,,
20682,,1 (11) 500 555-0155,
1957,,,1 (11) 500 555-0156
2705,,1 (11) 500 555-0156,
2903,,1 (11) 500 555-0156,
4048,,1 (11) 500 555-0156,
4051,1 (11) 500 555-0156,,
4140,1 (11) 500 555-0156,,
4266,,1 (11) 500 555-0156,
4906,,1 (11) 500 555-0156,
5027,1 (11) 500 555-0156,,
5072,,1 (11) 500 555-0156,
5196,,1 (11) 500 555-0156,
5513,1 (11) 500 555-0156,,
5634,1 (11) 500 555-0156,,
5895,1 (11) 500 555-0156,,
5956,,1 (11) 500 555-0156,
6317,1 (11) 500 555-0156,,
6556,1 (11) 500 555-0156,,
6640,1 (11) 500 555-0156,,
6701,,1 (11) 500 555-0156,
6771,1 (11) 500 555-0156,,
6830,,1 (11) 500 555-0156,
6925,,1 (11) 500 555-0156,
7371,,1 (11) 500 555-0156,
7603,,1 (11) 500 555-0156,
7812,1 (11) 500 555-0156,,
8756,,1 (11) 500 555-0156,
8978,,1 (11) 500 555-0156,
9372,1 (11) 500 555-0156,,
9392,1 (11) 500 555-0156,,
9503,1 (11) 500 555-0156,,
9613,1 (11) 500 555-0156,,
9638,1 (11) 500 555-0156,,
9872,,1 (11) 500 555-0156,
9970,1 (11) 500 555-0156,,
10016,1 (11) 500 555-0156,,
10110,1 (11) 500 555-0156,,
10124,1 (11) 500 555-0156,,
10388,1 (11) 500 555-0156,,
10673,,1 (11) 500 555-0156,
10813,,1 (11) 500 555-0156,
11181,,1 (11) 500 555-0156,
11287,,1 (11) 500 555-0156,
11357,1 (11) 500 555-0156,,
11667,,1 (11) 500 555-0156,
12082,,1 (11) 500 555-0156,
12204,1 (11) 500 555-0156,,
12293,1 (11) 500 555-0156,,
12378,,1 (11) 500 555-0156,
12553,,1 (11) 500 555-0156,
12854,,1 (11) 500 555-0156,
13175,1 (11) 500 555-0156,,
14127,,1 (11) 500 555-0156,
14302,1 (11) 500 555-0156,,
14379,,1 (11) 500 555-0156,
14499,1 (11) 500 555-0156,,
14666,1 (11) 500 555-0156,,
14816,1 (11) 500 555-0156,,
14945,1 (11) 500 555-0156,,
15206,1 (11) 500 555-0156,,
15353,,1 (11) 500 555-0156,
15692,,1 (11) 500 555-0156,
16721,1 (11) 500 555-0156,,
16780,1 (11) 500 555-0156,,
16826,1 (11) 500 555-0156,,
16868,,1 (11) 500 555-0156,
16871,,1 (11) 500 555-0156,
16893,,1 (11) 500 555-0156,
16907,1 (11) 500 555-0156,,
17222,1 (11) 500 555-0156,,
17464,,1 (11) 500 555-0156,
17721,1 (11) 500 555-0156,,
17806,,1 (11) 500 555-0156,
18155,,1 (11) 500 555-0156,
18284,,1 (11) 500 555-0156,
18559,,1 (11) 500 555-0156,
18811,,1 (11) 500 555-0156,
18902,1 (11) 500 555-0156,,
18968,,1 (11) 500 555-0156,
19064,1 (11) 500 555-0156,,
19131,1 (11) 500 555-0156,,
19355,1 (11) 500 555-0156,,
19368,1 (11) 500 555-0156,,
19548,,1 (11) 500 555-0156,
19634,1 (11) 500 555-0156,,
19697,,1 (11) 500 555-0156,
19941,,1 (11) 500 555-0156,
19964,1 (11) 500 555-0156,,
19994,1 (11) 500 555-0156,,
20168,,1 (11) 500 555-0156,
20403,1 (11) 500 555-0156,,
20586,1 (11) 500 555-0156,,
1087,,,1 (11) 500 555-0157
2487,1 (11) 500 555-0157,,
2839,,1 (11) 500 555-0157,
3326,,1 (11) 500 555-0157,
3348,,1 (11) 500 555-0157,
3710,,1 (11) 500 555-0157,
3816,,1 (11) 500 555-0157,
4100,1 (11) 500 555-0157,,
4105,1 (11) 500 555-0157,,
4359,,1 (11) 500 555-0157,
4538,1 (11) 500 555-0157,,
5026,,1 (11) 500 555-0157,
5607,1 (11) 500 555-0157,,
5617,,1 (11) 500 555-0157,
5862,,1 (11) 500 555-0157,
5986,1 (11) 500 555-0157,,
6115,1 (11) 500 555-0157,,
6753,1 (11) 500 555-0157,,
6814,1 (11) 500 555-0157,,
7254,,1 (11) 500 555-0157,
7337,,1 (11) 500 555-0157,
7347,,1 (11) 500 555-0157,
7670,1 (11) 500 555-0157,,
7943,,1 (11) 500 555-0157,
8062,,1 (11) 500 555-0157,
8077,,1 (11) 500 555-0157,
8154,,1 (11) 500 555-0157,
8858,,1 (11) 500 555-0157,
9047,,1 (11) 500 555-0157,
9283,1 (11) 500 555-0157,,
9571,,1 (11) 500 555-0157,
9639,,1 (11) 500 555-0157,
9645,,1 (11) 500 555-0157,
9952,1 (11) 500 555-0157,,
10784,,1 (11) 500 555-0157,
10810,1 (11) 500 555-0157,,
10822,,1 (11) 500 555-0157,
10846,1 (11) 500 555-0157,,
10900,1 (11) 500 555-0157,,
10945,,1 (11) 500 555-0157,
11005,1 (11) 500 555-0157,,
11007,,1 (11) 500 555-0157,
12299,1 (11) 500 555-0157,,
12497,,1 (11) 500 555-0157,
12560,1 (11) 500 555-0157,,
12839,,1 (11) 500 555-0157,
12848,,1 (11) 500 555-0157,
12865,1 (11) 500 555-0157,,
12931,,1 (11) 500 555-0157,
13126,1 (11) 500 555-0157,,
13232,1 (11) 500 555-0157,,
13425,,1 (11) 500 555-0157,
13953,,1 (11) 500 555-0157,
14012,,1 (11) 500 555-0157,
14167,,1 (11) 500 555-0157,
14171,1 (11) 500 555-0157,,
14225,1 (11) 500 555-0157,,
14526,1 (11) 500 555-0157,,
14714,1 (11) 500 555-0157,,
14972,,1 (11) 500 555-0157,
15340,1 (11) 500 555-0157,,
15350,,1 (11) 500 555-0157,
15481,1 (11) 500 555-0157,,
15556,1 (11) 500 555-0157,,
15569,1 (11) 500 555-0157,,
15727,,1 (11) 500 555-0157,
15899,1 (11) 500 555-0157,,
15928,,1 (11) 500 555-0157,
16002,1 (11) 500 555-0157,,
16033,,1 (11) 500 555-0157,
16201,,1 (11) 500 555-0157,
16321,,1 (11) 500 555-0157,
16411,,1 (11) 500 555-0157,
16663,,1 (11) 500 555-0157,
17024,,1 (11) 500 555-0157,
17070,,1 (11) 500 555-0157,
17123,1 (11) 500 555-0157,,
17608,,1 (11) 500 555-0157,
17799,1 (11) 500 555-0157,,
18380,,1 (11) 500 555-0157,
18381,1 (11) 500 555-0157,,
18396,,1 (11) 500 555-0157,
18419,1 (11) 500 555-0157,,
18468,,1 (11) 500 555-0157,
18533,1 (11) 500 555-0157,,
18545,,1 (11) 500 555-0157,
18547,1 (11) 500 555-0157,,
18582,,1 (11) 500 555-0157,
18587,1 (11) 500 555-0157,,
18677,,1 (11) 500 555-0157,
18686,,1 (11) 500 555-0157,
18845,,1 (11) 500 555-0157,
18893,,1 (11) 500 555-0157,
18988,1 (11) 500 555-0157,,
19267,1 (11) 500 555-0157,,
19467,1 (11) 500 555-0157,,
19843,1 (11) 500 555-0157,,
19868,,1 (11) 500 555-0157,
20470,,1 (11) 500 555-0157,
20763,,1 (11) 500 555-0157,
1431,1 (11) 500 555-0158,,
1973,1 (11) 500 555-0158,,
2473,1 (11) 500 555-0158,,
2571,,1 (11) 500 555-0158,
2659,,1 (11) 500 555-0158,
2678,1 (11) 500 555-0158,,
2829,1 (11) 500 555-0158,,
2925,,1 (11) 500 555-0158,
3245,,1 (11) 500 555-0158,
3882,1 (11) 500 555-0158,,
4238,,1 (11) 500 555-0158,
4886,1 (11) 500 555-0158,,
4921,,1 (11) 500 555-0158,
4997,,1 (11) 500 555-0158,
5155,,1 (11) 500 555-0158,
5542,1 (11) 500 555-0158,,
5744,1 (11) 500 555-0158,,
5836,1 (11) 500 555-0158,,
6145,,1 (11) 500 555-0158,
6172,1 (11) 500 555-0158,,
6336,1 (11) 500 555-0158,,
6935,,1 (11) 500 555-0158,
7196,1 (11) 500 555-0158,,
7945,,1 (11) 500 555-0158,
8256,,1 (11) 500 555-0158,
8269,,1 (11) 500 555-0158,
8513,,1 (11) 500 555-0158,
8539,1 (11) 500 555-0158,,
8625,,1 (11) 500 555-0158,
8706,1 (11) 500 555-0158,,
8999,,1 (11) 500 555-0158,
9419,,1 (11) 500 555-0158,
9889,1 (11) 500 555-0158,,
10464,,1 (11) 500 555-0158,
10521,1 (11) 500 555-0158,,
10530,,1 (11) 500 555-0158,
10588,,1 (11) 500 555-0158,
10670,1 (11) 500 555-0158,,
11116,,1 (11) 500 555-0158,
11123,1 (11) 500 555-0158,,
11153,,1 (11) 500 555-0158,
11175,,1 (11) 500 555-0158,
11456,,1 (11) 500 555-0158,
11629,1 (11) 500 555-0158,,
11746,,1 (11) 500 555-0158,
11779,1 (11) 500 555-0158,,
12165,1 (11) 500 555-0158,,
12258,,1 (11) 500 555-0158,
12333,,1 (11) 500 555-0158,
12496,,1 (11) 500 555-0158,
12599,,1 (11) 500 555-0158,
12611,,1 (11) 500 555-0158,
12683,,1 (11) 500 555-0158,
13045,1 (11) 500 555-0158,,
13120,1 (11) 500 555-0158,,
13221,,1 (11) 500 555-0158,
13291,,1 (11) 500 555-0158,
13430,1 (11) 500 555-0158,,
14770,,1 (11) 500 555-0158,
14971,,1 (11) 500 555-0158,
15047,1 (11) 500 555-0158,,
15144,,1 (11) 500 555-0158,
15154,,1 (11) 500 555-0158,
15575,1 (11) 500 555-0158,,
15916,1 (11) 500 555-0158,,
16887,,1 (11) 500 555-0158,
17497,,1 (11) 500 555-0158,
17505,,1 (11) 500 555-0158,
17771,,1 (11) 500 555-0158,
18908,,1 (11) 500 555-0158,
18975,1 (11) 500 555-0158,,
19659,1 (11) 500 555-0158,,
19872,1 (11) 500 555-0158,,
19947,,1 (11) 500 555-0158,
20069,,1 (11) 500 555-0158,
20570,,1 (11) 500 555-0158,
1365,1 (11) 500 555-0159,,
2535,,1 (11) 500 555-0159,
2542,1 (11) 500 555-0159,,
2550,1 (11) 500 555-0159,,
2891,1 (11) 500 555-0159,,
3126,1 (11) 500 555-0159,,
3299,1 (11) 500 555-0159,,
3896,1 (11) 500 555-0159,,
4113,1 (11) 500 555-0159,,
4244,1 (11) 500 555-0159,,
4403,,1 (11) 500 555-0159,
4614,1 (11) 500 555-0159,,
4687,,1 (11) 500 555-0159,
4702,,1 (11) 500 555-0159,
4796,1 (11) 500 555-0159,,
4908,1 (11) 500 555-0159,,
4963,,1 (11) 500 555-0159,
4971,1 (11) 500 555-0159,,
5098,,1 (11) 500 555-0159,
5141,,1 (11) 500 555-0159,
5443,,1 (11) 500 555-0159,
5670,1 (11) 500 555-0159,,
5898,,1 (11) 500 555-0159,
6009,1 (11) 500 555-0159,,
6102,,1 (11) 500 555-0159,
6185,,1 (11) 500 555-0159,
6233,1 (11) 500 555-0159,,
6265,,1 (11) 500 555-0159,
6707,,1 (11) 500 555-0159,
6953,1 (11) 500 555-0159,,
7083,1 (11) 500 555-0159,,
7237,,1 (11) 500 555-0159,
7871,1 (11) 500 555-0159,,
8251,,1 (11) 500 555-0159,
8410,1 (11) 500 555-0159,,
8582,,1 (11) 500 555-0159,
8645,,1 (11) 500 555-0159,
8770,1 (11) 500 555-0159,,
8852,,1 (11) 500 555-0159,
8861,,1 (11) 500 555-0159,
8928,1 (11) 500 555-0159,,
8936,1 (11) 500 555-0159,,
9145,1 (11) 500 555-0159,,
9218,1 (11) 500 555-0159,,
9618,1 (11) 500 555-0159,,
9709,,1 (11) 500 555-0159,
10066,1 (11) 500 555-0159,,
10085,,1 (11) 500 555-0159,
10215,,1 (11) 500 555-0159,
10256,1 (11) 500 555-0159,,
10359,,1 (11) 500 555-0159,
10710,,1 (11) 500 555-0159,
10771,1 (11) 500 555-0159,,
12295,,1 (11) 500 555-0159,
12382,1 (11) 500 555-0159,,
12520,1 (11) 500 555-0159,,
12800,,1 (11) 500 555-0159,
12831,1 (11) 500 555-0159,,
12847,1 (11) 500 555-0159,,
12946,1 (11) 500 555-0159,,
13124,1 (11) 500 555-0159,,
13189,,1 (11) 500 555-0159,
13314,,1 (11) 500 555-0159,
13365,1 (11) 500 555-0159,,
13429,1 (11) 500 555-0159,,
13771,1 (11) 500 555-0159,,
13927,,1 (11) 500 555-0159,
13980,1 (11) 500 555-0159,,
14237,,1 (11) 500 555-0159,
14802,1 (11) 500 555-0159,,
15009,,1 (11) 500 555-0159,
15225,,1 (11) 500 555-0159,
15316,,1 (11) 500 555-0159,
16028,,1 (11) 500 555-0159,
16062,1 (11) 500 555-0159,,
16122,1 (11) 500 555-0159,,
16160,,1 (11) 500 555-0159,
16297,1 (11) 500 555-0159,,
16356,1 (11) 500 555-0159,,
16643,1 (11) 500 555-0159,,
17675,,1 (11) 500 555-0159,
17858,,1 (11) 500 555-0159,
18144,1 (11) 500 555-0159,,
18307,1 (11) 500 555-0159,,
18356,1 (11) 500 555-0159,,
18727,,1 (11) 500 555-0159,
19005,1 (11) 500 555-0159,,
19037,1 (11) 500 555-0159,,
19258,,1 (11) 500 555-0159,
19809,,1 (11) 500 555-0159,
19838,1 (11) 500 555-0159,,
19962,1 (11) 500 555-0159,,
19979,1 (11) 500 555-0159,,
20089,1 (11) 500 555-0159,,
20093,,1 (11) 500 555-0159,
20123,1 (11) 500 555-0159,,
20391,1 (11) 500 555-0159,,
20620,1 (11) 500 555-0159,,
20735,,1 (11) 500 555-0159,
2431,1 (11) 500 555-0160,,
2583,,1 (11) 500 555-0160,
3002,,1 (11) 500 555-0160,
3343,1 (11) 500 555-0160,,
3346,1 (11) 500 555-0160,,
3439,1 (11) 500 555-0160,,
3487,1 (11) 500 555-0160,,
3916,1 (11) 500 555-0160,,
4295,,1 (11) 500 555-0160,
4598,1 (11) 500 555-0160,,
4652,,1 (11) 500 555-0160,
5104,1 (11) 500 555-0160,,
5110,1 (11) 500 555-0160,,
5269,,1 (11) 500 555-0160,
6047,,1 (11) 500 555-0160,
6441,,1 (11) 500 555-0160,
6558,,1 (11) 500 555-0160,
6566,,1 (11) 500 555-0160,
7329,,1 (11) 500 555-0160,
7622,,1 (11) 500 555-0160,
7750,,1 (11) 500 555-0160,
7799,,1 (11) 500 555-0160,
7964,1 (11) 500 555-0160,,
8035,,1 (11) 500 555-0160,
8085,1 (11) 500 555-0160,,
8165,,1 (11) 500 555-0160,
8581,,1 (11) 500 555-0160,
9030,,1 (11) 500 555-0160,
9102,,1 (11) 500 555-0160,
9132,1 (11) 500 555-0160,,
9157,,1 (11) 500 555-0160,
9254,1 (11) 500 555-0160,,
9483,1 (11) 500 555-0160,,
9804,,1 (11) 500 555-0160,
9852,1 (11) 500 555-0160,,
10114,1 (11) 500 555-0160,,
10167,1 (11) 500 555-0160,,
10306,,1 (11) 500 555-0160,
10460,1 (11) 500 555-0160,,
10700,1 (11) 500 555-0160,,
10767,,1 (11) 500 555-0160,
11053,,1 (11) 500 555-0160,
11073,1 (11) 500 555-0160,,
11097,1 (11) 500 555-0160,,
11231,,1 (11) 500 555-0160,
11504,1 (11) 500 555-0160,,
11610,,1 (11) 500 555-0160,
11656,,1 (11) 500 555-0160,
11956,1 (11) 500 555-0160,,
12233,1 (11) 500 555-0160,,
12283,1 (11) 500 555-0160,,
12352,,1 (11) 500 555-0160,
12724,,1 (11) 500 555-0160,
12871,,1 (11) 500 555-0160,
12965,1 (11) 500 555-0160,,
13087,1 (11) 500 555-0160,,
13128,1 (11) 500 555-0160,,
13364,1 (11) 500 555-0160,,
13406,,1 (11) 500 555-0160,
13528,,1 (11) 500 555-0160,
13994,,1 (11) 500 555-0160,
14157,1 (11) 500 555-0160,,
14199,,1 (11) 500 555-0160,
14201,1 (11) 500 555-0160,,
14244,1 (11) 500 555-0160,,
14382,,1 (11) 500 555-0160,
14631,,1 (11) 500 555-0160,
14774,1 (11) 500 555-0160,,
14973,,1 (11) 500 555-0160,
15041,,1 (11) 500 555-0160,
15118,,1 (11) 500 555-0160,
15173,,1 (11) 500 555-0160,
15567,1 (11) 500 555-0160,,
15577,1 (11) 500 555-0160,,
15803,1 (11) 500 555-0160,,
15846,1 (11) 500 555-0160,,
16499,1 (11) 500 555-0160,,
16695,1 (11) 500 555-0160,,
17136,,1 (11) 500 555-0160,
17851,1 (11) 500 555-0160,,
18128,1 (11) 500 555-0160,,
18353,,1 (11) 500 555-0160,
18410,,1 (11) 500 555-0160,
18534,,1 (11) 500 555-0160,
18658,1 (11) 500 555-0160,,
18705,1 (11) 500 555-0160,,
18724,,1 (11) 500 555-0160,
19404,,1 (11) 500 555-0160,
19486,1 (11) 500 555-0160,,
20356,1 (11) 500 555-0160,,
20433,,1 (11) 500 555-0160,
20703,,1 (11) 500 555-0160,
2582,,1 (11) 500 555-0161,
2671,,1 (11) 500 555-0161,
2965,1 (11) 500 555-0161,,
3053,,1 (11) 500 555-0161,
3199,,1 (11) 500 555-0161,
3234,,1 (11) 500 555-0161,
3269,1 (11) 500 555-0161,,
3384,1 (11) 500 555-0161,,
3634,,1 (11) 500 555-0161,
4107,,1 (11) 500 555-0161,
4637,,1 (11) 500 555-0161,
4760,,1 (11) 500 555-0161,
4957,,1 (11) 500 555-0161,
4970,,1 (11) 500 555-0161,
5045,1 (11) 500 555-0161,,
5237,,1 (11) 500 555-0161,
5558,1 (11) 500 555-0161,,
5567,,1 (11) 500 555-0161,
5635,1 (11) 500 555-0161,,
5827,1 (11) 500 555-0161,,
6164,1 (11) 500 555-0161,,
6208,1 (11) 500 555-0161,,
6296,1 (11) 500 555-0161,,
6359,,1 (11) 500 555-0161,
6468,1 (11) 500 555-0161,,
6602,1 (11) 500 555-0161,,
6603,,1 (11) 500 555-0161,
6994,1 (11) 500 555-0161,,
7088,1 (11) 500 555-0161,,
7148,1 (11) 500 555-0161,,
7287,,1 (11) 500 555-0161,
7566,1 (11) 500 555-0161,,
7638,,1 (11) 500 555-0161,
7737,,1 (11) 500 555-0161,
7802,,1 (11) 500 555-0161,
7931,,1 (11) 500 555-0161,
7992,,1 (11) 500 555-0161,
8242,1 (11) 500 555-0161,,
8382,1 (11) 500 555-0161,,
8856,1 (11) 500 555-0161,,
9342,,1 (11) 500 555-0161,
9427,,1 (11) 500 555-0161,
9705,,1 (11) 500 555-0161,
9779,,1 (11) 500 555-0161,
10021,,1 (11) 500 555-0161,
10182,,1 (11) 500 555-0161,
10385,,1 (11) 500 555-0161,
10772,,1 (11) 500 555-0161,
11885,1 (11) 500 555-0161,,
12041,,1 (11) 500 555-0161,
12091,1 (11) 500 555-0161,,
12128,,1 (11) 500 555-0161,
12145,1 (11) 500 555-0161,,
12200,1 (11) 500 555-0161,,
12592,,1 (11) 500 555-0161,
12609,,1 (11) 500 555-0161,
13134,,1 (11) 500 555-0161,
13183,,1 (11) 500 555-0161,
13318,,1 (11) 500 555-0161,
13855,1 (11) 500 555-0161,,
13875,,1 (11) 500 555-0161,
13941,,1 (11) 500 555-0161,
14179,1 (11) 500 555-0161,,
14355,1 (11) 500 555-0161,,
14467,,1 (11) 500 555-0161,
14474,1 (11) 500 555-0161,,
14487,1 (11) 500 555-0161,,
14594,,1 (11) 500 555-0161,
15044,,1 (11) 500 555-0161,
15322,,1 (11) 500 555-0161,
15475,1 (11) 500 555-0161,,
15587,,1 (11) 500 555-0161,
15956,1 (11) 500 555-0161,,
16066,1 (11) 500 555-0161,,
16134,,1 (11) 500 555-0161,
16370,1 (11) 500 555-0161,,
16463,,1 (11) 500 555-0161,
16723,1 (11) 500 555-0161,,
17289,,1 (11) 500 555-0161,
17327,,1 (11) 500 555-0161,
17381,,1 (11) 500 555-0161,
17407,,1 (11) 500 555-0161,
17436,,1 (11) 500 555-0161,
17468,1 (11) 500 555-0161,,
17833,1 (11) 500 555-0161,,
18119,1 (11) 500 555-0161,,
18139,1 (11) 500 555-0161,,
18208,,1 (11) 500 555-0161,
18224,1 (11) 500 555-0161,,
18273,1 (11) 500 555-0161,,
18319,1 (11) 500 555-0161,,
18335,,1 (11) 500 555-0161,
18355,,1 (11) 500 555-0161,
18417,1 (11) 500 555-0161,,
18424,,1 (11) 500 555-0161,
19291,1 (11) 500 555-0161,,
19381,1 (11) 500 555-0161,,
19402,,1 (11) 500 555-0161,
19437,,1 (11) 500 555-0161,
19452,1 (11) 500 555-0161,,
19635,1 (11) 500 555-0161,,
19786,1 (11) 500 555-0161,,
19900,1 (11) 500 555-0161,,
19992,,1 (11) 500 555-0161,
20232,,1 (11) 500 555-0161,
20285,,1 (11) 500 555-0161,
20528,,1 (11) 500 555-0161,
20531,,1 (11) 500 555-0161,
20762,,1 (11) 500 555-0161,
1441,,,1 (11) 500 555-0162
2564,,1 (11) 500 555-0162,
2612,,1 (11) 500 555-0162,
2935,1 (11) 500 555-0162,,
3667,,1 (11) 500 555-0162,
3971,,1 (11) 500 555-0162,
4377,,1 (11) 500 555-0162,
4647,,1 (11) 500 555-0162,
4732,1 (11) 500 555-0162,,
4949,1 (11) 500 555-0162,,
4982,1 (11) 500 555-0162,,
5153,,1 (11) 500 555-0162,
5292,1 (11) 500 555-0162,,
5309,1 (11) 500 555-0162,,
5367,1 (11) 500 555-0162,,
5639,1 (11) 500 555-0162,,
6220,,1 (11) 500 555-0162,
6270,1 (11) 500 555-0162,,
6529,,1 (11) 500 555-0162,
6595,1 (11) 500 555-0162,,
6655,,1 (11) 500 555-0162,
7004,,1 (11) 500 555-0162,
7536,1 (11) 500 555-0162,,
7554,1 (11) 500 555-0162,,
7588,,1 (11) 500 555-0162,
7700,1 (11) 500 555-0162,,
7722,,1 (11) 500 555-0162,
7768,,1 (11) 500 555-0162,
8191,,1 (11) 500 555-0162,
8365,1 (11) 500 555-0162,,
8549,1 (11) 500 555-0162,,
8971,1 (11) 500 555-0162,,
9151,,1 (11) 500 555-0162,
9320,1 (11) 500 555-0162,,
9665,,1 (11) 500 555-0162,
9995,,1 (11) 500 555-0162,
10106,,1 (11) 500 555-0162,
10247,,1 (11) 500 555-0162,
10295,1 (11) 500 555-0162,,
10335,1 (11) 500 555-0162,,
10562,1 (11) 500 555-0162,,
10595,1 (11) 500 555-0162,,
10600,,1 (11) 500 555-0162,
11177,,1 (11) 500 555-0162,
11277,1 (11) 500 555-0162,,
11358,1 (11) 500 555-0162,,
11370,1 (11) 500 555-0162,,
11404,1 (11) 500 555-0162,,
11470,1 (11) 500 555-0162,,
11553,,1 (11) 500 555-0162,
11925,1 (11) 500 555-0162,,
12224,,1 (11) 500 555-0162,
12659,1 (11) 500 555-0162,,
12970,1 (11) 500 555-0162,,
13012,,1 (11) 500 555-0162,
13312,1 (11) 500 555-0162,,
13332,,1 (11) 500 555-0162,
13378,1 (11) 500 555-0162,,
13531,,1 (11) 500 555-0162,
13975,,1 (11) 500 555-0162,
14088,1 (11) 500 555-0162,,
14376,,1 (11) 500 555-0162,
15114,,1 (11) 500 555-0162,
15310,,1 (11) 500 555-0162,
15430,1 (11) 500 555-0162,,
15448,1 (11) 500 555-0162,,
15789,,1 (11) 500 555-0162,
15828,,1 (11) 500 555-0162,
15972,1 (11) 500 555-0162,,
16116,1 (11) 500 555-0162,,
16422,,1 (11) 500 555-0162,
16456,1 (11) 500 555-0162,,
16830,1 (11) 500 555-0162,,
17277,1 (11) 500 555-0162,,
17474,1 (11) 500 555-0162,,
17535,,1 (11) 500 555-0162,
17660,,1 (11) 500 555-0162,
17680,1 (11) 500 555-0162,,
17776,1 (11) 500 555-0162,,
17941,,1 (11) 500 555-0162,
18611,,1 (11) 500 555-0162,
18761,,1 (11) 500 555-0162,
18784,,1 (11) 500 555-0162,
18949,1 (11) 500 555-0162,,
19000,1 (11) 500 555-0162,,
19038,,1 (11) 500 555-0162,
19101,,1 (11) 500 555-0162,
19294,1 (11) 500 555-0162,,
19421,1 (11) 500 555-0162,,
19563,1 (11) 500 555-0162,,
19578,1 (11) 500 555-0162,,
19745,1 (11) 500 555-0162,,
19793,,1 (11) 500 555-0162,
19804,,1 (11) 500 555-0162,
19839,1 (11) 500 555-0162,,
20075,,1 (11) 500 555-0162,
20126,,1 (11) 500 555-0162,
20210,,1 (11) 500 555-0162,
20234,,1 (11) 500 555-0162,
20460,1 (11) 500 555-0162,,
20467,1 (11) 500 555-0162,,
20549,1 (11) 500 555-0162,,
20687,,1 (11) 500 555-0162,
445,,,1 (11) 500 555-0163
635,,,1 (11) 500 555-0163
2411,1 (11) 500 555-0163,,
2496,,1 (11) 500 555-0163,
2548,1 (11) 500 555-0163,,
2563,1 (11) 500 555-0163,,
2865,,1 (11) 500 555-0163,
3640,1 (11) 500 555-0163,,
3854,,1 (11) 500 555-0163,
3928,,1 (11) 500 555-0163,
4456,1 (11) 500 555-0163,,
4570,,1 (11) 500 555-0163,
4657,,1 (11) 500 555-0163,
4719,1 (11) 500 555-0163,,
5244,,1 (11) 500 555-0163,
5341,,1 (11) 500 555-0163,
5346,1 (11) 500 555-0163,,
5510,1 (11) 500 555-0163,,
5974,,1 (11) 500 555-0163,
6003,,1 (11) 500 555-0163,
6302,,1 (11) 500 555-0163,
6478,1 (11) 500 555-0163,,
6839,1 (11) 500 555-0163,,
6853,,1 (11) 500 555-0163,
7074,,1 (11) 500 555-0163,
7498,,1 (11) 500 555-0163,
7784,1 (11) 500 555-0163,,
8108,1 (11) 500 555-0163,,
8157,1 (11) 500 555-0163,,
8217,,1 (11) 500 555-0163,
8822,1 (11) 500 555-0163,,
8897,,1 (11) 500 555-0163,
8977,1 (11) 500 555-0163,,
9245,,1 (11) 500 555-0163,
9256,1 (11) 500 555-0163,,
9333,1 (11) 500 555-0163,,
9501,1 (11) 500 555-0163,,
10199,,1 (11) 500 555-0163,
10373,,1 (11) 500 555-0163,
10424,1 (11) 500 555-0163,,
11691,1 (11) 500 555-0163,,
11820,1 (11) 500 555-0163,,
11830,1 (11) 500 555-0163,,
12052,,1 (11) 500 555-0163,
12302,1 (11) 500 555-0163,,
12392,,1 (11) 500 555-0163,
13036,1 (11) 500 555-0163,,
13209,,1 (11) 500 555-0163,
13264,1 (11) 500 555-0163,,
13755,1 (11) 500 555-0163,,
13886,1 (11) 500 555-0163,,
14117,1 (11) 500 555-0163,,
14674,,1 (11) 500 555-0163,
14905,1 (11) 500 555-0163,,
15241,1 (11) 500 555-0163,,
15671,1 (11) 500 555-0163,,
15938,,1 (11) 500 555-0163,
16127,1 (11) 500 555-0163,,
16469,1 (11) 500 555-0163,,
16474,1 (11) 500 555-0163,,
16681,1 (11) 500 555-0163,,
16854,1 (11) 500 555-0163,,
16891,,1 (11) 500 555-0163,
16898,1 (11) 500 555-0163,,
16986,,1 (11) 500 555-0163,
17026,,1 (11) 500 555-0163,
17149,,1 (11) 500 555-0163,
17256,1 (11) 500 555-0163,,
17285,,1 (11) 500 555-0163,
17355,1 (11) 500 555-0163,,
17360,,1 (11) 500 555-0163,
17591,1 (11) 500 555-0163,,
17602,1 (11) 500 555-0163,,
17643,1 (11) 500 555-0163,,
17716,1 (11) 500 555-0163,,
17937,1 (11) 500 555-0163,,
18097,,1 (11) 500 555-0163,
18679,,1 (11) 500 555-0163,
18748,1 (11) 500 555-0163,,
18904,1 (11) 500 555-0163,,
19342,,1 (11) 500 555-0163,
19377,1 (11) 500 555-0163,,
19937,,1 (11) 500 555-0163,
19945,1 (11) 500 555-0163,,
20048,1 (11) 500 555-0163,,
20199,,1 (11) 500 555-0163,
20435,,1 (11) 500 555-0163,
20497,,1 (11) 500 555-0163,
20525,,1 (11) 500 555-0163,
20601,1 (11) 500 555-0163,,
20648,1 (11) 500 555-0163,,
2435,1 (11) 500 555-0164,,
2637,1 (11) 500 555-0164,,
2826,1 (11) 500 555-0164,,
2902,,1 (11) 500 555-0164,
3173,1 (11) 500 555-0164,,
3227,,1 (11) 500 555-0164,
3256,1 (11) 500 555-0164,,
3382,1 (11) 500 555-0164,,
3517,,1 (11) 500 555-0164,
3537,1 (11) 500 555-0164,,
3735,1 (11) 500 555-0164,,
4098,,1 (11) 500 555-0164,
4386,1 (11) 500 555-0164,,
4546,,1 (11) 500 555-0164,
4976,1 (11) 500 555-0164,,
5236,,1 (11) 500 555-0164,
5465,,1 (11) 500 555-0164,
5761,,1 (11) 500 555-0164,
5803,1 (11) 500 555-0164,,
6056,1 (11) 500 555-0164,,
6073,,1 (11) 500 555-0164,
6413,1 (11) 500 555-0164,,
6428,,1 (11) 500 555-0164,
6504,1 (11) 500 555-0164,,
6554,1 (11) 500 555-0164,,
6599,,1 (11) 500 555-0164,
6780,1 (11) 500 555-0164,,
6865,1 (11) 500 555-0164,,
7003,,1 (11) 500 555-0164,
7180,1 (11) 500 555-0164,,
7442,,1 (11) 500 555-0164,
7495,,1 (11) 500 555-0164,
7538,1 (11) 500 555-0164,,
8471,1 (11) 500 555-0164,,
8725,1 (11) 500 555-0164,,
8845,1 (11) 500 555-0164,,
8896,,1 (11) 500 555-0164,
8947,1 (11) 500 555-0164,,
9134,1 (11) 500 555-0164,,
9408,1 (11) 500 555-0164,,
9497,,1 (11) 500 555-0164,
9511,,1 (11) 500 555-0164,
9808,,1 (11) 500 555-0164,
9998,1 (11) 500 555-0164,,
10088,,1 (11) 500 555-0164,
10395,1 (11) 500 555-0164,,
10407,,1 (11) 500 555-0164,
10426,1 (11) 500 555-0164,,
10672,,1 (11) 500 555-0164,
10689,,1 (11) 500 555-0164,
11082,1 (11) 500 555-0164,,
11124,,1 (11) 500 555-0164,
11136,1 (11) 500 555-0164,,
11197,1 (11) 500 555-0164,,
11266,,1 (11) 500 555-0164,
11514,1 (11) 500 555-0164,,
11854,,1 (11) 500 555-0164,
12393,1 (11) 500 555-0164,,
12498,1 (11) 500 555-0164,,
12686,1 (11) 500 555-0164,,
12717,,1 (11) 500 555-0164,
12952,1 (11) 500 555-0164,,
12968,,1 (11) 500 555-0164,
13254,1 (11) 500 555-0164,,
13358,,1 (11) 500 555-0164,
13399,,1 (11) 500 555-0164,
14080,1 (11) 500 555-0164,,
14465,,1 (11) 500 555-0164,
14646,1 (11) 500 555-0164,,
14673,1 (11) 500 555-0164,,
14701,,1 (11) 500 555-0164,
14728,1 (11) 500 555-0164,,
14747,1 (11) 500 555-0164,,
15020,,1 (11) 500 555-0164,
15211,,1 (11) 500 555-0164,
15214,,1 (11) 500 555-0164,
15429,1 (11) 500 555-0164,,
16187,,1 (11) 500 555-0164,
16252,,1 (11) 500 555-0164,
16402,,1 (11) 500 555-0164,
16642,,1 (11) 500 555-0164,
16775,1 (11) 500 555-0164,,
17437,,1 (11) 500 555-0164,
17531,,1 (11) 500 555-0164,
17745,1 (11) 500 555-0164,,
17889,1 (11) 500 555-0164,,
18046,,1 (11) 500 555-0164,
18117,1 (11) 500 555-0164,,
18523,,1 (11) 500 555-0164,
18864,,1 (11) 500 555-0164,
18884,,1 (11) 500 555-0164,
19183,1 (11) 500 555-0164,,
19252,,1 (11) 500 555-0164,
19308,1 (11) 500 555-0164,,
19461,1 (11) 500 555-0164,,
19642,,1 (11) 500 555-0164,
19711,1 (11) 500 555-0164,,
20322,1 (11) 500 555-0164,,
20365,1 (11) 500 555-0164,,
20441,,1 (11) 500 555-0164,
20443,,1 (11) 500 555-0164,
20633,1 (11) 500 555-0164,,
20741,,1 (11) 500 555-0164,
1233,1 (11) 500 555-0165,,
1299,,,1 (11) 500 555-0165
2381,,1 (11) 500 555-0165,
2402,1 (11) 500 555-0165,,
2449,,1 (11) 500 555-0165,
3243,,1 (11) 500 555-0165,
3606,,1 (11) 500 555-0165,
3673,1 (11) 500 555-0165,,
3848,1 (11) 500 555-0165,,
3866,1 (11) 500 555-0165,,
3959,,1 (11) 500 555-0165,
4313,1 (11) 500 555-0165,,
4744,,1 (11) 500 555-0165,
5015,,1 (11) 500 555-0165,
5057,1 (11) 500 555-0165,,
5180,1 (11) 500 555-0165,,
5473,,1 (11) 500 555-0165,
5499,1 (11) 500 555-0165,,
5543,,1 (11) 500 555-0165,
5697,1 (11) 500 555-0165,,
5945,1 (11) 500 555-0165,,
6152,1 (11) 500 555-0165,,
6180,,1 (11) 500 555-0165,
6273,1 (11) 500 555-0165,,
6481,,1 (11) 500 555-0165,
6946,1 (11) 500 555-0165,,
6961,1 (11) 500 555-0165,,
7140,1 (11) 500 555-0165,,
7267,1 (11) 500 555-0165,,
7339,,1 (11) 500 555-0165,
7352,,1 (11) 500 555-0165,
7488,,1 (11) 500 555-0165,
7813,,1 (11) 500 555-0165,
8133,,1 (11) 500 555-0165,
8364,1 (11) 500 555-0165,,
8455,,1 (11) 500 555-0165,
9023,,1 (11) 500 555-0165,
9596,1 (11) 500 555-0165,,
9651,1 (11) 500 555-0165,,
9655,1 (11) 500 555-0165,,
9798,1 (11) 500 555-0165,,
9840,,1 (11) 500 555-0165,
9920,,1 (11) 500 555-0165,
10064,,1 (11) 500 555-0165,
10093,,1 (11) 500 555-0165,
10232,,1 (11) 500 555-0165,
10557,1 (11) 500 555-0165,,
10663,1 (11) 500 555-0165,,
10804,,1 (11) 500 555-0165,
11119,,1 (11) 500 555-0165,
11390,1 (11) 500 555-0165,,
12059,1 (11) 500 555-0165,,
12108,1 (11) 500 555-0165,,
12122,1 (11) 500 555-0165,,
12307,1 (11) 500 555-0165,,
12366,1 (11) 500 555-0165,,
12688,,1 (11) 500 555-0165,
12938,1 (11) 500 555-0165,,
13251,,1 (11) 500 555-0165,
13275,1 (11) 500 555-0165,,
13431,,1 (11) 500 555-0165,
13760,,1 (11) 500 555-0165,
13779,1 (11) 500 555-0165,,
14083,,1 (11) 500 555-0165,
14267,,1 (11) 500 555-0165,
14620,,1 (11) 500 555-0165,
15033,,1 (11) 500 555-0165,
15036,,1 (11) 500 555-0165,
15256,,1 (11) 500 555-0165,
15328,,1 (11) 500 555-0165,
15499,,1 (11) 500 555-0165,
15573,1 (11) 500 555-0165,,
15739,,1 (11) 500 555-0165,
15921,1 (11) 500 555-0165,,
16351,,1 (11) 500 555-0165,
17021,1 (11) 500 555-0165,,
17384,,1 (11) 500 555-0165,
17449,,1 (11) 500 555-0165,
17763,1 (11) 500 555-0165,,
18343,1 (11) 500 555-0165,,
18809,,1 (11) 500 555-0165,
18905,1 (11) 500 555-0165,,
19465,,1 (11) 500 555-0165,
19468,,1 (11) 500 555-0165,
19546,,1 (11) 500 555-0165,
19691,1 (11) 500 555-0165,,
19723,,1 (11) 500 555-0165,
19738,1 (11) 500 555-0165,,
19791,,1 (11) 500 555-0165,
19917,,1 (11) 500 555-0165,
19959,1 (11) 500 555-0165,,
20174,,1 (11) 500 555-0165,
2387,1 (11) 500 555-0166,,
2430,,1 (11) 500 555-0166,
2570,1 (11) 500 555-0166,,
2592,1 (11) 500 555-0166,,
2781,,1 (11) 500 555-0166,
2791,1 (11) 500 555-0166,,
2812,1 (11) 500 555-0166,,
3562,,1 (11) 500 555-0166,
4060,,1 (11) 500 555-0166,
4234,,1 (11) 500 555-0166,
4711,,1 (11) 500 555-0166,
5647,,1 (11) 500 555-0166,
5938,1 (11) 500 555-0166,,
5975,1 (11) 500 555-0166,,
6132,1 (11) 500 555-0166,,
6262,,1 (11) 500 555-0166,
6483,1 (11) 500 555-0166,,
6510,,1 (11) 500 555-0166,
7412,1 (11) 500 555-0166,,
7419,1 (11) 500 555-0166,,
7665,,1 (11) 500 555-0166,
7667,1 (11) 500 555-0166,,
7743,1 (11) 500 555-0166,,
7832,,1 (11) 500 555-0166,
7922,,1 (11) 500 555-0166,
7975,,1 (11) 500 555-0166,
8234,,1 (11) 500 555-0166,
8415,1 (11) 500 555-0166,,
8687,1 (11) 500 555-0166,,
8700,,1 (11) 500 555-0166,
8733,1 (11) 500 555-0166,,
8905,1 (11) 500 555-0166,,
9432,,1 (11) 500 555-0166,
10072,1 (11) 500 555-0166,,
10237,1 (11) 500 555-0166,,
10287,,1 (11) 500 555-0166,
10977,,1 (11) 500 555-0166,
11221,1 (11) 500 555-0166,,
11305,1 (11) 500 555-0166,,
11438,,1 (11) 500 555-0166,
11531,,1 (11) 500 555-0166,
11578,,1 (11) 500 555-0166,
13044,1 (11) 500 555-0166,,
13220,1 (11) 500 555-0166,,
13494,1 (11) 500 555-0166,,
13574,,1 (11) 500 555-0166,
13630,1 (11) 500 555-0166,,
13689,,1 (11) 500 555-0166,
13739,1 (11) 500 555-0166,,
13859,,1 (11) 500 555-0166,
14169,,1 (11) 500 555-0166,
14248,,1 (11) 500 555-0166,
14561,,1 (11) 500 555-0166,
14635,,1 (11) 500 555-0166,
15185,,1 (11) 500 555-0166,
15554,1 (11) 500 555-0166,,
15809,1 (11) 500 555-0166,,
16049,1 (11) 500 555-0166,,
16292,1 (11) 500 555-0166,,
16366,1 (11) 500 555-0166,,
16701,1 (11) 500 555-0166,,
16743,1 (11) 500 555-0166,,
16765,1 (11) 500 555-0166,,
16969,1 (11) 500 555-0166,,
17253,,1 (11) 500 555-0166,
17347,,1 (11) 500 555-0166,
17450,1 (11) 500 555-0166,,
17597,,1 (11) 500 555-0166,
18156,1 (11) 500 555-0166,,
18227,1 (11) 500 555-0166,,
18261,,1 (11) 500 555-0166,
18291,,1 (11) 500 555-0166,
18472,,1 (11) 500 555-0166,
19192,1 (11) 500 555-0166,,
19501,,1 (11) 500 555-0166,
19511,,1 (11) 500 555-0166,
19663,1 (11) 500 555-0166,,
19907,1 (11) 500 555-0166,,
19927,,1 (11) 500 555-0166,
20649,,1 (11) 500 555-0166,
1019,,,1 (11) 500 555-0167
1323,,,1 (11) 500 555-0167
2645,,1 (11) 500 555-0167,
2722,1 (11) 500 555-0167,,
3178,1 (11) 500 555-0167,,
3205,,1 (11) 500 555-0167,
3308,1 (11) 500 555-0167,,
3363,,1 (11) 500 555-0167,
3813,,1 (11) 500 555-0167,
3893,,1 (11) 500 555-0167,
4104,1 (11) 500 555-0167,,
4387,,1 (11) 500 555-0167,
4661,1 (11) 500 555-0167,,
4865,,1 (11) 500 555-0167,
5021,1 (11) 500 555-0167,,
5157,,1 (11) 500 555-0167,
5339,1 (11) 500 555-0167,,
5766,1 (11) 500 555-0167,,
5794,1 (11) 500 555-0167,,
5880,,1 (11) 500 555-0167,
5952,1 (11) 500 555-0167,,
6242,1 (11) 500 555-0167,,
6715,,1 (11) 500 555-0167,
7144,1 (11) 500 555-0167,,
7228,,1 (11) 500 555-0167,
7569,1 (11) 500 555-0167,,
7991,,1 (11) 500 555-0167,
8141,1 (11) 500 555-0167,,
8612,1 (11) 500 555-0167,,
8643,,1 (11) 500 555-0167,
8841,1 (11) 500 555-0167,,
9066,,1 (11) 500 555-0167,
9420,1 (11) 500 555-0167,,
9887,1 (11) 500 555-0167,,
9967,1 (11) 500 555-0167,,
9983,,1 (11) 500 555-0167,
10070,1 (11) 500 555-0167,,
10235,1 (11) 500 555-0167,,
10259,1 (11) 500 555-0167,,
10790,1 (11) 500 555-0167,,
10937,,1 (11) 500 555-0167,
11113,,1 (11) 500 555-0167,
11204,1 (11) 500 555-0167,,
11767,,1 (11) 500 555-0167,
12048,1 (11) 500 555-0167,,
12049,1 (11) 500 555-0167,,
12069,1 (11) 500 555-0167,,
12094,1 (11) 500 555-0167,,
12400,1 (11) 500 555-0167,,
12779,,1 (11) 500 555-0167,
12819,,1 (11) 500 555-0167,
12833,1 (11) 500 555-0167,,
12992,1 (11) 500 555-0167,,
13056,1 (11) 500 555-0167,,
13306,1 (11) 500 555-0167,,
13413,1 (11) 500 555-0167,,
13453,1 (11) 500 555-0167,,
15387,1 (11) 500 555-0167,,
15492,1 (11) 500 555-0167,,
15723,1 (11) 500 555-0167,,
16083,1 (11) 500 555-0167,,
16084,,1 (11) 500 555-0167,
16283,1 (11) 500 555-0167,,
16564,1 (11) 500 555-0167,,
16600,,1 (11) 500 555-0167,
16814,,1 (11) 500 555-0167,
16856,,1 (11) 500 555-0167,
16909,1 (11) 500 555-0167,,
17363,1 (11) 500 555-0167,,
17525,1 (11) 500 555-0167,,
17652,,1 (11) 500 555-0167,
17661,1 (11) 500 555-0167,,
17760,,1 (11) 500 555-0167,
18048,,1 (11) 500 555-0167,
18177,1 (11) 500 555-0167,,
18287,,1 (11) 500 555-0167,
18402,,1 (11) 500 555-0167,
18562,,1 (11) 500 555-0167,
18881,1 (11) 500 555-0167,,
19151,,1 (11) 500 555-0167,
19388,,1 (11) 500 555-0167,
19699,1 (11) 500 555-0167,,
19720,1 (11) 500 555-0167,,
20320,1 (11) 500 555-0167,,
20413,,1 (11) 500 555-0167,
20548,,1 (11) 500 555-0167,
409,,,1 (11) 500 555-0168
981,,,1 (11) 500 555-0168
2420,,1 (11) 500 555-0168,
2552,,1 (11) 500 555-0168,
2638,,1 (11) 500 555-0168,
2689,,1 (11) 500 555-0168,
2818,1 (11) 500 555-0168,,
3224,,1 (11) 500 555-0168,
3985,,1 (11) 500 555-0168,
4255,,1 (11) 500 555-0168,
4369,1 (11) 500 555-0168,,
4484,1 (11) 500 555-0168,,
5005,1 (11) 500 555-0168,,
5441,1 (11) 500 555-0168,,
5492,1 (11) 500 555-0168,,
5792,1 (11) 500 555-0168,,
6272,,1 (11) 500 555-0168,
6681,1 (11) 500 555-0168,,
7143,,1 (11) 500 555-0168,
7232,,1 (11) 500 555-0168,
7241,1 (11) 500 555-0168,,
7368,,1 (11) 500 555-0168,
7561,1 (11) 500 555-0168,,
7785,,1 (11) 500 555-0168,
8096,,1 (11) 500 555-0168,
8551,,1 (11) 500 555-0168,
8673,1 (11) 500 555-0168,,
8735,,1 (11) 500 555-0168,
8829,,1 (11) 500 555-0168,
8865,1 (11) 500 555-0168,,
8963,1 (11) 500 555-0168,,
9008,1 (11) 500 555-0168,,
9153,,1 (11) 500 555-0168,
9191,1 (11) 500 555-0168,,
9279,,1 (11) 500 555-0168,
9818,,1 (11) 500 555-0168,
10347,1 (11) 500 555-0168,,
10567,1 (11) 500 555-0168,,
10654,1 (11) 500 555-0168,,
10912,,1 (11) 500 555-0168,
11052,,1 (11) 500 555-0168,
11165,1 (11) 500 555-0168,,
11601,,1 (11) 500 555-0168,
11970,,1 (11) 500 555-0168,
12663,1 (11) 500 555-0168,,
12763,,1 (11) 500 555-0168,
12953,,1 (11) 500 555-0168,
13367,1 (11) 500 555-0168,,
13722,1 (11) 500 555-0168,,
13844,,1 (11) 500 555-0168,
13871,,1 (11) 500 555-0168,
14033,1 (11) 500 555-0168,,
14071,1 (11) 500 555-0168,,
14234,,1 (11) 500 555-0168,
14476,,1 (11) 500 555-0168,
14688,,1 (11) 500 555-0168,
14695,,1 (11) 500 555-0168,
14737,,1 (11) 500 555-0168,
14775,,1 (11) 500 555-0168,
14847,1 (11) 500 555-0168,,
15079,1 (11) 500 555-0168,,
15220,1 (11) 500 555-0168,,
15276,1 (11) 500 555-0168,,
15546,,1 (11) 500 555-0168,
15716,1 (11) 500 555-0168,,
15810,1 (11) 500 555-0168,,
16407,1 (11) 500 555-0168,,
16581,1 (11) 500 555-0168,,
16718,1 (11) 500 555-0168,,
16904,,1 (11) 500 555-0168,
17196,1 (11) 500 555-0168,,
17257,1 (11) 500 555-0168,,
17402,1 (11) 500 555-0168,,
17606,,1 (11) 500 555-0168,
17687,1 (11) 500 555-0168,,
17910,,1 (11) 500 555-0168,
17916,1 (11) 500 555-0168,,
18059,1 (11) 500 555-0168,,
18277,1 (11) 500 555-0168,,
18689,1 (11) 500 555-0168,,
18693,,1 (11) 500 555-0168,
18954,,1 (11) 500 555-0168,
18976,1 (11) 500 555-0168,,
19455,,1 (11) 500 555-0168,
19834,1 (11) 500 555-0168,,
20066,,1 (11) 500 555-0168,
20148,,1 (11) 500 555-0168,
20217,,1 (11) 500 555-0168,
20554,1 (11) 500 555-0168,,
20611,1 (11) 500 555-0168,,
943,1 (11) 500 555-0169,,
2448,,1 (11) 500 555-0169,
2468,,1 (11) 500 555-0169,
2483,,1 (11) 500 555-0169,
2495,,1 (11) 500 555-0169,
2558,1 (11) 500 555-0169,,
2882,,1 (11) 500 555-0169,
3058,1 (11) 500 555-0169,,
3349,,1 (11) 500 555-0169,
3569,1 (11) 500 555-0169,,
3909,1 (11) 500 555-0169,,
4069,1 (11) 500 555-0169,,
4187,,1 (11) 500 555-0169,
4353,1 (11) 500 555-0169,,
4561,1 (11) 500 555-0169,,
4583,,1 (11) 500 555-0169,
4632,1 (11) 500 555-0169,,
5008,1 (11) 500 555-0169,,
5077,1 (11) 500 555-0169,,
5456,,1 (11) 500 555-0169,
5490,1 (11) 500 555-0169,,
5943,1 (11) 500 555-0169,,
6377,,1 (11) 500 555-0169,
6432,1 (11) 500 555-0169,,
6687,1 (11) 500 555-0169,,
7021,1 (11) 500 555-0169,,
7292,1 (11) 500 555-0169,,
7387,1 (11) 500 555-0169,,
7548,1 (11) 500 555-0169,,
8314,,1 (11) 500 555-0169,
8487,1 (11) 500 555-0169,,
8558,1 (11) 500 555-0169,,
8622,1 (11) 500 555-0169,,
8655,,1 (11) 500 555-0169,
8684,1 (11) 500 555-0169,,
8702,,1 (11) 500 555-0169,
8759,1 (11) 500 555-0169,,
9202,,1 (11) 500 555-0169,
9448,1 (11) 500 555-0169,,
10037,1 (11) 500 555-0169,,
10271,1 (11) 500 555-0169,,
10344,1 (11) 500 555-0169,,
10375,,1 (11) 500 555-0169,
10386,,1 (11) 500 555-0169,
10411,,1 (11) 500 555-0169,
10517,,1 (11) 500 555-0169,
10536,1 (11) 500 555-0169,,
10555,1 (11) 500 555-0169,,
10799,1 (11) 500 555-0169,,
10862,,1 (11) 500 555-0169,
10994,,1 (11) 500 555-0169,
11013,1 (11) 500 555-0169,,
11130,1 (11) 500 555-0169,,
11179,1 (11) 500 555-0169,,
11422,,1 (11) 500 555-0169,
11536,1 (11) 500 555-0169,,
11718,1 (11) 500 555-0169,,
11759,1 (11) 500 555-0169,,
12037,,1 (11) 500 555-0169,
12163,1 (11) 500 555-0169,,
12228,,1 (11) 500 555-0169,
12232,1 (11) 500 555-0169,,
12300,,1 (11) 500 555-0169,
12414,1 (11) 500 555-0169,,
12456,1 (11) 500 555-0169,,
12584,,1 (11) 500 555-0169,
13102,1 (11) 500 555-0169,,
13141,,1 (11) 500 555-0169,
13199,1 (11) 500 555-0169,,
13634,1 (11) 500 555-0169,,
13818,,1 (11) 500 555-0169,
14443,1 (11) 500 555-0169,,
14458,1 (11) 500 555-0169,,
14622,1 (11) 500 555-0169,,
14681,1 (11) 500 555-0169,,
14754,,1 (11) 500 555-0169,
14846,1 (11) 500 555-0169,,
14935,1 (11) 500 555-0169,,
15017,1 (11) 500 555-0169,,
15433,,1 (11) 500 555-0169,
15647,,1 (11) 500 555-0169,
15731,1 (11) 500 555-0169,,
15950,,1 (11) 500 555-0169,
15996,,1 (11) 500 555-0169,
16240,1 (11) 500 555-0169,,
16538,1 (11) 500 555-0169,,
16687,1 (11) 500 555-0169,,
16908,1 (11) 500 555-0169,,
17063,,1 (11) 500 555-0169,
17500,1 (11) 500 555-0169,,
17646,,1 (11) 500 555-0169,
17741,1 (11) 500 555-0169,,
17891,,1 (11) 500 555-0169,
17914,1 (11) 500 555-0169,,
18304,1 (11) 500 555-0169,,
18612,1 (11) 500 555-0169,,
18880,1 (11) 500 555-0169,,
19031,1 (11) 500 555-0169,,
19097,1 (11) 500 555-0169,,
19165,1 (11) 500 555-0169,,
19287,,1 (11) 500 555-0169,
19800,1 (11) 500 555-0169,,
19910,1 (11) 500 555-0169,,
19988,,1 (11) 500 555-0169,
20179,1 (11) 500 555-0169,,
20304,1 (11) 500 555-0169,,
20345,,1 (11) 500 555-0169,
20577,1 (11) 500 555-0169,,
1261,1 (11) 500 555-0170,,
2394,,1 (11) 500 555-0170,
2398,1 (11) 500 555-0170,,
2546,,1 (11) 500 555-0170,
2745,,1 (11) 500 555-0170,
2807,,1 (11) 500 555-0170,
2907,1 (11) 500 555-0170,,
2921,1 (11) 500 555-0170,,
3192,1 (11) 500 555-0170,,
3206,1 (11) 500 555-0170,,
3320,1 (11) 500 555-0170,,
3425,1 (11) 500 555-0170,,
3574,,1 (11) 500 555-0170,
3675,1 (11) 500 555-0170,,
4136,,1 (11) 500 555-0170,
4505,,1 (11) 500 555-0170,
4955,,1 (11) 500 555-0170,
4965,1 (11) 500 555-0170,,
5133,1 (11) 500 555-0170,,
5540,1 (11) 500 555-0170,,
5758,1 (11) 500 555-0170,,
6770,1 (11) 500 555-0170,,
6936,1 (11) 500 555-0170,,
7398,,1 (11) 500 555-0170,
7927,,1 (11) 500 555-0170,
8429,,1 (11) 500 555-0170,
8654,1 (11) 500 555-0170,,
9450,1 (11) 500 555-0170,,
9771,,1 (11) 500 555-0170,
10186,1 (11) 500 555-0170,,
11334,,1 (11) 500 555-0170,
11726,,1 (11) 500 555-0170,
12215,,1 (11) 500 555-0170,
12404,1 (11) 500 555-0170,,
12446,,1 (11) 500 555-0170,
12607,,1 (11) 500 555-0170,
13333,1 (11) 500 555-0170,,
13488,1 (11) 500 555-0170,,
13490,,1 (11) 500 555-0170,
13653,1 (11) 500 555-0170,,
13750,,1 (11) 500 555-0170,
14023,,1 (11) 500 555-0170,
14194,1 (11) 500 555-0170,,
14602,,1 (11) 500 555-0170,
14717,1 (11) 500 555-0170,,
14726,1 (11) 500 555-0170,,
15081,1 (11) 500 555-0170,,
15246,1 (11) 500 555-0170,,
16507,,1 (11) 500 555-0170,
16648,1 (11) 500 555-0170,,
17017,1 (11) 500 555-0170,,
17209,,1 (11) 500 555-0170,
17242,,1 (11) 500 555-0170,
17339,1 (11) 500 555-0170,,
17782,,1 (11) 500 555-0170,
18107,1 (11) 500 555-0170,,
18210,1 (11) 500 555-0170,,
18325,1 (11) 500 555-0170,,
18332,,1 (11) 500 555-0170,
18395,1 (11) 500 555-0170,,
19078,1 (11) 500 555-0170,,
19573,1 (11) 500 555-0170,,
19677,1 (11) 500 555-0170,,
20394,,1 (11) 500 555-0170,
20465,,1 (11) 500 555-0170,
20599,1 (11) 500 555-0170,,
2854,1 (11) 500 555-0171,,
2904,1 (11) 500 555-0171,,
2908,1 (11) 500 555-0171,,
2913,,1 (11) 500 555-0171,
3122,,1 (11) 500 555-0171,
3404,,1 (11) 500 555-0171,
3497,1 (11) 500 555-0171,,
3660,1 (11) 500 555-0171,,
3910,,1 (11) 500 555-0171,
3960,1 (11) 500 555-0171,,
4147,1 (11) 500 555-0171,,
4249,,1 (11) 500 555-0171,
4421,1 (11) 500 555-0171,,
4447,1 (11) 500 555-0171,,
4619,1 (11) 500 555-0171,,
4883,,1 (11) 500 555-0171,
5016,,1 (11) 500 555-0171,
5589,1 (11) 500 555-0171,,
5657,,1 (11) 500 555-0171,
5901,1 (11) 500 555-0171,,
6058,,1 (11) 500 555-0171,
6149,1 (11) 500 555-0171,,
6357,,1 (11) 500 555-0171,
6486,,1 (11) 500 555-0171,
7204,1 (11) 500 555-0171,,
7257,,1 (11) 500 555-0171,
7827,1 (11) 500 555-0171,,
7921,,1 (11) 500 555-0171,
8240,1 (11) 500 555-0171,,
8362,,1 (11) 500 555-0171,
8607,1 (11) 500 555-0171,,
8679,,1 (11) 500 555-0171,
9001,,1 (11) 500 555-0171,
9222,1 (11) 500 555-0171,,
10116,,1 (11) 500 555-0171,
10250,,1 (11) 500 555-0171,
10361,1 (11) 500 555-0171,,
10368,1 (11) 500 555-0171,,
10775,1 (11) 500 555-0171,,
11132,1 (11) 500 555-0171,,
11676,1 (11) 500 555-0171,,
11896,,1 (11) 500 555-0171,
11948,,1 (11) 500 555-0171,
12060,1 (11) 500 555-0171,,
12180,1 (11) 500 555-0171,,
12256,,1 (11) 500 555-0171,
12282,,1 (11) 500 555-0171,
12624,,1 (11) 500 555-0171,
13135,1 (11) 500 555-0171,,
13241,1 (11) 500 555-0171,,
14002,1 (11) 500 555-0171,,
14112,,1 (11) 500 555-0171,
14195,,1 (11) 500 555-0171,
14461,1 (11) 500 555-0171,,
14532,1 (11) 500 555-0171,,
14900,1 (11) 500 555-0171,,
15028,1 (11) 500 555-0171,,
15357,1 (11) 500 555-0171,,
15872,1 (11) 500 555-0171,,
16068,,1 (11) 500 555-0171,
16093,,1 (11) 500 555-0171,
16475,,1 (11) 500 555-0171,
16896,1 (11) 500 555-0171,,
17164,,1 (11) 500 555-0171,
17488,1 (11) 500 555-0171,,
17559,1 (11) 500 555-0171,,
17598,1 (11) 500 555-0171,,
17669,1 (11) 500 555-0171,,
17867,,1 (11) 500 555-0171,
17920,1 (11) 500 555-0171,,
17984,1 (11) 500 555-0171,,
18245,,1 (11) 500 555-0171,
18315,,1 (11) 500 555-0171,
18493,,1 (11) 500 555-0171,
18606,1 (11) 500 555-0171,,
18618,,1 (11) 500 555-0171,
18635,1 (11) 500 555-0171,,
18695,,1 (11) 500 555-0171,
19496,1 (11) 500 555-0171,,
19692,,1 (11) 500 555-0171,
20177,1 (11) 500 555-0171,,
20211,,1 (11) 500 555-0171,
20773,1 (11) 500 555-0171,,
20776,,1 (11) 500 555-0171,
2544,,1 (11) 500 555-0172,
2770,,1 (11) 500 555-0172,
3365,,1 (11) 500 555-0172,
3594,,1 (11) 500 555-0172,
3856,,1 (11) 500 555-0172,
4065,1 (11) 500 555-0172,,
4134,,1 (11) 500 555-0172,
4293,,1 (11) 500 555-0172,
4299,1 (11) 500 555-0172,,
4473,,1 (11) 500 555-0172,
4487,1 (11) 500 555-0172,,
4663,,1 (11) 500 555-0172,
5176,,1 (11) 500 555-0172,
5954,,1 (11) 500 555-0172,
6326,,1 (11) 500 555-0172,
6537,1 (11) 500 555-0172,,
6844,1 (11) 500 555-0172,,
7486,,1 (11) 500 555-0172,
7935,1 (11) 500 555-0172,,
7965,,1 (11) 500 555-0172,
8283,,1 (11) 500 555-0172,
8385,1 (11) 500 555-0172,,
8419,,1 (11) 500 555-0172,
8440,1 (11) 500 555-0172,,
8843,1 (11) 500 555-0172,,
8910,1 (11) 500 555-0172,,
9332,1 (11) 500 555-0172,,
9897,,1 (11) 500 555-0172,
10231,,1 (11) 500 555-0172,
10508,1 (11) 500 555-0172,,
10631,1 (11) 500 555-0172,,
10743,1 (11) 500 555-0172,,
10761,1 (11) 500 555-0172,,
10818,,1 (11) 500 555-0172,
11467,1 (11) 500 555-0172,,
11685,1 (11) 500 555-0172,,
11753,1 (11) 500 555-0172,,
11967,,1 (11) 500 555-0172,
12614,1 (11) 500 555-0172,,
12654,,1 (11) 500 555-0172,
12963,1 (11) 500 555-0172,,
13111,,1 (11) 500 555-0172,
13247,1 (11) 500 555-0172,,
13366,1 (11) 500 555-0172,,
13391,,1 (11) 500 555-0172,
13401,1 (11) 500 555-0172,,
13446,1 (11) 500 555-0172,,
13682,,1 (11) 500 555-0172,
13933,1 (11) 500 555-0172,,
14045,,1 (11) 500 555-0172,
14287,,1 (11) 500 555-0172,
14683,1 (11) 500 555-0172,,
14740,1 (11) 500 555-0172,,
15386,,1 (11) 500 555-0172,
15719,,1 (11) 500 555-0172,
15756,,1 (11) 500 555-0172,
15813,,1 (11) 500 555-0172,
15947,1 (11) 500 555-0172,,
16098,1 (11) 500 555-0172,,
16271,1 (11) 500 555-0172,,
16400,1 (11) 500 555-0172,,
16546,,1 (11) 500 555-0172,
16823,,1 (11) 500 555-0172,
16864,1 (11) 500 555-0172,,
16934,,1 (11) 500 555-0172,
16991,1 (11) 500 555-0172,,
17079,,1 (11) 500 555-0172,
17126,,1 (11) 500 555-0172,
17233,1 (11) 500 555-0172,,
17280,,1 (11) 500 555-0172,
17454,,1 (11) 500 555-0172,
17627,1 (11) 500 555-0172,,
17695,,1 (11) 500 555-0172,
17697,1 (11) 500 555-0172,,
17783,,1 (11) 500 555-0172,
17820,,1 (11) 500 555-0172,
17917,1 (11) 500 555-0172,,
17999,,1 (11) 500 555-0172,
18460,,1 (11) 500 555-0172,
18475,,1 (11) 500 555-0172,
18594,,1 (11) 500 555-0172,
18778,1 (11) 500 555-0172,,
18928,1 (11) 500 555-0172,,
19362,1 (11) 500 555-0172,,
19382,,1 (11) 500 555-0172,
19436,1 (11) 500 555-0172,,
19698,1 (11) 500 555-0172,,
19956,,1 (11) 500 555-0172,
20022,1 (11) 500 555-0172,,
20242,1 (11) 500 555-0172,,
20295,1 (11) 500 555-0172,,
20542,,1 (11) 500 555-0172,
1259,,,1 (11) 500 555-0173
2603,,1 (11) 500 555-0173,
2814,1 (11) 500 555-0173,,
2956,,1 (11) 500 555-0173,
3174,,1 (11) 500 555-0173,
3894,,1 (11) 500 555-0173,
4081,,1 (11) 500 555-0173,
4174,,1 (11) 500 555-0173,
4322,,1 (11) 500 555-0173,
4383,,1 (11) 500 555-0173,
4767,,1 (11) 500 555-0173,
5091,1 (11) 500 555-0173,,
5148,,1 (11) 500 555-0173,
5214,,1 (11) 500 555-0173,
5390,,1 (11) 500 555-0173,
5671,1 (11) 500 555-0173,,
5942,1 (11) 500 555-0173,,
6281,1 (11) 500 555-0173,,
6329,,1 (11) 500 555-0173,
6592,1 (11) 500 555-0173,,
7028,1 (11) 500 555-0173,,
7065,1 (11) 500 555-0173,,
8387,1 (11) 500 555-0173,,
8518,1 (11) 500 555-0173,,
8579,1 (11) 500 555-0173,,
8938,1 (11) 500 555-0173,,
8956,,1 (11) 500 555-0173,
9115,1 (11) 500 555-0173,,
9615,,1 (11) 500 555-0173,
9908,1 (11) 500 555-0173,,
9978,,1 (11) 500 555-0173,
10270,,1 (11) 500 555-0173,
10349,,1 (11) 500 555-0173,
10611,1 (11) 500 555-0173,,
10805,1 (11) 500 555-0173,,
10856,1 (11) 500 555-0173,,
10959,,1 (11) 500 555-0173,
11144,1 (11) 500 555-0173,,
11355,1 (11) 500 555-0173,,
11644,,1 (11) 500 555-0173,
11959,1 (11) 500 555-0173,,
12031,1 (11) 500 555-0173,,
12222,,1 (11) 500 555-0173,
12558,1 (11) 500 555-0173,,
13297,1 (11) 500 555-0173,,
13567,,1 (11) 500 555-0173,
13972,,1 (11) 500 555-0173,
14175,1 (11) 500 555-0173,,
14343,1 (11) 500 555-0173,,
14346,,1 (11) 500 555-0173,
14454,,1 (11) 500 555-0173,
14700,,1 (11) 500 555-0173,
14871,,1 (11) 500 555-0173,
14953,1 (11) 500 555-0173,,
15037,,1 (11) 500 555-0173,
15057,1 (11) 500 555-0173,,
15059,,1 (11) 500 555-0173,
15204,1 (11) 500 555-0173,,
15213,1 (11) 500 555-0173,,
15549,1 (11) 500 555-0173,,
15659,,1 (11) 500 555-0173,
15817,,1 (11) 500 555-0173,
15851,1 (11) 500 555-0173,,
15960,,1 (11) 500 555-0173,
16101,,1 (11) 500 555-0173,
16107,1 (11) 500 555-0173,,
16808,,1 (11) 500 555-0173,
16866,,1 (11) 500 555-0173,
16976,,1 (11) 500 555-0173,
17297,1 (11) 500 555-0173,,
17301,,1 (11) 500 555-0173,
17649,1 (11) 500 555-0173,,
17703,,1 (11) 500 555-0173,
17798,,1 (11) 500 555-0173,
17893,1 (11) 500 555-0173,,
18226,1 (11) 500 555-0173,,
18271,1 (11) 500 555-0173,,
18333,,1 (11) 500 555-0173,
18498,1 (11) 500 555-0173,,
18502,,1 (11) 500 555-0173,
18629,1 (11) 500 555-0173,,
18980,1 (11) 500 555-0173,,
19222,1 (11) 500 555-0173,,
19375,,1 (11) 500 555-0173,
19520,,1 (11) 500 555-0173,
19529,,1 (11) 500 555-0173,
19641,,1 (11) 500 555-0173,
19801,1 (11) 500 555-0173,,
20088,1 (11) 500 555-0173,,
20145,,1 (11) 500 555-0173,
20227,,1 (11) 500 555-0173,
20366,1 (11) 500 555-0173,,
20502,1 (11) 500 555-0173,,
1381,1 (11) 500 555-0174,,
1407,,,1 (11) 500 555-0174
2479,,1 (11) 500 555-0174,
2493,,1 (11) 500 555-0174,
2931,,1 (11) 500 555-0174,
3028,,1 (11) 500 555-0174,
3711,,1 (11) 500 555-0174,
3746,1 (11) 500 555-0174,,
4335,1 (11) 500 555-0174,,
4358,1 (11) 500 555-0174,,
4531,1 (11) 500 555-0174,,
4788,1 (11) 500 555-0174,,
4862,,1 (11) 500 555-0174,
4911,,1 (11) 500 555-0174,
5093,,1 (11) 500 555-0174,
5115,1 (11) 500 555-0174,,
5186,,1 (11) 500 555-0174,
5285,,1 (11) 500 555-0174,
5605,,1 (11) 500 555-0174,
6100,1 (11) 500 555-0174,,
6470,,1 (11) 500 555-0174,
6729,,1 (11) 500 555-0174,
6789,1 (11) 500 555-0174,,
6949,,1 (11) 500 555-0174,
7728,,1 (11) 500 555-0174,
7838,,1 (11) 500 555-0174,
8177,,1 (11) 500 555-0174,
8325,1 (11) 500 555-0174,,
8434,,1 (11) 500 555-0174,
8534,,1 (11) 500 555-0174,
8806,1 (11) 500 555-0174,,
8847,1 (11) 500 555-0174,,
8962,1 (11) 500 555-0174,,
8974,1 (11) 500 555-0174,,
9051,,1 (11) 500 555-0174,
9237,,1 (11) 500 555-0174,
9295,1 (11) 500 555-0174,,
9375,,1 (11) 500 555-0174,
9460,,1 (11) 500 555-0174,
9551,,1 (11) 500 555-0174,
9582,1 (11) 500 555-0174,,
10192,,1 (11) 500 555-0174,
10201,1 (11) 500 555-0174,,
10404,1 (11) 500 555-0174,,
10621,1 (11) 500 555-0174,,
11064,,1 (11) 500 555-0174,
11975,1 (11) 500 555-0174,,
12137,,1 (11) 500 555-0174,
12275,1 (11) 500 555-0174,,
12291,,1 (11) 500 555-0174,
12305,,1 (11) 500 555-0174,
12395,,1 (11) 500 555-0174,
12736,1 (11) 500 555-0174,,
12759,,1 (11) 500 555-0174,
12866,1 (11) 500 555-0174,,
12929,,1 (11) 500 555-0174,
13300,1 (11) 500 555-0174,,
13457,,1 (11) 500 555-0174,
13542,,1 (11) 500 555-0174,
13625,1 (11) 500 555-0174,,
13745,,1 (11) 500 555-0174,
13803,1 (11) 500 555-0174,,
13860,,1 (11) 500 555-0174,
14037,1 (11) 500 555-0174,,
14060,1 (11) 500 555-0174,,
14218,,1 (11) 500 555-0174,
14292,,1 (11) 500 555-0174,
14425,1 (11) 500 555-0174,,
14449,1 (11) 500 555-0174,,
14464,,1 (11) 500 555-0174,
14766,,1 (11) 500 555-0174,
14779,1 (11) 500 555-0174,,
14874,1 (11) 500 555-0174,,
15060,,1 (11) 500 555-0174,
15136,,1 (11) 500 555-0174,
15301,,1 (11) 500 555-0174,
15596,,1 (11) 500 555-0174,
15643,,1 (11) 500 555-0174,
15801,1 (11) 500 555-0174,,
15882,,1 (11) 500 555-0174,
16038,1 (11) 500 555-0174,,
16210,1 (11) 500 555-0174,,
16258,1 (11) 500 555-0174,,
16343,1 (11) 500 555-0174,,
16556,1 (11) 500 555-0174,,
16645,1 (11) 500 555-0174,,
16707,1 (11) 500 555-0174,,
16787,,1 (11) 500 555-0174,
16922,,1 (11) 500 555-0174,
16971,1 (11) 500 555-0174,,
17059,1 (11) 500 555-0174,,
17568,,1 (11) 500 555-0174,
17805,,1 (11) 500 555-0174,
17810,,1 (11) 500 555-0174,
17811,1 (11) 500 555-0174,,
17840,1 (11) 500 555-0174,,
17947,,1 (11) 500 555-0174,
18390,,1 (11) 500 555-0174,
18916,,1 (11) 500 555-0174,
19027,,1 (11) 500 555-0174,
19318,,1 (11) 500 555-0174,
19450,,1 (11) 500 555-0174,
20046,1 (11) 500 555-0174,,
20056,1 (11) 500 555-0174,,
20115,1 (11) 500 555-0174,,
20233,,1 (11) 500 555-0174,
20290,,1 (11) 500 555-0174,
20307,1 (11) 500 555-0174,,
20324,1 (11) 500 555-0174,,
1409,,,1 (11) 500 555-0175
1961,1 (11) 500 555-0175,,
2429,1 (11) 500 555-0175,,
2481,1 (11) 500 555-0175,,
2783,,1 (11) 500 555-0175,
3274,1 (11) 500 555-0175,,
3327,1 (11) 500 555-0175,,
3754,1 (11) 500 555-0175,,
3999,1 (11) 500 555-0175,,
4252,,1 (11) 500 555-0175,
4417,,1 (11) 500 555-0175,
4530,,1 (11) 500 555-0175,
4780,1 (11) 500 555-0175,,
4802,1 (11) 500 555-0175,,
4852,,1 (11) 500 555-0175,
5162,1 (11) 500 555-0175,,
5482,1 (11) 500 555-0175,,
5528,1 (11) 500 555-0175,,
6438,1 (11) 500 555-0175,,
7026,1 (11) 500 555-0175,,
7231,,1 (11) 500 555-0175,
7524,1 (11) 500 555-0175,,
7910,1 (11) 500 555-0175,,
7911,,1 (11) 500 555-0175,
8620,1 (11) 500 555-0175,,
8772,,1 (11) 500 555-0175,
9197,1 (11) 500 555-0175,,
9219,1 (11) 500 555-0175,,
9498,1 (11) 500 555-0175,,
9564,1 (11) 500 555-0175,,
9910,1 (11) 500 555-0175,,
10836,1 (11) 500 555-0175,,
10879,1 (11) 500 555-0175,,
11159,1 (11) 500 555-0175,,
11570,1 (11) 500 555-0175,,
11642,1 (11) 500 555-0175,,
11765,1 (11) 500 555-0175,,
11847,,1 (11) 500 555-0175,
11851,,1 (11) 500 555-0175,
11881,1 (11) 500 555-0175,,
11981,,1 (11) 500 555-0175,
12035,,1 (11) 500 555-0175,
12113,,1 (11) 500 555-0175,
12268,1 (11) 500 555-0175,,
12306,,1 (11) 500 555-0175,
12341,,1 (11) 500 555-0175,
12360,,1 (11) 500 555-0175,
12467,,1 (11) 500 555-0175,
12493,1 (11) 500 555-0175,,
12876,,1 (11) 500 555-0175,
13441,1 (11) 500 555-0175,,
13850,,1 (11) 500 555-0175,
13967,1 (11) 500 555-0175,,
14214,,1 (11) 500 555-0175,
14504,1 (11) 500 555-0175,,
14862,1 (11) 500 555-0175,,
14956,1 (11) 500 555-0175,,
15299,,1 (11) 500 555-0175,
15574,1 (11) 500 555-0175,,
15580,1 (11) 500 555-0175,,
15666,1 (11) 500 555-0175,,
15867,1 (11) 500 555-0175,,
16347,1 (11) 500 555-0175,,
16368,1 (11) 500 555-0175,,
16421,1 (11) 500 555-0175,,
16992,1 (11) 500 555-0175,,
17205,,1 (11) 500 555-0175,
17613,,1 (11) 500 555-0175,
17714,,1 (11) 500 555-0175,
17746,1 (11) 500 555-0175,,
17887,1 (11) 500 555-0175,,
18101,,1 (11) 500 555-0175,
18215,1 (11) 500 555-0175,,
18564,1 (11) 500 555-0175,,
18710,,1 (11) 500 555-0175,
18842,,1 (11) 500 555-0175,
18871,,1 (11) 500 555-0175,
19169,1 (11) 500 555-0175,,
19277,,1 (11) 500 555-0175,
19518,1 (11) 500 555-0175,,
19576,1 (11) 500 555-0175,,
19628,1 (11) 500 555-0175,,
19789,1 (11) 500 555-0175,,
19891,1 (11) 500 555-0175,,
20015,1 (11) 500 555-0175,,
20103,,1 (11) 500 555-0175,
20142,1 (11) 500 555-0175,,
20425,1 (11) 500 555-0175,,
20519,1 (11) 500 555-0175,,
20700,1 (11) 500 555-0175,,
705,,,1 (11) 500 555-0176
855,,,1 (11) 500 555-0176
1325,1 (11) 500 555-0176,,
1471,1 (11) 500 555-0176,,
2404,1 (11) 500 555-0176,,
2442,,1 (11) 500 555-0176,
3111,1 (11) 500 555-0176,,
3187,,1 (11) 500 555-0176,
3240,1 (11) 500 555-0176,,
3361,,1 (11) 500 555-0176,
3435,1 (11) 500 555-0176,,
3543,,1 (11) 500 555-0176,
3869,,1 (11) 500 555-0176,
4082,,1 (11) 500 555-0176,
4526,1 (11) 500 555-0176,,
4757,,1 (11) 500 555-0176,
5014,,1 (11) 500 555-0176,
5372,1 (11) 500 555-0176,,
5787,,1 (11) 500 555-0176,
6046,1 (11) 500 555-0176,,
6489,,1 (11) 500 555-0176,
6819,1 (11) 500 555-0176,,
6927,,1 (11) 500 555-0176,
7037,,1 (11) 500 555-0176,
7063,1 (11) 500 555-0176,,
7327,,1 (11) 500 555-0176,
7694,,1 (11) 500 555-0176,
7855,1 (11) 500 555-0176,,
8243,1 (11) 500 555-0176,,
8258,1 (11) 500 555-0176,,
8392,,1 (11) 500 555-0176,
8450,,1 (11) 500 555-0176,
8989,1 (11) 500 555-0176,,
9014,1 (11) 500 555-0176,,
9170,1 (11) 500 555-0176,,
9173,1 (11) 500 555-0176,,
9485,,1 (11) 500 555-0176,
9682,,1 (11) 500 555-0176,
9846,1 (11) 500 555-0176,,
9883,1 (11) 500 555-0176,,
10266,,1 (11) 500 555-0176,
10288,1 (11) 500 555-0176,,
10561,,1 (11) 500 555-0176,
10617,1 (11) 500 555-0176,,
10691,1 (11) 500 555-0176,,
10914,,1 (11) 500 555-0176,
10935,1 (11) 500 555-0176,,
11348,,1 (11) 500 555-0176,
11372,1 (11) 500 555-0176,,
11600,1 (11) 500 555-0176,,
12027,1 (11) 500 555-0176,,
12185,,1 (11) 500 555-0176,
12598,,1 (11) 500 555-0176,
12809,,1 (11) 500 555-0176,
12828,,1 (11) 500 555-0176,
12842,1 (11) 500 555-0176,,
12895,1 (11) 500 555-0176,,
12904,1 (11) 500 555-0176,,
13077,1 (11) 500 555-0176,,
13467,,1 (11) 500 555-0176,
13495,,1 (11) 500 555-0176,
13609,1 (11) 500 555-0176,,
13833,1 (11) 500 555-0176,,
13905,,1 (11) 500 555-0176,
13932,,1 (11) 500 555-0176,
14247,,1 (11) 500 555-0176,
14473,1 (11) 500 555-0176,,
14623,,1 (11) 500 555-0176,
14765,1 (11) 500 555-0176,,
15112,1 (11) 500 555-0176,,
15167,,1 (11) 500 555-0176,
15306,1 (11) 500 555-0176,,
15351,1 (11) 500 555-0176,,
15409,,1 (11) 500 555-0176,
15755,1 (11) 500 555-0176,,
15989,,1 (11) 500 555-0176,
16035,1 (11) 500 555-0176,,
16291,,1 (11) 500 555-0176,
16660,,1 (11) 500 555-0176,
16711,,1 (11) 500 555-0176,
16805,,1 (11) 500 555-0176,
17187,,1 (11) 500 555-0176,
17208,,1 (11) 500 555-0176,
17218,1 (11) 500 555-0176,,
17462,1 (11) 500 555-0176,,
17997,,1 (11) 500 555-0176,
18058,,1 (11) 500 555-0176,
18374,,1 (11) 500 555-0176,
18800,1 (11) 500 555-0176,,
19088,1 (11) 500 555-0176,,
19123,,1 (11) 500 555-0176,
19233,1 (11) 500 555-0176,,
19466,1 (11) 500 555-0176,,
19490,,1 (11) 500 555-0176,
19605,1 (11) 500 555-0176,,
19719,,1 (11) 500 555-0176,
19828,,1 (11) 500 555-0176,
20434,,1 (11) 500 555-0176,
20571,,1 (11) 500 555-0176,
455,1 (11) 500 555-0177,,
1399,1 (11) 500 555-0177,,
1843,,,1 (11) 500 555-0177
2450,,1 (11) 500 555-0177,
2480,,1 (11) 500 555-0177,
2522,1 (11) 500 555-0177,,
2580,1 (11) 500 555-0177,,
2676,,1 (11) 500 555-0177,
2746,,1 (11) 500 555-0177,
2962,1 (11) 500 555-0177,,
3458,1 (11) 500 555-0177,,
3493,,1 (11) 500 555-0177,
3577,1 (11) 500 555-0177,,
3743,,1 (11) 500 555-0177,
3863,,1 (11) 500 555-0177,
4478,1 (11) 500 555-0177,,
4944,1 (11) 500 555-0177,,
5261,,1 (11) 500 555-0177,
5478,,1 (11) 500 555-0177,
5572,,1 (11) 500 555-0177,
5867,,1 (11) 500 555-0177,
6091,,1 (11) 500 555-0177,
6122,1 (11) 500 555-0177,,
6128,1 (11) 500 555-0177,,
6189,1 (11) 500 555-0177,,
6253,,1 (11) 500 555-0177,
6338,1 (11) 500 555-0177,,
6451,,1 (11) 500 555-0177,
6479,1 (11) 500 555-0177,,
6862,,1 (11) 500 555-0177,
6879,,1 (11) 500 555-0177,
7009,1 (11) 500 555-0177,,
8216,1 (11) 500 555-0177,,
8474,,1 (11) 500 555-0177,
8484,1 (11) 500 555-0177,,
8565,,1 (11) 500 555-0177,
8650,,1 (11) 500 555-0177,
8855,1 (11) 500 555-0177,,
9025,1 (11) 500 555-0177,,
9304,1 (11) 500 555-0177,,
9526,,1 (11) 500 555-0177,
9744,1 (11) 500 555-0177,,
9862,,1 (11) 500 555-0177,
10058,1 (11) 500 555-0177,,
10133,,1 (11) 500 555-0177,
10401,,1 (11) 500 555-0177,
10769,1 (11) 500 555-0177,,
10770,,1 (11) 500 555-0177,
10788,1 (11) 500 555-0177,,
10991,1 (11) 500 555-0177,,
11011,,1 (11) 500 555-0177,
11251,1 (11) 500 555-0177,,
11411,,1 (11) 500 555-0177,
11566,1 (11) 500 555-0177,,
11773,1 (11) 500 555-0177,,
11846,1 (11) 500 555-0177,,
11869,,1 (11) 500 555-0177,
12655,1 (11) 500 555-0177,,
12730,1 (11) 500 555-0177,,
12734,,1 (11) 500 555-0177,
12923,,1 (11) 500 555-0177,
12932,,1 (11) 500 555-0177,
12990,,1 (11) 500 555-0177,
13144,,1 (11) 500 555-0177,
13194,,1 (11) 500 555-0177,
13522,1 (11) 500 555-0177,,
13619,1 (11) 500 555-0177,,
13794,1 (11) 500 555-0177,,
13796,1 (11) 500 555-0177,,
13894,,1 (11) 500 555-0177,
13948,1 (11) 500 555-0177,,
13997,,1 (11) 500 555-0177,
14366,1 (11) 500 555-0177,,
14411,,1 (11) 500 555-0177,
14466,1 (11) 500 555-0177,,
14533,,1 (11) 500 555-0177,
14832,,1 (11) 500 555-0177,
14891,,1 (11) 500 555-0177,
14985,,1 (11) 500 555-0177,
15255,1 (11) 500 555-0177,,
15441,1 (11) 500 555-0177,,
15901,1 (11) 500 555-0177,,
16047,,1 (11) 500 555-0177,
16184,,1 (11) 500 555-0177,
16213,1 (11) 500 555-0177,,
16511,1 (11) 500 555-0177,,
16608,,1 (11) 500 555-0177,
16649,,1 (11) 500 555-0177,
16815,,1 (11) 500 555-0177,
17089,,1 (11) 500 555-0177,
17120,1 (11) 500 555-0177,,
17260,1 (11) 500 555-0177,,
17377,,1 (11) 500 555-0177,
17517,1 (11) 500 555-0177,,
17564,1 (11) 500 555-0177,,
17871,1 (11) 500 555-0177,,
17882,1 (11) 500 555-0177,,
18085,1 (11) 500 555-0177,,
18542,,1 (11) 500 555-0177,
18626,1 (11) 500 555-0177,,
18685,,1 (11) 500 555-0177,
18866,,1 (11) 500 555-0177,
19116,1 (11) 500 555-0177,,
19166,,1 (11) 500 555-0177,
19232,1 (11) 500 555-0177,,
19286,1 (11) 500 555-0177,,
19877,,1 (11) 500 555-0177,
19996,,1 (11) 500 555-0177,
20451,,1 (11) 500 555-0177,
657,,,1 (11) 500 555-0178
769,1 (11) 500 555-0178,,
833,,,1 (11) 500 555-0178
1071,,,1 (11) 500 555-0178
1385,1 (11) 500 555-0178,,
2611,,1 (11) 500 555-0178,
2639,1 (11) 500 555-0178,,
3034,,1 (11) 500 555-0178,
3516,,1 (11) 500 555-0178,
3648,1 (11) 500 555-0178,,
4943,,1 (11) 500 555-0178,
4951,,1 (11) 500 555-0178,
5019,1 (11) 500 555-0178,,
5061,1 (11) 500 555-0178,,
5129,,1 (11) 500 555-0178,
5524,1 (11) 500 555-0178,,
5544,1 (11) 500 555-0178,,
5734,,1 (11) 500 555-0178,
6162,,1 (11) 500 555-0178,
6235,1 (11) 500 555-0178,,
6307,,1 (11) 500 555-0178,
6322,1 (11) 500 555-0178,,
6937,,1 (11) 500 555-0178,
7098,1 (11) 500 555-0178,,
7103,,1 (11) 500 555-0178,
7260,1 (11) 500 555-0178,,
7328,,1 (11) 500 555-0178,
7509,,1 (11) 500 555-0178,
7535,1 (11) 500 555-0178,,
7806,,1 (11) 500 555-0178,
8008,,1 (11) 500 555-0178,
8040,1 (11) 500 555-0178,,
8131,1 (11) 500 555-0178,,
8368,1 (11) 500 555-0178,,
8388,,1 (11) 500 555-0178,
8428,1 (11) 500 555-0178,,
8459,,1 (11) 500 555-0178,
8537,1 (11) 500 555-0178,,
8623,1 (11) 500 555-0178,,
8695,,1 (11) 500 555-0178,
9071,1 (11) 500 555-0178,,
9101,1 (11) 500 555-0178,,
9239,1 (11) 500 555-0178,,
9311,1 (11) 500 555-0178,,
9396,,1 (11) 500 555-0178,
9936,,1 (11) 500 555-0178,
10873,,1 (11) 500 555-0178,
10909,1 (11) 500 555-0178,,
10982,,1 (11) 500 555-0178,
11303,1 (11) 500 555-0178,,
11433,,1 (11) 500 555-0178,
11679,1 (11) 500 555-0178,,
11770,1 (11) 500 555-0178,,
11832,1 (11) 500 555-0178,,
11894,1 (11) 500 555-0178,,
11999,,1 (11) 500 555-0178,
12396,,1 (11) 500 555-0178,
12426,1 (11) 500 555-0178,,
12565,,1 (11) 500 555-0178,
12665,1 (11) 500 555-0178,,
12897,,1 (11) 500 555-0178,
13533,1 (11) 500 555-0178,,
13600,1 (11) 500 555-0178,,
14952,,1 (11) 500 555-0178,
15222,1 (11) 500 555-0178,,
15590,,1 (11) 500 555-0178,
15822,,1 (11) 500 555-0178,
15879,1 (11) 500 555-0178,,
15898,,1 (11) 500 555-0178,
15923,,1 (11) 500 555-0178,
15955,1 (11) 500 555-0178,,
16088,,1 (11) 500 555-0178,
16303,,1 (11) 500 555-0178,
16704,,1 (11) 500 555-0178,
16758,,1 (11) 500 555-0178,
16834,1 (11) 500 555-0178,,
16945,1 (11) 500 555-0178,,
16958,,1 (11) 500 555-0178,
17982,,1 (11) 500 555-0178,
18426,,1 (11) 500 555-0178,
18592,,1 (11) 500 555-0178,
18680,1 (11) 500 555-0178,,
18713,,1 (11) 500 555-0178,
18795,1 (11) 500 555-0178,,
18844,1 (11) 500 555-0178,,
18862,1 (11) 500 555-0178,,
19042,1 (11) 500 555-0178,,
19163,1 (11) 500 555-0178,,
19172,1 (11) 500 555-0178,,
19579,1 (11) 500 555-0178,,
19710,1 (11) 500 555-0178,,
19836,,1 (11) 500 555-0178,
20085,1 (11) 500 555-0178,,
20373,,1 (11) 500 555-0178,
20408,,1 (11) 500 555-0178,
20452,1 (11) 500 555-0178,,
20518,1 (11) 500 555-0178,,
20666,1 (11) 500 555-0178,,
533,1 (11) 500 555-0179,,
1189,1 (11) 500 555-0179,,
1419,,,1 (11) 500 555-0179
1937,1 (11) 500 555-0179,,
2437,1 (11) 500 555-0179,,
2556,1 (11) 500 555-0179,,
2881,1 (11) 500 555-0179,,
3386,,1 (11) 500 555-0179,
3403,1 (11) 500 555-0179,,
3584,1 (11) 500 555-0179,,
4008,1 (11) 500 555-0179,,
4071,,1 (11) 500 555-0179,
4145,,1 (11) 500 555-0179,
4282,,1 (11) 500 555-0179,
4405,,1 (11) 500 555-0179,
4572,1 (11) 500 555-0179,,
4590,,1 (11) 500 555-0179,
4627,1 (11) 500 555-0179,,
4775,1 (11) 500 555-0179,,
5382,,1 (11) 500 555-0179,
5420,,1 (11) 500 555-0179,
5585,1 (11) 500 555-0179,,
5606,,1 (11) 500 555-0179,
5879,,1 (11) 500 555-0179,
6094,,1 (11) 500 555-0179,
6184,,1 (11) 500 555-0179,
6306,1 (11) 500 555-0179,,
6319,,1 (11) 500 555-0179,
6985,1 (11) 500 555-0179,,
8005,1 (11) 500 555-0179,,
8253,1 (11) 500 555-0179,,
8402,,1 (11) 500 555-0179,
8510,,1 (11) 500 555-0179,
8632,,1 (11) 500 555-0179,
8795,,1 (11) 500 555-0179,
8961,1 (11) 500 555-0179,,
9086,1 (11) 500 555-0179,,
9189,,1 (11) 500 555-0179,
9238,,1 (11) 500 555-0179,
9860,,1 (11) 500 555-0179,
10586,,1 (11) 500 555-0179,
10647,1 (11) 500 555-0179,,
10793,1 (11) 500 555-0179,,
10831,,1 (11) 500 555-0179,
10923,,1 (11) 500 555-0179,
10924,1 (11) 500 555-0179,,
10967,1 (11) 500 555-0179,,
11043,1 (11) 500 555-0179,,
11095,1 (11) 500 555-0179,,
11324,,1 (11) 500 555-0179,
12593,,1 (11) 500 555-0179,
12881,,1 (11) 500 555-0179,
13329,1 (11) 500 555-0179,,
13449,1 (11) 500 555-0179,,
13489,1 (11) 500 555-0179,,
13673,,1 (11) 500 555-0179,
13720,1 (11) 500 555-0179,,
13741,1 (11) 500 555-0179,,
14285,,1 (11) 500 555-0179,
14342,,1 (11) 500 555-0179,
14809,1 (11) 500 555-0179,,
14838,1 (11) 500 555-0179,,
14857,1 (11) 500 555-0179,,
14940,,1 (11) 500 555-0179,
14982,,1 (11) 500 555-0179,
14993,,1 (11) 500 555-0179,
15035,1 (11) 500 555-0179,,
15134,,1 (11) 500 555-0179,
15239,1 (11) 500 555-0179,,
15451,,1 (11) 500 555-0179,
16003,1 (11) 500 555-0179,,
16520,,1 (11) 500 555-0179,
16584,,1 (11) 500 555-0179,
16865,1 (11) 500 555-0179,,
16979,1 (11) 500 555-0179,,
17153,1 (11) 500 555-0179,,
17293,,1 (11) 500 555-0179,
17603,1 (11) 500 555-0179,,
17715,1 (11) 500 555-0179,,
17980,,1 (11) 500 555-0179,
18364,,1 (11) 500 555-0179,
18570,,1 (11) 500 555-0179,
18620,,1 (11) 500 555-0179,
18899,,1 (11) 500 555-0179,
18943,,1 (11) 500 555-0179,
19295,,1 (11) 500 555-0179,
19587,1 (11) 500 555-0179,,
19884,1 (11) 500 555-0179,,
19976,1 (11) 500 555-0179,,
20221,1 (11) 500 555-0179,,
20351,,1 (11) 500 555-0179,
675,1 (11) 500 555-0180,,
971,1 (11) 500 555-0180,,
2547,1 (11) 500 555-0180,,
2559,1 (11) 500 555-0180,,
2567,1 (11) 500 555-0180,,
2585,1 (11) 500 555-0180,,
2617,,1 (11) 500 555-0180,
2843,1 (11) 500 555-0180,,
2895,,1 (11) 500 555-0180,
3064,1 (11) 500 555-0180,,
3107,,1 (11) 500 555-0180,
3333,,1 (11) 500 555-0180,
3915,,1 (11) 500 555-0180,
4005,1 (11) 500 555-0180,,
4260,,1 (11) 500 555-0180,
4365,,1 (11) 500 555-0180,
4566,1 (11) 500 555-0180,,
4900,,1 (11) 500 555-0180,
5054,1 (11) 500 555-0180,,
5179,,1 (11) 500 555-0180,
5306,1 (11) 500 555-0180,,
5578,,1 (11) 500 555-0180,
5624,1 (11) 500 555-0180,,
5701,,1 (11) 500 555-0180,
5745,1 (11) 500 555-0180,,
5791,,1 (11) 500 555-0180,
5939,1 (11) 500 555-0180,,
6159,,1 (11) 500 555-0180,
6649,1 (11) 500 555-0180,,
6804,1 (11) 500 555-0180,,
7005,1 (11) 500 555-0180,,
7031,,1 (11) 500 555-0180,
7358,,1 (11) 500 555-0180,
7897,1 (11) 500 555-0180,,
8150,,1 (11) 500 555-0180,
8259,1 (11) 500 555-0180,,
8578,1 (11) 500 555-0180,,
8624,1 (11) 500 555-0180,,
8648,1 (11) 500 555-0180,,
8727,1 (11) 500 555-0180,,
8908,1 (11) 500 555-0180,,
9507,,1 (11) 500 555-0180,
9718,1 (11) 500 555-0180,,
9725,,1 (11) 500 555-0180,
9837,1 (11) 500 555-0180,,
10174,,1 (11) 500 555-0180,
10252,1 (11) 500 555-0180,,
10666,,1 (11) 500 555-0180,
10714,1 (11) 500 555-0180,,
10893,,1 (11) 500 555-0180,
10983,,1 (11) 500 555-0180,
11189,1 (11) 500 555-0180,,
11332,1 (11) 500 555-0180,,
11472,,1 (11) 500 555-0180,
11537,1 (11) 500 555-0180,,
11751,,1 (11) 500 555-0180,
11828,,1 (11) 500 555-0180,
12433,1 (11) 500 555-0180,,
12455,1 (11) 500 555-0180,,
12680,,1 (11) 500 555-0180,
12696,,1 (11) 500 555-0180,
12765,,1 (11) 500 555-0180,
13032,1 (11) 500 555-0180,,
13049,1 (11) 500 555-0180,,
13351,1 (11) 500 555-0180,,
13571,1 (11) 500 555-0180,,
13635,1 (11) 500 555-0180,,
13642,,1 (11) 500 555-0180,
14332,,1 (11) 500 555-0180,
14348,1 (11) 500 555-0180,,
14970,,1 (11) 500 555-0180,
15004,,1 (11) 500 555-0180,
15181,,1 (11) 500 555-0180,
15267,1 (11) 500 555-0180,,
15346,,1 (11) 500 555-0180,
15360,1 (11) 500 555-0180,,
15469,1 (11) 500 555-0180,,
15844,,1 (11) 500 555-0180,
15907,1 (11) 500 555-0180,,
16025,1 (11) 500 555-0180,,
16222,,1 (11) 500 555-0180,
16274,1 (11) 500 555-0180,,
16548,1 (11) 500 555-0180,,
16760,,1 (11) 500 555-0180,
16880,,1 (11) 500 555-0180,
17137,,1 (11) 500 555-0180,
17241,1 (11) 500 555-0180,,
17647,1 (11) 500 555-0180,,
17809,,1 (11) 500 555-0180,
18052,,1 (11) 500 555-0180,
18146,,1 (11) 500 555-0180,
18529,,1 (11) 500 555-0180,
18557,1 (11) 500 555-0180,,
18578,,1 (11) 500 555-0180,
18723,,1 (11) 500 555-0180,
19162,1 (11) 500 555-0180,,
19230,,1 (11) 500 555-0180,
19349,,1 (11) 500 555-0180,
19359,1 (11) 500 555-0180,,
19722,,1 (11) 500 555-0180,
19731,1 (11) 500 555-0180,,
19788,1 (11) 500 555-0180,,
19855,1 (11) 500 555-0180,,
20052,1 (11) 500 555-0180,,
20118,1 (11) 500 555-0180,,
20122,1 (11) 500 555-0180,,
20163,1 (11) 500 555-0180,,
20622,,1 (11) 500 555-0180,
20769,,1 (11) 500 555-0180,
357,1 (11) 500 555-0181,,
687,1 (11) 500 555-0181,,
939,1 (11) 500 555-0181,,
1101,,,1 (11) 500 555-0181
1285,,,1 (11) 500 555-0181
1473,,,1 (11) 500 555-0181
1853,1 (11) 500 555-0181,,
2844,1 (11) 500 555-0181,,
3512,,1 (11) 500 555-0181,
3841,1 (11) 500 555-0181,,
3941,1 (11) 500 555-0181,,
3983,,1 (11) 500 555-0181,
4664,,1 (11) 500 555-0181,
4798,1 (11) 500 555-0181,,
4901,1 (11) 500 555-0181,,
4962,,1 (11) 500 555-0181,
5188,1 (11) 500 555-0181,,
5380,,1 (11) 500 555-0181,
6368,1 (11) 500 555-0181,,
6411,,1 (11) 500 555-0181,
6485,,1 (11) 500 555-0181,
6783,,1 (11) 500 555-0181,
6826,,1 (11) 500 555-0181,
6892,1 (11) 500 555-0181,,
7317,,1 (11) 500 555-0181,
7458,,1 (11) 500 555-0181,
7470,,1 (11) 500 555-0181,
7479,1 (11) 500 555-0181,,
7671,1 (11) 500 555-0181,,
7776,1 (11) 500 555-0181,,
7904,,1 (11) 500 555-0181,
8034,,1 (11) 500 555-0181,
8080,,1 (11) 500 555-0181,
8089,1 (11) 500 555-0181,,
8460,1 (11) 500 555-0181,,
8561,1 (11) 500 555-0181,,
8895,1 (11) 500 555-0181,,
10052,1 (11) 500 555-0181,,
10280,,1 (11) 500 555-0181,
10313,,1 (11) 500 555-0181,
10421,,1 (11) 500 555-0181,
10664,,1 (11) 500 555-0181,
11248,,1 (11) 500 555-0181,
11318,,1 (11) 500 555-0181,
11807,,1 (11) 500 555-0181,
12158,1 (11) 500 555-0181,,
12227,1 (11) 500 555-0181,,
12347,1 (11) 500 555-0181,,
12507,,1 (11) 500 555-0181,
12925,,1 (11) 500 555-0181,
13402,1 (11) 500 555-0181,,
13481,1 (11) 500 555-0181,,
13620,1 (11) 500 555-0181,,
13775,,1 (11) 500 555-0181,
13912,,1 (11) 500 555-0181,
14226,,1 (11) 500 555-0181,
14375,,1 (11) 500 555-0181,
14551,1 (11) 500 555-0181,,
14715,,1 (11) 500 555-0181,
15102,,1 (11) 500 555-0181,
15381,1 (11) 500 555-0181,,
15392,,1 (11) 500 555-0181,
15485,1 (11) 500 555-0181,,
15685,1 (11) 500 555-0181,,
15707,,1 (11) 500 555-0181,
15945,,1 (11) 500 555-0181,
16113,1 (11) 500 555-0181,,
16599,,1 (11) 500 555-0181,
16962,1 (11) 500 555-0181,,
17780,1 (11) 500 555-0181,,
17888,,1 (11) 500 555-0181,
18173,1 (11) 500 555-0181,,
18463,1 (11) 500 555-0181,,
18532,,1 (11) 500 555-0181,
18616,,1 (11) 500 555-0181,
18640,1 (11) 500 555-0181,,
18756,,1 (11) 500 555-0181,
18827,1 (11) 500 555-0181,,
18859,1 (11) 500 555-0181,,
19024,,1 (11) 500 555-0181,
19243,,1 (11) 500 555-0181,
19373,,1 (11) 500 555-0181,
19394,1 (11) 500 555-0181,,
19921,,1 (11) 500 555-0181,
19974,,1 (11) 500 555-0181,
19985,1 (11) 500 555-0181,,
20032,1 (11) 500 555-0181,,
20219,,1 (11) 500 555-0181,
1007,1 (11) 500 555-0182,,
1041,1 (11) 500 555-0182,,
1483,1 (11) 500 555-0182,,
2687,,1 (11) 500 555-0182,
2977,1 (11) 500 555-0182,,
3042,,1 (11) 500 555-0182,
3146,,1 (11) 500 555-0182,
3156,,1 (11) 500 555-0182,
3213,,1 (11) 500 555-0182,
3448,1 (11) 500 555-0182,,
3592,1 (11) 500 555-0182,,
3627,,1 (11) 500 555-0182,
3733,,1 (11) 500 555-0182,
3775,1 (11) 500 555-0182,,
3858,1 (11) 500 555-0182,,
4257,1 (11) 500 555-0182,,
4325,1 (11) 500 555-0182,,
4411,1 (11) 500 555-0182,,
4606,,1 (11) 500 555-0182,
4742,,1 (11) 500 555-0182,
4837,,1 (11) 500 555-0182,
5082,1 (11) 500 555-0182,,
5119,1 (11) 500 555-0182,,
5329,1 (11) 500 555-0182,,
5944,1 (11) 500 555-0182,,
6045,,1 (11) 500 555-0182,
6113,1 (11) 500 555-0182,,
6276,1 (11) 500 555-0182,,
6330,,1 (11) 500 555-0182,
6515,1 (11) 500 555-0182,,
6555,1 (11) 500 555-0182,,
6578,1 (11) 500 555-0182,,
6611,,1 (11) 500 555-0182,
6644,1 (11) 500 555-0182,,
6941,,1 (11) 500 555-0182,
7053,1 (11) 500 555-0182,,
7117,1 (11) 500 555-0182,,
7218,1 (11) 500 555-0182,,
7320,1 (11) 500 555-0182,,
7393,,1 (11) 500 555-0182,
7606,1 (11) 500 555-0182,,
7705,1 (11) 500 555-0182,,
7738,,1 (11) 500 555-0182,
7819,,1 (11) 500 555-0182,
7876,,1 (11) 500 555-0182,
8070,1 (11) 500 555-0182,,
8076,1 (11) 500 555-0182,,
8413,1 (11) 500 555-0182,,
9200,,1 (11) 500 555-0182,
9491,,1 (11) 500 555-0182,
9577,,1 (11) 500 555-0182,
9768,1 (11) 500 555-0182,,
9949,,1 (11) 500 555-0182,
10139,,1 (11) 500 555-0182,
10141,1 (11) 500 555-0182,,
11022,1 (11) 500 555-0182,,
11100,1 (11) 500 555-0182,,
11245,1 (11) 500 555-0182,,
11353,1 (11) 500 555-0182,,
11374,1 (11) 500 555-0182,,
11548,1 (11) 500 555-0182,,
11839,,1 (11) 500 555-0182,
11850,1 (11) 500 555-0182,,
12387,1 (11) 500 555-0182,,
12567,1 (11) 500 555-0182,,
12621,,1 (11) 500 555-0182,
13420,1 (11) 500 555-0182,,
13455,1 (11) 500 555-0182,,
13472,,1 (11) 500 555-0182,
13991,1 (11) 500 555-0182,,
14204,,1 (11) 500 555-0182,
14378,,1 (11) 500 555-0182,
14600,1 (11) 500 555-0182,,
14912,,1 (11) 500 555-0182,
14980,1 (11) 500 555-0182,,
14992,1 (11) 500 555-0182,,
15164,,1 (11) 500 555-0182,
15268,,1 (11) 500 555-0182,
15529,,1 (11) 500 555-0182,
15561,1 (11) 500 555-0182,,
15605,,1 (11) 500 555-0182,
15642,,1 (11) 500 555-0182,
15884,,1 (11) 500 555-0182,
16008,1 (11) 500 555-0182,,
16181,,1 (11) 500 555-0182,
16440,,1 (11) 500 555-0182,
16460,1 (11) 500 555-0182,,
16615,,1 (11) 500 555-0182,
16672,1 (11) 500 555-0182,,
17047,,1 (11) 500 555-0182,
17081,1 (11) 500 555-0182,,
17272,,1 (11) 500 555-0182,
17491,,1 (11) 500 555-0182,
17542,1 (11) 500 555-0182,,
17655,,1 (11) 500 555-0182,
17705,,1 (11) 500 555-0182,
17711,1 (11) 500 555-0182,,
18178,1 (11) 500 555-0182,,
18191,,1 (11) 500 555-0182,
18274,1 (11) 500 555-0182,,
18601,1 (11) 500 555-0182,,
18981,1 (11) 500 555-0182,,
19018,1 (11) 500 555-0182,,
19021,,1 (11) 500 555-0182,
19481,,1 (11) 500 555-0182,
19483,1 (11) 500 555-0182,,
19523,,1 (11) 500 555-0182,
20209,,1 (11) 500 555-0182,
20506,,1 (11) 500 555-0182,
20526,1 (11) 500 555-0182,,
563,,,1 (11) 500 555-0183
1485,,,1 (11) 500 555-0183
2539,,1 (11) 500 555-0183,
2657,,1 (11) 500 555-0183,
2673,,1 (11) 500 555-0183,
2753,,1 (11) 500 555-0183,
2845,,1 (11) 500 555-0183,
3453,,1 (11) 500 555-0183,
3723,1 (11) 500 555-0183,,
3987,1 (11) 500 555-0183,,
4233,,1 (11) 500 555-0183,
4380,,1 (11) 500 555-0183,
4425,1 (11) 500 555-0183,,
4709,,1 (11) 500 555-0183,
4735,,1 (11) 500 555-0183,
4831,,1 (11) 500 555-0183,
4977,,1 (11) 500 555-0183,
5085,,1 (11) 500 555-0183,
5152,1 (11) 500 555-0183,,
5571,,1 (11) 500 555-0183,
5885,1 (11) 500 555-0183,,
6956,,1 (11) 500 555-0183,
7014,,1 (11) 500 555-0183,
7390,,1 (11) 500 555-0183,
7473,1 (11) 500 555-0183,,
7500,,1 (11) 500 555-0183,
7599,1 (11) 500 555-0183,,
7824,1 (11) 500 555-0183,,
8160,1 (11) 500 555-0183,,
8672,,1 (11) 500 555-0183,
9423,1 (11) 500 555-0183,,
9653,1 (11) 500 555-0183,,
9763,1 (11) 500 555-0183,,
9835,1 (11) 500 555-0183,,
10296,,1 (11) 500 555-0183,
10379,1 (11) 500 555-0183,,
10465,,1 (11) 500 555-0183,
10520,,1 (11) 500 555-0183,
10809,,1 (11) 500 555-0183,
10905,1 (11) 500 555-0183,,
11219,,1 (11) 500 555-0183,
11695,,1 (11) 500 555-0183,
11826,1 (11) 500 555-0183,,
12028,1 (11) 500 555-0183,,
12136,,1 (11) 500 555-0183,
12181,,1 (11) 500 555-0183,
12411,1 (11) 500 555-0183,,
12681,,1 (11) 500 555-0183,
12771,,1 (11) 500 555-0183,
12877,1 (11) 500 555-0183,,
13513,1 (11) 500 555-0183,,
13935,1 (11) 500 555-0183,,
13993,,1 (11) 500 555-0183,
14075,,1 (11) 500 555-0183,
14286,,1 (11) 500 555-0183,
14628,1 (11) 500 555-0183,,
14651,1 (11) 500 555-0183,,
14769,1 (11) 500 555-0183,,
14834,,1 (11) 500 555-0183,
15124,,1 (11) 500 555-0183,
15265,1 (11) 500 555-0183,,
15472,1 (11) 500 555-0183,,
15673,1 (11) 500 555-0183,,
15676,,1 (11) 500 555-0183,
15903,1 (11) 500 555-0183,,
16099,1 (11) 500 555-0183,,
16124,1 (11) 500 555-0183,,
16162,1 (11) 500 555-0183,,
16324,1 (11) 500 555-0183,,
16348,,1 (11) 500 555-0183,
16404,1 (11) 500 555-0183,,
16664,,1 (11) 500 555-0183,
17178,,1 (11) 500 555-0183,
17353,1 (11) 500 555-0183,,
17413,1 (11) 500 555-0183,,
17518,,1 (11) 500 555-0183,
18317,1 (11) 500 555-0183,,
18622,1 (11) 500 555-0183,,
18678,1 (11) 500 555-0183,,
18771,1 (11) 500 555-0183,,
19060,,1 (11) 500 555-0183,
19197,1 (11) 500 555-0183,,
19264,1 (11) 500 555-0183,,
19562,1 (11) 500 555-0183,,
20306,1 (11) 500 555-0183,,
20389,,1 (11) 500 555-0183,
20428,1 (11) 500 555-0183,,
531,1 (11) 500 555-0184,,
2384,,1 (11) 500 555-0184,
2690,1 (11) 500 555-0184,,
3029,1 (11) 500 555-0184,,
3091,1 (11) 500 555-0184,,
3217,1 (11) 500 555-0184,,
3218,1 (11) 500 555-0184,,
3371,,1 (11) 500 555-0184,
3501,1 (11) 500 555-0184,,
3604,,1 (11) 500 555-0184,
3699,,1 (11) 500 555-0184,
3795,1 (11) 500 555-0184,,
3897,,1 (11) 500 555-0184,
3924,1 (11) 500 555-0184,,
4451,1 (11) 500 555-0184,,
4771,1 (11) 500 555-0184,,
4789,,1 (11) 500 555-0184,
4858,1 (11) 500 555-0184,,
4979,,1 (11) 500 555-0184,
5114,,1 (11) 500 555-0184,
5190,,1 (11) 500 555-0184,
5403,1 (11) 500 555-0184,,
5415,,1 (11) 500 555-0184,
5511,1 (11) 500 555-0184,,
5526,,1 (11) 500 555-0184,
5592,,1 (11) 500 555-0184,
5778,,1 (11) 500 555-0184,
5790,1 (11) 500 555-0184,,
5919,,1 (11) 500 555-0184,
6229,1 (11) 500 555-0184,,
6313,,1 (11) 500 555-0184,
6502,,1 (11) 500 555-0184,
6614,1 (11) 500 555-0184,,
6728,,1 (11) 500 555-0184,
6845,1 (11) 500 555-0184,,
6886,1 (11) 500 555-0184,,
7255,,1 (11) 500 555-0184,
7276,1 (11) 500 555-0184,,
7979,,1 (11) 500 555-0184,
8109,,1 (11) 500 555-0184,
8405,1 (11) 500 555-0184,,
8637,,1 (11) 500 555-0184,
8919,1 (11) 500 555-0184,,
9070,,1 (11) 500 555-0184,
9092,,1 (11) 500 555-0184,
9317,1 (11) 500 555-0184,,
10019,1 (11) 500 555-0184,,
10078,,1 (11) 500 555-0184,
10091,,1 (11) 500 555-0184,
10210,,1 (11) 500 555-0184,
10471,,1 (11) 500 555-0184,
10808,,1 (11) 500 555-0184,
11269,,1 (11) 500 555-0184,
11291,1 (11) 500 555-0184,,
11721,1 (11) 500 555-0184,,
12168,,1 (11) 500 555-0184,
12194,1 (11) 500 555-0184,,
12398,1 (11) 500 555-0184,,
12451,,1 (11) 500 555-0184,
12464,1 (11) 500 555-0184,,
12495,,1 (11) 500 555-0184,
12669,1 (11) 500 555-0184,,
12939,,1 (11) 500 555-0184,
12947,,1 (11) 500 555-0184,
13079,,1 (11) 500 555-0184,
13204,,1 (11) 500 555-0184,
13505,,1 (11) 500 555-0184,
13784,,1 (11) 500 555-0184,
14270,1 (11) 500 555-0184,,
14409,,1 (11) 500 555-0184,
14513,1 (11) 500 555-0184,,
14544,1 (11) 500 555-0184,,
14617,,1 (11) 500 555-0184,
14638,1 (11) 500 555-0184,,
14727,,1 (11) 500 555-0184,
14742,,1 (11) 500 555-0184,
16115,,1 (11) 500 555-0184,
16287,1 (11) 500 555-0184,,
16624,,1 (11) 500 555-0184,
16781,,1 (11) 500 555-0184,
17630,1 (11) 500 555-0184,,
17656,,1 (11) 500 555-0184,
18465,,1 (11) 500 555-0184,
18531,1 (11) 500 555-0184,,
18539,,1 (11) 500 555-0184,
18684,1 (11) 500 555-0184,,
18715,,1 (11) 500 555-0184,
19671,,1 (11) 500 555-0184,
19858,,1 (11) 500 555-0184,
20216,1 (11) 500 555-0184,,
20289,,1 (11) 500 555-0184,
20480,1 (11) 500 555-0184,,
20544,1 (11) 500 555-0184,,
2403,1 (11) 500 555-0185,,
2605,1 (11) 500 555-0185,,
2618,,1 (11) 500 555-0185,
2874,1 (11) 500 555-0185,,
2953,1 (11) 500 555-0185,,
3027,,1 (11) 500 555-0185,
3044,,1 (11) 500 555-0185,
3322,1 (11) 500 555-0185,,
3559,1 (11) 500 555-0185,,
3698,1 (11) 500 555-0185,,
4374,1 (11) 500 555-0185,,
4878,1 (11) 500 555-0185,,
5272,1 (11) 500 555-0185,,
5358,,1 (11) 500 555-0185,
5451,,1 (11) 500 555-0185,
5537,,1 (11) 500 555-0185,
6217,1 (11) 500 555-0185,,
6344,,1 (11) 500 555-0185,
6439,,1 (11) 500 555-0185,
6456,1 (11) 500 555-0185,,
6922,1 (11) 500 555-0185,,
6934,,1 (11) 500 555-0185,
7399,,1 (11) 500 555-0185,
7689,1 (11) 500 555-0185,,
7786,1 (11) 500 555-0185,,
7974,1 (11) 500 555-0185,,
8074,1 (11) 500 555-0185,,
8339,,1 (11) 500 555-0185,
8395,,1 (11) 500 555-0185,
8669,1 (11) 500 555-0185,,
8728,,1 (11) 500 555-0185,
8844,,1 (11) 500 555-0185,
8979,1 (11) 500 555-0185,,
9006,1 (11) 500 555-0185,,
9210,,1 (11) 500 555-0185,
9486,1 (11) 500 555-0185,,
10033,1 (11) 500 555-0185,,
10360,1 (11) 500 555-0185,,
10544,1 (11) 500 555-0185,,
10932,,1 (11) 500 555-0185,
11316,1 (11) 500 555-0185,,
11325,1 (11) 500 555-0185,,
11423,1 (11) 500 555-0185,,
11462,1 (11) 500 555-0185,,
11517,1 (11) 500 555-0185,,
11856,1 (11) 500 555-0185,,
12484,1 (11) 500 555-0185,,
12525,1 (11) 500 555-0185,,
13084,1 (11) 500 555-0185,,
13550,1 (11) 500 555-0185,,
13923,,1 (11) 500 555-0185,
14017,,1 (11) 500 555-0185,
14166,,1 (11) 500 555-0185,
14305,,1 (11) 500 555-0185,
14371,1 (11) 500 555-0185,,
15076,1 (11) 500 555-0185,,
15163,,1 (11) 500 555-0185,
15262,,1 (11) 500 555-0185,
15295,1 (11) 500 555-0185,,
15359,,1 (11) 500 555-0185,
15615,1 (11) 500 555-0185,,
15616,1 (11) 500 555-0185,,
15653,,1 (11) 500 555-0185,
15661,,1 (11) 500 555-0185,
15890,1 (11) 500 555-0185,,
16465,1 (11) 500 555-0185,,
16497,,1 (11) 500 555-0185,
16625,1 (11) 500 555-0185,,
16686,,1 (11) 500 555-0185,
17005,1 (11) 500 555-0185,,
17085,1 (11) 500 555-0185,,
17693,,1 (11) 500 555-0185,
18084,,1 (11) 500 555-0185,
18503,,1 (11) 500 555-0185,
18743,1 (11) 500 555-0185,,
18816,1 (11) 500 555-0185,,
18826,,1 (11) 500 555-0185,
18983,1 (11) 500 555-0185,,
19016,,1 (11) 500 555-0185,
19216,1 (11) 500 555-0185,,
19411,1 (11) 500 555-0185,,
19645,1 (11) 500 555-0185,,
19741,1 (11) 500 555-0185,,
19896,,1 (11) 500 555-0185,
20530,1 (11) 500 555-0185,,
20712,,1 (11) 500 555-0185,
1197,1 (11) 500 555-0186,,
2499,1 (11) 500 555-0186,,
3050,1 (11) 500 555-0186,,
3481,1 (11) 500 555-0186,,
3544,,1 (11) 500 555-0186,
3664,1 (11) 500 555-0186,,
3885,1 (11) 500 555-0186,,
3963,1 (11) 500 555-0186,,
3969,,1 (11) 500 555-0186,
4287,1 (11) 500 555-0186,,
4461,1 (11) 500 555-0186,,
4892,,1 (11) 500 555-0186,
5003,,1 (11) 500 555-0186,
5221,1 (11) 500 555-0186,,
5231,1 (11) 500 555-0186,,
5243,,1 (11) 500 555-0186,
5437,,1 (11) 500 555-0186,
5813,,1 (11) 500 555-0186,
5852,1 (11) 500 555-0186,,
6001,1 (11) 500 555-0186,,
6142,,1 (11) 500 555-0186,
6156,,1 (11) 500 555-0186,
6221,1 (11) 500 555-0186,,
6700,,1 (11) 500 555-0186,
6768,,1 (11) 500 555-0186,
7059,,1 (11) 500 555-0186,
7131,1 (11) 500 555-0186,,
7171,,1 (11) 500 555-0186,
7336,,1 (11) 500 555-0186,
7607,,1 (11) 500 555-0186,
7740,,1 (11) 500 555-0186,
7905,,1 (11) 500 555-0186,
7969,,1 (11) 500 555-0186,
8036,,1 (11) 500 555-0186,
8265,1 (11) 500 555-0186,,
8508,,1 (11) 500 555-0186,
8786,,1 (11) 500 555-0186,
8801,,1 (11) 500 555-0186,
8918,,1 (11) 500 555-0186,
9190,1 (11) 500 555-0186,,
9353,,1 (11) 500 555-0186,
9688,1 (11) 500 555-0186,,
9764,,1 (11) 500 555-0186,
10278,,1 (11) 500 555-0186,
10439,1 (11) 500 555-0186,,
10450,,1 (11) 500 555-0186,
12189,1 (11) 500 555-0186,,
12240,1 (11) 500 555-0186,,
12767,1 (11) 500 555-0186,,
13142,,1 (11) 500 555-0186,
13282,1 (11) 500 555-0186,,
13414,1 (11) 500 555-0186,,
13702,1 (11) 500 555-0186,,
13847,1 (11) 500 555-0186,,
14041,1 (11) 500 555-0186,,
14124,1 (11) 500 555-0186,,
14416,,1 (11) 500 555-0186,
15975,,1 (11) 500 555-0186,
16051,,1 (11) 500 555-0186,
16337,,1 (11) 500 555-0186,
16437,1 (11) 500 555-0186,,
16565,,1 (11) 500 555-0186,
17015,,1 (11) 500 555-0186,
17043,,1 (11) 500 555-0186,
17265,1 (11) 500 555-0186,,
17307,,1 (11) 500 555-0186,
17345,1 (11) 500 555-0186,,
17415,,1 (11) 500 555-0186,
17501,1 (11) 500 555-0186,,
17694,,1 (11) 500 555-0186,
17962,,1 (11) 500 555-0186,
18149,,1 (11) 500 555-0186,
18573,1 (11) 500 555-0186,,
18656,,1 (11) 500 555-0186,
18665,,1 (11) 500 555-0186,
18698,1 (11) 500 555-0186,,
18939,,1 (11) 500 555-0186,
18940,,1 (11) 500 555-0186,
19139,1 (11) 500 555-0186,,
19153,1 (11) 500 555-0186,,
19365,,1 (11) 500 555-0186,
19536,1 (11) 500 555-0186,,
19540,,1 (11) 500 555-0186,
19668,,1 (11) 500 555-0186,
19696,1 (11) 500 555-0186,,
19909,,1 (11) 500 555-0186,
19912,1 (11) 500 555-0186,,
20106,,1 (11) 500 555-0186,
20131,,1 (11) 500 555-0186,
20720,,1 (11) 500 555-0186,
383,,,1 (11) 500 555-0187
415,1 (11) 500 555-0187,,
1113,,,1 (11) 500 555-0187
1177,,,1 (11) 500 555-0187
2392,1 (11) 500 555-0187,,
2456,,1 (11) 500 555-0187,
2624,1 (11) 500 555-0187,,
2647,,1 (11) 500 555-0187,
3113,,1 (11) 500 555-0187,
3281,,1 (11) 500 555-0187,
3380,1 (11) 500 555-0187,,
3431,,1 (11) 500 555-0187,
3678,1 (11) 500 555-0187,,
4050,1 (11) 500 555-0187,,
4167,1 (11) 500 555-0187,,
4272,1 (11) 500 555-0187,,
4524,,1 (11) 500 555-0187,
4856,1 (11) 500 555-0187,,
5226,,1 (11) 500 555-0187,
5457,,1 (11) 500 555-0187,
5839,,1 (11) 500 555-0187,
5854,1 (11) 500 555-0187,,
6327,,1 (11) 500 555-0187,
6386,,1 (11) 500 555-0187,
6598,1 (11) 500 555-0187,,
6756,1 (11) 500 555-0187,,
6875,,1 (11) 500 555-0187,
6894,,1 (11) 500 555-0187,
6984,,1 (11) 500 555-0187,
6995,1 (11) 500 555-0187,,
7025,1 (11) 500 555-0187,,
7042,1 (11) 500 555-0187,,
7163,,1 (11) 500 555-0187,
7187,,1 (11) 500 555-0187,
7396,1 (11) 500 555-0187,,
7635,1 (11) 500 555-0187,,
7830,1 (11) 500 555-0187,,
7849,1 (11) 500 555-0187,,
8147,1 (11) 500 555-0187,,
8151,1 (11) 500 555-0187,,
8247,,1 (11) 500 555-0187,
8485,,1 (11) 500 555-0187,
8509,1 (11) 500 555-0187,,
8939,1 (11) 500 555-0187,,
9029,1 (11) 500 555-0187,,
9143,1 (11) 500 555-0187,,
9404,,1 (11) 500 555-0187,
9422,1 (11) 500 555-0187,,
9601,,1 (11) 500 555-0187,
9616,,1 (11) 500 555-0187,
9754,1 (11) 500 555-0187,,
10038,1 (11) 500 555-0187,,
10332,,1 (11) 500 555-0187,
10436,,1 (11) 500 555-0187,
10643,1 (11) 500 555-0187,,
10739,,1 (11) 500 555-0187,
10758,1 (11) 500 555-0187,,
11008,,1 (11) 500 555-0187,
11155,,1 (11) 500 555-0187,
11435,,1 (11) 500 555-0187,
11493,1 (11) 500 555-0187,,
11963,1 (11) 500 555-0187,,
12014,1 (11) 500 555-0187,,
12351,1 (11) 500 555-0187,,
12571,1 (11) 500 555-0187,,
12632,,1 (11) 500 555-0187,
12971,1 (11) 500 555-0187,,
13180,,1 (11) 500 555-0187,
13278,,1 (11) 500 555-0187,
13645,,1 (11) 500 555-0187,
13684,1 (11) 500 555-0187,,
14182,,1 (11) 500 555-0187,
14188,1 (11) 500 555-0187,,
14288,1 (11) 500 555-0187,,
14595,1 (11) 500 555-0187,,
14665,,1 (11) 500 555-0187,
14866,1 (11) 500 555-0187,,
15376,1 (11) 500 555-0187,,
15657,,1 (11) 500 555-0187,
15814,1 (11) 500 555-0187,,
16196,1 (11) 500 555-0187,,
16299,1 (11) 500 555-0187,,
16706,1 (11) 500 555-0187,,
17138,1 (11) 500 555-0187,,
17190,,1 (11) 500 555-0187,
17287,1 (11) 500 555-0187,,
17295,,1 (11) 500 555-0187,
17616,1 (11) 500 555-0187,,
17816,1 (11) 500 555-0187,,
17972,1 (11) 500 555-0187,,
18126,,1 (11) 500 555-0187,
18334,1 (11) 500 555-0187,,
18471,1 (11) 500 555-0187,,
18794,1 (11) 500 555-0187,,
19124,1 (11) 500 555-0187,,
19514,,1 (11) 500 555-0187,
19686,1 (11) 500 555-0187,,
19727,1 (11) 500 555-0187,,
2391,,1 (11) 500 555-0188,
2441,1 (11) 500 555-0188,,
2514,1 (11) 500 555-0188,,
2554,1 (11) 500 555-0188,,
2587,,1 (11) 500 555-0188,
2633,1 (11) 500 555-0188,,
2815,1 (11) 500 555-0188,,
2836,1 (11) 500 555-0188,,
2928,1 (11) 500 555-0188,,
2995,1 (11) 500 555-0188,,
3129,1 (11) 500 555-0188,,
3196,,1 (11) 500 555-0188,
3250,1 (11) 500 555-0188,,
3258,1 (11) 500 555-0188,,
3356,,1 (11) 500 555-0188,
3378,,1 (11) 500 555-0188,
3503,1 (11) 500 555-0188,,
3615,1 (11) 500 555-0188,,
4216,1 (11) 500 555-0188,,
4237,,1 (11) 500 555-0188,
4290,,1 (11) 500 555-0188,
4523,1 (11) 500 555-0188,,
4738,1 (11) 500 555-0188,,
4998,,1 (11) 500 555-0188,
5048,1 (11) 500 555-0188,,
5149,,1 (11) 500 555-0188,
5167,,1 (11) 500 555-0188,
5628,1 (11) 500 555-0188,,
5693,1 (11) 500 555-0188,,
6684,1 (11) 500 555-0188,,
6691,1 (11) 500 555-0188,,
6811,1 (11) 500 555-0188,,
7323,1 (11) 500 555-0188,,
7385,1 (11) 500 555-0188,,
7416,,1 (11) 500 555-0188,
7528,1 (11) 500 555-0188,,
7623,1 (11) 500 555-0188,,
7757,,1 (11) 500 555-0188,
7766,,1 (11) 500 555-0188,
8115,1 (11) 500 555-0188,,
8189,,1 (11) 500 555-0188,
8196,,1 (11) 500 555-0188,
8209,,1 (11) 500 555-0188,
8315,,1 (11) 500 555-0188,
8417,,1 (11) 500 555-0188,
8617,,1 (11) 500 555-0188,
8644,,1 (11) 500 555-0188,
8664,,1 (11) 500 555-0188,
8724,1 (11) 500 555-0188,,
8973,1 (11) 500 555-0188,,
9154,,1 (11) 500 555-0188,
9177,,1 (11) 500 555-0188,
9360,1 (11) 500 555-0188,,
10004,,1 (11) 500 555-0188,
10200,,1 (11) 500 555-0188,
10221,1 (11) 500 555-0188,,
10357,1 (11) 500 555-0188,,
10507,,1 (11) 500 555-0188,
10620,,1 (11) 500 555-0188,
10897,1 (11) 500 555-0188,,
11229,1 (11) 500 555-0188,,
11354,1 (11) 500 555-0188,,
11775,,1 (11) 500 555-0188,
11866,1 (11) 500 555-0188,,
12075,,1 (11) 500 555-0188,
12149,1 (11) 500 555-0188,,
12643,1 (11) 500 555-0188,,
12653,1 (11) 500 555-0188,,
13080,1 (11) 500 555-0188,,
13121,,1 (11) 500 555-0188,
13614,1 (11) 500 555-0188,,
14363,1 (11) 500 555-0188,,
14393,,1 (11) 500 555-0188,
14752,1 (11) 500 555-0188,,
14859,1 (11) 500 555-0188,,
15007,,1 (11) 500 555-0188,
15014,,1 (11) 500 555-0188,
15133,1 (11) 500 555-0188,,
15342,,1 (11) 500 555-0188,
15592,1 (11) 500 555-0188,,
15834,1 (11) 500 555-0188,,
16171,,1 (11) 500 555-0188,
16305,,1 (11) 500 555-0188,
16416,,1 (11) 500 555-0188,
16653,,1 (11) 500 555-0188,
16875,1 (11) 500 555-0188,,
17039,,1 (11) 500 555-0188,
17383,,1 (11) 500 555-0188,
17410,,1 (11) 500 555-0188,
17623,1 (11) 500 555-0188,,
18092,,1 (11) 500 555-0188,
18158,,1 (11) 500 555-0188,
18160,,1 (11) 500 555-0188,
18255,1 (11) 500 555-0188,,
18546,,1 (11) 500 555-0188,
18753,1 (11) 500 555-0188,,
18814,1 (11) 500 555-0188,,
19135,,1 (11) 500 555-0188,
19409,,1 (11) 500 555-0188,
19423,,1 (11) 500 555-0188,
19766,1 (11) 500 555-0188,,
20153,1 (11) 500 555-0188,,
20523,1 (11) 500 555-0188,,
20689,,1 (11) 500 555-0188,
1341,,,1 (11) 500 555-0189
1949,1 (11) 500 555-0189,,
2383,1 (11) 500 555-0189,,
2417,1 (11) 500 555-0189,,
2810,,1 (11) 500 555-0189,
2981,,1 (11) 500 555-0189,
2991,1 (11) 500 555-0189,,
3191,1 (11) 500 555-0189,,
3359,1 (11) 500 555-0189,,
3466,1 (11) 500 555-0189,,
3495,,1 (11) 500 555-0189,
3520,1 (11) 500 555-0189,,
3819,,1 (11) 500 555-0189,
3857,1 (11) 500 555-0189,,
3952,1 (11) 500 555-0189,,
3989,1 (11) 500 555-0189,,
4226,,1 (11) 500 555-0189,
4274,1 (11) 500 555-0189,,
5004,1 (11) 500 555-0189,,
5052,1 (11) 500 555-0189,,
5161,1 (11) 500 555-0189,,
5355,1 (11) 500 555-0189,,
5426,1 (11) 500 555-0189,,
5664,1 (11) 500 555-0189,,
5772,,1 (11) 500 555-0189,
5890,,1 (11) 500 555-0189,
6234,,1 (11) 500 555-0189,
6654,1 (11) 500 555-0189,,
6779,1 (11) 500 555-0189,,
6818,1 (11) 500 555-0189,,
6859,,1 (11) 500 555-0189,
6874,,1 (11) 500 555-0189,
7010,1 (11) 500 555-0189,,
7060,1 (11) 500 555-0189,,
7270,1 (11) 500 555-0189,,
7466,,1 (11) 500 555-0189,
7808,1 (11) 500 555-0189,,
8037,,1 (11) 500 555-0189,
8731,1 (11) 500 555-0189,,
8820,1 (11) 500 555-0189,,
9010,1 (11) 500 555-0189,,
9061,,1 (11) 500 555-0189,
9099,,1 (11) 500 555-0189,
9416,1 (11) 500 555-0189,,
9600,1 (11) 500 555-0189,,
9635,1 (11) 500 555-0189,,
10029,1 (11) 500 555-0189,,
10504,1 (11) 500 555-0189,,
10640,,1 (11) 500 555-0189,
10765,1 (11) 500 555-0189,,
10806,1 (11) 500 555-0189,,
10869,1 (11) 500 555-0189,,
11034,1 (11) 500 555-0189,,
11041,,1 (11) 500 555-0189,
11107,1 (11) 500 555-0189,,
11112,,1 (11) 500 555-0189,
11337,,1 (11) 500 555-0189,
11805,,1 (11) 500 555-0189,
11811,1 (11) 500 555-0189,,
11892,,1 (11) 500 555-0189,
12235,,1 (11) 500 555-0189,
12354,1 (11) 500 555-0189,,
12473,1 (11) 500 555-0189,,
12815,,1 (11) 500 555-0189,
13109,,1 (11) 500 555-0189,
13122,,1 (11) 500 555-0189,
13814,1 (11) 500 555-0189,,
14148,,1 (11) 500 555-0189,
14155,,1 (11) 500 555-0189,
14260,,1 (11) 500 555-0189,
14429,1 (11) 500 555-0189,,
14609,,1 (11) 500 555-0189,
14756,,1 (11) 500 555-0189,
15417,,1 (11) 500 555-0189,
15635,,1 (11) 500 555-0189,
15669,1 (11) 500 555-0189,,
15980,1 (11) 500 555-0189,,
16111,1 (11) 500 555-0189,,
16340,1 (11) 500 555-0189,,
16346,1 (11) 500 555-0189,,
16484,1 (11) 500 555-0189,,
16678,,1 (11) 500 555-0189,
16713,1 (11) 500 555-0189,,
16748,,1 (11) 500 555-0189,
17029,,1 (11) 500 555-0189,
17121,1 (11) 500 555-0189,,
17389,,1 (11) 500 555-0189,
17924,1 (11) 500 555-0189,,
17950,1 (11) 500 555-0189,,
18110,,1 (11) 500 555-0189,
18272,1 (11) 500 555-0189,,
18470,1 (11) 500 555-0189,,
19231,1 (11) 500 555-0189,,
19262,1 (11) 500 555-0189,,
19813,1 (11) 500 555-0189,,
19822,1 (11) 500 555-0189,,
20008,,1 (11) 500 555-0189,
20091,,1 (11) 500 555-0189,
20119,,1 (11) 500 555-0189,
20184,,1 (11) 500 555-0189,
20327,,1 (11) 500 555-0189,
20492,1 (11) 500 555-0189,,
20504,,1 (11) 500 555-0189,
20630,1 (11) 500 555-0189,,
286,1 (11) 500 555-0190,,
349,1 (11) 500 555-0190,,
605,,,1 (11) 500 555-0190
2574,,1 (11) 500 555-0190,
3198,1 (11) 500 555-0190,,
3222,,1 (11) 500 555-0190,
3411,,1 (11) 500 555-0190,
3599,1 (11) 500 555-0190,,
3674,1 (11) 500 555-0190,,
4236,1 (11) 500 555-0190,,
4500,,1 (11) 500 555-0190,
4829,1 (11) 500 555-0190,,
4966,,1 (11) 500 555-0190,
5038,,1 (11) 500 555-0190,
5638,1 (11) 500 555-0190,,
6107,,1 (11) 500 555-0190,
6188,1 (11) 500 555-0190,,
6254,,1 (11) 500 555-0190,
6464,,1 (11) 500 555-0190,
6506,1 (11) 500 555-0190,,
6831,1 (11) 500 555-0190,,
7427,1 (11) 500 555-0190,,
7505,,1 (11) 500 555-0190,
7518,,1 (11) 500 555-0190,
7852,,1 (11) 500 555-0190,
7875,1 (11) 500 555-0190,,
8163,,1 (11) 500 555-0190,
8233,1 (11) 500 555-0190,,
8319,1 (11) 500 555-0190,,
8433,,1 (11) 500 555-0190,
8493,,1 (11) 500 555-0190,
8552,1 (11) 500 555-0190,,
8674,,1 (11) 500 555-0190,
9139,,1 (11) 500 555-0190,
9232,1 (11) 500 555-0190,,
9382,,1 (11) 500 555-0190,
9755,,1 (11) 500 555-0190,
9757,1 (11) 500 555-0190,,
9759,1 (11) 500 555-0190,,
9856,,1 (11) 500 555-0190,
10010,,1 (11) 500 555-0190,
10651,1 (11) 500 555-0190,,
11624,,1 (11) 500 555-0190,
12011,,1 (11) 500 555-0190,
12319,1 (11) 500 555-0190,,
12633,1 (11) 500 555-0190,,
12987,1 (11) 500 555-0190,,
13031,1 (11) 500 555-0190,,
13694,,1 (11) 500 555-0190,
14159,1 (11) 500 555-0190,,
14192,1 (11) 500 555-0190,,
14419,1 (11) 500 555-0190,,
14736,1 (11) 500 555-0190,,
14911,1 (11) 500 555-0190,,
15165,,1 (11) 500 555-0190,
15210,1 (11) 500 555-0190,,
15394,,1 (11) 500 555-0190,
15519,1 (11) 500 555-0190,,
15768,1 (11) 500 555-0190,,
15971,,1 (11) 500 555-0190,
16290,,1 (11) 500 555-0190,
16446,1 (11) 500 555-0190,,
16568,1 (11) 500 555-0190,,
16737,1 (11) 500 555-0190,,
16916,,1 (11) 500 555-0190,
17078,,1 (11) 500 555-0190,
17219,1 (11) 500 555-0190,,
18038,,1 (11) 500 555-0190,
18249,1 (11) 500 555-0190,,
18435,1 (11) 500 555-0190,,
18574,,1 (11) 500 555-0190,
18921,,1 (11) 500 555-0190,
19405,1 (11) 500 555-0190,,
19462,,1 (11) 500 555-0190,
19550,,1 (11) 500 555-0190,
20237,,1 (11) 500 555-0190,
20259,1 (11) 500 555-0190,,
20578,1 (11) 500 555-0190,,
20765,1 (11) 500 555-0190,,
645,,,1 (11) 500 555-0191
875,1 (11) 500 555-0191,,
961,1 (11) 500 555-0191,,
1037,,,1 (11) 500 555-0191
2598,1 (11) 500 555-0191,,
2634,1 (11) 500 555-0191,,
2778,,1 (11) 500 555-0191,
3150,1 (11) 500 555-0191,,
3212,,1 (11) 500 555-0191,
3263,,1 (11) 500 555-0191,
3428,,1 (11) 500 555-0191,
3456,,1 (11) 500 555-0191,
3694,1 (11) 500 555-0191,,
3986,1 (11) 500 555-0191,,
4057,1 (11) 500 555-0191,,
4110,,1 (11) 500 555-0191,
4314,,1 (11) 500 555-0191,
4599,,1 (11) 500 555-0191,
4765,,1 (11) 500 555-0191,
5616,,1 (11) 500 555-0191,
5623,1 (11) 500 555-0191,,
5858,,1 (11) 500 555-0191,
5892,1 (11) 500 555-0191,,
5922,,1 (11) 500 555-0191,
6083,,1 (11) 500 555-0191,
6210,1 (11) 500 555-0191,,
6278,1 (11) 500 555-0191,,
6586,,1 (11) 500 555-0191,
6647,1 (11) 500 555-0191,,
7197,1 (11) 500 555-0191,,
7439,,1 (11) 500 555-0191,
7511,1 (11) 500 555-0191,,
7611,,1 (11) 500 555-0191,
7826,,1 (11) 500 555-0191,
7862,,1 (11) 500 555-0191,
8121,1 (11) 500 555-0191,,
8184,,1 (11) 500 555-0191,
8250,1 (11) 500 555-0191,,
8284,1 (11) 500 555-0191,,
8307,1 (11) 500 555-0191,,
8737,,1 (11) 500 555-0191,
8788,1 (11) 500 555-0191,,
8882,1 (11) 500 555-0191,,
9080,1 (11) 500 555-0191,,
9363,1 (11) 500 555-0191,,
9563,1 (11) 500 555-0191,,
9728,,1 (11) 500 555-0191,
9769,1 (11) 500 555-0191,,
9941,1 (11) 500 555-0191,,
10301,1 (11) 500 555-0191,,
10543,,1 (11) 500 555-0191,
10852,,1 (11) 500 555-0191,
11396,1 (11) 500 555-0191,,
11483,,1 (11) 500 555-0191,
11585,1 (11) 500 555-0191,,
11781,1 (11) 500 555-0191,,
11867,,1 (11) 500 555-0191,
12065,,1 (11) 500 555-0191,
12156,,1 (11) 500 555-0191,
12196,,1 (11) 500 555-0191,
12388,1 (11) 500 555-0191,,
12691,,1 (11) 500 555-0191,
13086,,1 (11) 500 555-0191,
13267,,1 (11) 500 555-0191,
13409,,1 (11) 500 555-0191,
13707,1 (11) 500 555-0191,,
13778,1 (11) 500 555-0191,,
13904,1 (11) 500 555-0191,,
13907,,1 (11) 500 555-0191,
14296,1 (11) 500 555-0191,,
14455,,1 (11) 500 555-0191,
14475,1 (11) 500 555-0191,,
14743,,1 (11) 500 555-0191,
15110,,1 (11) 500 555-0191,
15182,1 (11) 500 555-0191,,
15341,1 (11) 500 555-0191,,
15452,1 (11) 500 555-0191,,
15738,,1 (11) 500 555-0191,
16007,,1 (11) 500 555-0191,
16275,,1 (11) 500 555-0191,
16466,1 (11) 500 555-0191,,
16495,,1 (11) 500 555-0191,
16842,,1 (11) 500 555-0191,
16963,1 (11) 500 555-0191,,
17097,1 (11) 500 555-0191,,
17225,,1 (11) 500 555-0191,
17370,,1 (11) 500 555-0191,
17428,,1 (11) 500 555-0191,
17447,1 (11) 500 555-0191,,
17475,,1 (11) 500 555-0191,
17529,1 (11) 500 555-0191,,
17742,1 (11) 500 555-0191,,
18183,,1 (11) 500 555-0191,
18220,1 (11) 500 555-0191,,
18328,,1 (11) 500 555-0191,
18759,1 (11) 500 555-0191,,
18977,,1 (11) 500 555-0191,
18978,1 (11) 500 555-0191,,
19185,1 (11) 500 555-0191,,
19292,,1 (11) 500 555-0191,
19568,1 (11) 500 555-0191,,
19607,,1 (11) 500 555-0191,
19767,1 (11) 500 555-0191,,
19831,,1 (11) 500 555-0191,
20000,1 (11) 500 555-0191,,
20025,,1 (11) 500 555-0191,
20200,,1 (11) 500 555-0191,
20313,,1 (11) 500 555-0191,
20646,,1 (11) 500 555-0191,
2557,1 (11) 500 555-0192,,
2654,,1 (11) 500 555-0192,
3330,1 (11) 500 555-0192,,
3536,,1 (11) 500 555-0192,
3566,,1 (11) 500 555-0192,
4284,1 (11) 500 555-0192,,
4304,1 (11) 500 555-0192,,
4414,,1 (11) 500 555-0192,
4674,1 (11) 500 555-0192,,
4713,1 (11) 500 555-0192,,
4987,,1 (11) 500 555-0192,
5271,,1 (11) 500 555-0192,
5407,1 (11) 500 555-0192,,
5507,1 (11) 500 555-0192,,
5547,,1 (11) 500 555-0192,
5719,,1 (11) 500 555-0192,
6160,1 (11) 500 555-0192,,
6174,1 (11) 500 555-0192,,
6420,1 (11) 500 555-0192,,
6646,1 (11) 500 555-0192,,
6960,,1 (11) 500 555-0192,
6989,,1 (11) 500 555-0192,
7415,1 (11) 500 555-0192,,
7463,1 (11) 500 555-0192,,
7485,,1 (11) 500 555-0192,
8002,1 (11) 500 555-0192,,
8014,,1 (11) 500 555-0192,
8102,1 (11) 500 555-0192,,
8201,1 (11) 500 555-0192,,
8807,,1 (11) 500 555-0192,
8950,1 (11) 500 555-0192,,
9352,,1 (11) 500 555-0192,
9391,1 (11) 500 555-0192,,
9461,1 (11) 500 555-0192,,
9648,1 (11) 500 555-0192,,
9717,1 (11) 500 555-0192,,
9790,,1 (11) 500 555-0192,
9981,,1 (11) 500 555-0192,
10118,1 (11) 500 555-0192,,
10143,1 (11) 500 555-0192,,
10430,,1 (11) 500 555-0192,
10523,1 (11) 500 555-0192,,
10583,,1 (11) 500 555-0192,
10713,1 (11) 500 555-0192,,
10876,1 (11) 500 555-0192,,
10899,1 (11) 500 555-0192,,
10907,1 (11) 500 555-0192,,
11275,,1 (11) 500 555-0192,
12239,,1 (11) 500 555-0192,
12568,,1 (11) 500 555-0192,
12577,1 (11) 500 555-0192,,
12732,1 (11) 500 555-0192,,
13186,1 (11) 500 555-0192,,
13681,,1 (11) 500 555-0192,
14101,1 (11) 500 555-0192,,
14152,,1 (11) 500 555-0192,
14338,1 (11) 500 555-0192,,
14426,,1 (11) 500 555-0192,
14751,1 (11) 500 555-0192,,
14805,,1 (11) 500 555-0192,
14898,1 (11) 500 555-0192,,
15423,,1 (11) 500 555-0192,
15432,1 (11) 500 555-0192,,
16174,,1 (11) 500 555-0192,
16207,,1 (11) 500 555-0192,
16380,1 (11) 500 555-0192,,
16387,,1 (11) 500 555-0192,
16491,,1 (11) 500 555-0192,
16905,,1 (11) 500 555-0192,
16928,1 (11) 500 555-0192,,
17036,,1 (11) 500 555-0192,
17382,,1 (11) 500 555-0192,
17411,,1 (11) 500 555-0192,
18400,,1 (11) 500 555-0192,
18459,1 (11) 500 555-0192,,
18824,,1 (11) 500 555-0192,
19112,1 (11) 500 555-0192,,
19281,,1 (11) 500 555-0192,
19325,,1 (11) 500 555-0192,
19396,,1 (11) 500 555-0192,
19416,,1 (11) 500 555-0192,
19802,1 (11) 500 555-0192,,
19864,1 (11) 500 555-0192,,
20059,,1 (11) 500 555-0192,
20281,1 (11) 500 555-0192,,
809,,,1 (11) 500 555-0193
2533,1 (11) 500 555-0193,,
2536,1 (11) 500 555-0193,,
2572,1 (11) 500 555-0193,,
2619,1 (11) 500 555-0193,,
2648,,1 (11) 500 555-0193,
2669,1 (11) 500 555-0193,,
2927,,1 (11) 500 555-0193,
2957,1 (11) 500 555-0193,,
3073,,1 (11) 500 555-0193,
3089,1 (11) 500 555-0193,,
4021,,1 (11) 500 555-0193,
4129,,1 (11) 500 555-0193,
4273,,1 (11) 500 555-0193,
4352,,1 (11) 500 555-0193,
4874,,1 (11) 500 555-0193,
5432,,1 (11) 500 555-0193,
5545,,1 (11) 500 555-0193,
5882,,1 (11) 500 555-0193,
5935,1 (11) 500 555-0193,,
6288,,1 (11) 500 555-0193,
6427,,1 (11) 500 555-0193,
6821,1 (11) 500 555-0193,,
6915,1 (11) 500 555-0193,,
6916,,1 (11) 500 555-0193,
7695,1 (11) 500 555-0193,,
7726,,1 (11) 500 555-0193,
7733,,1 (11) 500 555-0193,
8530,,1 (11) 500 555-0193,
8726,1 (11) 500 555-0193,,
8828,,1 (11) 500 555-0193,
8864,,1 (11) 500 555-0193,
8930,1 (11) 500 555-0193,,
8995,,1 (11) 500 555-0193,
9019,,1 (11) 500 555-0193,
9186,1 (11) 500 555-0193,,
9243,1 (11) 500 555-0193,,
9274,1 (11) 500 555-0193,,
9282,,1 (11) 500 555-0193,
9459,,1 (11) 500 555-0193,
9627,,1 (11) 500 555-0193,
9874,1 (11) 500 555-0193,,
10178,1 (11) 500 555-0193,,
10196,,1 (11) 500 555-0193,
10495,1 (11) 500 555-0193,,
10498,,1 (11) 500 555-0193,
10794,,1 (11) 500 555-0193,
10844,,1 (11) 500 555-0193,
10979,1 (11) 500 555-0193,,
11501,,1 (11) 500 555-0193,
11527,,1 (11) 500 555-0193,
11615,1 (11) 500 555-0193,,
11704,1 (11) 500 555-0193,,
11769,,1 (11) 500 555-0193,
11792,1 (11) 500 555-0193,,
11898,,1 (11) 500 555-0193,
12237,1 (11) 500 555-0193,,
12595,,1 (11) 500 555-0193,
12667,,1 (11) 500 555-0193,
12690,1 (11) 500 555-0193,,
12753,,1 (11) 500 555-0193,
12791,1 (11) 500 555-0193,,
13023,,1 (11) 500 555-0193,
13629,,1 (11) 500 555-0193,
14001,1 (11) 500 555-0193,,
14669,,1 (11) 500 555-0193,
14826,,1 (11) 500 555-0193,
15160,,1 (11) 500 555-0193,
15347,1 (11) 500 555-0193,,
15734,1 (11) 500 555-0193,,
15958,1 (11) 500 555-0193,,
16117,,1 (11) 500 555-0193,
16125,,1 (11) 500 555-0193,
16149,1 (11) 500 555-0193,,
16328,,1 (11) 500 555-0193,
16536,,1 (11) 500 555-0193,
16574,1 (11) 500 555-0193,,
16602,,1 (11) 500 555-0193,
16654,1 (11) 500 555-0193,,
16796,1 (11) 500 555-0193,,
17049,,1 (11) 500 555-0193,
17180,1 (11) 500 555-0193,,
17282,,1 (11) 500 555-0193,
17547,,1 (11) 500 555-0193,
17801,1 (11) 500 555-0193,,
17835,,1 (11) 500 555-0193,
17862,,1 (11) 500 555-0193,
17974,,1 (11) 500 555-0193,
18063,,1 (11) 500 555-0193,
18425,,1 (11) 500 555-0193,
18718,,1 (11) 500 555-0193,
18970,,1 (11) 500 555-0193,
18971,1 (11) 500 555-0193,,
19002,,1 (11) 500 555-0193,
19057,,1 (11) 500 555-0193,
19066,,1 (11) 500 555-0193,
19170,,1 (11) 500 555-0193,
19322,,1 (11) 500 555-0193,
19632,1 (11) 500 555-0193,,
20203,1 (11) 500 555-0193,,
20449,,1 (11) 500 555-0193,
2504,1 (11) 500 555-0194,,
3036,1 (11) 500 555-0194,,
3311,1 (11) 500 555-0194,,
3325,1 (11) 500 555-0194,,
3535,,1 (11) 500 555-0194,
3793,,1 (11) 500 555-0194,
4032,1 (11) 500 555-0194,,
4543,1 (11) 500 555-0194,,
4712,,1 (11) 500 555-0194,
4922,1 (11) 500 555-0194,,
5425,1 (11) 500 555-0194,,
5484,1 (11) 500 555-0194,,
5874,,1 (11) 500 555-0194,
6119,,1 (11) 500 555-0194,
6214,,1 (11) 500 555-0194,
6412,,1 (11) 500 555-0194,
6426,1 (11) 500 555-0194,,
6747,,1 (11) 500 555-0194,
6852,1 (11) 500 555-0194,,
7069,1 (11) 500 555-0194,,
7696,,1 (11) 500 555-0194,
7837,1 (11) 500 555-0194,,
7998,,1 (11) 500 555-0194,
8067,1 (11) 500 555-0194,,
8619,1 (11) 500 555-0194,,
8651,,1 (11) 500 555-0194,
8671,,1 (11) 500 555-0194,
8743,,1 (11) 500 555-0194,
8860,,1 (11) 500 555-0194,
9109,1 (11) 500 555-0194,,
9124,,1 (11) 500 555-0194,
9462,,1 (11) 500 555-0194,
9641,1 (11) 500 555-0194,,
9668,,1 (11) 500 555-0194,
10061,1 (11) 500 555-0194,,
10499,1 (11) 500 555-0194,,
10577,1 (11) 500 555-0194,,
10695,1 (11) 500 555-0194,,
10867,1 (11) 500 555-0194,,
10885,1 (11) 500 555-0194,,
11084,1 (11) 500 555-0194,,
11560,,1 (11) 500 555-0194,
11819,,1 (11) 500 555-0194,
11904,,1 (11) 500 555-0194,
12077,,1 (11) 500 555-0194,
12147,1 (11) 500 555-0194,,
12203,1 (11) 500 555-0194,,
12334,1 (11) 500 555-0194,,
12977,1 (11) 500 555-0194,,
12993,1 (11) 500 555-0194,,
13065,,1 (11) 500 555-0194,
13097,,1 (11) 500 555-0194,
13269,1 (11) 500 555-0194,,
13753,,1 (11) 500 555-0194,
13806,1 (11) 500 555-0194,,
13977,1 (11) 500 555-0194,,
14095,,1 (11) 500 555-0194,
14168,1 (11) 500 555-0194,,
14299,,1 (11) 500 555-0194,
14372,,1 (11) 500 555-0194,
14446,1 (11) 500 555-0194,,
14577,,1 (11) 500 555-0194,
14696,1 (11) 500 555-0194,,
14933,,1 (11) 500 555-0194,
15062,1 (11) 500 555-0194,,
15259,1 (11) 500 555-0194,,
15275,1 (11) 500 555-0194,,
15515,1 (11) 500 555-0194,,
15525,,1 (11) 500 555-0194,
16057,1 (11) 500 555-0194,,
16233,1 (11) 500 555-0194,,
16278,,1 (11) 500 555-0194,
16353,1 (11) 500 555-0194,,
16516,1 (11) 500 555-0194,,
16946,,1 (11) 500 555-0194,
17376,1 (11) 500 555-0194,,
17499,1 (11) 500 555-0194,,
17586,,1 (11) 500 555-0194,
18090,,1 (11) 500 555-0194,
18109,,1 (11) 500 555-0194,
18354,,1 (11) 500 555-0194,
18449,,1 (11) 500 555-0194,
18829,,1 (11) 500 555-0194,
18950,1 (11) 500 555-0194,,
18952,1 (11) 500 555-0194,,
19146,1 (11) 500 555-0194,,
19221,,1 (11) 500 555-0194,
19247,1 (11) 500 555-0194,,
19473,1 (11) 500 555-0194,,
19600,,1 (11) 500 555-0194,
19694,,1 (11) 500 555-0194,
19952,,1 (11) 500 555-0194,
20081,1 (11) 500 555-0194,,
20388,,1 (11) 500 555-0194,
20461,1 (11) 500 555-0194,,
20722,1 (11) 500 555-0194,,
20749,,1 (11) 500 555-0194,
1439,,,1 (11) 500 555-0195
1983,,,1 (11) 500 555-0195
2521,,1 (11) 500 555-0195,
2545,1 (11) 500 555-0195,,
2742,,1 (11) 500 555-0195,
3162,,1 (11) 500 555-0195,
3284,1 (11) 500 555-0195,,
3303,,1 (11) 500 555-0195,
4083,,1 (11) 500 555-0195,
4116,1 (11) 500 555-0195,,
4227,,1 (11) 500 555-0195,
4364,,1 (11) 500 555-0195,
4703,,1 (11) 500 555-0195,
4714,1 (11) 500 555-0195,,
4754,,1 (11) 500 555-0195,
4836,,1 (11) 500 555-0195,
4984,,1 (11) 500 555-0195,
5667,1 (11) 500 555-0195,,
6791,1 (11) 500 555-0195,,
7185,1 (11) 500 555-0195,,
7809,,1 (11) 500 555-0195,
8016,1 (11) 500 555-0195,,
8136,,1 (11) 500 555-0195,
8482,1 (11) 500 555-0195,,
8744,1 (11) 500 555-0195,,
8758,,1 (11) 500 555-0195,
8866,,1 (11) 500 555-0195,
8893,,1 (11) 500 555-0195,
9003,,1 (11) 500 555-0195,
9043,,1 (11) 500 555-0195,
9252,,1 (11) 500 555-0195,
9262,1 (11) 500 555-0195,,
9266,,1 (11) 500 555-0195,
9746,1 (11) 500 555-0195,,
9865,,1 (11) 500 555-0195,
10041,,1 (11) 500 555-0195,
10358,1 (11) 500 555-0195,,
10457,1 (11) 500 555-0195,,
10720,1 (11) 500 555-0195,,
10975,,1 (11) 500 555-0195,
11021,1 (11) 500 555-0195,,
11459,,1 (11) 500 555-0195,
11932,,1 (11) 500 555-0195,
11976,1 (11) 500 555-0195,,
12184,1 (11) 500 555-0195,,
12217,,1 (11) 500 555-0195,
12401,,1 (11) 500 555-0195,
12424,,1 (11) 500 555-0195,
12750,1 (11) 500 555-0195,,
13288,,1 (11) 500 555-0195,
13442,,1 (11) 500 555-0195,
13917,,1 (11) 500 555-0195,
14633,,1 (11) 500 555-0195,
14856,1 (11) 500 555-0195,,
14895,1 (11) 500 555-0195,,
15175,1 (11) 500 555-0195,,
15207,1 (11) 500 555-0195,,
15445,1 (11) 500 555-0195,,
15509,1 (11) 500 555-0195,,
15869,1 (11) 500 555-0195,,
16063,,1 (11) 500 555-0195,
16471,1 (11) 500 555-0195,,
16476,,1 (11) 500 555-0195,
16488,1 (11) 500 555-0195,,
16572,1 (11) 500 555-0195,,
16731,1 (11) 500 555-0195,,
17080,1 (11) 500 555-0195,,
17489,,1 (11) 500 555-0195,
17800,1 (11) 500 555-0195,,
17814,1 (11) 500 555-0195,,
17994,1 (11) 500 555-0195,,
18008,,1 (11) 500 555-0195,
18029,,1 (11) 500 555-0195,
18176,1 (11) 500 555-0195,,
18235,1 (11) 500 555-0195,,
18289,,1 (11) 500 555-0195,
18522,,1 (11) 500 555-0195,
18735,,1 (11) 500 555-0195,
18883,,1 (11) 500 555-0195,
19103,1 (11) 500 555-0195,,
20139,,1 (11) 500 555-0195,
20235,1 (11) 500 555-0195,,
20617,,1 (11) 500 555-0195,
1369,1 (11) 500 555-0196,,
2395,,1 (11) 500 555-0196,
2426,,1 (11) 500 555-0196,
2569,,1 (11) 500 555-0196,
2578,1 (11) 500 555-0196,,
2697,,1 (11) 500 555-0196,
3131,,1 (11) 500 555-0196,
3957,1 (11) 500 555-0196,,
4013,1 (11) 500 555-0196,,
4123,1 (11) 500 555-0196,,
4841,,1 (11) 500 555-0196,
5631,1 (11) 500 555-0196,,
6222,1 (11) 500 555-0196,,
6422,,1 (11) 500 555-0196,
6583,1 (11) 500 555-0196,,
6752,1 (11) 500 555-0196,,
6759,1 (11) 500 555-0196,,
7085,,1 (11) 500 555-0196,
7437,1 (11) 500 555-0196,,
7732,1 (11) 500 555-0196,,
7960,1 (11) 500 555-0196,,
8112,1 (11) 500 555-0196,,
8498,,1 (11) 500 555-0196,
8747,1 (11) 500 555-0196,,
8883,1 (11) 500 555-0196,,
9040,,1 (11) 500 555-0196,
9128,,1 (11) 500 555-0196,
9208,1 (11) 500 555-0196,,
9305,1 (11) 500 555-0196,,
9381,,1 (11) 500 555-0196,
9927,1 (11) 500 555-0196,,
10331,1 (11) 500 555-0196,,
10338,,1 (11) 500 555-0196,
10686,,1 (11) 500 555-0196,
10750,,1 (11) 500 555-0196,
10882,,1 (11) 500 555-0196,
10896,,1 (11) 500 555-0196,
11376,,1 (11) 500 555-0196,
11436,,1 (11) 500 555-0196,
11491,,1 (11) 500 555-0196,
11651,,1 (11) 500 555-0196,
11928,1 (11) 500 555-0196,,
12271,1 (11) 500 555-0196,,
12444,,1 (11) 500 555-0196,
12513,1 (11) 500 555-0196,,
12742,,1 (11) 500 555-0196,
12908,1 (11) 500 555-0196,,
12997,1 (11) 500 555-0196,,
13293,1 (11) 500 555-0196,,
13464,,1 (11) 500 555-0196,
13477,1 (11) 500 555-0196,,
13666,1 (11) 500 555-0196,,
13738,1 (11) 500 555-0196,,
13747,1 (11) 500 555-0196,,
13934,1 (11) 500 555-0196,,
14191,,1 (11) 500 555-0196,
14390,1 (11) 500 555-0196,,
14610,1 (11) 500 555-0196,,
14632,,1 (11) 500 555-0196,
15105,,1 (11) 500 555-0196,
15161,,1 (11) 500 555-0196,
15380,1 (11) 500 555-0196,,
15395,,1 (11) 500 555-0196,
15425,,1 (11) 500 555-0196,
15494,1 (11) 500 555-0196,,
15600,1 (11) 500 555-0196,,
15833,,1 (11) 500 555-0196,
16501,1 (11) 500 555-0196,,
16938,1 (11) 500 555-0196,,
17007,1 (11) 500 555-0196,,
17176,,1 (11) 500 555-0196,
17275,1 (11) 500 555-0196,,
17375,,1 (11) 500 555-0196,
17633,,1 (11) 500 555-0196,
17737,1 (11) 500 555-0196,,
17767,,1 (11) 500 555-0196,
17788,1 (11) 500 555-0196,,
17921,,1 (11) 500 555-0196,
18065,,1 (11) 500 555-0196,
18579,1 (11) 500 555-0196,,
18875,,1 (11) 500 555-0196,
19068,1 (11) 500 555-0196,,
19082,1 (11) 500 555-0196,,
19335,,1 (11) 500 555-0196,
19432,,1 (11) 500 555-0196,
19552,,1 (11) 500 555-0196,
19564,1 (11) 500 555-0196,,
20138,1 (11) 500 555-0196,,
20714,,1 (11) 500 555-0196,
807,1 (11) 500 555-0197,,
1057,1 (11) 500 555-0197,,
2400,1 (11) 500 555-0197,,
3289,1 (11) 500 555-0197,,
3618,,1 (11) 500 555-0197,
3820,,1 (11) 500 555-0197,
3831,1 (11) 500 555-0197,,
4513,1 (11) 500 555-0197,,
4692,,1 (11) 500 555-0197,
4730,1 (11) 500 555-0197,,
5125,,1 (11) 500 555-0197,
5337,,1 (11) 500 555-0197,
5759,,1 (11) 500 555-0197,
5993,,1 (11) 500 555-0197,
6381,,1 (11) 500 555-0197,
7995,1 (11) 500 555-0197,,
8026,,1 (11) 500 555-0197,
8296,1 (11) 500 555-0197,,
8384,1 (11) 500 555-0197,,
8880,,1 (11) 500 555-0197,
8915,,1 (11) 500 555-0197,
8927,,1 (11) 500 555-0197,
9182,1 (11) 500 555-0197,,
9476,,1 (11) 500 555-0197,
9945,1 (11) 500 555-0197,,
9982,,1 (11) 500 555-0197,
10286,,1 (11) 500 555-0197,
10705,,1 (11) 500 555-0197,
10752,1 (11) 500 555-0197,,
10920,,1 (11) 500 555-0197,
11058,1 (11) 500 555-0197,,
11083,1 (11) 500 555-0197,,
11212,1 (11) 500 555-0197,,
11296,1 (11) 500 555-0197,,
11428,,1 (11) 500 555-0197,
11497,1 (11) 500 555-0197,,
11714,,1 (11) 500 555-0197,
11760,,1 (11) 500 555-0197,
11949,,1 (11) 500 555-0197,
11989,,1 (11) 500 555-0197,
12720,,1 (11) 500 555-0197,
12858,1 (11) 500 555-0197,,
13206,1 (11) 500 555-0197,,
13238,1 (11) 500 555-0197,,
13568,,1 (11) 500 555-0197,
13621,,1 (11) 500 555-0197,
14531,,1 (11) 500 555-0197,
14944,,1 (11) 500 555-0197,
15082,,1 (11) 500 555-0197,
15117,1 (11) 500 555-0197,,
15203,1 (11) 500 555-0197,,
15688,1 (11) 500 555-0197,,
15886,1 (11) 500 555-0197,,
15930,,1 (11) 500 555-0197,
16109,1 (11) 500 555-0197,,
16241,,1 (11) 500 555-0197,
16332,1 (11) 500 555-0197,,
16461,,1 (11) 500 555-0197,
16609,1 (11) 500 555-0197,,
17283,1 (11) 500 555-0197,,
17365,,1 (11) 500 555-0197,
17724,,1 (11) 500 555-0197,
17778,1 (11) 500 555-0197,,
17987,1 (11) 500 555-0197,,
17998,,1 (11) 500 555-0197,
18002,1 (11) 500 555-0197,,
18378,,1 (11) 500 555-0197,
18645,1 (11) 500 555-0197,,
18856,1 (11) 500 555-0197,,
18868,1 (11) 500 555-0197,,
18873,1 (11) 500 555-0197,,
18941,,1 (11) 500 555-0197,
19051,1 (11) 500 555-0197,,
19229,1 (11) 500 555-0197,,
19336,,1 (11) 500 555-0197,
19588,1 (11) 500 555-0197,,
19680,1 (11) 500 555-0197,,
19736,1 (11) 500 555-0197,,
19829,,1 (11) 500 555-0197,
20114,,1 (11) 500 555-0197,
20188,1 (11) 500 555-0197,,
20283,,1 (11) 500 555-0197,
20447,1 (11) 500 555-0197,,
20485,1 (11) 500 555-0197,,
20707,,1 (11) 500 555-0197,
313,1 (11) 500 555-0198,,
941,1 (11) 500 555-0198,,
2396,,1 (11) 500 555-0198,
2434,,1 (11) 500 555-0198,
2832,,1 (11) 500 555-0198,
2894,1 (11) 500 555-0198,,
2990,,1 (11) 500 555-0198,
3691,1 (11) 500 555-0198,,
4036,1 (11) 500 555-0198,,
4198,1 (11) 500 555-0198,,
4340,1 (11) 500 555-0198,,
4678,,1 (11) 500 555-0198,
4776,,1 (11) 500 555-0198,
5144,,1 (11) 500 555-0198,
5729,,1 (11) 500 555-0198,
6297,,1 (11) 500 555-0198,
6513,1 (11) 500 555-0198,,
6563,1 (11) 500 555-0198,,
6626,,1 (11) 500 555-0198,
6702,,1 (11) 500 555-0198,
6942,1 (11) 500 555-0198,,
7128,,1 (11) 500 555-0198,
7309,1 (11) 500 555-0198,,
7815,,1 (11) 500 555-0198,
8142,1 (11) 500 555-0198,,
8176,,1 (11) 500 555-0198,
8563,1 (11) 500 555-0198,,
8572,1 (11) 500 555-0198,,
8840,1 (11) 500 555-0198,,
8982,1 (11) 500 555-0198,,
9171,1 (11) 500 555-0198,,
9560,,1 (11) 500 555-0198,
9715,,1 (11) 500 555-0198,
9799,,1 (11) 500 555-0198,
10017,,1 (11) 500 555-0198,
10661,1 (11) 500 555-0198,,
10817,,1 (11) 500 555-0198,
10906,,1 (11) 500 555-0198,
11308,1 (11) 500 555-0198,,
11554,,1 (11) 500 555-0198,
11715,1 (11) 500 555-0198,,
11788,,1 (11) 500 555-0198,
12675,1 (11) 500 555-0198,,
12685,1 (11) 500 555-0198,,
12707,,1 (11) 500 555-0198,
12768,,1 (11) 500 555-0198,
12889,1 (11) 500 555-0198,,
13138,,1 (11) 500 555-0198,
13501,,1 (11) 500 555-0198,
13712,,1 (11) 500 555-0198,
13835,,1 (11) 500 555-0198,
14079,,1 (11) 500 555-0198,
14235,,1 (11) 500 555-0198,
14599,,1 (11) 500 555-0198,
15744,,1 (11) 500 555-0198,
16309,,1 (11) 500 555-0198,
16382,1 (11) 500 555-0198,,
16423,1 (11) 500 555-0198,,
16741,1 (11) 500 555-0198,,
16759,,1 (11) 500 555-0198,
16839,1 (11) 500 555-0198,,
17394,,1 (11) 500 555-0198,
17666,1 (11) 500 555-0198,,
18133,,1 (11) 500 555-0198,
18282,1 (11) 500 555-0198,,
18296,1 (11) 500 555-0198,,
19001,,1 (11) 500 555-0198,
19022,1 (11) 500 555-0198,,
19190,,1 (11) 500 555-0198,
19237,1 (11) 500 555-0198,,
19249,,1 (11) 500 555-0198,
19755,1 (11) 500 555-0198,,
19860,,1 (11) 500 555-0198,
19935,,1 (11) 500 555-0198,
20170,1 (11) 500 555-0198,,
20215,1 (11) 500 555-0198,,
20653,1 (11) 500 555-0198,,
20705,,1 (11) 500 555-0198,
589,1 (11) 500 555-0199,,
1249,,,1 (11) 500 555-0199
1831,,,1 (11) 500 555-0199
2642,,1 (11) 500 555-0199,
2674,1 (11) 500 555-0199,,
3654,1 (11) 500 555-0199,,
3806,1 (11) 500 555-0199,,
3832,1 (11) 500 555-0199,,
5566,,1 (11) 500 555-0199,
5997,1 (11) 500 555-0199,,
6011,1 (11) 500 555-0199,,
6363,,1 (11) 500 555-0199,
6596,,1 (11) 500 555-0199,
6731,,1 (11) 500 555-0199,
6824,,1 (11) 500 555-0199,
7020,,1 (11) 500 555-0199,
7189,1 (11) 500 555-0199,,
7582,,1 (11) 500 555-0199,
7925,,1 (11) 500 555-0199,
8374,,1 (11) 500 555-0199,
8757,1 (11) 500 555-0199,,
8793,1 (11) 500 555-0199,,
9096,1 (11) 500 555-0199,,
9227,1 (11) 500 555-0199,,
9800,,1 (11) 500 555-0199,
10013,,1 (11) 500 555-0199,
10204,1 (11) 500 555-0199,,
10579,,1 (11) 500 555-0199,
10614,,1 (11) 500 555-0199,
11213,,1 (11) 500 555-0199,
11375,,1 (11) 500 555-0199,
11445,1 (11) 500 555-0199,,
11469,,1 (11) 500 555-0199,
11964,,1 (11) 500 555-0199,
12315,1 (11) 500 555-0199,,
12487,1 (11) 500 555-0199,,
12967,,1 (11) 500 555-0199,
13211,,1 (11) 500 555-0199,
13407,1 (11) 500 555-0199,,
13440,,1 (11) 500 555-0199,
13504,1 (11) 500 555-0199,,
14364,,1 (11) 500 555-0199,
14603,1 (11) 500 555-0199,,
14815,1 (11) 500 555-0199,,
15120,1 (11) 500 555-0199,,
15191,,1 (11) 500 555-0199,
15552,1 (11) 500 555-0199,,
15957,1 (11) 500 555-0199,,
16044,1 (11) 500 555-0199,,
16529,1 (11) 500 555-0199,,
16550,,1 (11) 500 555-0199,
16633,,1 (11) 500 555-0199,
16950,1 (11) 500 555-0199,,
17366,1 (11) 500 555-0199,,
17391,,1 (11) 500 555-0199,
17396,,1 (11) 500 555-0199,
17403,,1 (11) 500 555-0199,
18042,,1 (11) 500 555-0199,
18105,,1 (11) 500 555-0199,
18780,,1 (11) 500 555-0199,
19145,,1 (11) 500 555-0199,
19191,1 (11) 500 555-0199,,
19340,1 (11) 500 555-0199,,
19594,,1 (11) 500 555-0199,
19624,,1 (11) 500 555-0199,
19625,1 (11) 500 555-0199,,
20173,1 (11) 500 555-0199,,
20424,,1 (11) 500 555-0199,
20498,1 (11) 500 555-0199,,
20500,1 (11) 500 555-0199,,
20585,1 (11) 500 555-0199,,
20690,,1 (11) 500 555-0199,
20764,1 (11) 500 555-0199,,
10089,100-555-0115,,
5075,,100-555-0124,
15233,,100-555-0137,
10348,,100-555-0138,
13035,,100-555-0146,
8661,100-555-0151,,
5910,100-555-0155,,
9720,100-555-0170,,
118,,,100-555-0174
12343,,100-555-0191,
12793,,100-555-0197,
2270,101-555-0100,,
6793,,101-555-0110,
5849,101-555-0111,,
4758,,101-555-0113,
18596,101-555-0119,,
4917,101-555-0122,,
7410,,101-555-0122,
20491,,101-555-0128,
3787,101-555-0134,,
20169,101-555-0135,,
20535,101-555-0135,,
19629,101-555-0143,,
13611,101-555-0146,,
15728,101-555-0159,,
19667,,101-555-0161,
3681,101-555-0173,,
12893,,101-555-0173,
3375,,101-555-0190,
2325,,,102-555-0100
17148,102-555-0110,,
15172,,102-555-0117,
6643,,102-555-0122,
17658,102-555-0125,,
14881,102-555-0126,,
5324,102-555-0131,,
9637,102-555-0139,,
15850,102-555-0145,,
18266,,102-555-0150,
19297,102-555-0150,,
4660,,102-555-0169,
18992,,102-555-0173,
5737,,102-555-0176,
8128,102-555-0196,,
5685,,103-555-0134,
15604,103-555-0142,,
1155,,,103-555-0151
9004,,103-555-0162,
1955,103-555-0179,,
9972,,103-555-0195,
1605,104-555-0100,,
16846,,104-555-0111,
16102,,104-555-0115,
20420,104-555-0122,,
20606,,104-555-0123,
19771,104-555-0136,,
10131,104-555-0152,,
2899,,104-555-0162,
15404,104-555-0193,,
3151,,105-555-0170,
12139,,106-555-0111,
6216,106-555-0116,,
5304,,106-555-0117,
137,,,106-555-0120
16053,,106-555-0128,
11747,,106-555-0160,
16998,,106-555-0168,
4521,,106-555-0177,
7957,106-555-0198,,
2573,107-555-0110,,
6792,,107-555-0115,
1047,,,107-555-0117
1269,,,107-555-0132
305,107-555-0138,,
15285,,107-555-0140,
18412,107-555-0149,,
20558,,107-555-0156,
6448,107-555-0161,,
15512,,107-555-0161,
4768,107-555-0166,,
11719,107-555-0171,,
5767,,107-555-0173,
12838,,107-555-0181,
3465,107-555-0187,,
13013,107-555-0193,,
17907,107-555-0195,,
17570,108-555-0111,,
11739,108-555-0114,,
19457,,108-555-0122,
5924,108-555-0126,,
9654,,108-555-0165,
1247,,,108-555-0171
8740,108-555-0180,,
10657,,108-555-0196,
1719,109-555-0100,,
2179,,,109-555-0100
17117,109-555-0113,,
5576,,109-555-0114,
20225,,109-555-0114,
16885,,109-555-0120,
4056,109-555-0143,,
10315,109-555-0158,,
11453,109-555-0165,,
16912,,109-555-0183,
8814,,109-555-0190,
2076,,,110-555-0100
2151,,,110-555-0100
5828,,110-555-0111,
227,110-555-0112,,
12726,,110-555-0112,
159,,,110-555-0115
6669,,110-555-0116,
16473,,110-555-0117,
9325,110-555-0118,,
7542,110-555-0119,,
15760,,110-555-0123,
14078,110-555-0129,,
18909,,110-555-0134,
13043,,110-555-0136,
16793,110-555-0142,,
14385,,110-555-0149,
19892,,110-555-0150,
3912,,110-555-0153,
14130,110-555-0161,,
11519,110-555-0167,,
5373,,110-555-0172,
2703,,110-555-0176,
16307,110-555-0177,,
201,110-555-0182,,
14564,,110-555-0185,
13218,,110-555-0188,
1720,111-555-0100,,
10356,,111-555-0111,
8473,111-555-0116,,
9367,111-555-0118,,
2532,,111-555-0122,
9520,,111-555-0123,
11151,,111-555-0123,
3116,111-555-0141,,
5281,111-555-0166,,
13805,,111-555-0166,
19906,111-555-0166,,
5081,111-555-0167,,
13534,111-555-0167,,
15650,111-555-0168,,
14803,111-555-0171,,
13342,,111-555-0173,
17266,111-555-0176,,
9561,,111-555-0177,
13661,,111-555-0181,
7624,111-555-0183,,
9614,,111-555-0190,
10026,,111-555-0192,
5392,,111-555-0199,
4305,112-555-0110,,
16219,,112-555-0112,
14007,,112-555-0116,
5739,112-555-0119,,
14914,,112-555-0119,
7680,,112-555-0124,
6695,112-555-0135,,
15257,,112-555-0136,
9885,112-555-0140,,
5583,,112-555-0143,
4394,,112-555-0152,
10874,,112-555-0152,
14212,,112-555-0153,
7507,,112-555-0156,
10820,112-555-0159,,
1825,,,112-555-0160
4904,,112-555-0161,
11916,112-555-0164,,
14724,112-555-0171,,
9074,112-555-0173,,
16858,,112-555-0174,
1977,,,112-555-0176
14996,,112-555-0176,
17175,,112-555-0181,
11105,,112-555-0188,
12462,112-555-0188,,
621,,,112-555-0191
1211,,,112-555-0195
20636,,112-555-0196,
5089,,112-555-0197,
1677,,,113-555-0100
1728,113-555-0100,,
2072,,,113-555-0100
2157,,,113-555-0100
2323,,,113-555-0100
10890,,113-555-0110,
19348,113-555-0111,,
20495,113-555-0113,,
6550,,113-555-0122,
3670,,113-555-0126,
7649,,113-555-0128,
11722,,113-555-0130,
5987,113-555-0134,,
10189,113-555-0140,,
3242,113-555-0142,,
20442,,113-555-0147,
7151,113-555-0156,,
15005,113-555-0157,,
14356,,113-555-0170,
102,113-555-0173,,
3366,,113-555-0174,
3139,113-555-0175,,
8709,,113-555-0176,
19873,113-555-0177,,
13523,113-555-0178,,
7084,113-555-0188,,
9760,,113-555-0189,
13558,113-555-0189,,
19644,,113-555-0190,
15355,113-555-0198,,
2577,113-555-0199,,
1511,,,114-555-0100
1717,,114-555-0100,
1723,114-555-0100,,
11054,114-555-0110,,
15964,,114-555-0110,
16108,114-555-0113,,
14222,114-555-0114,,
17397,,114-555-0114,
9598,114-555-0115,,
11503,114-555-0117,,
20021,,114-555-0118,
19092,,114-555-0120,
7525,,114-555-0129,
10671,,114-555-0129,
6435,,114-555-0137,
3789,114-555-0149,,
6425,114-555-0149,,
13479,,114-555-0156,
19781,,114-555-0156,
5897,,114-555-0158,
6988,114-555-0160,,
14699,114-555-0161,,
16031,114-555-0168,,
18997,,114-555-0170,
15193,114-555-0171,,
12454,,114-555-0173,
6823,,114-555-0177,
19313,114-555-0177,,
6521,,114-555-0179,
3620,114-555-0181,,
17628,,114-555-0181,
3635,,114-555-0184,
4468,114-555-0191,,
17037,114-555-0193,,
7302,,114-555-0195,
1669,115-555-0100,,
1757,115-555-0100,,
2117,115-555-0100,,
763,,,115-555-0113
5695,,115-555-0113,
4761,,115-555-0117,
10712,115-555-0117,,
2878,115-555-0119,,
6765,115-555-0119,,
5845,,115-555-0124,
13066,,115-555-0130,
9559,,115-555-0134,
13379,,115-555-0140,
14975,115-555-0146,,
6778,,115-555-0148,
3632,115-555-0159,,
13091,115-555-0161,,
8616,115-555-0163,,
423,,,115-555-0170
13432,,115-555-0174,
335,,,115-555-0175
10209,,115-555-0176,
135,,,115-555-0179
11611,,115-555-0179,
15819,115-555-0181,,
20539,,115-555-0183,
12910,115-555-0190,,
6120,,115-555-0193,
8447,,115-555-0196,
17000,115-555-0196,,
1743,,116-555-0100,
2024,116-555-0100,,
2265,116-555-0100,,
2309,,,116-555-0100
2336,,,116-555-0100
2352,,,116-555-0100
13709,,116-555-0111,
17866,,116-555-0112,
8819,,116-555-0116,
12700,,116-555-0117,
8135,,116-555-0118,
3379,116-555-0121,,
16522,116-555-0126,,
20386,116-555-0136,,
12961,116-555-0141,,
4460,116-555-0143,,
14949,,116-555-0143,
4158,116-555-0151,,
19389,,116-555-0151,
10453,,116-555-0153,
11971,116-555-0154,,
2549,116-555-0158,,
14321,,116-555-0158,
4873,,116-555-0162,
1137,,,116-555-0163
14483,,116-555-0166,
9331,116-555-0172,,
8605,116-555-0173,,
11737,116-555-0176,,
5777,116-555-0177,,
15779,,116-555-0177,
8274,,116-555-0178,
9133,116-555-0178,,
9502,116-555-0180,,
13647,,116-555-0180,
8470,116-555-0182,,
16509,116-555-0185,,
19583,116-555-0186,,
10043,,116-555-0188,
20637,116-555-0192,,
12941,116-555-0193,,
17546,116-555-0196,,
10535,116-555-0197,,
1635,117-555-0100,,
2252,117-555-0100,,
1073,117-555-0110,,
18303,,117-555-0110,
14947,117-555-0111,,
15527,117-555-0111,,
8323,117-555-0112,,
19205,117-555-0114,,
6716,,117-555-0115,
3991,117-555-0116,,
9813,117-555-0116,,
7629,,117-555-0117,
11902,117-555-0118,,
20543,117-555-0118,,
8911,,117-555-0119,
7618,117-555-0124,,
12606,117-555-0125,,
8988,117-555-0126,,
14039,117-555-0129,,
6170,117-555-0135,,
3317,117-555-0139,,
14013,,117-555-0150,
13075,,117-555-0152,
14569,117-555-0155,,
19951,,117-555-0155,
10582,,117-555-0157,
7456,117-555-0159,,
13000,,117-555-0161,
9230,117-555-0165,,
20087,,117-555-0172,
677,,,117-555-0173
19971,117-555-0178,,
15131,117-555-0179,,
5708,,117-555-0180,
17696,117-555-0182,,
246,,,117-555-0185
4972,117-555-0187,,
2837,117-555-0193,,
11259,,117-555-0198,
20625,117-555-0199,,
149,118-555-0110,,
12807,,118-555-0112,
12241,,118-555-0116,
20738,,118-555-0119,
17124,,118-555-0120,
10469,118-555-0122,,
4185,118-555-0124,,
6739,,118-555-0127,
20761,,118-555-0127,
613,,,118-555-0131
10889,118-555-0131,,
17064,,118-555-0137,
3405,,118-555-0143,
12030,,118-555-0144,
7212,,118-555-0149,
8638,,118-555-0167,
14347,,118-555-0169,
11822,118-555-0171,,
19138,,118-555-0171,
5800,118-555-0173,,
3181,,118-555-0175,
176,,,118-555-0177
12972,,118-555-0177,
17442,,118-555-0177,
4265,118-555-0179,,
4648,,118-555-0179,
11671,,118-555-0179,
4890,,118-555-0181,
1479,118-555-0184,,
4426,,118-555-0189,
20364,118-555-0190,,
10573,,118-555-0191,
2295,119-555-0100,,
15245,,119-555-0113,
12178,,119-555-0114,
42,119-555-0117,,
6931,119-555-0117,,
9240,119-555-0117,,
15812,119-555-0123,,
3720,119-555-0129,,
13736,119-555-0134,,
9394,,119-555-0140,
725,,,119-555-0144
14991,119-555-0144,,
4356,119-555-0147,,
19448,,119-555-0147,
11256,,119-555-0148,
9691,,119-555-0157,
15087,,119-555-0160,
761,119-555-0167,,
11077,,119-555-0167,
19119,,119-555-0176,
18918,119-555-0178,,
13823,119-555-0180,,
6885,119-555-0181,,
15695,119-555-0182,,
13964,119-555-0187,,
183,119-555-0192,,
4686,,119-555-0194,
1327,,,119-555-0195
1637,,,120-555-0100
2376,120-555-0100,,
11059,,120-555-0111,
10448,,120-555-0112,
7125,120-555-0113,,
9041,,120-555-0113,
14119,,120-555-0113,
6570,,120-555-0115,
18820,,120-555-0115,
12824,120-555-0129,,
7018,120-555-0133,,
6308,120-555-0136,,
19808,,120-555-0140,
5202,,120-555-0141,
6910,,120-555-0143,
15393,120-555-0163,,
17071,,120-555-0164,
2958,120-555-0165,,
8408,120-555-0165,,
8401,120-555-0179,,
19104,120-555-0183,,
4501,,120-555-0189,
15602,120-555-0194,,
2292,121-555-0100,,
2886,,121-555-0110,
19759,,121-555-0111,
12379,,121-555-0112,
6424,,121-555-0113,
15446,,121-555-0116,
5677,,121-555-0117,
13876,,121-555-0117,
3355,,121-555-0120,
493,,,121-555-0121
11410,121-555-0131,,
12836,,121-555-0136,
975,121-555-0139,,
17220,121-555-0144,,
6808,,121-555-0152,
387,,,121-555-0157
6286,,121-555-0169,
6711,121-555-0173,,
15317,121-555-0178,,
2389,,121-555-0179,
12795,121-555-0184,,
8680,121-555-0189,,
2190,122-555-0100,,
19019,,122-555-0115,
17165,,122-555-0116,
4866,,122-555-0118,
2883,,122-555-0119,
6608,122-555-0120,,
3319,122-555-0129,,
19871,122-555-0136,,
14563,,122-555-0145,
9871,122-555-0152,,
5232,,122-555-0168,
6,,,122-555-0189
18917,,122-555-0193,
10193,,122-555-0199,
12274,,122-555-0199,
17826,,122-555-0199,
2135,123-555-0100,,
3304,123-555-0110,,
5189,,123-555-0114,
8692,123-555-0118,,
19040,,123-555-0127,
19590,,123-555-0127,
15078,123-555-0129,,
17367,123-555-0138,,
16141,,123-555-0142,
10082,,123-555-0145,
16223,,123-555-0149,
6749,123-555-0152,,
11648,,123-555-0163,
91,,,123-555-0167
18180,123-555-0168,,
10641,,123-555-0170,
4108,,123-555-0179,
7559,123-555-0180,,
10722,,123-555-0181,
1667,,,124-555-0100
2131,,,124-555-0100
2348,,,124-555-0100
19,124-555-0114,,
3110,,124-555-0115,
3740,124-555-0115,,
3827,,124-555-0119,
11669,,124-555-0124,
10257,124-555-0126,,
6054,,124-555-0139,
14316,124-555-0148,,
11674,,124-555-0158,
15113,124-555-0161,,
4288,,124-555-0169,
7540,,124-555-0170,
16132,,124-555-0175,
4700,124-555-0176,,
5472,124-555-0182,,
3595,,124-555-0194,
17341,124-555-0196,,
20479,,124-555-0196,
1611,,,125-555-0100
2172,,,125-555-0100
2209,,,125-555-0100
2282,125-555-0100,,
12551,125-555-0113,,
2759,125-555-0117,,
7313,125-555-0121,,
12988,,125-555-0125,
9880,,125-555-0128,
5833,,125-555-0141,
18099,,125-555-0142,
18580,125-555-0145,,
4518,125-555-0153,,
9810,125-555-0154,,
7091,125-555-0155,,
12785,125-555-0157,,
6781,,125-555-0159,
3112,125-555-0161,,
8805,125-555-0164,,
16514,125-555-0172,,
2399,,125-555-0175,
15329,,125-555-0178,
260,125-555-0196,,
10993,125-555-0197,,
16194,126-555-0115,,
14380,126-555-0117,,
9126,,126-555-0118,
10137,,126-555-0118,
16512,126-555-0119,,
5802,126-555-0120,,
5712,126-555-0133,,
11394,126-555-0139,,
10317,126-555-0140,,
4204,126-555-0148,,
17053,,126-555-0150,
18360,,126-555-0156,
12950,126-555-0158,,
6121,126-555-0160,,
9306,126-555-0163,,
495,126-555-0172,,
16150,,126-555-0172,
8870,126-555-0175,,
20750,,126-555-0181,
18268,,126-555-0184,
7073,126-555-0191,,
12534,126-555-0196,,
10240,,126-555-0199,
1725,127-555-0100,,
2010,,,127-555-0100
14998,,127-555-0111,
17095,127-555-0114,,
13069,,127-555-0115,
16027,,127-555-0118,
4662,,127-555-0119,
667,127-555-0124,,
16981,,127-555-0124,
20421,,127-555-0124,
7939,,127-555-0131,
19418,,127-555-0139,
14575,,127-555-0144,
19121,,127-555-0148,
7438,127-555-0151,,
8817,127-555-0152,,
17161,127-555-0152,,
5909,,127-555-0153,
20595,,127-555-0157,
6861,,127-555-0166,
13317,,127-555-0166,
16927,127-555-0172,,
13588,,127-555-0189,
12514,127-555-0194,,
15013,127-555-0194,,
1766,128-555-0100,,
2002,128-555-0100,,
3177,128-555-0112,,
15474,128-555-0114,,
7297,,128-555-0117,
15338,,128-555-0117,
10092,128-555-0119,,
18929,128-555-0119,,
7760,,128-555-0122,
16176,,128-555-0124,
5250,,128-555-0129,
11604,128-555-0133,,
9636,128-555-0134,,
14170,,128-555-0140,
555,128-555-0148,,
19817,128-555-0157,,
16085,128-555-0160,,
18709,,128-555-0173,
3106,128-555-0175,,
7269,128-555-0181,,
18599,128-555-0181,,
11559,,128-555-0183,
15138,,128-555-0189,
12490,,128-555-0196,
10132,,128-555-0198,
1722,,129-555-0100,
1774,,129-555-0100,
1996,,,129-555-0100
2104,129-555-0100,,
2122,129-555-0100,,
375,,,129-555-0110
11464,,129-555-0113,
4330,129-555-0114,,
19007,,129-555-0114,
8079,,129-555-0115,
18262,,129-555-0117,
5112,,129-555-0118,
1099,,,129-555-0120
3387,,129-555-0131,
19569,,129-555-0131,
5203,129-555-0139,,
13113,,129-555-0146,
15412,129-555-0154,,
12896,,129-555-0157,
1489,,,129-555-0164
11474,,129-555-0165,
8780,,129-555-0167,
7451,129-555-0170,,
19156,,129-555-0170,
18963,,129-555-0173,
16531,129-555-0179,,
1127,129-555-0185,,
1245,,,129-555-0185
16901,,129-555-0195,
140,129-555-0199,,
1645,130-555-0100,,
2180,,,130-555-0100
2363,,,130-555-0100
12297,130-555-0114,,
12188,130-555-0116,,
11917,,130-555-0119,
19132,130-555-0121,,
4454,130-555-0125,,
11240,130-555-0131,,
3506,130-555-0137,,
17708,,130-555-0138,
8041,130-555-0153,,
13392,,130-555-0154,
12216,,130-555-0158,
20484,,130-555-0170,
17986,130-555-0173,,
7646,,130-555-0175,
6187,,130-555-0176,
8400,130-555-0197,,
18663,,130-555-0198,
10814,130-555-0199,,
2020,131-555-0100,,
10387,,131-555-0112,
20030,131-555-0112,,
8529,,131-555-0115,
18362,131-555-0115,,
16119,131-555-0121,,
5816,131-555-0124,,
5970,,131-555-0124,
7546,131-555-0124,,
14917,,131-555-0138,
9621,,131-555-0142,
4327,,131-555-0145,
3965,131-555-0151,,
16147,,131-555-0151,
583,131-555-0171,,
8914,131-555-0171,,
19869,,131-555-0177,
9073,131-555-0179,,
3525,131-555-0185,,
11771,131-555-0189,,
5069,131-555-0192,,
8266,131-555-0192,,
4994,,131-555-0193,
12441,,131-555-0194,
14593,,131-555-0195,
7075,,131-555-0196,
12076,,131-555-0197,
5371,131-555-0198,,
1718,,132-555-0100,
5116,,132-555-0110,
12191,,132-555-0110,
11475,132-555-0111,,
13078,,132-555-0112,
16477,,132-555-0112,
7382,,132-555-0116,
17734,,132-555-0116,
12317,132-555-0135,,
17359,,132-555-0136,
14160,132-555-0142,,
20182,132-555-0144,,
5364,,132-555-0146,
15551,132-555-0146,,
17048,,132-555-0146,
3018,,132-555-0148,
1847,,,132-555-0149
977,132-555-0150,,
17689,132-555-0151,,
6181,132-555-0155,,
15726,,132-555-0164,
5102,,132-555-0165,
20260,,132-555-0183,
1569,133-555-0100,,
2188,,,133-555-0100
2326,133-555-0100,,
2371,133-555-0100,,
10528,133-555-0114,,
8229,133-555-0116,,
14853,133-555-0121,,
8262,,133-555-0124,
7168,,133-555-0128,
10350,,133-555-0128,
9065,133-555-0133,,
10716,,133-555-0133,
9726,133-555-0134,,
18114,133-555-0141,,
13403,133-555-0143,,
17507,133-555-0156,,
9687,133-555-0169,,
3836,,133-555-0176,
1537,,,134-555-0100
10726,,134-555-0119,
18028,,134-555-0119,
8934,134-555-0129,,
10756,,134-555-0132,
18717,134-555-0133,,
7409,,134-555-0140,
3702,,134-555-0141,
8331,134-555-0143,,
13538,134-555-0146,,
15318,134-555-0146,,
20590,,134-555-0148,
20557,,134-555-0150,
7828,134-555-0152,,
14643,134-555-0153,,
9716,134-555-0160,,
3608,,134-555-0165,
401,134-555-0182,,
8925,,134-555-0188,
10462,134-555-0196,,
16623,134-555-0196,,
14156,,134-555-0197,
1625,135-555-0100,,
2284,135-555-0100,,
4355,,135-555-0112,
3852,135-555-0115,,
9026,,135-555-0115,
4362,,135-555-0119,
12453,135-555-0119,,
11326,135-555-0124,,
3962,,135-555-0132,
14865,,135-555-0153,
19227,,135-555-0160,
3462,135-555-0163,,
3800,,135-555-0171,
16656,135-555-0180,,
20276,135-555-0183,,
13884,,135-555-0185,
16169,,135-555-0185,
15273,136-555-0113,,
9120,,136-555-0114,
14215,,136-555-0114,
16902,136-555-0115,,
6518,136-555-0124,,
9706,,136-555-0124,
16288,,136-555-0124,
2501,136-555-0125,,
8782,,136-555-0129,
14938,,136-555-0132,
1253,136-555-0134,,
12976,136-555-0141,,
16304,,136-555-0150,
8386,,136-555-0165,
5442,136-555-0168,,
7024,,136-555-0183,
13902,,136-555-0185,
17637,,136-555-0190,
18103,136-555-0192,,
13498,,137-555-0112,
5193,,137-555-0114,
8432,,137-555-0114,
3947,137-555-0115,,
15553,137-555-0117,,
3713,,137-555-0119,
14054,137-555-0122,,
11609,,137-555-0127,
16619,137-555-0130,,
10944,137-555-0131,,
17502,,137-555-0144,
5842,,137-555-0149,
9510,137-555-0150,,
7224,137-555-0153,,
6410,,137-555-0157,
13273,137-555-0160,,
14098,137-555-0164,,
2934,,137-555-0187,
14404,,137-555-0193,
2150,138-555-0100,,
2460,138-555-0111,,
10353,138-555-0117,,
21,138-555-0118,,
6976,,138-555-0118,
19623,138-555-0118,,
58,,,138-555-0128
14919,,138-555-0137,
17961,138-555-0142,,
12510,138-555-0150,,
6652,,138-555-0151,
15900,,138-555-0152,
799,138-555-0156,,
15236,138-555-0163,,
10218,138-555-0167,,
11887,,138-555-0185,
13485,138-555-0196,,
18189,138-555-0198,,
1557,,,139-555-0100
2230,139-555-0100,,
9541,139-555-0113,,
13158,,139-555-0113,
125,139-555-0120,,
179,,,139-555-0131
15269,139-555-0131,,
6295,139-555-0132,,
12079,,139-555-0143,
4959,,139-555-0150,
10305,,139-555-0154,
11225,139-555-0156,,
10245,139-555-0163,,
18576,139-555-0176,,
13658,,139-555-0181,
15694,139-555-0181,,
20190,139-555-0181,,
19861,,139-555-0182,
3482,,139-555-0185,
9915,139-555-0186,,
15116,139-555-0191,,
18597,,140-555-0110,
19109,140-555-0111,,
9180,,140-555-0112,
19875,,140-555-0118,
16984,,140-555-0122,
13524,140-555-0123,,
1355,,,140-555-0128
18651,,140-555-0128,
8341,140-555-0130,,
97,,,140-555-0132
749,140-555-0143,,
17034,,140-555-0154,
8998,140-555-0158,,
18387,140-555-0163,,
7719,,140-555-0167,
5619,,140-555-0183,
5199,140-555-0185,,
1095,,,140-555-0188
20379,140-555-0190,,
1477,140-555-0192,,
1657,,,141-555-0100
2353,,,141-555-0100
7350,141-555-0110,,
20621,141-555-0111,,
16242,141-555-0113,,
10502,,141-555-0116,
19845,141-555-0122,,
12280,141-555-0124,,
5957,,141-555-0126,
3496,,141-555-0141,
4884,141-555-0148,,
2849,141-555-0150,,
8072,141-555-0152,,
12246,141-555-0154,,
8555,141-555-0158,,
8753,141-555-0165,,
2859,,141-555-0169,
997,141-555-0172,,
4731,141-555-0176,,
8730,141-555-0179,,
4721,,141-555-0181,
13428,141-555-0184,,
15179,,141-555-0190,
16914,,141-555-0193,
20036,141-555-0193,,
1499,142-555-0100,,
2108,142-555-0100,,
16015,,142-555-0112,
3796,142-555-0117,,
10616,,142-555-0119,
3982,,142-555-0123,
18281,,142-555-0130,
12046,,142-555-0137,
7948,142-555-0138,,
192,,,142-555-0139
4192,,142-555-0139,
6256,142-555-0139,,
18260,,142-555-0144,
4575,142-555-0146,,
19647,,142-555-0147,
17523,142-555-0153,,
4582,,142-555-0165,
11050,142-555-0167,,
6112,142-555-0173,,
7633,,142-555-0175,
8348,,142-555-0175,
7723,,142-555-0189,
9994,142-555-0190,,
4214,,142-555-0191,
6072,142-555-0199,,
2082,143-555-0100,,
801,,,143-555-0113
19378,,143-555-0113,
6015,,143-555-0118,
6387,,143-555-0119,
3890,143-555-0120,,
19035,143-555-0123,,
1055,143-555-0129,,
6291,,143-555-0130,
5501,143-555-0139,,
5156,,143-555-0141,
15883,,143-555-0143,
10214,143-555-0148,,
3737,,143-555-0165,
17011,,143-555-0170,
182,143-555-0173,,
4263,143-555-0177,,
4797,,143-555-0184,
20507,,143-555-0184,
11835,143-555-0189,,
12409,143-555-0198,,
8604,144-555-0110,,
11639,144-555-0113,,
20121,144-555-0113,,
5092,144-555-0114,,
5684,144-555-0120,,
12095,144-555-0123,,
6316,144-555-0132,,
20474,,144-555-0133,
9868,,144-555-0150,
14659,,144-555-0150,
2861,,144-555-0165,
13976,144-555-0168,,
11613,,144-555-0170,
13774,,144-555-0173,
467,,,144-555-0175
18290,,144-555-0180,
5206,144-555-0188,,
14008,,144-555-0188,
4893,144-555-0189,,
6403,144-555-0194,,
16973,144-555-0197,,
19522,145-555-0111,,
48,145-555-0130,,
20631,,145-555-0131,
16831,,145-555-0135,
11235,,145-555-0136,
18012,,145-555-0138,
4109,145-555-0139,,
17252,145-555-0139,,
17596,145-555-0141,,
7209,,145-555-0142,
19210,145-555-0145,,
10220,145-555-0147,,
19700,145-555-0150,,
597,145-555-0152,,
14645,,145-555-0152,
12231,,145-555-0153,
7264,,145-555-0155,
12628,145-555-0156,,
17162,145-555-0162,,
6407,145-555-0164,,
1225,,,145-555-0166
4562,,145-555-0167,
15016,,145-555-0167,
17993,,145-555-0170,
9083,145-555-0174,,
13633,145-555-0177,,
17594,,145-555-0182,
5675,,145-555-0188,
1857,,,145-555-0194
2281,146-555-0100,,
9005,,146-555-0110,
19646,,146-555-0116,
4376,,146-555-0117,
16874,,146-555-0117,
13802,,146-555-0119,
18013,,146-555-0119,
13515,146-555-0121,,
12841,146-555-0139,,
3777,146-555-0142,,
16684,,146-555-0144,
10260,146-555-0146,,
5953,146-555-0160,,
18586,,146-555-0164,
16450,,146-555-0168,
13308,,146-555-0174,
1083,146-555-0176,,
4150,,146-555-0179,
4253,146-555-0179,,
8570,146-555-0185,,
4205,146-555-0191,,
7953,,146-555-0195,
10999,,146-555-0195,
2278,,,147-555-0100
2345,147-555-0100,,
11427,,147-555-0117,
11740,147-555-0117,,
7791,,147-555-0118,
5982,147-555-0121,,
2988,,147-555-0124,
16716,,147-555-0128,
8832,,147-555-0135,
11378,147-555-0139,,
17755,147-555-0142,,
7631,,147-555-0143,
9055,147-555-0143,,
128,,,147-555-0160
12427,,147-555-0163,
4258,147-555-0173,,
215,147-555-0179,,
19300,147-555-0181,,
8326,147-555-0185,,
11418,,147-555-0187,
803,147-555-0192,,
16313,,147-555-0193,
11425,147-555-0199,,
2339,148-555-0100,,
19681,148-555-0110,,
14545,,148-555-0111,
3568,148-555-0115,,
20532,,148-555-0115,
18619,,148-555-0116,
9018,,148-555-0119,
18607,,148-555-0127,
5893,148-555-0130,,
18337,,148-555-0131,
11341,148-555-0141,,
7820,148-555-0143,,
224,148-555-0145,,
3522,148-555-0148,,
17235,148-555-0148,,
569,148-555-0149,,
8652,,148-555-0164,
11196,148-555-0165,,
9020,148-555-0168,,
17544,,148-555-0174,
13255,148-555-0177,,
19152,148-555-0186,,
11027,,148-555-0188,
5980,148-555-0190,,
14778,,148-555-0192,
16249,148-555-0192,,
1779,,149-555-0100,
2318,,,149-555-0100
371,149-555-0113,,
6401,,149-555-0113,
18936,,149-555-0116,
19239,149-555-0118,,
4044,149-555-0119,,
17579,,149-555-0119,
19203,149-555-0123,,
15027,,149-555-0130,
11641,149-555-0132,,
14061,149-555-0137,,
17611,149-555-0142,,
16917,149-555-0145,,
4785,149-555-0146,,
17540,149-555-0151,,
15973,,149-555-0160,
7023,149-555-0161,,
16735,149-555-0162,,
14031,149-555-0163,,
13451,,149-555-0166,
14014,,149-555-0166,
17312,,149-555-0167,
13424,149-555-0168,,
5170,,149-555-0174,
6472,149-555-0183,,
13816,149-555-0186,,
13613,,149-555-0191,
953,,,149-555-0196
8381,,149-555-0196,
13497,,149-555-0199,
7869,,150-555-0113,
16490,,150-555-0113,
3930,,150-555-0114,
5446,150-555-0115,,
9122,150-555-0117,,
8816,,150-555-0123,
927,150-555-0127,,
15626,150-555-0128,,
12009,,150-555-0131,
5491,,150-555-0143,
11618,,150-555-0146,
12813,,150-555-0146,
18595,,150-555-0152,
3683,,150-555-0156,
19991,,150-555-0156,
11818,150-555-0158,,
14663,150-555-0160,,
15158,,150-555-0162,
11215,150-555-0166,,
20537,150-555-0167,,
17191,150-555-0169,,
15040,150-555-0175,,
10018,,150-555-0182,
6421,,150-555-0187,
17,150-555-0189,,
18250,,150-555-0193,
115,150-555-0194,,
8126,,150-555-0195,
1751,,151-555-0100,
2114,151-555-0100,,
259,,,151-555-0113
16987,,151-555-0115,
3658,,151-555-0118,
17556,,151-555-0119,
6370,151-555-0130,,
13263,151-555-0131,,
6632,151-555-0135,,
17224,151-555-0149,,
8378,151-555-0161,,
7054,151-555-0172,,
2071,152-555-0100,,
2130,152-555-0100,,
20669,,152-555-0117,
12303,,152-555-0118,
19352,152-555-0127,,
5679,,152-555-0130,
6079,152-555-0134,,
7502,152-555-0140,,
11813,152-555-0140,,
4271,152-555-0143,,
2779,152-555-0147,,
13849,152-555-0147,,
11802,152-555-0151,,
19930,152-555-0162,,
14213,,152-555-0167,
12864,,152-555-0174,
9903,152-555-0180,,
19683,152-555-0182,,
14187,,152-555-0189,
11942,152-555-0190,,
3009,152-555-0195,,
1629,,,153-555-0100
1729,153-555-0100,,
1768,,153-555-0100,
877,153-555-0114,,
10463,,153-555-0114,
14185,,153-555-0118,
6730,,153-555-0127,
6053,153-555-0152,,
6471,153-555-0154,,
107,153-555-0166,,
9214,,153-555-0177,
13330,,153-555-0180,
3891,,153-555-0182,
238,,,153-555-0186
2418,153-555-0188,,
4349,153-555-0188,,
15320,,153-555-0190,
11701,153-555-0192,,
1125,153-555-0195,,
18078,153-555-0199,,
2311,154-555-0100,,
1405,154-555-0115,,
17701,154-555-0120,,
6718,,154-555-0125,
6446,,154-555-0134,
8479,154-555-0137,,
13998,154-555-0139,,
5187,154-555-0141,,
11247,,154-555-0142,
12902,154-555-0143,,
7594,,154-555-0148,
9624,154-555-0148,,
6258,,154-555-0151,
14615,,154-555-0152,
9123,,154-555-0154,
11862,154-555-0154,,
17686,,154-555-0158,
10039,,154-555-0159,
18453,154-555-0161,,
6340,,154-555-0163,
8904,154-555-0165,,
19714,154-555-0166,,
7835,,154-555-0170,
5894,,154-555-0176,
10733,,154-555-0177,
13718,154-555-0181,,
12867,,154-555-0191,
4540,154-555-0197,,
1735,,155-555-0100,
2005,155-555-0100,,
2623,155-555-0111,,
17899,155-555-0111,,
3275,155-555-0116,,
15717,155-555-0116,,
15840,155-555-0117,,
3119,155-555-0120,,
9172,,155-555-0127,
9612,155-555-0131,,
11884,,155-555-0135,
1987,155-555-0140,,
7787,,155-555-0140,
3484,155-555-0141,,
13691,155-555-0146,,
1235,155-555-0149,,
14387,,155-555-0150,
4440,155-555-0151,,
14679,,155-555-0151,
3685,,155-555-0157,
13215,,155-555-0158,
12044,155-555-0169,,
17356,,155-555-0182,
11988,155-555-0190,,
1733,,156-555-0100,
17995,156-555-0110,,
465,156-555-0111,,
12078,,156-555-0112,
15581,156-555-0115,,
8225,156-555-0118,,
12199,156-555-0118,,
441,156-555-0126,,
8071,156-555-0137,,
14020,156-555-0142,,
11700,,156-555-0144,
12715,,156-555-0146,
18164,,156-555-0147,
18887,156-555-0149,,
18230,,156-555-0150,
14884,,156-555-0152,
9917,,156-555-0155,
4655,156-555-0159,,
8545,156-555-0162,,
3225,,156-555-0163,
10321,156-555-0171,,
13008,156-555-0175,,
16952,156-555-0183,,
815,,,156-555-0187
16155,,156-555-0191,
3210,,156-555-0195,
71,156-555-0199,,
1734,157-555-0100,,
2341,,,157-555-0100
13537,157-555-0111,,
5229,157-555-0115,,
14923,157-555-0117,,
5299,157-555-0121,,
11102,157-555-0133,,
18505,,157-555-0139,
4346,,157-555-0143,
7464,157-555-0145,,
18196,157-555-0146,,
7580,157-555-0149,,
13852,157-555-0150,,
19350,,157-555-0150,
16426,,157-555-0153,
8345,,157-555-0155,
16333,,157-555-0158,
6997,157-555-0165,,
18966,157-555-0165,,
8132,157-555-0168,,
13145,,157-555-0172,
8317,157-555-0174,,
10824,,157-555-0177,
5651,157-555-0182,,
4507,157-555-0189,,
14787,157-555-0190,,
10402,158-555-0122,,
1437,158-555-0123,,
14966,158-555-0128,,
14556,,158-555-0134,
11328,158-555-0136,,
307,158-555-0142,,
14290,,158-555-0144,
9642,158-555-0148,,
16164,,158-555-0153,
1065,158-555-0154,,
3716,,158-555-0155,
17495,,158-555-0156,
3538,,158-555-0169,
13131,,158-555-0170,
4812,,158-555-0171,
16527,158-555-0175,,
13286,158-555-0176,,
14362,,158-555-0176,
19010,158-555-0182,,
831,158-555-0188,,
200,158-555-0191,,
14636,158-555-0197,,
9548,158-555-0199,,
6198,159-555-0110,,
9796,,159-555-0110,
3011,159-555-0111,,
20438,,159-555-0111,
15383,159-555-0114,,
14318,,159-555-0116,
2776,,159-555-0117,
5458,,159-555-0117,
20214,,159-555-0117,
7521,159-555-0119,,
4803,,159-555-0120,
3563,,159-555-0133,
5328,159-555-0145,,
16598,,159-555-0157,
4983,159-555-0161,,
4270,,159-555-0162,
7032,159-555-0168,,
17422,159-555-0178,,
7351,,159-555-0182,
13956,,159-555-0189,
715,,,159-555-0190
4466,,159-555-0190,
12698,,159-555-0191,
15735,159-555-0194,,
16203,159-555-0195,,
16586,159-555-0196,,
2306,160-555-0100,,
9899,,160-555-0110,
10943,160-555-0110,,
17822,160-555-0110,,
10172,,160-555-0114,
9474,,160-555-0117,
9187,160-555-0119,,
9166,160-555-0122,,
18308,160-555-0122,,
5062,,160-555-0126,
9228,,160-555-0131,
5165,160-555-0138,,
12652,160-555-0144,,
17044,,160-555-0144,
7155,,160-555-0156,
5474,,160-555-0157,
16464,,160-555-0163,
2769,,160-555-0167,
20328,,160-555-0168,
6582,,160-555-0172,
13029,,160-555-0174,
12179,,160-555-0184,
3331,160-555-0188,,
10568,160-555-0188,,
10559,,160-555-0196,
17195,160-555-0199,,
1784,161-555-0100,,
5139,,161-555-0113,
19070,,161-555-0118,
5965,,161-555-0119,
18630,,161-555-0119,
6024,,161-555-0122,
9824,161-555-0122,,
18352,161-555-0125,,
5774,161-555-0138,,
9037,,161-555-0140,
18106,,161-555-0142,
15099,,161-555-0143,
7877,,161-555-0144,
4391,161-555-0147,,
8693,,161-555-0149,
9194,,161-555-0151,
5865,,161-555-0156,
16638,,161-555-0157,
7280,161-555-0163,,
5964,,161-555-0172,
16892,161-555-0175,,
12141,161-555-0178,,
14238,161-555-0179,,
6973,161-555-0181,,
7446,,161-555-0181,
10100,,161-555-0182,
10571,,161-555-0184,
12545,,161-555-0187,
2319,,,162-555-0100
4875,162-555-0110,,
13500,162-555-0111,,
17181,162-555-0112,,
17100,,162-555-0115,
7841,162-555-0121,,
12572,162-555-0123,,
2909,162-555-0124,,
11198,,162-555-0126,
3560,162-555-0131,,
7064,162-555-0133,,
12907,162-555-0134,,
1953,,,162-555-0138
17445,162-555-0144,,
13729,,162-555-0149,
3347,,162-555-0165,
527,162-555-0166,,
15480,,162-555-0168,
2867,,162-555-0173,
1465,162-555-0174,,
16001,,162-555-0174,
13117,162-555-0175,,
14442,,162-555-0182,
16554,,162-555-0184,
8776,,162-555-0190,
3209,,162-555-0192,
1531,163-555-0100,,
6171,163-555-0111,,
18404,,163-555-0118,
14154,,163-555-0120,
4011,163-555-0125,,
17859,,163-555-0130,
18122,163-555-0134,,
4347,163-555-0142,,
20740,,163-555-0146,
256,163-555-0147,,
525,,,163-555-0155
6207,163-555-0158,,
5821,,163-555-0159,
10687,,163-555-0162,
12684,,163-555-0162,
9312,163-555-0164,,
12782,,163-555-0173,
19456,163-555-0197,,
12449,163-555-0198,,
1643,164-555-0100,,
2377,164-555-0100,,
15266,164-555-0112,,
17122,164-555-0112,,
6136,164-555-0113,,
131,,,164-555-0114
1351,,,164-555-0118
13463,164-555-0118,,
15559,,164-555-0118,
15914,,164-555-0121,
17494,,164-555-0125,
13092,164-555-0126,,
18962,,164-555-0128,
8422,,164-555-0130,
16253,,164-555-0130,
5423,164-555-0140,,
20674,164-555-0143,,
963,164-555-0145,,
19950,,164-555-0145,
585,,,164-555-0147
15418,164-555-0151,,
20029,164-555-0155,,
5556,,164-555-0159,
16144,,164-555-0159,
5968,164-555-0161,,
212,,,164-555-0164
11900,,164-555-0166,
8567,164-555-0174,,
15069,,164-555-0176,
18837,,164-555-0178,
3447,,164-555-0180,
8813,164-555-0186,,
14147,,164-555-0197,
2013,,,165-555-0100
2110,165-555-0100,,
185,165-555-0113,,
14289,,165-555-0113,
9290,165-555-0114,,
4483,165-555-0115,,
6981,165-555-0115,,
6154,165-555-0125,,
12991,,165-555-0130,
11596,165-555-0139,,
10468,,165-555-0161,
13631,165-555-0162,,
1201,,,165-555-0172
6108,,165-555-0173,
10546,,165-555-0175,
18798,165-555-0181,,
20730,,165-555-0182,
13856,,165-555-0185,
11857,,165-555-0188,
8464,,165-555-0198,
12255,165-555-0198,,
2830,,166-555-0111,
16740,,166-555-0111,
18867,166-555-0114,,
10343,,166-555-0116,
3830,166-555-0119,,
20175,,166-555-0119,
6817,,166-555-0126,
7706,166-555-0145,,
9291,166-555-0146,,
80,,,166-555-0156
269,,,166-555-0159
167,166-555-0162,,
6767,166-555-0170,,
19271,,166-555-0170,
7138,,166-555-0174,
4750,,166-555-0176,
7860,,166-555-0180,
15770,,167-555-0111,
16112,,167-555-0118,
2586,167-555-0126,,
17636,,167-555-0126,
18507,,167-555-0127,
3875,,167-555-0129,
11099,,167-555-0129,
57,,,167-555-0139
16691,167-555-0143,,
14550,,167-555-0144,
10880,167-555-0166,,
4548,167-555-0176,,
16247,,167-555-0196,
14322,168-555-0112,,
6536,,168-555-0113,
13388,168-555-0116,,
15617,,168-555-0116,
13762,168-555-0117,,
4184,168-555-0119,,
6890,168-555-0121,,
15337,168-555-0122,,
14590,,168-555-0128,
15500,,168-555-0129,
16734,,168-555-0134,
6036,,168-555-0167,
19965,168-555-0179,,
12,,,168-555-0183
2661,,168-555-0190,
6617,169-555-0118,,
5652,,169-555-0119,
16569,,169-555-0130,
10459,169-555-0133,,
4563,169-555-0138,,
15687,,169-555-0141,
14485,,169-555-0159,
16143,169-555-0169,,
8875,,169-555-0177,
823,,,169-555-0178
18488,169-555-0180,,
12694,,169-555-0182,
4618,,169-555-0183,
9426,,169-555-0194,
20192,,169-555-0194,
17762,169-555-0196,,
9431,169-555-0199,,
2277,170-555-0100,,
2696,,170-555-0110,
4910,170-555-0110,,
19168,,170-555-0110,
15917,,170-555-0111,
5517,,170-555-0112,
20483,,170-555-0112,
3597,170-555-0113,,
14253,,170-555-0119,
13299,,170-555-0126,
1027,170-555-0127,,
11300,170-555-0132,,
14716,,170-555-0160,
19118,170-555-0165,,
17864,,170-555-0168,
8012,,170-555-0175,
15761,,170-555-0177,
5163,170-555-0180,,
8114,170-555-0185,,
1185,170-555-0189,,
2098,,,171-555-0100
3769,,171-555-0112,
17548,171-555-0114,,
20053,,171-555-0117,
6763,,171-555-0119,
15677,,171-555-0119,
18244,171-555-0119,,
15240,171-555-0123,,
7736,171-555-0124,,
5463,171-555-0126,,
18416,171-555-0126,,
7978,,171-555-0134,
4357,,171-555-0140,
1403,171-555-0147,,
8437,,171-555-0149,
11496,,171-555-0158,
17144,171-555-0160,,
12064,,171-555-0162,
4669,171-555-0165,,
7040,171-555-0166,,
13090,171-555-0168,,
4189,171-555-0174,,
2702,,171-555-0176,
5934,,171-555-0176,
6888,,171-555-0187,
14979,171-555-0191,,
18327,171-555-0191,,
10047,,171-555-0192,
12403,,171-555-0197,
1689,,,172-555-0100
16647,,172-555-0112,
5439,,172-555-0113,
7363,172-555-0113,,
18130,,172-555-0116,
8868,172-555-0119,,
9955,,172-555-0126,
8745,,172-555-0127,
112,172-555-0130,,
7741,172-555-0136,,
17818,172-555-0137,,
8195,,172-555-0141,
5111,,172-555-0143,
6908,,172-555-0143,
19512,,172-555-0150,
18721,,172-555-0156,
10679,,172-555-0157,
9093,172-555-0159,,
11314,172-555-0161,,
6604,172-555-0163,,
18211,172-555-0164,,
12390,172-555-0168,,
8871,172-555-0175,,
4769,,172-555-0177,
19238,172-555-0181,,
16879,172-555-0194,,
3374,172-555-0197,,
1555,,,173-555-0100
1783,173-555-0100,,
17453,173-555-0112,,
20658,173-555-0114,,
7139,173-555-0120,,
12569,,173-555-0121,
18540,173-555-0136,,
20446,173-555-0138,,
1423,173-555-0151,,
18979,173-555-0158,,
9576,,173-555-0161,
11558,,173-555-0168,
16802,173-555-0170,,
20524,,173-555-0173,
5598,,173-555-0176,
6645,173-555-0176,,
46,173-555-0179,,
15104,,173-555-0182,
11343,,173-555-0185,
11606,,173-555-0186,
16316,173-555-0187,,
15327,,173-555-0198,
2185,,,174-555-0100
2218,174-555-0100,,
6352,174-555-0120,,
6342,174-555-0123,,
3747,174-555-0127,,
6070,,174-555-0134,
10751,,174-555-0143,
8492,,174-555-0164,
9119,174-555-0176,,
11943,174-555-0183,,
4808,174-555-0185,,
17159,174-555-0194,,
16301,174-555-0195,,
2087,,,175-555-0100
5137,175-555-0110,,
9246,175-555-0110,,
19234,,175-555-0121,
9578,,175-555-0122,
11482,,175-555-0123,
13664,175-555-0128,,
11897,,175-555-0135,
13891,175-555-0135,,
3400,,175-555-0136,
5483,175-555-0139,,
12533,175-555-0139,,
2509,175-555-0145,,
5295,175-555-0147,,
7839,175-555-0147,,
2666,175-555-0153,,
12737,,175-555-0156,
11211,,175-555-0159,
2948,175-555-0161,,
10854,,175-555-0161,
14074,175-555-0163,,
14273,,175-555-0166,
17003,,175-555-0178,
14890,,175-555-0184,
3397,175-555-0194,,
7000,,175-555-0196,
12043,,175-555-0196,
791,175-555-0198,,
1525,,,176-555-0100
1794,,,176-555-0100
2035,176-555-0100,,
4130,,176-555-0113,
12202,,176-555-0117,
13370,176-555-0134,,
485,,,176-555-0136
12310,,176-555-0136,
8006,176-555-0150,,
10690,176-555-0167,,
3449,,176-555-0168,
19734,,176-555-0170,
8717,176-555-0176,,
8359,176-555-0180,,
19321,,176-555-0185,
16342,,176-555-0198,
1693,,,177-555-0100
2225,,,177-555-0100
15708,,177-555-0114,
18760,,177-555-0115,
3276,177-555-0119,,
4642,,177-555-0119,
12816,,177-555-0120,
4301,177-555-0123,,
4292,177-555-0128,,
5673,,177-555-0147,
13519,177-555-0148,,
2751,177-555-0155,,
4914,,177-555-0155,
8913,177-555-0164,,
19298,,177-555-0168,
9741,,177-555-0172,
4177,,177-555-0182,
4839,,177-555-0190,
12678,,177-555-0195,
11048,177-555-0197,,
3260,,177-555-0199,
1591,178-555-0100,,
4853,178-555-0112,,
11526,178-555-0113,,
20651,178-555-0115,,
16006,178-555-0116,,
18142,,178-555-0116,
18187,,178-555-0122,
353,,,178-555-0129
10697,,178-555-0137,
17807,178-555-0140,,
9713,178-555-0147,,
14501,178-555-0147,,
11871,178-555-0152,,
15892,178-555-0156,,
19380,,178-555-0156,
19844,178-555-0156,,
12399,,178-555-0164,
13170,178-555-0164,,
14713,,178-555-0176,
6710,,178-555-0184,
14143,,178-555-0184,
10194,178-555-0186,,
12542,,178-555-0186,
13987,178-555-0186,,
12254,178-555-0189,,
19936,,178-555-0192,
4801,178-555-0194,,
4268,,178-555-0196,
17901,179-555-0116,,
20448,,179-555-0118,
5171,,179-555-0120,
16806,179-555-0124,,
6118,,179-555-0125,
12499,179-555-0128,,
18421,,179-555-0159,
9646,,179-555-0167,
3988,,179-555-0174,
16037,,179-555-0174,
12733,179-555-0179,,
7721,,179-555-0197,
10352,,179-555-0198,
7889,180-555-0112,,
647,180-555-0114,,
16634,180-555-0128,,
12608,,180-555-0133,
19478,180-555-0135,,
101,180-555-0136,,
14537,180-555-0136,,
10881,180-555-0137,,
17002,,180-555-0137,
18467,,180-555-0147,
11075,,180-555-0148,
8064,,180-555-0155,
7683,,180-555-0159,
16420,180-555-0167,,
11681,,180-555-0173,
9114,,180-555-0185,
2842,180-555-0186,,
17104,,180-555-0189,
5440,180-555-0196,,
13540,,180-555-0197,
6986,,181-555-0113,
11662,181-555-0113,,
12906,181-555-0114,,
18413,181-555-0115,,
15941,,181-555-0117,
3383,,181-555-0119,
16208,181-555-0123,,
214,181-555-0124,,
10009,,181-555-0136,
7792,,181-555-0142,
2735,,181-555-0143,
7,,,181-555-0156
7886,181-555-0162,,
18706,,181-555-0162,
20550,,181-555-0184,
4690,181-555-0185,,
15912,181-555-0187,,
3104,,181-555-0198,
1770,,182-555-0100,
20362,182-555-0111,,
17010,,182-555-0115,
16944,,182-555-0117,
12042,182-555-0118,,
15132,182-555-0118,,
13025,,182-555-0119,
268,,,182-555-0134
7950,,182-555-0138,
17943,182-555-0138,,
12292,,182-555-0145,
2412,,182-555-0156,
15130,,182-555-0163,
19245,182-555-0166,,
5609,182-555-0167,,
11868,182-555-0176,,
6948,182-555-0178,,
8230,182-555-0192,,
11379,,182-555-0193,
19849,182-555-0195,,
11573,182-555-0198,,
2084,,,183-555-0100
2254,183-555-0100,,
1359,183-555-0111,,
10363,183-555-0114,,
9905,183-555-0117,,
19846,183-555-0118,,
17894,183-555-0120,,
2694,183-555-0122,,
6540,,183-555-0122,
11658,183-555-0126,,
3444,183-555-0132,,
16910,,183-555-0132,
15863,183-555-0136,,
4245,,183-555-0137,
4592,,183-555-0141,
11608,,183-555-0145,
4746,,183-555-0146,
19676,183-555-0148,,
11926,,183-555-0159,
20466,183-555-0160,,
6785,,183-555-0169,
9314,183-555-0169,,
9909,,183-555-0176,
13555,,183-555-0190,
11253,,183-555-0196,
4902,184-555-0111,,
12985,,184-555-0114,
2728,184-555-0115,,
2724,184-555-0116,,
7447,184-555-0120,,
15765,,184-555-0123,
19072,,184-555-0123,
9795,184-555-0138,,
12666,184-555-0142,,
8219,,184-555-0144,
13743,,184-555-0150,
15373,,184-555-0158,
3041,,184-555-0159,
4453,,184-555-0165,
19014,184-555-0169,,
1945,,,184-555-0187
11426,,184-555-0189,
1752,,185-555-0100,
18556,,185-555-0113,
17965,185-555-0117,,
3033,185-555-0119,,
3098,,185-555-0119,
12986,,185-555-0133,
7765,,185-555-0142,
7842,,185-555-0142,
17939,185-555-0143,,
10140,,185-555-0157,
12541,185-555-0163,,
4723,185-555-0165,,
282,,,185-555-0169
11085,185-555-0173,,
16336,185-555-0178,,
3567,,185-555-0180,
6668,185-555-0185,,
9,185-555-0186,,
851,,,185-555-0190
12047,,185-555-0194,
20310,185-555-0196,,
2121,,,186-555-0100
5676,,186-555-0112,
18292,186-555-0112,,
10045,186-555-0118,,
11093,186-555-0118,,
12086,,186-555-0118,
19516,186-555-0128,,
845,186-555-0135,,
4241,186-555-0144,,
7762,,186-555-0148,
12713,,186-555-0170,
12944,,186-555-0170,
20167,,186-555-0170,
16941,,186-555-0175,
2976,186-555-0182,,
6226,186-555-0185,,
13657,,186-555-0198,
1753,187-555-0100,,
5608,187-555-0111,,
13174,187-555-0111,,
9606,,187-555-0112,
19415,187-555-0113,,
13616,,187-555-0115,
3488,187-555-0120,,
18437,187-555-0120,,
20359,187-555-0121,,
7523,,187-555-0132,
3092,187-555-0139,,
9076,187-555-0139,,
13565,187-555-0148,,
17930,187-555-0148,,
14200,,187-555-0149,
8900,,187-555-0150,
12143,187-555-0152,,
2989,187-555-0156,,
11330,187-555-0156,,
20146,187-555-0159,,
2841,,187-555-0175,
11640,,187-555-0175,
16167,187-555-0177,,
18445,187-555-0180,,
3990,,187-555-0192,
2259,,,188-555-0100
2333,,,188-555-0100
2366,188-555-0100,,
18886,,188-555-0113,
8186,188-555-0114,,
14066,,188-555-0114,
6280,,188-555-0115,
19827,,188-555-0118,
3388,188-555-0123,,
5103,,188-555-0123,
10572,,188-555-0123,
3786,188-555-0134,,
20130,,188-555-0142,
18044,188-555-0144,,
13006,,188-555-0149,
777,,,188-555-0152
5912,188-555-0159,,
10787,188-555-0160,,
4097,188-555-0182,,
7367,,188-555-0186,
6613,189-555-0112,,
12408,189-555-0116,,
7693,,189-555-0119,
10946,189-555-0124,,
18152,189-555-0124,,
9357,189-555-0154,,
14861,189-555-0162,,
19476,189-555-0163,,
4894,,189-555-0168,
4671,,189-555-0173,
10154,189-555-0173,,
3781,189-555-0175,,
9738,189-555-0178,,
5173,,189-555-0188,
12735,189-555-0189,,
16021,189-555-0195,,
3271,,189-555-0198,
2169,190-555-0100,,
2224,,,190-555-0100
7531,,190-555-0110,
7795,190-555-0117,,
7373,190-555-0118,,
3949,190-555-0122,,
20668,190-555-0127,,
7272,,190-555-0134,
7277,190-555-0139,,
17259,190-555-0141,,
7856,,190-555-0142,
11886,190-555-0145,,
18095,190-555-0158,,
9494,190-555-0161,,
9816,190-555-0171,,
6062,190-555-0177,,
10104,190-555-0178,,
9053,190-555-0182,,
13742,190-555-0184,,
1119,190-555-0186,,
12425,,190-555-0190,
16676,,190-555-0193,
8969,,190-555-0196,
2203,191-555-0100,,
2212,191-555-0100,,
78,,,191-555-0112
9545,191-555-0114,,
6615,,191-555-0115,
11599,191-555-0115,,
13509,,191-555-0117,
18515,191-555-0138,,
11035,191-555-0143,,
18214,191-555-0143,,
7121,191-555-0146,,
1429,,,191-555-0151
11877,,191-555-0164,
19901,,191-555-0167,
11865,191-555-0172,,
2711,191-555-0178,,
901,,,191-555-0198
1747,,192-555-0100,
13460,192-555-0115,,
3804,,192-555-0118,
18841,,192-555-0119,
6499,192-555-0120,,
6398,192-555-0122,,
14735,,192-555-0128,
18080,,192-555-0129,
11991,,192-555-0131,
12012,192-555-0138,,
18438,192-555-0164,,
929,,,192-555-0173
3100,,192-555-0173,
18631,,192-555-0173,
12625,,192-555-0175,
5151,,192-555-0177,
16919,,192-555-0178,
19515,192-555-0182,,
20384,192-555-0199,,
1651,,,193-555-0100
1778,,193-555-0100,
2324,193-555-0100,,
13168,193-555-0113,,
625,193-555-0116,,
10169,193-555-0116,,
8164,,193-555-0123,
16920,,193-555-0125,
6324,193-555-0131,,
7104,,193-555-0135,
8214,193-555-0142,,
2757,193-555-0158,,
5515,,193-555-0161,
18876,193-555-0162,,
19107,193-555-0162,,
19299,,193-555-0175,
7030,,193-555-0178,
7183,,193-555-0183,
5197,193-555-0187,,
14180,,193-555-0189,
20505,193-555-0190,,
9009,,193-555-0194,
20392,,193-555-0199,
1744,194-555-0100,,
2066,,,194-555-0100
2085,194-555-0100,,
11910,,194-555-0113,
18383,194-555-0116,,
13569,194-555-0118,,
7334,,194-555-0127,
14954,194-555-0127,,
12135,194-555-0130,,
18792,194-555-0131,,
6442,,194-555-0143,
1077,194-555-0149,,
12015,194-555-0153,,
12878,,194-555-0163,
17498,,194-555-0165,
7134,194-555-0172,,
4855,,194-555-0175,
11705,194-555-0177,,
18863,194-555-0177,,
11673,194-555-0184,,
12318,,194-555-0187,
9057,,194-555-0199,
2006,,,195-555-0100
18318,,195-555-0113,
8867,,195-555-0117,
8942,,195-555-0118,
16005,,195-555-0123,
2940,,195-555-0129,
11800,195-555-0131,,
13651,195-555-0131,,
11899,,195-555-0135,
9964,,195-555-0145,
4339,195-555-0146,,
10871,,195-555-0147,
8194,,195-555-0150,
16217,,195-555-0150,
7926,,195-555-0153,
20469,195-555-0161,,
17676,195-555-0163,,
13582,,195-555-0180,
5853,195-555-0181,,
19056,195-555-0183,,
3502,195-555-0184,,
8205,,195-555-0190,
1315,195-555-0196,,
2062,,,196-555-0100
2229,196-555-0100,,
7584,,196-555-0111,
11278,196-555-0112,,
15039,,196-555-0114,
8564,196-555-0125,,
11918,196-555-0129,,
12342,,196-555-0130,
10183,,196-555-0135,
14064,196-555-0160,,
13576,196-555-0169,,
17368,196-555-0171,,
5453,196-555-0178,,
13737,,196-555-0183,
19310,196-555-0192,,
2717,196-555-0196,,
9990,196-555-0198,,
2136,,,197-555-0100
2241,197-555-0100,,
9131,,197-555-0110,
3937,,197-555-0113,
7203,,197-555-0115,
11549,197-555-0115,,
9482,197-555-0116,,
2656,,197-555-0118,
12641,197-555-0118,,
14432,,197-555-0118,
16621,197-555-0139,,
325,,,197-555-0143
7892,197-555-0160,,
8028,197-555-0160,,
14399,,197-555-0165,
4499,,197-555-0167,
17249,197-555-0167,,
20568,197-555-0170,,
10669,197-555-0175,,
5434,197-555-0199,,
1533,,,198-555-0100
17492,198-555-0112,,
14279,,198-555-0116,
7340,198-555-0118,,
16698,198-555-0118,,
5636,,198-555-0132,
12377,,198-555-0136,
13196,198-555-0136,,
13672,198-555-0136,,
20224,198-555-0152,,
7657,,198-555-0159,
4336,198-555-0172,,
10298,198-555-0187,,
10188,198-555-0189,,
13261,,198-555-0191,
13669,198-555-0197,,
2163,199-555-0100,,
16486,,199-555-0111,
11682,199-555-0114,,
10345,,199-555-0115,
74,,,199-555-0117
8338,199-555-0117,,
20699,,199-555-0126,
19053,,199-555-0128,
14003,199-555-0131,,
1133,,,199-555-0135
20758,199-555-0140,,
4361,,199-555-0147,
18879,,199-555-0147,
8495,,199-555-0157,
9805,,199-555-0158,
4133,,199-555-0159,
10162,199-555-0163,,
6714,199-555-0165,,
9670,,199-555-0166,
17549,199-555-0180,,
13514,,199-555-0186,
10533,,199-555-0195,
165,200-555-0112,,
15302,200-555-0116,,
156,200-555-0117,,
4707,200-555-0138,,
5914,200-555-0143,,
5234,,200-555-0144,
11323,200-555-0165,,
2463,,200-555-0168,
18497,,200-555-0184,
15743,,200-555-0190,
3424,,200-555-0198,
16064,200-555-0199,,
11406,201-555-0134,,
5066,,201-555-0146,
12755,,201-555-0147,
184,201-555-0163,,
9046,201-555-0164,,
15759,,201-555-0169,
7907,,201-555-0171,
7831,,201-555-0197,
2213,202-555-0100,,
14361,,202-555-0114,
3232,,202-555-0115,
3358,202-555-0116,,
19818,,202-555-0117,
19924,202-555-0124,,
9864,202-555-0125,,
14739,202-555-0149,,
53,202-555-0151,,
8103,202-555-0153,,
18040,,202-555-0153,
8732,,202-555-0156,
12587,,202-555-0164,
103,202-555-0187,,
14434,,202-555-0187,
2100,,,203-555-0100
8038,,203-555-0110,
10764,,203-555-0113,
8268,,203-555-0115,
13553,,203-555-0116,
15015,203-555-0116,,
9211,,203-555-0130,
20551,203-555-0137,,
7216,203-555-0154,,
5610,203-555-0156,,
13041,,203-555-0166,
84,,,203-555-0196
1763,204-555-0100,,
15428,,204-555-0112,
217,204-555-0115,,
14081,204-555-0116,,
5204,204-555-0126,,
16395,,204-555-0128,
7654,,204-555-0144,
13179,204-555-0153,,
2959,204-555-0163,,
1863,204-555-0189,,
10990,204-555-0194,,
5590,,205-555-0110,
12164,,205-555-0111,
14928,205-555-0111,,
4277,,205-555-0113,
3542,205-555-0115,,
4814,,205-555-0120,
219,205-555-0132,,
9588,205-555-0137,,
10823,205-555-0138,,
9700,,205-555-0169,
4063,205-555-0175,,
6658,,205-555-0184,
10531,205-555-0187,,
2041,206-555-0100,,
2065,206-555-0100,,
2379,,,206-555-0100
11944,206-555-0113,,
4070,206-555-0114,,
8202,206-555-0165,,
6469,206-555-0173,,
20204,,206-555-0177,
49,,,206-555-0180
707,206-555-0195,,
1647,,,207-555-0100
14471,207-555-0111,,
20368,,207-555-0114,
1183,,,207-555-0129
3879,207-555-0132,,
20522,207-555-0133,,
4644,207-555-0146,,
11749,,207-555-0146,
18914,,207-555-0158,
19585,,207-555-0158,
20514,,207-555-0166,
1475,207-555-0167,,
8476,207-555-0172,,
11223,,207-555-0183,
164,207-555-0192,,
2057,,,208-555-0100
15611,,208-555-0112,
38,208-555-0114,,
86,,,208-555-0114
16732,208-555-0130,,
4551,208-555-0134,,
17683,208-555-0135,,
7595,,208-555-0139,
10963,,208-555-0142,
5200,208-555-0143,,
20688,208-555-0145,,
11137,,208-555-0174,
13107,,208-555-0178,
6031,208-555-0186,,
13014,208-555-0193,,
1740,,209-555-0100,
18446,,209-555-0118,
3967,,209-555-0125,
8789,209-555-0125,,
7545,,209-555-0129,
5780,,209-555-0144,
9398,209-555-0173,,
11162,209-555-0173,,
12964,,209-555-0174,
14946,209-555-0183,,
1739,,210-555-0100,
18719,210-555-0110,,
13686,210-555-0123,,
20541,,210-555-0123,
15460,210-555-0130,,
10903,210-555-0153,,
7934,210-555-0162,,
12376,210-555-0164,,
3662,,210-555-0174,
250,,,210-555-0193
9337,,210-555-0193,
7322,,211-555-0110,
2922,211-555-0111,,
18096,,211-555-0112,
20009,211-555-0112,,
3257,,211-555-0113,
4024,211-555-0116,,
17432,211-555-0119,,
6855,,211-555-0131,
20411,211-555-0161,,
13937,211-555-0162,,
7937,211-555-0184,,
6594,212-555-0119,,
18385,,212-555-0121,
8187,212-555-0147,,
15781,212-555-0155,,
16955,212-555-0155,,
13878,212-555-0171,,
17624,,212-555-0171,
6449,212-555-0184,,
19041,,212-555-0186,
3,212-555-0187,,
7593,,212-555-0195,
9791,213-555-0111,,
14907,,213-555-0117,
19852,,213-555-0117,
3768,213-555-0147,,
15489,213-555-0154,,
9788,213-555-0169,,
4269,,213-555-0171,
16045,213-555-0189,,
2099,214-555-0100,,
5359,,214-555-0114,
6530,,214-555-0118,
10904,,214-555-0118,
7938,214-555-0119,,
1061,,,214-555-0145
7161,,214-555-0150,
1867,,,214-555-0170
6957,,214-555-0171,
16669,214-555-0174,,
14140,,214-555-0179,
6648,215-555-0113,,
12053,215-555-0122,,
10591,,215-555-0124,
8052,,215-555-0156,
16993,215-555-0172,,
1069,215-555-0197,,
3030,,216-555-0121,
1013,,,216-555-0122
12660,,216-555-0122,
14397,,216-555-0136,
4919,,216-555-0140,
10071,216-555-0141,,
20670,216-555-0146,,
6050,216-555-0178,,
6282,,216-555-0183,
4291,216-555-0199,,
13344,,217-555-0112,
12492,,217-555-0115,
2951,,217-555-0118,
3069,,217-555-0124,
10524,,217-555-0137,
18668,217-555-0147,,
10515,217-555-0152,,
8767,,217-555-0158,
14668,,217-555-0158,
18969,,217-555-0162,
15862,,217-555-0168,
11443,,217-555-0170,
4897,217-555-0178,,
2040,,,218-555-0100
14489,218-555-0110,,
2827,218-555-0114,,
181,,,218-555-0126
9298,218-555-0127,,
19606,218-555-0141,,
4465,218-555-0142,,
7697,,218-555-0142,
18707,,218-555-0143,
13546,218-555-0176,,
3874,,218-555-0189,
5750,,219-555-0111,
18750,,219-555-0118,
771,219-555-0126,,
4586,,219-555-0142,
2873,,219-555-0146,
13450,219-555-0162,,
13465,219-555-0166,,
4819,,219-555-0196,
16152,220-555-0114,,
20344,220-555-0118,,
10997,220-555-0124,,
17699,220-555-0128,,
9806,220-555-0129,,
18010,,220-555-0132,
18861,,220-555-0158,
5105,220-555-0193,,
19765,,220-555-0196,
2068,,,221-555-0100
8763,,221-555-0110,
19553,221-555-0137,,
701,,,221-555-0141
4092,221-555-0148,,
3666,221-555-0166,,
385,221-555-0167,,
17709,221-555-0175,,
2118,,,222-555-0100
13103,,222-555-0115,
16039,222-555-0116,,
16742,,222-555-0119,
6417,,222-555-0131,
18399,222-555-0131,,
14173,,222-555-0139,
5376,222-555-0147,,
16447,222-555-0149,,
5989,,222-555-0153,
14768,,222-555-0195,
15092,222-555-0198,,
3682,,223-555-0146,
14111,,223-555-0156,
17677,,223-555-0161,
20534,,223-555-0162,
671,223-555-0184,,
14840,,223-555-0187,
7716,223-555-0195,,
2219,224-555-0100,,
13187,,224-555-0112,
17815,,224-555-0112,
7816,224-555-0119,,
6275,,224-555-0124,
1187,,,224-555-0126
77,,,224-555-0187
16618,,224-555-0191,
14328,225-555-0119,,
17863,,225-555-0119,
8667,,225-555-0121,
6402,,225-555-0129,
16933,,225-555-0129,
7510,,225-555-0150,
16467,225-555-0159,,
17203,225-555-0175,,
12710,,225-555-0182,
13963,225-555-0182,,
1815,,,226-555-0110
7993,,226-555-0110,
18900,,226-555-0111,
18892,,226-555-0113,
5768,,226-555-0116,
9323,,226-555-0117,
20161,226-555-0117,,
12236,,226-555-0120,
19794,226-555-0120,,
16593,,226-555-0124,
6004,226-555-0127,,
16267,,226-555-0143,
369,226-555-0146,,
6698,,226-555-0146,
3235,226-555-0149,,
3871,,226-555-0167,
14319,,226-555-0181,
6231,,226-555-0182,
14543,,226-555-0191,
154,,,226-555-0197
1711,227-555-0100,,
3071,,227-555-0110,
20417,,227-555-0134,
6081,,227-555-0138,
13240,,227-555-0158,
17856,,227-555-0165,
13716,227-555-0182,,
15618,227-555-0199,,
7434,228-555-0115,,
9829,228-555-0123,,
10519,,228-555-0137,
15877,,228-555-0141,
18232,,228-555-0143,
16308,228-555-0146,,
231,228-555-0159,,
17923,,228-555-0178,
16629,,228-555-0179,
13879,,228-555-0183,
15675,,228-555-0183,
19254,,228-555-0193,
18480,,228-555-0196,
11014,,229-555-0112,
515,,,229-555-0114
13628,,229-555-0114,
18822,229-555-0129,,
14456,229-555-0150,,
9926,229-555-0180,,
5700,,229-555-0184,
3785,229-555-0188,,
9412,,229-555-0196,
1785,230-555-0100,,
2294,230-555-0100,,
16798,230-555-0112,,
19556,230-555-0113,,
14523,,230-555-0120,
5563,230-555-0124,,
19376,230-555-0139,,
255,230-555-0144,,
6055,,230-555-0144,
17294,,230-555-0146,
9538,,230-555-0150,
12325,230-555-0155,,
15682,,230-555-0157,
18789,,230-555-0162,
1175,230-555-0164,,
7512,230-555-0175,,
9674,,230-555-0178,
19470,,230-555-0189,
9196,230-555-0191,,
5550,,230-555-0192,
11345,,230-555-0193,
6026,,231-555-0113,
13529,231-555-0123,,
15505,231-555-0123,,
3021,231-555-0134,,
11724,231-555-0138,,
16560,231-555-0144,,
11853,231-555-0147,,
2911,,231-555-0156,
3251,231-555-0159,,
8420,231-555-0163,,
6762,,231-555-0168,
2063,,,232-555-0100
2107,,,232-555-0100
10346,,232-555-0111,
8610,,232-555-0114,
3393,232-555-0117,,
18132,,232-555-0155,
5738,,232-555-0158,
5409,,232-555-0160,
19039,232-555-0161,,
10489,,232-555-0176,
3585,232-555-0179,,
3616,232-555-0182,,
9793,233-555-0114,,
9542,,233-555-0116,
13415,233-555-0116,,
8137,,233-555-0131,
3693,233-555-0137,,
20407,233-555-0146,,
15332,,233-555-0153,
8059,,233-555-0160,
15852,,233-555-0162,
18171,233-555-0162,,
13899,233-555-0168,,
7239,233-555-0183,,
6809,233-555-0188,,
5411,233-555-0198,,
389,,,234-555-0112
5087,234-555-0118,,
4929,234-555-0119,,
20533,234-555-0149,,
18960,,234-555-0154,
11952,,234-555-0164,
172,234-555-0169,,
16417,234-555-0170,,
3807,234-555-0183,,
3057,234-555-0189,,
1519,,,235-555-0100
10081,235-555-0114,,
18589,235-555-0118,,
10300,235-555-0126,,
4250,235-555-0137,,
5656,,235-555-0178,
6776,,235-555-0196,
1455,235-555-0199,,
5192,,236-555-0115,
20508,236-555-0137,,
3479,,236-555-0139,
8823,236-555-0145,,
3068,236-555-0147,,
8952,236-555-0152,,
6670,236-555-0154,,
3433,236-555-0166,,
19256,,236-555-0183,
20728,236-555-0184,,
9193,236-555-0189,,
19908,,236-555-0198,
20256,,237-555-0112,
13826,,237-555-0115,
63,237-555-0128,,
12629,,237-555-0130,
20419,,237-555-0151,
9694,,237-555-0161,
8282,237-555-0166,,
6106,,237-555-0170,
8061,237-555-0173,,
3958,237-555-0174,,
18192,,237-555-0184,
17169,,237-555-0192,
17640,,237-555-0193,
11309,237-555-0198,,
1699,,238-555-0100,
17212,238-555-0112,,
130,,,238-555-0116
2692,,238-555-0116,
18765,,238-555-0117,
5620,238-555-0127,,
4229,238-555-0128,,
8465,,238-555-0129,
12296,,238-555-0129,
11598,238-555-0140,,
11582,,238-555-0141,
1855,,,238-555-0163
1871,238-555-0165,,
3049,,238-555-0168,
7692,238-555-0168,,
2438,238-555-0175,,
15838,238-555-0177,,
8542,238-555-0185,,
13473,,238-555-0185,
274,238-555-0197,,
2049,,,239-555-0100
17107,,239-555-0122,
4628,239-555-0129,,
19557,,239-555-0133,
2406,,239-555-0137,
5450,239-555-0151,,
16812,,239-555-0151,
13055,239-555-0156,,
9943,,239-555-0158,
10160,239-555-0185,,
9385,,239-555-0194,
1487,239-555-0198,,
1529,240-555-0100,,
2079,240-555-0100,,
6237,,240-555-0110,
10656,,240-555-0117,
2999,240-555-0134,,
13265,,240-555-0142,
19399,,240-555-0145,
14899,240-555-0147,,
6726,,240-555-0151,
5899,240-555-0159,,
5995,240-555-0173,,
13880,,240-555-0189,
2019,,,241-555-0100
2293,241-555-0100,,
405,241-555-0112,,
2949,241-555-0125,,
17430,,241-555-0129,
18807,241-555-0136,,
3000,,241-555-0141,
4179,241-555-0163,,
6812,241-555-0163,,
3970,,241-555-0174,
20197,241-555-0183,,
173,241-555-0191,,
9658,,242-555-0111,
16412,242-555-0116,,
16783,242-555-0127,,
19276,,242-555-0137,
13140,242-555-0153,,
3414,242-555-0176,,
653,242-555-0181,,
5752,242-555-0183,,
3677,,242-555-0193,
3470,,242-555-0195,
13411,243-555-0114,,
13520,243-555-0117,,
5569,,243-555-0128,
17182,,243-555-0132,
5904,243-555-0137,,
18648,,243-555-0142,
18877,243-555-0153,,
2772,243-555-0161,,
6163,,243-555-0174,
4577,243-555-0193,,
2193,244-555-0100,,
2289,244-555-0100,,
643,244-555-0112,,
12381,,244-555-0113,
20429,,244-555-0113,
1237,244-555-0115,,
19751,,244-555-0116,
11257,244-555-0121,,
1001,244-555-0127,,
17881,244-555-0136,,
3718,244-555-0142,,
3657,244-555-0169,,
15880,,244-555-0188,
12330,245-555-0112,,
13493,245-555-0114,,
14963,,245-555-0124,
8058,,245-555-0135,
11764,245-555-0149,,
6249,245-555-0172,,
933,245-555-0173,,
7608,245-555-0181,,
1375,,,245-555-0191
18357,,245-555-0195,
1877,246-555-0110,,
6970,,246-555-0114,
5705,246-555-0115,,
4372,,246-555-0119,
12405,,246-555-0133,
19805,246-555-0144,,
15496,,246-555-0148,
5476,246-555-0155,,
6240,,246-555-0175,
10032,246-555-0179,,
7359,246-555-0191,,
2202,247-555-0100,,
18911,,247-555-0112,
3668,,247-555-0113,
17177,,247-555-0120,
3889,247-555-0133,,
15795,,247-555-0137,
3834,,247-555-0143,
3842,247-555-0191,,
1889,247-555-0197,,
4424,248-555-0114,,
4014,,248-555-0127,
20353,248-555-0127,,
2561,248-555-0133,,
249,,,248-555-0134
8221,248-555-0136,,
15985,,248-555-0138,
20760,,248-555-0151,
8032,248-555-0154,,
20561,,248-555-0168,
6909,,248-555-0171,
5641,248-555-0172,,
9914,,248-555-0180,
18915,248-555-0183,,
2092,249-555-0100,,
11297,,249-555-0113,
10472,249-555-0116,,
10511,249-555-0119,,
13511,249-555-0123,,
1459,,,249-555-0124
4457,249-555-0126,,
16859,249-555-0135,,
6979,249-555-0138,,
16211,249-555-0139,,
20569,,249-555-0145,
13064,,249-555-0155,
11632,249-555-0169,,
559,,,249-555-0172
1227,249-555-0179,,
5276,,249-555-0189,
5976,,250-555-0110,
19811,,250-555-0113,
6063,,250-555-0115,
3195,,250-555-0118,
4705,,250-555-0122,
14821,250-555-0123,,
709,250-555-0127,,
13749,250-555-0134,,
13714,,250-555-0138,
4635,,250-555-0141,
16970,250-555-0172,,
18840,250-555-0184,,
13405,,250-555-0197,
18948,251-555-0115,,
10398,251-555-0119,,
9590,,251-555-0127,
4525,,251-555-0135,
14591,251-555-0141,,
18361,251-555-0144,,
11484,,251-555-0153,
579,251-555-0172,,
16863,,251-555-0175,
14490,,251-555-0199,
871,252-555-0127,,
10510,252-555-0155,,
19739,,252-555-0158,
7483,252-555-0172,,
17573,252-555-0173,,
14463,,252-555-0175,
2996,252-555-0177,,
16605,,252-555-0182,
20205,253-555-0112,,
13929,,253-555-0128,
20293,253-555-0132,,
19879,,253-555-0162,
17193,253-555-0173,,
8540,,253-555-0185,
14614,,253-555-0188,
106,,,254-555-0114
16082,,254-555-0119,
3159,,254-555-0126,
12270,,254-555-0139,
8212,,254-555-0148,
7341,,254-555-0154,
11791,254-555-0158,,
17634,,254-555-0158,
15032,254-555-0175,,
20468,,254-555-0176,
4302,,254-555-0194,
9928,,255-555-0127,
3935,255-555-0148,,
6709,,255-555-0162,
17183,,255-555-0175,
11713,255-555-0183,,
4974,,256-555-0111,
8173,256-555-0121,,
9495,,256-555-0121,
8929,,256-555-0125,
19509,,256-555-0139,
15704,,256-555-0143,
15664,256-555-0148,,
13974,256-555-0155,,
10364,,256-555-0180,
6267,,256-555-0186,
17521,,257-555-0112,
4891,257-555-0115,,
9775,257-555-0115,,
417,,,257-555-0119
8020,257-555-0122,,
20323,,257-555-0128,
4560,,257-555-0130,
9144,257-555-0139,,
20084,257-555-0139,,
20509,,257-555-0141,
6868,,257-555-0150,
275,257-555-0154,,
9250,,257-555-0161,
3892,257-555-0167,,
9351,257-555-0188,,
18964,,257-555-0199,
7279,,258-555-0111,
5996,,258-555-0112,
13133,,258-555-0117,
12640,,258-555-0127,
4434,,258-555-0128,
14680,258-555-0133,,
15121,,258-555-0135,
12111,,258-555-0137,
19198,258-555-0151,,
5632,,258-555-0153,
5757,258-555-0160,,
12220,,258-555-0167,
17508,,258-555-0177,
6902,258-555-0193,,
19654,,259-555-0112,
3026,,259-555-0114,
6140,259-555-0116,,
18345,,259-555-0126,
3341,,259-555-0129,
7699,259-555-0132,,
9095,,259-555-0135,
19934,,259-555-0148,
7527,259-555-0150,,
12806,259-555-0150,,
11723,259-555-0163,,
18581,,259-555-0179,
5630,,259-555-0181,
13295,259-555-0181,,
7029,259-555-0187,,
18786,259-555-0196,,
7936,259-555-0199,,
9007,,260-555-0117,
134,260-555-0119,,
18733,,260-555-0126,
1357,260-555-0130,,
14000,260-555-0137,,
12364,,260-555-0138,
9484,260-555-0145,,
7169,260-555-0148,,
17173,260-555-0159,,
14091,260-555-0165,,
19309,,260-555-0173,
4915,260-555-0183,,
15018,261-555-0116,,
3161,261-555-0118,,
9833,261-555-0118,,
12820,,261-555-0142,
5159,261-555-0150,,
3442,261-555-0151,,
8722,261-555-0178,,
18267,261-555-0184,,
11149,261-555-0195,,
5132,,262-555-0112,
19693,,262-555-0119,
7847,262-555-0128,,
17953,,262-555-0132,
16937,262-555-0138,,
16357,262-555-0139,,
20004,,262-555-0170,
3736,,262-555-0173,
15439,,262-555-0179,
2300,263-555-0100,,
16212,263-555-0110,,
20510,263-555-0116,,
14524,263-555-0144,,
8044,,263-555-0147,
8081,263-555-0151,,
16413,,263-555-0158,
12327,,263-555-0164,
12799,,263-555-0185,
8935,,264-555-0125,
11490,264-555-0128,,
17057,,264-555-0131,
487,,,264-555-0143
54,,,264-555-0150
9440,264-555-0157,,
685,,,264-555-0164
12796,,264-555-0199,
10811,,265-555-0110,
16436,,265-555-0124,
11946,,265-555-0129,
8324,265-555-0132,,
1969,,,265-555-0143
15391,265-555-0154,,
13671,,265-555-0159,
16708,,265-555-0163,
11046,265-555-0181,,
1267,,,265-555-0190
257,,,265-555-0195
5604,,266-555-0110,
7727,266-555-0112,,
7587,266-555-0115,,
4905,266-555-0118,,
11617,266-555-0162,,
9802,266-555-0176,,
11398,,266-555-0183,
13201,,267-555-0111,
17171,267-555-0111,,
9359,,267-555-0113,
4842,267-555-0115,,
16381,,267-555-0140,
18168,267-555-0140,,
6828,267-555-0148,,
11294,,267-555-0176,
9433,267-555-0195,,
7086,,268-555-0160,
633,,,268-555-0184
18770,268-555-0188,,
17757,268-555-0189,,
1545,269-555-0100,,
14358,,269-555-0120,
19020,,269-555-0123,
5881,269-555-0133,,
12435,,269-555-0152,
18666,269-555-0153,,
12886,269-555-0191,,
2137,270-555-0100,,
4489,270-555-0111,,
6255,270-555-0123,,
7087,,270-555-0131,
3055,270-555-0140,,
14460,270-555-0144,,
10233,,270-555-0150,
3070,270-555-0169,,
18896,,270-555-0189,
17405,,270-555-0191,
16921,271-555-0115,,
10060,,271-555-0116,
11146,,271-555-0116,
15459,271-555-0118,,
6197,,271-555-0119,
9772,,271-555-0125,
19664,271-555-0127,,
12480,271-555-0131,,
16458,271-555-0138,,
8300,,271-555-0142,
10236,,271-555-0149,
11139,,271-555-0151,
9383,271-555-0158,,
18834,271-555-0176,,
8248,,271-555-0187,
5941,,271-555-0191,
12616,,271-555-0194,
6975,272-555-0110,,
12176,272-555-0111,,
13139,272-555-0117,,
895,,,272-555-0123
1051,,,272-555-0126
15982,,272-555-0141,
18571,,272-555-0172,
9477,,272-555-0181,
14901,272-555-0189,,
8118,,272-555-0191,
7299,,272-555-0199,
1491,273-555-0100,,
2222,,,273-555-0100
1885,,,273-555-0111
10685,273-555-0112,,
2932,273-555-0114,,
4578,273-555-0115,,
6807,273-555-0123,,
5315,273-555-0126,,
7266,273-555-0127,,
5516,273-555-0153,,
7033,273-555-0159,,
2852,273-555-0161,,
7800,,273-555-0175,
693,273-555-0181,,
1755,274-555-0100,,
2280,274-555-0100,,
16845,274-555-0116,,
12927,274-555-0118,,
3531,274-555-0128,,
14825,,274-555-0130,
5238,,274-555-0149,
5385,,274-555-0163,
13979,274-555-0175,,
9236,,274-555-0177,
4553,,274-555-0181,
7602,,274-555-0189,
20024,274-555-0190,,
1567,275-555-0100,,
15280,,275-555-0119,
7342,,275-555-0122,
10627,275-555-0123,,
9662,275-555-0132,,
9550,,275-555-0158,
11961,,275-555-0165,
1217,275-555-0179,,
13093,,275-555-0184,
3629,,275-555-0186,
14744,275-555-0195,,
2177,,,276-555-0100
16539,,276-555-0112,
18377,,276-555-0113,
15848,,276-555-0114,
12025,,276-555-0131,
12769,,276-555-0133,
20315,276-555-0136,,
18294,276-555-0137,,
3767,276-555-0138,,
15086,276-555-0144,,
8117,276-555-0149,,
8444,,276-555-0157,
9803,,276-555-0163,
18407,,276-555-0179,
19250,276-555-0184,,
14863,,276-555-0188,
15368,,277-555-0113,
13099,277-555-0119,,
5284,277-555-0122,,
14584,277-555-0124,,
7578,,277-555-0144,
9464,,277-555-0153,
14042,277-555-0153,,
2828,277-555-0156,,
437,277-555-0169,,
2699,277-555-0173,,
1939,277-555-0182,,
6227,,277-555-0186,
18521,,277-555-0194,
16911,278-555-0110,,
45,278-555-0118,,
4673,278-555-0140,,
7265,,278-555-0150,
19658,278-555-0159,,
6872,278-555-0174,,
17406,,278-555-0177,
10648,,278-555-0179,
2817,,278-555-0183,
3076,,278-555-0183,
3510,,278-555-0186,
14605,,278-555-0194,
17938,278-555-0197,,
2290,,,279-555-0100
641,279-555-0130,,
13155,,279-555-0138,
8424,279-555-0140,,
14807,279-555-0143,,
7822,279-555-0196,,
17880,,280-555-0123,
477,280-555-0124,,
8311,,280-555-0149,
18174,280-555-0153,,
6243,,280-555-0155,
9288,,280-555-0162,
5184,280-555-0163,,
9316,,280-555-0166,
15238,280-555-0183,,
12644,,281-555-0114,
3016,,281-555-0144,
11463,,281-555-0154,
7480,,281-555-0170,
2004,,,282-555-0100
9581,282-555-0119,,
19464,282-555-0121,,
15002,282-555-0154,,
5067,282-555-0167,,
17861,282-555-0179,,
15978,,282-555-0185,
1782,283-555-0100,,
5754,,283-555-0130,
11241,283-555-0130,,
12269,,283-555-0135,
8660,,283-555-0142,
4938,,283-555-0179,
104,,,283-555-0185
9797,283-555-0196,,
1769,284-555-0100,,
17198,,284-555-0113,
3132,,284-555-0125,
15159,284-555-0134,,
12479,,284-555-0143,
13243,,284-555-0145,
15778,,284-555-0150,
6141,,284-555-0154,
20409,284-555-0163,,
1337,284-555-0185,,
6465,284-555-0198,,
2262,,,285-555-0100
18326,285-555-0110,,
10553,285-555-0113,,
12905,,285-555-0116,
7175,,285-555-0118,
15388,,285-555-0118,
18051,285-555-0123,,
4220,,285-555-0134,
5658,,285-555-0139,
10336,,285-555-0164,
17408,,285-555-0177,
5846,285-555-0183,,
14661,,285-555-0189,
7883,,286-555-0111,
20037,,286-555-0114,
6938,,286-555-0116,
13888,,286-555-0117,
9469,286-555-0118,,
10444,,286-555-0119,
19393,286-555-0132,,
9192,,286-555-0133,
19890,,286-555-0142,
9478,,286-555-0153,
4539,286-555-0164,,
9271,286-555-0187,,
187,,,286-555-0189
2884,287-555-0110,,
3019,287-555-0113,,
19023,287-555-0119,,
9789,287-555-0135,,
6298,,287-555-0142,
16776,,287-555-0168,
19017,287-555-0169,,
14771,287-555-0197,,
1573,,,288-555-0100
1756,288-555-0100,,
13717,288-555-0116,,
10688,,288-555-0157,
12695,288-555-0158,,
17458,,288-555-0173,
3680,288-555-0189,,
2596,,289-555-0111,
15435,,289-555-0116,
16778,289-555-0121,,
14811,289-555-0123,,
16873,,289-555-0149,
6641,,289-555-0163,
18368,289-555-0172,,
18608,289-555-0172,,
15909,,289-555-0184,
205,289-555-0196,,
9251,290-555-0113,,
7158,290-555-0117,,
5135,290-555-0119,,
2864,290-555-0125,,
12679,,290-555-0134,
4117,290-555-0145,,
18558,,290-555-0179,
1275,290-555-0196,,
20287,291-555-0118,,
3565,291-555-0119,,
15588,,291-555-0126,
15582,,291-555-0134,
17185,,291-555-0140,
11803,291-555-0145,,
10604,291-555-0161,,
11852,291-555-0163,,
5447,,291-555-0166,
10681,,291-555-0169,
18430,291-555-0169,,
12166,,291-555-0174,
14542,291-555-0184,,
20076,291-555-0190,,
19768,292-555-0117,,
15043,292-555-0118,,
9536,292-555-0119,,
10177,292-555-0126,,
719,292-555-0128,,
19599,292-555-0130,,
15741,,292-555-0132,
8120,,292-555-0135,
3194,292-555-0140,,
13434,,292-555-0140,
13162,292-555-0142,,
6397,292-555-0156,,
17793,,292-555-0158,
7793,,292-555-0170,
5809,,292-555-0173,
7397,292-555-0183,,
3364,,292-555-0186,
11079,292-555-0191,,
11955,,292-555-0192,
6755,,292-555-0195,
9749,293-555-0112,,
12331,293-555-0112,,
7380,293-555-0134,,
17651,293-555-0136,,
10629,293-555-0141,,
17343,,293-555-0147,
3074,293-555-0151,,
13566,,293-555-0151,
10658,293-555-0155,,
12146,293-555-0179,,
8686,,293-555-0184,
16180,293-555-0189,,
2350,,,294-555-0100
14123,,294-555-0111,
3602,294-555-0113,,
12314,,294-555-0150,
18371,,294-555-0151,
15517,,294-555-0154,
13785,294-555-0180,,
5555,294-555-0181,,
9296,295-555-0110,,
5296,,295-555-0116,
6577,295-555-0128,,
5680,,295-555-0132,
16245,295-555-0142,,
9940,295-555-0145,,
3726,295-555-0147,,
92,,,295-555-0161
229,295-555-0161,,
5977,295-555-0171,,
18535,,295-555-0171,
2196,,,296-555-0100
2246,296-555-0100,,
20223,,296-555-0110,
5557,,296-555-0115,
150,296-555-0121,,
9505,296-555-0123,,
19744,,296-555-0134,
17127,296-555-0140,,
7675,296-555-0164,,
1309,,,296-555-0171
12802,296-555-0171,,
8443,296-555-0174,,
6871,,296-555-0176,
17201,296-555-0176,,
5960,,296-555-0181,
11185,296-555-0186,,
11003,296-555-0190,,
15510,297-555-0123,,
10153,,297-555-0131,
18694,,297-555-0139,
3301,,297-555-0143,
17469,297-555-0143,,
14360,,297-555-0150,
4015,297-555-0169,,
20372,,297-555-0169,
1493,298-555-0100,,
2182,,,298-555-0100
9971,298-555-0117,,
13245,,298-555-0123,
3956,,298-555-0129,
14365,,298-555-0134,
8193,,298-555-0145,
6328,,298-555-0161,
18995,298-555-0196,,
20624,,299-555-0110,
110,,,299-555-0113
3406,,299-555-0126,
15169,299-555-0129,,
7293,,299-555-0161,
19551,,299-555-0163,
13834,,299-555-0164,
8049,,299-555-0171,
9977,299-555-0175,,
7644,299-555-0187,,
14653,299-555-0194,,
5413,300-555-0115,,
4823,,300-555-0118,
5311,,300-555-0119,
10377,,300-555-0119,
12251,,300-555-0122,
19110,,300-555-0144,
7959,300-555-0149,,
10262,300-555-0150,,
13296,300-555-0158,,
14249,,300-555-0170,
2055,301-555-0100,,
12223,,301-555-0111,
4183,,301-555-0113,
13337,,301-555-0114,
18772,301-555-0115,,
663,301-555-0128,,
15700,,301-555-0135,
9993,,301-555-0157,
12155,301-555-0163,,
16298,,301-555-0163,
20041,301-555-0176,,
14762,,301-555-0179,
7048,,301-555-0188,
18763,,301-555-0197,
2046,,,302-555-0100
16719,,302-555-0110,
19911,302-555-0112,,
20696,302-555-0112,,
10593,302-555-0114,,
6766,302-555-0121,,
17244,302-555-0121,,
11057,302-555-0133,,
2626,,302-555-0184,
4344,302-555-0194,,
9942,302-555-0198,,
13626,,303-555-0111,
1191,303-555-0117,,
4409,,303-555-0145,
18476,303-555-0180,,
4804,,303-555-0198,
13864,,304-555-0141,
8577,304-555-0157,,
18336,304-555-0181,,
2031,305-555-0100,,
2056,305-555-0100,,
9161,305-555-0120,,
3688,,305-555-0128,
9853,305-555-0149,,
17530,305-555-0153,,
3864,,305-555-0157,
4608,305-555-0179,,
20432,305-555-0182,,
4860,305-555-0189,,
13570,,305-555-0196,
4504,305-555-0198,,
3332,,305-555-0199,
2064,,,306-555-0100
2303,306-555-0100,,
10961,306-555-0110,,
1835,306-555-0112,,
19841,,306-555-0119,
10238,,306-555-0122,
6584,,306-555-0130,
18732,,306-555-0141,
11774,306-555-0142,,
5512,306-555-0143,,
12022,306-555-0159,,
3676,,306-555-0162,
1293,306-555-0166,,
9907,,306-555-0179,
15370,,306-555-0183,
16320,306-555-0183,,
142,306-555-0186,,
18913,307-555-0113,,
11479,,307-555-0124,
5640,,307-555-0136,
12649,,307-555-0166,
12657,,307-555-0166,
16521,,307-555-0171,
12913,,307-555-0173,
18779,,307-555-0182,
11921,,307-555-0183,
12508,307-555-0199,,
7660,308-555-0112,,
10680,308-555-0116,,
17390,308-555-0116,,
19366,,308-555-0132,
5868,308-555-0168,,
1931,308-555-0175,,
6969,,308-555-0179,
5076,,308-555-0185,
8411,308-555-0187,,
9077,309-555-0111,,
14882,,309-555-0116,
124,,,309-555-0129
13896,,309-555-0129,
15656,,309-555-0152,
3732,,309-555-0161,
251,,,309-555-0170
13151,,309-555-0192,
2372,310-555-0100,,
8238,,310-555-0113,
204,,,310-555-0117
12703,,310-555-0119,
266,,,310-555-0133
17671,310-555-0158,,
7915,310-555-0159,,
17590,310-555-0163,,
10865,,310-555-0179,
5181,310-555-0191,,
8377,311-555-0111,,
16383,311-555-0117,,
13233,311-555-0136,,
3780,,311-555-0145,
7366,,311-555-0181,
17214,,311-555-0184,
14183,,312-555-0112,
12943,,312-555-0125,
15995,,312-555-0136,
14604,312-555-0147,,
17067,312-555-0147,,
11763,312-555-0162,,
17966,,312-555-0162,
20305,312-555-0187,,
13266,312-555-0195,,
1721,313-555-0100,,
2375,313-555-0100,,
17152,313-555-0112,,
13869,313-555-0114,,
9697,313-555-0116,,
13171,,313-555-0148,
13757,,313-555-0148,
15538,,313-555-0165,
13074,,313-555-0179,
13952,,313-555-0183,
6674,,313-555-0193,
226,313-555-0196,,
1527,314-555-0100,,
2078,,,314-555-0100
2291,,,314-555-0100
32,314-555-0113,,
19406,,314-555-0117,
10203,314-555-0118,,
5142,,314-555-0132,
17664,314-555-0135,,
16376,,314-555-0153,
11930,,314-555-0155,
15683,,314-555-0167,
8123,314-555-0174,,
2816,,314-555-0177,
11777,314-555-0182,,
12594,314-555-0183,,
8310,314-555-0185,,
13518,314-555-0193,,
1497,,,315-555-0100
19312,315-555-0113,,
17416,,315-555-0121,
10015,,315-555-0122,
1823,315-555-0131,,
6445,,315-555-0143,
37,315-555-0144,,
567,315-555-0166,,
16683,,315-555-0175,
13548,,315-555-0187,
9844,,316-555-0111,
11471,316-555-0115,,
8811,,316-555-0117,
17949,,316-555-0117,
20716,316-555-0130,,
18588,,316-555-0133,
1321,316-555-0138,,
3649,,316-555-0152,
10662,316-555-0185,,
1661,317-555-0100,,
2027,317-555-0100,,
5795,317-555-0116,,
16072,,317-555-0119,
20180,317-555-0120,,
17621,,317-555-0125,
5007,,317-555-0129,
10228,317-555-0135,,
17106,,317-555-0150,
13706,,317-555-0155,
19093,,317-555-0156,
1917,,,317-555-0163
9732,318-555-0114,,
6165,,318-555-0116,
10913,,318-555-0118,
9244,,318-555-0120,
13939,,318-555-0134,
96,318-555-0137,,
8603,,318-555-0161,
10534,318-555-0161,,
5587,318-555-0167,,
11087,,318-555-0180,
12627,318-555-0180,,
15736,319-555-0114,,
12722,319-555-0115,,
210,319-555-0126,,
14105,319-555-0137,,
153,,,319-555-0139
6318,319-555-0148,,
10552,,319-555-0160,
3529,319-555-0171,,
19259,319-555-0183,,
7152,,319-555-0193,
15570,320-555-0121,,
1171,,,320-555-0134
10096,,320-555-0155,
10828,320-555-0187,,
28,,,320-555-0195
1507,,,321-555-0100
2021,321-555-0100,,
11397,321-555-0111,,
20706,,321-555-0111,
6933,,321-555-0114,
11069,,321-555-0114,
6940,321-555-0115,,
14877,,321-555-0115,
17313,321-555-0126,,
17380,321-555-0139,,
11244,,321-555-0140,
11070,,321-555-0157,
17981,321-555-0158,,
2813,321-555-0162,,
15083,321-555-0165,,
7490,,321-555-0166,
15458,,321-555-0168,
8042,,321-555-0171,
3186,321-555-0174,,
15484,,321-555-0174,
6732,321-555-0185,,
7331,321-555-0186,,
5308,,321-555-0190,
9737,,322-555-0110,
5808,,322-555-0111,
14929,,322-555-0132,
9522,322-555-0172,,
3976,322-555-0174,,
7641,322-555-0180,,
19527,,322-555-0180,
4343,,322-555-0183,
3345,,322-555-0185,
13283,,322-555-0195,
1837,,,323-555-0113
11595,,323-555-0116,
3280,323-555-0119,,
18388,,323-555-0126,
15523,323-555-0128,,
18301,323-555-0138,,
6847,,323-555-0140,
13959,323-555-0149,,
8239,323-555-0151,,
5595,323-555-0159,,
19762,323-555-0162,,
4497,323-555-0179,,
10857,323-555-0195,,
2342,,,324-555-0100
8526,,324-555-0129,
18712,324-555-0135,,
14231,,324-555-0137,
19990,,324-555-0137,
6103,324-555-0153,,
6124,324-555-0171,,
4640,324-555-0182,,
2009,325-555-0100,,
5612,,325-555-0127,
11020,325-555-0134,,
213,,,325-555-0137
5414,325-555-0145,,
14588,,325-555-0146,
13931,325-555-0175,,
12016,325-555-0186,,
12023,,325-555-0196,
1705,,326-555-0100,
1771,326-555-0100,,
16455,,326-555-0114,
8873,326-555-0119,,
12252,326-555-0120,,
2944,,326-555-0144,
16317,,326-555-0152,
4413,326-555-0171,,
10212,326-555-0172,,
19612,,326-555-0182,
8948,326-555-0194,,
18934,,326-555-0196,
2039,,,327-555-0100
6408,327-555-0114,,
8514,,327-555-0116,
13846,,327-555-0132,
14334,327-555-0133,,
359,327-555-0148,,
9698,327-555-0157,,
7967,327-555-0159,,
3859,327-555-0191,,
18441,327-555-0193,,
8327,328-555-0112,,
8649,328-555-0112,,
13874,,328-555-0115,
14804,,328-555-0119,
1807,328-555-0123,,
3039,,328-555-0124,
3344,328-555-0139,,
8647,328-555-0144,,
52,328-555-0150,,
11796,,328-555-0157,
4729,328-555-0164,,
19226,328-555-0176,,
9411,328-555-0180,,
1909,,,328-555-0192
1695,,,329-555-0100
2178,329-555-0100,,
11616,329-555-0123,,
19574,329-555-0133,,
8714,329-555-0150,,
3927,329-555-0153,,
5370,,329-555-0157,
5106,329-555-0160,,
6065,,329-555-0171,
881,329-555-0183,,
3917,,329-555-0186,
11888,329-555-0193,,
1549,,,330-555-0100
1997,,,330-555-0100
8367,330-555-0110,,
17486,330-555-0113,,
1213,,,330-555-0116
7147,330-555-0118,,
281,330-555-0120,,
11855,,330-555-0124,
7845,,330-555-0137,
16635,330-555-0168,,
7281,,330-555-0173,
5913,,330-555-0193,
10,,,330-555-2568
1621,331-555-0100,,
2214,,,331-555-0100
16345,331-555-0117,,
20187,,331-555-0117,
20275,331-555-0117,,
13580,,331-555-0131,
12107,331-555-0142,,
8804,331-555-0144,,
9569,331-555-0144,,
13587,,331-555-0154,
329,331-555-0162,,
6962,331-555-0163,,
16828,331-555-0189,,
6866,,331-555-0195,
6250,,332-555-0111,
11689,332-555-0111,,
5158,332-555-0114,,
17427,332-555-0114,,
11580,332-555-0118,,
14497,332-555-0128,,
17424,332-555-0140,,
14370,,332-555-0141,
501,,,332-555-0142
207,,,332-555-0150
11978,,332-555-0166,
14662,332-555-0170,,
17992,332-555-0174,,
18200,,332-555-0176,
11576,332-555-0185,,
6575,,332-555-0195,
1349,,,333-555-0113
3172,333-555-0115,,
19997,333-555-0116,,
20476,333-555-0121,,
16562,333-555-0137,,
10056,333-555-0157,,
4670,,333-555-0169,
19702,,333-555-0170,
109,333-555-0173,,
14391,,333-555-0176,
3253,,333-555-0179,
16104,333-555-0181,,
11552,,333-555-0186,
2367,334-555-0100,,
4665,,334-555-0110,
5840,334-555-0131,,
14657,,334-555-0136,
295,,,334-555-0137
9449,334-555-0139,,
697,,,334-555-0146
2879,,334-555-0156,
12210,,334-555-0170,
5951,334-555-0173,,
4544,,335-555-0116,
7872,335-555-0154,,
16659,,335-555-0173,
10660,335-555-0184,,
1697,,,336-555-0100
7932,336-555-0117,,
20471,,336-555-0135,
12994,,336-555-0144,
4828,,336-555-0171,
7508,,336-555-0172,
17639,,336-555-0177,
8431,,336-555-0181,
9664,,337-555-0113,
18219,,337-555-0113,
10002,,337-555-0114,
20318,337-555-0150,,
17020,337-555-0159,,
6664,337-555-0160,,
6930,,337-555-0164,
5900,337-555-0173,,
9992,,337-555-0175,
11400,,337-555-0179,
4017,337-555-0184,,
4626,,338-555-0113,
15998,338-555-0115,,
3868,,338-555-0117,
19428,338-555-0118,,
19392,,338-555-0126,
18828,,338-555-0146,
15397,,338-555-0171,
9938,,338-555-0183,
19724,,338-555-0183,
8571,,338-555-0190,
2096,,,339-555-0100
14428,339-555-0112,,
7308,,339-555-0115,
11176,339-555-0137,,
18802,339-555-0185,,
9215,,339-555-0199,
14164,339-555-0199,,
1671,,,340-555-0100
13016,340-555-0113,,
12940,340-555-0119,,
19460,340-555-0120,,
4948,,340-555-0127,
517,,,340-555-0131
4656,,340-555-0137,
11450,340-555-0154,,
3105,,340-555-0163,
5764,340-555-0171,,
16330,340-555-0178,,
9610,,340-555-0188,
280,340-555-0193,,
17163,341-555-0111,,
12193,,341-555-0115,
17985,,341-555-0122,
19986,341-555-0124,,
7345,,341-555-0151,
13184,341-555-0163,,
19549,341-555-0164,,
7346,341-555-0182,,
2503,,341-555-0183,
14868,341-555-0183,,
2800,342-555-0110,,
4528,342-555-0162,,
5689,342-555-0170,,
12934,,342-555-0173,
5022,342-555-0195,,
7520,342-555-0196,,
2244,343-555-0100,,
17552,343-555-0117,,
20094,,343-555-0120,
19494,343-555-0150,,
10322,,343-555-0155,
19521,,343-555-0171,
9724,343-555-0181,,
3765,343-555-0182,,
12891,343-555-0184,,
7290,343-555-0197,,
13466,344-555-0110,,
15107,344-555-0111,,
12187,344-555-0112,,
20326,344-555-0116,,
12413,,344-555-0118,
14072,344-555-0119,,
16913,344-555-0121,,
4337,,344-555-0123,
1149,,,344-555-0133
15555,,344-555-0136,
1009,344-555-0144,,
16997,344-555-0147,,
5784,344-555-0150,,
15290,344-555-0169,,
16972,,344-555-0174,
683,,,344-555-0181
12721,344-555-0182,,
2712,344-555-0196,,
17157,344-555-0197,,
3443,344-555-0198,,
6820,345-555-0116,,
20647,345-555-0128,,
11982,345-555-0133,,
20423,,345-555-0135,
9681,345-555-0149,,
15150,,345-555-0161,
19069,345-555-0173,,
4037,345-555-0184,,
17817,,345-555-0192,
13242,345-555-0199,,
14649,346-555-0118,,
16724,346-555-0124,,
10094,346-555-0138,,
6723,,346-555-0170,
6223,346-555-0177,,
8015,346-555-0177,,
5218,346-555-0178,,
15868,346-555-0180,,
8721,,346-555-0181,
14498,,347-555-0111,
16056,,347-555-0113,
13656,347-555-0116,,
13239,347-555-0137,,
14721,,347-555-0164,
18321,,347-555-0181,
14063,347-555-0186,,
19154,,347-555-0187,
10887,347-555-0197,,
2354,,,348-555-0100
6838,,348-555-0112,
4007,348-555-0117,,
13705,,348-555-0137,
7628,348-555-0142,,
16154,,348-555-0160,
17314,348-555-0169,,
20691,348-555-0199,,
1777,349-555-0100,,
8222,349-555-0113,,
4390,349-555-0116,,
7296,349-555-0118,,
16090,,349-555-0127,
10845,349-555-0141,,
6606,349-555-0169,,
7647,,349-555-0176,
13073,,349-555-0182,
19925,,349-555-0185,
7758,,349-555-0195,
12740,350-555-0114,,
16409,,350-555-0115,
9467,,350-555-0125,
10717,,350-555-0125,
15796,350-555-0138,,
15157,,350-555-0145,
8862,,350-555-0149,
3413,350-555-0153,,
2685,,350-555-0163,
160,350-555-0167,,
7288,350-555-0169,,
15878,350-555-0172,,
9168,350-555-0175,,
18278,350-555-0197,,
2344,351-555-0100,,
14223,351-555-0112,,
10837,,351-555-0116,
4954,351-555-0129,,
987,351-555-0130,,
661,,,351-555-0131
14851,,351-555-0158,
13924,351-555-0167,,
4239,,351-555-0176,
17393,351-555-0188,,
10801,,351-555-0197,
1585,,,352-555-0100
19160,,352-555-0114,
7089,352-555-0115,,
14161,,352-555-0117,
15987,352-555-0128,,
20147,,352-555-0132,
145,352-555-0138,,
13020,352-555-0138,,
2568,352-555-0145,,
18752,,352-555-0170,
10275,353-555-0119,,
9714,353-555-0139,,
17945,353-555-0161,,
649,,,353-555-0188
9748,,353-555-0198,
1663,354-555-0100,,
5433,354-555-0116,,
7454,354-555-0127,,
1307,,,354-555-0130
7251,,354-555-0134,
10297,354-555-0139,,
2662,,354-555-0161,
4688,354-555-0176,,
6219,,354-555-0177,
4437,354-555-0181,,
18812,,354-555-0182,
7504,,354-555-0196,
6794,355-555-0110,,
5041,355-555-0111,,
9105,,355-555-0115,
15693,,355-555-0115,
12234,355-555-0139,,
18131,,355-555-0148,
17585,,355-555-0153,
10408,355-555-0162,,
20340,,355-555-0162,
5487,,355-555-0171,
11799,355-555-0177,,
13731,355-555-0178,,
1811,,,355-555-0180
19412,355-555-0189,,
20437,,355-555-0191,
18846,355-555-0196,,
1730,356-555-0100,,
18492,356-555-0112,,
7120,,356-555-0116,
13067,,356-555-0135,
11699,356-555-0148,,
17441,,356-555-0161,
15141,,356-555-0182,
1165,356-555-0190,,
3099,356-555-0193,,
5224,,357-555-0115,
3583,357-555-0117,,
11986,357-555-0132,,
3307,357-555-0151,,
491,357-555-0161,,
20623,,357-555-0176,
9934,357-555-0191,,
20152,357-555-0194,,
1706,358-555-0100,,
4843,,358-555-0111,
7853,,358-555-0111,
13354,,358-555-0115,
3973,,358-555-0118,
13660,358-555-0120,,
19882,,358-555-0129,
4509,,358-555-0140,
5404,,358-555-0157,
13670,,358-555-0164,
18359,358-555-0167,,
2939,358-555-0171,,
10748,,358-555-0174,
18462,358-555-0178,,
17463,,358-555-0181,
787,358-555-0188,,
3902,359-555-0113,,
8287,,359-555-0132,
19750,359-555-0135,,
4410,359-555-0138,,
7253,359-555-0138,,
16751,,359-555-0148,
4683,359-555-0153,,
7124,,359-555-0158,
6192,,359-555-0188,
19796,359-555-0189,,
1553,,,360-555-0100
2127,360-555-0100,,
5602,,360-555-0110,
15503,,360-555-0110,
14094,360-555-0113,,
9765,,360-555-0121,
19475,360-555-0122,,
17358,360-555-0153,,
5714,,360-555-0165,
8517,360-555-0173,,
12689,360-555-0195,,
1749,,361-555-0100,
13687,,361-555-0116,
15576,361-555-0129,,
20410,,361-555-0138,
12869,361-555-0153,,
11607,361-555-0177,,
18923,361-555-0177,,
61,,,361-555-0180
9747,,361-555-0180,
3014,,361-555-0183,
9226,,361-555-0185,
3350,,361-555-0188,
1541,,,362-555-0100
2207,,,362-555-0100
9707,,362-555-0117,
4880,,362-555-0118,
835,,,362-555-0121
2543,362-555-0132,,
13156,,362-555-0138,
4907,362-555-0140,,
651,362-555-0162,,
16106,362-555-0167,,
13462,,362-555-0174,
1243,,,362-555-0177
14438,,362-555-0181,
19636,362-555-0191,,
12024,362-555-0194,,
20347,362-555-0196,,
16175,362-555-0198,,
12729,,363-555-0115,
15595,,363-555-0144,
13547,,363-555-0147,
10492,,363-555-0155,
11919,363-555-0162,,
11230,363-555-0165,,
4872,363-555-0187,,
9472,363-555-0193,,
2279,,,364-555-0100
16534,364-555-0111,,
7067,,364-555-0113,
14284,364-555-0114,,
18458,,364-555-0115,
14472,364-555-0117,,
7311,,364-555-0120,
11806,,364-555-0124,
11133,,364-555-0125,
4751,364-555-0127,,
12054,,364-555-0127,
15339,,364-555-0127,
20400,,364-555-0142,
10921,,364-555-0150,
3742,364-555-0152,,
8098,,364-555-0160,
20248,,364-555-0177,
19480,,365-555-0125,
5782,365-555-0137,,
16547,,365-555-0177,
16925,,365-555-0181,
6777,,365-555-0193,
18803,,365-555-0198,
1813,366-555-0110,,
2930,366-555-0111,,
3734,366-555-0119,,
17528,366-555-0123,,
7981,,366-555-0128,
19833,366-555-0155,,
6339,366-555-0160,,
10570,366-555-0162,,
6406,,366-555-0165,
10973,366-555-0167,,
6787,,366-555-0173,
17466,,366-555-0178,
18148,366-555-0183,,
14678,366-555-0187,,
11939,,366-555-0193,
7198,367-555-0114,,
18331,367-555-0116,,
15831,,367-555-0118,
4289,,367-555-0120,
9223,,367-555-0120,
16929,367-555-0120,,
1135,367-555-0124,,
12849,367-555-0124,,
18129,367-555-0132,,
3945,367-555-0138,,
13693,367-555-0158,,
2731,367-555-0172,,
7666,,367-555-0172,
11962,,367-555-0178,
7519,367-555-0181,,
7262,,367-555-0196,
17060,367-555-0197,,
2018,368-555-0100,,
2192,368-555-0100,,
202,,,368-555-0113
3798,,368-555-0118,
14505,,368-555-0133,
12635,,368-555-0136,
8297,,368-555-0147,
2512,,368-555-0152,
12555,368-555-0153,,
10950,,368-555-0156,
8305,368-555-0168,,
7797,368-555-0178,,
10829,,368-555-0178,
18704,,368-555-0182,
14184,368-555-0185,,
15665,368-555-0191,,
3901,,368-555-0196,
1708,,369-555-0100,
6954,,369-555-0114,
6523,,369-555-0123,
16513,369-555-0128,,
9150,,369-555-0165,
14424,369-555-0167,,
4818,369-555-0176,,
17898,,369-555-0184,
14367,369-555-0192,,
11018,369-555-0199,,
18956,370-555-0118,,
10861,,370-555-0119,
10974,,370-555-0122,
2691,370-555-0126,,
18676,370-555-0144,,
10205,,370-555-0149,
8107,370-555-0153,,
261,,,370-555-0163
6114,,370-555-0172,
10198,,370-555-0176,
20352,,370-555-0185,
1297,,,371-555-0112
9146,371-555-0112,,
17016,,371-555-0134,
16493,,371-555-0137,
509,371-555-0143,,
5855,371-555-0169,,
12026,371-555-0170,,
14136,,371-555-0174,
1975,371-555-0184,,
5160,371-555-0193,,
19942,,371-555-0196,
7814,,372-555-0114,
19136,372-555-0116,,
9685,,372-555-0117,
8255,,372-555-0129,
16157,,372-555-0141,
20251,372-555-0142,,
13804,372-555-0160,,
6269,372-555-0193,,
8790,,372-555-0196,
3791,,373-555-0111,
11745,,373-555-0118,
19899,373-555-0118,,
12243,373-555-0132,,
197,373-555-0137,,
13210,373-555-0139,,
171,,,373-555-0142
15282,373-555-0145,,
7038,373-555-0150,,
8781,,373-555-0178,
7036,373-555-0180,,
7517,,374-555-0111,
4398,374-555-0113,,
15250,374-555-0119,,
8380,374-555-0151,,
13001,374-555-0198,,
2255,,,375-555-0100
11207,,375-555-0112,
6166,,375-555-0116,
11564,,375-555-0146,
7016,,375-555-0149,
9980,375-555-0171,,
18081,,375-555-0172,
6492,,375-555-0173,
9589,375-555-0175,,
6863,375-555-0183,,
15352,,375-555-0185,
16596,,375-555-0192,
2043,376-555-0100,,
8941,376-555-0111,,
16966,376-555-0141,,
16188,,376-555-0156,
20575,,376-555-0167,
16264,,376-555-0168,
8803,377-555-0119,,
15968,,377-555-0127,
1345,,,377-555-0132
4848,377-555-0137,,
20501,,377-555-0139,
8964,,377-555-0144,
19006,,377-555-0147,
10451,,377-555-0154,
603,377-555-0158,,
2397,,377-555-0164,
15609,,377-555-0168,
7252,,377-555-0172,
7744,377-555-0172,,
4218,,377-555-0180,
7462,377-555-0180,,
3575,,377-555-0181,
7027,,377-555-0185,
9280,378-555-0116,,
14010,378-555-0117,,
3919,378-555-0119,,
1433,,,378-555-0157
11458,378-555-0161,,
2821,,378-555-0171,
3171,378-555-0188,,
19201,379-555-0114,,
8576,,379-555-0115,
15421,379-555-0124,,
5252,379-555-0143,,
14506,,379-555-0152,
10425,,379-555-0153,
5418,,379-555-0177,
7404,,379-555-0177,
13643,379-555-0182,,
8633,,379-555-0188,
4832,379-555-0190,,
2362,,,380-555-0100
1329,380-555-0116,,
10684,,380-555-0148,
3025,380-555-0151,,
10150,,380-555-0153,
6415,,380-555-0156,
4379,,380-555-0167,
12242,,380-555-0167,
3203,380-555-0191,,
13182,,380-555-0192,
6350,380-555-0195,,
8198,,381-555-0111,
19029,,381-555-0117,
14229,381-555-0126,,
19155,,381-555-0127,
19993,,381-555-0139,
8100,,381-555-0157,
20427,381-555-0158,,
18231,381-555-0191,,
11969,381-555-0192,,
16128,382-555-0119,,
14254,382-555-0123,,
3906,382-555-0125,,
5146,,382-555-0134,
16631,,382-555-0137,
13696,,382-555-0138,
4010,,382-555-0146,
9617,,382-555-0160,
8497,,382-555-0179,
731,,,383-555-0111
10285,383-555-0115,,
15226,,383-555-0116,
505,,,383-555-0117
4210,,383-555-0129,
14848,383-555-0134,,
2866,383-555-0136,,
557,,,383-555-0155
13011,,383-555-0160,
12195,,383-555-0171,
8524,,383-555-0177,
2775,383-555-0192,,
2059,,,384-555-0100
19567,384-555-0123,,
6503,384-555-0142,,
7575,384-555-0143,,
10156,,384-555-0163,
473,,,384-555-0169
15966,,384-555-0173,
11401,384-555-0179,,
7658,,384-555-0196,
13740,,384-555-0198,
1775,,385-555-0100,
14050,385-555-0110,,
4169,385-555-0120,,
4267,,385-555-0122,
6014,,385-555-0123,
14738,385-555-0136,,
11096,,385-555-0139,
989,,,385-555-0140
5533,385-555-0145,,
14988,,385-555-0148,
5270,,385-555-0155,
9838,385-555-0161,,
17202,385-555-0162,,
20002,385-555-0163,,
14759,,385-555-0179,
15742,385-555-0179,,
15382,385-555-0192,,
19331,386-555-0112,,
17438,386-555-0114,,
16552,386-555-0121,,
13508,386-555-0134,,
18275,386-555-0134,,
16942,386-555-0142,,
3925,,386-555-0151,
15325,386-555-0159,,
14430,386-555-0169,,
3972,386-555-0178,,
17690,,386-555-0180,
1617,,,387-555-0100
2060,387-555-0100,,
6379,387-555-0113,,
11210,387-555-0117,,
6345,387-555-0129,,
4354,387-555-0135,,
3418,,387-555-0136,
13815,387-555-0136,,
18725,387-555-0140,,
13640,,387-555-0144,
8360,387-555-0145,,
15195,387-555-0150,,
5215,387-555-0167,,
10084,,387-555-0169,
11108,387-555-0170,,
20133,,387-555-0174,
14073,,387-555-0176,
13781,,387-555-0182,
2285,,,388-555-0100
3329,,388-555-0121,
7604,,388-555-0133,
10000,388-555-0157,,
11299,388-555-0168,,
10289,,388-555-0172,
13638,,388-555-0189,
4480,388-555-0195,,
13361,,389-555-0114,
4847,389-555-0115,,
7553,,389-555-0149,
13476,,389-555-0150,
14277,389-555-0169,,
3290,389-555-0178,,
18239,389-555-0198,,
1760,390-555-0100,,
2220,390-555-0100,,
15495,390-555-0114,,
18549,,390-555-0134,
19341,390-555-0139,,
7090,390-555-0145,,
1229,390-555-0150,,
16373,,390-555-0186,
7650,,390-555-0195,
8739,,390-555-0199,
8879,,391-555-0110,
6601,391-555-0113,,
16813,391-555-0114,,
4442,,391-555-0120,
17513,391-555-0120,,
15444,391-555-0123,,
20278,391-555-0126,,
208,391-555-0138,,
13541,391-555-0141,,
11936,,391-555-0152,
3163,391-555-0176,,
20363,391-555-0176,,
12859,391-555-0185,,
3778,392-555-0121,,
8525,392-555-0143,,
5581,392-555-0153,,
15913,392-555-0155,,
5748,392-555-0163,,
2704,392-555-0168,,
17730,,392-555-0184,
20299,393-555-0113,,
20302,,393-555-0132,
13532,393-555-0136,,
13825,393-555-0137,,
11692,393-555-0140,,
9453,393-555-0141,,
18298,393-555-0153,,
16492,393-555-0162,,
17617,,393-555-0165,
1043,,,393-555-0167
247,,,393-555-0186
11272,393-555-0186,,
2297,,,394-555-0100
8589,,394-555-0111,
3547,394-555-0112,,
8751,,394-555-0114,
13831,394-555-0114,,
17292,,394-555-0121,
11720,394-555-0134,,
15066,394-555-0149,,
12221,394-555-0153,,
3625,,394-555-0158,
1393,394-555-0168,,
17967,,394-555-0168,
13153,,394-555-0170,
781,394-555-0176,,
8851,394-555-0181,,
6587,394-555-0182,,
9400,,394-555-0185,
6717,,394-555-0190,
18221,,394-555-0190,
15030,394-555-0194,,
10068,,394-555-0196,
11380,395-555-0116,,
8087,,395-555-0118,
897,,,395-555-0128
9500,395-555-0150,,
3865,,395-555-0157,
10624,,395-555-0159,
17054,395-555-0165,,
5030,395-555-0171,,
18999,,395-555-0190,
13259,,395-555-0198,
12645,396-555-0111,,
12762,396-555-0117,,
8451,,396-555-0125,
16563,,396-555-0131,
1291,,,396-555-0139
12830,,396-555-0143,
9583,,396-555-0157,
8512,,396-555-0158,
14440,,396-555-0163,
7093,,396-555-0181,
8349,,396-555-0186,
427,396-555-0187,,
11206,,397-555-0119,
10590,397-555-0125,,
4193,397-555-0128,,
723,,,397-555-0144
13703,,397-555-0152,
4073,,397-555-0155,
4621,397-555-0155,,
4569,397-555-0164,,
13116,397-555-0169,,
7668,397-555-0174,,
7072,,397-555-0181,
17768,397-555-0188,,
2083,,,398-555-0100
3653,398-555-0123,,
4395,398-555-0127,,
291,398-555-0132,,
10109,,398-555-0151,
1921,398-555-0167,,
6535,,398-555-0168,
8499,398-555-0188,,
15772,398-555-0189,,
10318,398-555-0192,,
6906,,398-555-0193,
11540,398-555-0193,,
3509,,398-555-0199,
2116,399-555-0100,,
1453,,,399-555-0114
8791,399-555-0117,,
18366,,399-555-0132,
11748,,399-555-0155,
18604,399-555-0164,,
20383,399-555-0167,,
4882,399-555-0174,,
22,,,399-555-0176
17270,399-555-0187,,
8281,,399-555-0190,
4115,399-555-0192,,
12770,399-555-0195,,
6315,,399-555-0196,
5603,,399-555-0199,
12664,,400-555-0120,
9176,,400-555-0133,
3802,400-555-0140,,
17221,400-555-0145,,
15231,400-555-0157,,
3292,,400-555-0178,
17018,400-555-0181,,
4003,400-555-0193,,
7386,,401-555-0112,
10320,401-555-0126,,
14315,401-555-0138,,
3760,,401-555-0159,
11270,401-555-0159,,
10718,401-555-0167,,
16601,401-555-0179,,
9335,,401-555-0198,
6076,,402-555-0113,
14132,402-555-0117,,
19790,,402-555-0119,
5068,402-555-0123,,
6093,,402-555-0128,
13363,,402-555-0135,
7433,,402-555-0143,
7364,402-555-0146,,
8272,402-555-0162,,
14534,,402-555-0173,
10709,402-555-0180,,
7109,,402-555-0181,
2410,,402-555-0192,
8145,402-555-0198,,
14340,403-555-0115,,
19384,403-555-0115,,
8105,,403-555-0138,
13136,403-555-0146,,
4558,403-555-0147,,
2732,,403-555-0151,
10282,,403-555-0152,
8657,403-555-0156,,
14598,403-555-0159,,
12739,,403-555-0172,
3994,403-555-0173,,
5797,403-555-0189,,
6335,,403-555-0196,
1603,404-555-0100,,
3097,,404-555-0112,
15260,404-555-0117,,
4418,,404-555-0118,
16824,,404-555-0132,
5730,404-555-0141,,
19401,404-555-0143,,
18565,404-555-0162,,
10970,,404-555-0181,
19075,404-555-0199,,
11833,405-555-0111,,
20654,,405-555-0116,
3578,405-555-0128,,
3911,,405-555-0129,
11386,405-555-0138,,
88,405-555-0171,,
12674,,405-555-0192,
2301,,,406-555-0100
4209,,406-555-0125,
6559,,406-555-0129,
9159,,406-555-0129,
7585,,406-555-0137,
17823,,406-555-0156,
12144,,406-555-0162,
13082,,406-555-0174,
16081,406-555-0176,,
6037,,406-555-0179,
14520,406-555-0184,,
14576,406-555-0196,,
6904,,407-555-0119,
14383,407-555-0126,,
17572,,407-555-0140,
7234,,407-555-0157,
15540,,407-555-0160,
5659,,407-555-0164,
67,,,407-555-0165
14843,407-555-0182,,
16118,407-555-0187,,
19534,,408-555-0111,
19916,408-555-0113,,
14731,408-555-0120,,
7432,408-555-0126,,
18747,,408-555-0134,
12133,,408-555-0155,
18524,408-555-0156,,
8768,408-555-0158,,
20581,,408-555-0180,
16172,,409-555-0134,
19324,409-555-0135,,
12783,,409-555-0139,
12119,409-555-0140,,
3045,409-555-0141,,
5887,,409-555-0142,
16940,,409-555-0144,
6109,409-555-0152,,
8983,409-555-0153,,
8370,409-555-0189,,
3730,409-555-0193,,
4650,410-555-0110,,
18661,,410-555-0119,
10400,410-555-0125,,
6430,,410-555-0133,
18257,410-555-0143,,
12471,,410-555-0144,
2444,410-555-0145,,
6067,410-555-0148,,
4320,410-555-0151,,
11234,410-555-0158,,
10340,,411-555-0111,
16736,411-555-0116,,
19824,,411-555-0117,
10745,,411-555-0118,
19194,411-555-0118,,
19345,,411-555-0118,
15839,,411-555-0121,
8937,411-555-0124,,
13700,,411-555-0124,
6507,411-555-0125,,
8533,411-555-0128,,
10101,411-555-0132,,
18243,,411-555-0139,
18207,411-555-0143,,
11250,411-555-0167,,
13152,,411-555-0176,
7639,,411-555-0197,
2337,412-555-0100,,
4672,,412-555-0110,
11367,,412-555-0111,
12482,,412-555-0111,
5455,,412-555-0112,
3596,,412-555-0116,
15823,,412-555-0145,
6247,412-555-0173,,
14819,,412-555-0191,
18087,412-555-0193,,
15071,413-555-0110,,
6713,413-555-0122,,
89,413-555-0124,,
206,413-555-0136,,
10938,413-555-0137,,
4025,,413-555-0138,
7729,,413-555-0174,
11741,413-555-0174,,
20529,,413-555-0177,
16389,413-555-0181,,
12519,,413-555-0191,
9140,,414-555-0112,
11750,414-555-0147,,
11088,414-555-0153,,
14453,414-555-0154,,
14652,,414-555-0161,
9303,414-555-0162,,
8980,,414-555-0175,
19621,414-555-0176,,
7285,,414-555-0179,
17154,,414-555-0190,
5055,,414-555-0196,
17426,,415-555-0114,
13471,415-555-0115,,
9199,,415-555-0121,
6661,415-555-0123,,
11261,415-555-0124,,
10637,,415-555-0131,
8981,,415-555-0138,
1343,415-555-0147,,
3593,415-555-0170,,
9875,415-555-0174,,
3362,,415-555-0197,
2201,,,416-555-0100
9882,416-555-0113,,
19008,,416-555-0114,
20748,416-555-0116,,
15034,,416-555-0119,
5985,,416-555-0128,
17874,,416-555-0138,
8389,,416-555-0152,
10642,,416-555-0152,
16646,416-555-0163,,
10025,416-555-0196,,
2191,,,417-555-0100
2239,,,417-555-0100
5410,417-555-0118,,
12916,,417-555-0130,
10478,417-555-0131,,
20243,,417-555-0134,
13150,,417-555-0149,
29,,,417-555-0154
16867,417-555-0154,,
8027,,417-555-0163,
7586,,417-555-0168,
12491,,417-555-0178,
11205,,417-555-0179,
935,417-555-0182,,
17487,,417-555-0198,
1011,418-555-0115,,
11650,,418-555-0117,
5468,,418-555-0127,
5330,418-555-0130,,
12272,,418-555-0133,
16179,,418-555-0138,
19504,418-555-0139,,
9989,418-555-0153,,
6579,,418-555-0156,
9957,418-555-0156,,
19542,418-555-0175,,
20238,,418-555-0176,
3128,,418-555-0180,
20294,,419-555-0111,
3024,,419-555-0113,
20011,419-555-0128,,
12198,,419-555-0131,
10849,419-555-0137,,
8830,419-555-0139,,
19661,,419-555-0139,
1089,,,419-555-0166
4736,419-555-0170,,
6418,419-555-0193,,
3968,,419-555-0196,
2029,,,420-555-0100
9466,420-555-0125,,
12173,420-555-0145,,
11028,,420-555-0153,
13752,420-555-0156,,
16399,420-555-0161,,
13992,420-555-0171,,
216,420-555-0173,,
4366,420-555-0174,,
8503,,420-555-0197,
16847,,421-555-0114,
2461,,421-555-0139,
19712,,421-555-0144,
10615,421-555-0147,,
1851,,,421-555-0192
3170,,422-555-0111,
9276,,422-555-0117,
19248,422-555-0117,,
10181,,422-555-0144,
16603,422-555-0151,,
6609,,422-555-0169,
14433,422-555-0170,,
16983,,422-555-0188,
6899,,422-555-0193,
9506,422-555-0197,,
1701,423-555-0100,,
17772,,423-555-0117,
6068,423-555-0118,,
11055,,423-555-0145,
6232,423-555-0171,,
4631,423-555-0177,,
15691,423-555-0186,,
13881,,423-555-0189,
2123,424-555-0100,,
7775,,424-555-0112,
3533,424-555-0117,,
16331,,424-555-0118,
6153,,424-555-0119,
2601,,424-555-0125,
3004,,424-555-0137,
6801,424-555-0137,,
6389,,424-555-0139,
4559,424-555-0148,,
9048,,424-555-0166,
7941,424-555-0184,,
50,,,424-555-0189
11349,424-555-0194,,
19208,,424-555-0194,
10458,,424-555-0199,
83,425-555-0117,,
5720,,425-555-0117,
7924,425-555-0131,,
849,425-555-0158,,
4989,,425-555-0163,
7988,,426-555-0117,
6914,426-555-0124,,
13971,426-555-0128,,
11529,426-555-0134,,
15292,,426-555-0142,
6105,,426-555-0158,
5931,426-555-0175,,
7356,426-555-0176,,
713,426-555-0181,,
10244,,426-555-0196,
14417,427-555-0137,,
18835,,427-555-0141,
5727,,427-555-0142,
14034,,427-555-0147,
17791,427-555-0160,,
11908,427-555-0177,,
2961,428-555-0132,,
10525,,428-555-0136,
17217,428-555-0156,,
18285,428-555-0160,,
547,,,428-555-0162
737,,,428-555-0176
9693,428-555-0184,,
4967,,428-555-0192,
12348,,428-555-0196,
17096,428-555-0196,,
10497,428-555-0198,,
10144,429-555-0112,,
17239,429-555-0115,,
7243,,429-555-0119,
6447,429-555-0131,,
35,429-555-0137,,
695,429-555-0145,,
5101,429-555-0155,,
6459,429-555-0159,,
15939,,429-555-0180,
4999,429-555-0185,,
8057,429-555-0185,,
9336,429-555-0185,,
11365,429-555-0199,,
1649,430-555-0100,,
14507,430-555-0114,,
19775,,430-555-0114,
12320,,430-555-0115,
20385,430-555-0120,,
1897,430-555-0121,,
14552,,430-555-0126,
6630,,430-555-0145,
14165,,430-555-0166,
16943,430-555-0186,,
3955,431-555-0118,,
7989,,431-555-0121,
11429,431-555-0130,,
1417,431-555-0153,,
2868,431-555-0156,,
5823,,431-555-0163,
8352,431-555-0164,,
7590,,431-555-0174,
6633,431-555-0179,,
10632,431-555-0183,,
18757,,431-555-0199,
1509,,,432-555-0100
12597,432-555-0113,,
11594,432-555-0119,,
15855,432-555-0130,,
15219,432-555-0138,,
7286,432-555-0140,,
4213,432-555-0151,,
17371,,432-555-0152,
2425,,432-555-0153,
14788,,432-555-0179,
16156,,432-555-0179,
11733,432-555-0196,,
1581,433-555-0100,,
1627,433-555-0100,,
2228,433-555-0100,,
2307,433-555-0100,,
18434,433-555-0110,,
16443,,433-555-0112,
10776,433-555-0113,,
4510,433-555-0117,,
12875,,433-555-0118,
3513,,433-555-0119,
11614,433-555-0119,,
15991,433-555-0119,,
2739,433-555-0124,,
17388,,433-555-0128,
2555,433-555-0138,,
3614,433-555-0141,,
15815,433-555-0151,,
973,,,433-555-0162
1989,,,433-555-0168
16930,,433-555-0172,
15787,433-555-0193,,
16771,,433-555-0195,
5034,,434-555-0116,
87,434-555-0133,,
14110,434-555-0133,,
10399,434-555-0159,,
9567,434-555-0160,,
7868,434-555-0167,,
10505,434-555-0189,,
4794,,434-555-0192,
4783,,434-555-0196,
62,,,435-555-0113
6488,435-555-0118,,
10753,,435-555-0120,
7662,435-555-0136,,
17392,435-555-0139,,
5574,435-555-0140,,
3514,435-555-0148,,
10802,435-555-0151,,
8496,,435-555-0154,
13678,435-555-0159,,
9515,435-555-0160,,
10556,435-555-0162,,
10930,,435-555-0162,
16487,435-555-0171,,
16791,,436-555-0114,
9181,,436-555-0115,
17663,436-555-0116,,
15630,,436-555-0118,
14582,436-555-0119,,
16295,436-555-0124,,
12658,436-555-0128,,
10731,436-555-0131,,
1279,436-555-0160,,
17883,,436-555-0161,
5228,436-555-0167,,
19141,,436-555-0179,
3996,436-555-0182,,
10786,436-555-0185,,
10838,,436-555-0189,
14969,,437-555-0116,
10299,,437-555-0199,
15536,,437-555-0199,
18766,438-555-0110,,
7213,,438-555-0111,
17482,438-555-0124,,
3477,,438-555-0125,
14324,,438-555-0146,
2414,438-555-0150,,
9259,438-555-0156,,
11762,,438-555-0169,
225,,,438-555-0172
19353,,438-555-0177,
1517,439-555-0100,,
1702,439-555-0100,,
2195,,,439-555-0100
20488,,439-555-0122,
14439,439-555-0147,,
8783,439-555-0149,,
8024,439-555-0153,,
11891,439-555-0158,,
15184,439-555-0162,,
2808,,439-555-0168,
11914,,439-555-0176,
18393,,439-555-0185,
7127,439-555-0197,,
7788,440-555-0114,,
18454,440-555-0117,,
1331,,,440-555-0132
319,440-555-0166,,
13412,440-555-0185,,
11366,,440-555-0186,
8414,,440-555-0193,
2012,,,441-555-0100
10978,441-555-0111,,
5032,441-555-0118,,
6033,,441-555-0132,
1805,441-555-0144,,
3705,441-555-0151,,
17775,441-555-0151,,
4726,441-555-0164,,
17852,441-555-0166,,
9782,,441-555-0190,
4620,441-555-0194,,
116,,,441-555-0195
2120,,,442-555-0100
4624,,442-555-0119,
6246,,442-555-0132,
4196,442-555-0139,,
18885,442-555-0139,,
12744,442-555-0153,,
11283,442-555-0154,,
9811,442-555-0156,,
7955,442-555-0165,,
19718,,442-555-0167,
6551,442-555-0172,,
7206,442-555-0178,,
3032,,442-555-0182,
7972,,443-555-0131,
18089,443-555-0139,,
11756,,443-555-0140,
9201,443-555-0164,,
7772,,443-555-0183,
4704,443-555-0192,,
7761,,443-555-0198,
2142,,,444-555-0100
2223,,,444-555-0100
14619,,444-555-0113,
13328,444-555-0124,,
6945,,444-555-0138,
11106,,444-555-0139,
7282,444-555-0141,,
10653,,444-555-0141,
8636,444-555-0142,,
6622,,444-555-0144,
14910,444-555-0178,,
9492,445-555-0114,,
14794,,445-555-0117,
7702,445-555-0120,,
9289,,445-555-0120,
7552,,445-555-0121,
13858,,445-555-0133,
6943,445-555-0135,,
4085,,445-555-0139,
18077,445-555-0142,,
10800,,445-555-0150,
15045,445-555-0150,,
5147,,445-555-0153,
11320,445-555-0177,,
5577,445-555-0186,,
11142,445-555-0190,,
15094,,445-555-0193,
2032,,,446-555-0100
14835,,446-555-0112,
20071,446-555-0114,,
209,,,446-555-0118
15621,446-555-0128,,
7440,446-555-0134,,
12792,446-555-0154,,
20643,446-555-0155,,
11524,,446-555-0158,
13649,,446-555-0170,
10554,446-555-0171,,
16089,446-555-0190,,
2243,,,447-555-0100
341,447-555-0110,,
7990,,447-555-0113,
10391,,447-555-0117,
20697,,447-555-0120,
12974,,447-555-0132,
7686,,447-555-0154,
10339,,447-555-0163,
5908,447-555-0164,,
17332,,447-555-0174,
4215,447-555-0181,,
66,,,447-555-0186
18206,,447-555-0194,
2146,448-555-0100,,
9087,,448-555-0119,
18985,448-555-0130,,
10466,,448-555-0144,
15806,,448-555-0151,
8519,448-555-0153,,
6213,,448-555-0169,
13819,,448-555-0176,
669,,,448-555-0179
14181,448-555-0184,,
6241,,449-555-0114,
16702,449-555-0131,,
3328,,449-555-0139,
17648,,449-555-0139,
5884,449-555-0168,,
14242,,449-555-0174,
471,,,449-555-0176
16502,,449-555-0192,
2161,,,450-555-0100
11061,450-555-0115,,
8957,,450-555-0149,
191,450-555-0152,,
14304,450-555-0162,,
13253,,450-555-0163,
12212,,450-555-0171,
17957,450-555-0194,,
2197,,,451-555-0100
12010,,451-555-0113,
18494,,451-555-0115,
9814,,451-555-0135,
19963,451-555-0148,,
11659,451-555-0150,,
8821,451-555-0162,,
13636,,451-555-0175,
20659,451-555-0199,,
15470,452-555-0112,,
2937,452-555-0116,,
3738,,452-555-0116,
6137,,452-555-0118,
7057,452-555-0128,,
13786,452-555-0132,,
4026,,452-555-0170,
1277,452-555-0179,,
3121,452-555-0184,,
4373,452-555-0188,,
16850,453-555-0116,,
20445,453-555-0118,,
13492,,453-555-0126,
10095,,453-555-0131,
309,453-555-0165,,
14572,,453-555-0170,
2749,453-555-0172,,
6987,,453-555-0175,
11525,,453-555-0190,
5917,454-555-0116,,
9858,,454-555-0116,
2595,,454-555-0118,
133,,,454-555-0119
11356,,454-555-0144,
20191,,454-555-0144,
19897,454-555-0153,,
1081,,,454-555-0160
11340,,454-555-0161,
7636,454-555-0165,,
4076,,454-555-0178,
19332,454-555-0183,,
9652,454-555-0184,,
14345,454-555-0186,,
4697,454-555-0190,,
2103,,,455-555-0100
19176,455-555-0120,,
4195,455-555-0126,,
15843,,455-555-0134,
1415,455-555-0144,,
14723,455-555-0149,,
8357,455-555-0152,,
12068,455-555-0152,,
7940,455-555-0159,,
4094,455-555-0163,,
17870,,455-555-0168,
16126,,455-555-0180,
6629,,455-555-0186,
12336,,456-555-0114,
15808,456-555-0116,,
4002,456-555-0130,,
10113,,456-555-0149,
10514,456-555-0173,,
3340,,456-555-0174,
10538,456-555-0174,,
1063,456-555-0184,,
18552,,456-555-0191,
17886,457-555-0119,,
10227,,457-555-0134,
6944,457-555-0140,,
9072,457-555-0144,,
19034,,457-555-0148,
15408,,457-555-0162,
12429,457-555-0178,,
16825,,457-555-0183,
8710,457-555-0186,,
19555,,457-555-0190,
9842,,457-555-0199,
2022,458-555-0100,,
2528,458-555-0116,,
2713,458-555-0116,,
14206,458-555-0128,,
8436,458-555-0131,,
11402,458-555-0131,,
3296,458-555-0132,,
7790,458-555-0135,,
18660,,458-555-0140,
7833,,458-555-0149,
15369,458-555-0158,,
5741,458-555-0162,,
8398,458-555-0174,,
1157,,,458-555-0179
7007,,458-555-0188,
20268,458-555-0190,,
1665,459-555-0100,,
2054,459-555-0100,,
4328,459-555-0110,,
3231,459-555-0122,,
7851,,459-555-0122,
14158,,459-555-0137,
13646,,459-555-0138,
11089,,459-555-0149,
13132,459-555-0159,,
8548,,459-555-0187,
16170,459-555-0187,,
5963,,459-555-0188,
10276,459-555-0199,,
1547,460-555-0100,,
2374,460-555-0100,,
2588,460-555-0110,,
9586,460-555-0119,,
14301,460-555-0140,,
15933,,460-555-0143,
5937,,460-555-0156,
12262,,460-555-0156,
19296,,460-555-0156,
9647,,460-555-0164,
19077,460-555-0177,,
10529,460-555-0179,,
8231,460-555-0194,,
7496,460-555-0197,,
7226,,461-555-0112,
991,,,461-555-0118
2470,461-555-0127,,
9049,461-555-0130,,
8557,461-555-0141,,
11954,,461-555-0146,
11080,461-555-0148,,
11161,461-555-0150,,
8824,461-555-0151,,
12543,461-555-0156,,
20642,461-555-0157,,
16794,461-555-0171,,
14407,,461-555-0172,
14275,461-555-0176,,
10941,,461-555-0187,
5374,,462-555-0111,
3904,,462-555-0162,
15764,,462-555-0162,
11339,,462-555-0163,
13943,462-555-0193,,
19742,462-555-0195,,
15170,,462-555-0197,
2164,,,463-555-0100
2183,463-555-0100,,
9390,,463-555-0111,
17929,,463-555-0118,
17537,463-555-0119,,
15667,,463-555-0137,
10216,,463-555-0138,
19055,463-555-0152,,
6002,463-555-0170,,
11141,,463-555-0176,
16571,463-555-0181,,
13390,463-555-0187,,
2036,464-555-0100,,
3208,,464-555-0117,
13908,464-555-0121,,
16537,464-555-0121,,
11556,,464-555-0130,
14024,,464-555-0150,
11672,,464-555-0153,
19639,,464-555-0157,
9975,,464-555-0161,
5749,464-555-0163,,
12798,,464-555-0173,
1887,464-555-0188,,
7365,464-555-0189,,
16774,,464-555-0196,
15361,465-555-0119,,
2600,,465-555-0134,
17713,,465-555-0143,
4402,465-555-0149,,
11844,,465-555-0152,
11924,,465-555-0154,
14,465-555-0156,,
4607,,465-555-0162,
14516,,465-555-0183,
9277,,465-555-0186,
11563,465-555-0191,,
10452,465-555-0192,,
4950,,465-555-0196,
2790,,466-555-0112,
5551,,466-555-0118,
6843,466-555-0125,,
20277,,466-555-0127,
13280,466-555-0144,,
19100,466-555-0163,,
8060,,466-555-0168,
7985,466-555-0171,,
17399,,466-555-0174,
5500,,466-555-0180,
14239,467-555-0111,,
11922,467-555-0115,,
16699,,467-555-0126,
15835,,467-555-0129,
2734,,467-555-0158,
12106,,467-555-0163,
13119,,467-555-0170,
10249,467-555-0178,,
9898,,468-555-0118,
12109,,468-555-0120,
13926,,468-555-0132,
3855,,468-555-0145,
14587,468-555-0149,,
7574,468-555-0162,,
7443,468-555-0163,,
5615,,468-555-0178,
18444,468-555-0188,,
2688,468-555-0193,,
2015,,,469-555-0100
2335,469-555-0100,,
11912,,469-555-0110,
13098,469-555-0125,,
13229,469-555-0172,,
11145,469-555-0180,,
19972,470-555-0112,,
8837,470-555-0132,,
20207,470-555-0136,,
11076,470-555-0151,,
18398,,470-555-0162,
1373,470-555-0171,,
17674,,470-555-0179,
16159,,470-555-0181,
12918,470-555-0185,,
5216,470-555-0194,,
15067,470-555-0194,,
2231,471-555-0100,,
11633,471-555-0129,,
19218,471-555-0141,,
12350,,471-555-0142,
2464,,471-555-0148,
19915,471-555-0160,,
10496,471-555-0166,,
8371,471-555-0167,,
475,471-555-0181,,
1575,,,472-555-0100
2198,472-555-0100,,
12766,472-555-0117,,
14314,472-555-0119,,
14708,,472-555-0122,
2923,,472-555-0123,
9933,,472-555-0132,
6209,472-555-0138,,
4350,,472-555-0154,
16470,472-555-0168,,
20546,,472-555-0185,
6528,473-555-0111,,
17288,,473-555-0111,
14965,473-555-0113,,
13,,,473-555-0117
13276,473-555-0127,,
4112,473-555-0153,,
5060,,473-555-0165,
8489,,473-555-0168,
13601,473-555-0194,,
5763,473-555-0199,,
8640,,473-555-0199,
2095,474-555-0100,,
7201,474-555-0125,,
12365,,474-555-0136,
10389,474-555-0142,,
8462,474-555-0152,,
8774,,474-555-0160,
14936,474-555-0163,,
4027,,474-555-0169,
6900,474-555-0172,,
9683,474-555-0183,,
13249,474-555-0183,,
4212,474-555-0186,,
10083,,474-555-0192,
5560,475-555-0114,,
12882,475-555-0122,,
8183,475-555-0126,,
11281,475-555-0132,,
8334,475-555-0142,,
13058,,475-555-0143,
6078,,475-555-0151,
16835,475-555-0159,,
14084,,475-555-0175,
883,,,475-555-0188
1659,,,476-555-0100
199,476-555-0119,,
1173,476-555-0139,,
12856,,476-555-0139,
19519,476-555-0139,,
14381,,476-555-0141,
18805,,476-555-0153,
565,476-555-0184,,
2033,477-555-0100,,
2283,,,477-555-0100
18762,477-555-0116,,
8441,477-555-0118,,
262,,,477-555-0132
16261,477-555-0132,,
6567,477-555-0168,,
17281,,477-555-0174,
9812,,477-555-0175,
5502,,477-555-0181,
18624,,477-555-0199,
2271,,,478-555-0100
12756,,478-555-0113,
10369,,478-555-0117,
14667,,478-555-0132,
14441,478-555-0143,,
19283,478-555-0145,,
3463,478-555-0152,,
19049,,478-555-0174,
18672,478-555-0188,,
14350,478-555-0190,,
6746,,479-555-0110,
18429,479-555-0112,,
3438,479-555-0116,,
993,,,479-555-0129
2683,479-555-0144,,
11744,,479-555-0146,
11066,479-555-0156,,
3264,,479-555-0163,
9421,,479-555-0195,
14258,,480-555-0112,
15251,,480-555-0112,
16821,,480-555-0114,
3197,480-555-0126,,
6685,,480-555-0131,
16500,480-555-0139,,
9756,480-555-0149,,
17629,480-555-0159,,
5830,,480-555-0162,
7879,,480-555-0169,
17670,,480-555-0187,
8516,480-555-0190,,
18485,,480-555-0194,
2189,,,481-555-0100
8237,,481-555-0110,
5273,,481-555-0111,
12536,481-555-0115,,
8967,481-555-0123,,
4307,,481-555-0125,
1951,,,481-555-0131
19584,481-555-0142,,
15541,481-555-0164,,
14995,,482-555-0110,
19660,,482-555-0114,
15422,482-555-0118,,
3708,,482-555-0132,
15279,482-555-0136,,
1289,482-555-0174,,
1123,482-555-0188,,
13944,483-555-0113,,
11766,483-555-0115,,
17604,483-555-0135,,
4222,483-555-0139,,
16800,483-555-0146,,
18451,,483-555-0176,
20397,,483-555-0189,
1746,484-555-0100,,
2155,,,484-555-0100
2217,484-555-0100,,
2863,484-555-0136,,
12615,,484-555-0159,
3226,484-555-0164,,
7383,,484-555-0167,
16585,484-555-0182,,
2802,,484-555-0190,
4488,484-555-0195,,
6736,485-555-0113,,
17467,,485-555-0116,
9428,485-555-0120,,
12190,,485-555-0122,
4310,485-555-0124,,
8158,485-555-0126,,
4154,,485-555-0144,
8361,485-555-0144,,
15507,485-555-0158,,
15750,,485-555-0175,
10578,,485-555-0178,
17200,485-555-0179,,
15180,,485-555-0187,
14106,486-555-0141,,
3015,486-555-0148,,
8917,486-555-0148,,
18,,,486-555-0150
8836,,486-555-0159,
3059,486-555-0161,,
7291,,486-555-0195,
5779,,486-555-0196,
9284,486-555-0199,,
2165,487-555-0100,,
4763,,487-555-0110,
5452,487-555-0115,,
10180,487-555-0115,,
3467,487-555-0136,,
10166,487-555-0139,,
15272,,487-555-0144,
10223,487-555-0151,,
17878,487-555-0168,,
4830,,487-555-0171,
12801,487-555-0186,,
6514,,487-555-0194,
13990,487-555-0197,,
6591,,487-555-0198,
8199,,488-555-0117,
14048,488-555-0122,,
16214,488-555-0125,,
17533,488-555-0126,,
619,,,488-555-0130
4225,488-555-0131,,
11542,,488-555-0138,
2773,488-555-0143,,
19721,,488-555-0149,
14114,,488-555-0151,
6030,488-555-0164,,
14529,488-555-0166,,
9104,488-555-0194,,
13854,489-555-0112,,
14276,489-555-0113,,
9058,489-555-0118,,
18511,489-555-0118,,
16204,,489-555-0119,
9281,489-555-0124,,
9605,489-555-0139,,
20193,489-555-0146,,
15243,489-555-0157,,
18583,489-555-0170,,
18202,,489-555-0186,
13808,,489-555-0188,
13577,,489-555-0193,
14981,489-555-0198,,
8691,490-555-0111,,
9625,490-555-0119,,
16665,,490-555-0125,
1981,,,490-555-0132
2700,,490-555-0137,
8161,,490-555-0161,
6087,,490-555-0162,
3636,491-555-0113,,
20745,491-555-0113,,
18246,,491-555-0116,
13792,491-555-0118,,
9082,491-555-0125,,
1295,491-555-0132,,
20132,491-555-0143,,
16817,,491-555-0161,
4276,,491-555-0164,
143,491-555-0183,,
5622,,491-555-0190,
10740,,491-555-0193,
7774,,491-555-0198,
1741,492-555-0100,,
10277,492-555-0112,,
3305,,492-555-0117,
16322,,492-555-0123,
13125,492-555-0129,,
19967,,492-555-0140,
915,492-555-0146,,
9530,,492-555-0152,
8215,492-555-0153,,
19857,492-555-0159,,
11883,492-555-0160,,
16744,492-555-0160,,
14418,,492-555-0163,
8328,,492-555-0166,
136,492-555-0174,,
327,492-555-0189,,
6580,,493-555-0113,
6972,,493-555-0113,
15748,493-555-0113,,
8966,,493-555-0133,
1311,493-555-0134,,
14150,493-555-0141,,
15070,493-555-0158,,
19902,,493-555-0166,
12894,,493-555-0174,
1821,,,493-555-0185
5017,,493-555-0188,
11138,,493-555-0195,
14228,494-555-0118,,
5185,494-555-0132,,
15799,,494-555-0132,
523,,,494-555-0134
13340,,494-555-0138,
11649,,494-555-0140,
10636,,494-555-0141,
19826,,494-555-0154,
20261,,494-555-0164,
15887,,494-555-0166,
20154,494-555-0178,,
1195,,,495-555-0113
19080,495-555-0119,,
17324,495-555-0145,,
5704,,495-555-0147,
10833,495-555-0158,,
969,495-555-0161,,
11492,495-555-0168,,
12407,495-555-0182,,
16977,495-555-0193,,
8683,,496-555-0110,
7928,,496-555-0117,
19079,496-555-0117,,
17736,,496-555-0121,
4677,,496-555-0122,
12328,496-555-0127,,
15248,496-555-0128,,
7997,496-555-0134,,
16541,496-555-0147,,
543,,,496-555-0150
16293,496-555-0156,,
4160,,496-555-0164,
16193,496-555-0172,,
10613,496-555-0194,,
10995,496-555-0194,,
11274,497-555-0114,,
13721,497-555-0116,,
12631,497-555-0119,,
12019,497-555-0121,,
5264,497-555-0140,,
1017,497-555-0147,,
7426,,497-555-0173,
139,497-555-0181,,
8332,497-555-0182,,
6569,,497-555-0185,
6574,497-555-0186,,
6620,,497-555-0196,
1715,,498-555-0100,
7752,498-555-0115,,
3061,,498-555-0118,
16452,498-555-0141,,
11735,498-555-0142,,
19320,,498-555-0150,
11441,498-555-0167,,
13767,498-555-0175,,
17004,,498-555-0178,
11786,,498-555-0181,
2992,,498-555-0189,
11289,499-555-0110,,
9028,499-555-0113,,
11782,,499-555-0114,
16262,499-555-0114,,
2382,,499-555-0116,
11387,499-555-0117,,
4319,499-555-0118,,
33,,,499-555-0125
7746,499-555-0128,,
14557,499-555-0141,,
4151,499-555-0143,,
4580,,499-555-0148,
15644,,499-555-0154,
15818,499-555-0155,,
6453,,499-555-0163,
2465,,499-555-0176,
8678,,499-555-0191,
2286,500-555-0100,,
9997,500-555-0122,,
13063,500-555-0128,,
15356,,500-555-0133,
363,,,500-555-0134
18248,,500-555-0136,
223,500-555-0159,,
10665,500-555-0167,,
12036,500-555-0168,,
4981,500-555-0169,,
5065,500-555-0170,,
90,500-555-0172,,
14233,,500-555-0174,
5529,,500-555-0177,
14514,,500-555-0184,
3282,500-555-0195,,
11236,501-555-0117,,
10639,501-555-0149,,
12962,,501-555-0165,
17027,501-555-0167,,
4595,,501-555-0171,
19675,,501-555-0174,
3052,,501-555-0194,
8909,,502-555-0111,
3521,502-555-0117,,
9996,,502-555-0123,
14151,502-555-0138,,
16096,502-555-0157,,
14137,502-555-0162,,
4741,,502-555-0164,
2660,,502-555-0169,
19638,502-555-0171,,
9659,,502-555-0176,
6194,502-555-0179,,
18014,,502-555-0183,
10730,,502-555-0184,
15777,,502-555-0184,
5876,502-555-0188,,
12760,,502-555-0195,
19105,503-555-0119,,
20195,,503-555-0119,
13137,,503-555-0131,
14488,503-555-0132,,
13695,503-555-0135,,
9112,,503-555-0151,
11664,,503-555-0165,
6376,,503-555-0179,
5336,,503-555-0182,
7179,503-555-0185,,
1683,504-555-0100,,
1780,,504-555-0100,
5291,,504-555-0114,
16877,504-555-0121,,
5248,,504-555-0140,
18737,,504-555-0143,
16876,,504-555-0144,
11509,504-555-0158,,
11218,504-555-0163,,
16230,,504-555-0174,
12529,504-555-0179,,
9727,,504-555-0188,
13037,505-555-0112,,
6589,505-555-0116,,
16894,,505-555-0120,
5063,505-555-0125,,
8321,,505-555-0130,
1911,505-555-0145,,
4932,,505-555-0153,
14607,,505-555-0153,
3054,,505-555-0159,
18145,,505-555-0183,
17578,505-555-0184,,
18288,505-555-0190,,
8050,506-555-0115,,
15022,,506-555-0117,
16246,506-555-0126,,
13663,506-555-0128,,
6023,506-555-0135,,
20222,506-555-0145,,
6310,,506-555-0155,
10319,,506-555-0157,
17619,506-555-0164,,
12623,506-555-0177,,
11698,,506-555-0188,
2296,,,507-555-0100
2834,507-555-0112,,
3880,507-555-0114,,
5582,507-555-0125,,
15501,,507-555-0129,
17707,,507-555-0129,
7966,507-555-0132,,
9249,,507-555-0140,
15870,,507-555-0140,
17574,,507-555-0146,
7114,507-555-0147,,
11895,507-555-0154,,
5728,507-555-0173,,
11201,507-555-0173,,
3120,507-555-0193,,
20515,,507-555-0199,
2347,,,508-555-0100
14692,,508-555-0110,
5926,,508-555-0111,
20361,508-555-0120,,
132,508-555-0129,,
11373,,508-555-0132,
12151,,508-555-0146,
5950,508-555-0156,,
4251,508-555-0159,,
5124,,508-555-0163,
20143,508-555-0164,,
20454,,508-555-0164,
55,,,508-555-0165
5313,,508-555-0172,
16396,,508-555-0175,
19933,509-555-0114,,
14571,509-555-0118,,
10431,509-555-0141,,
3149,509-555-0143,,
12790,509-555-0160,,
3118,,509-555-0169,
5973,509-555-0189,,
17667,,509-555-0189,
5305,510-555-0110,,
4075,,510-555-0111,
10675,510-555-0120,,
24,,,510-555-0121
1215,,,510-555-0123
17650,510-555-0123,,
7890,510-555-0134,,
9158,,510-555-0172,
4585,,510-555-0180,
3641,511-555-0111,,
14107,,511-555-0114,
8544,511-555-0117,,
19090,,511-555-0125,
4042,,511-555-0134,
17520,,511-555-0152,
13061,511-555-0157,,
15106,,511-555-0166,
20338,,511-555-0168,
17512,,511-555-0178,
12007,511-555-0186,,
11697,511-555-0189,,
2351,,,512-555-0100
16594,,512-555-0110,
1827,,,512-555-0122
12229,512-555-0123,,
10246,512-555-0126,,
5891,,512-555-0128,
13554,,512-555-0144,
4173,512-555-0149,,
10258,512-555-0158,,
2780,512-555-0160,,
16557,512-555-0167,,
1793,513-555-0100,,
5268,,513-555-0110,
9963,513-555-0117,,
7474,,513-555-0118,
3526,513-555-0119,,
6431,,513-555-0125,
16445,513-555-0141,,
529,,,513-555-0149
16100,,513-555-0150,
4297,,513-555-0176,
14236,514-555-0114,,
8888,,514-555-0118,
16816,,514-555-0123,
679,514-555-0128,,
19810,514-555-0131,,
10796,,514-555-0134,
4479,,514-555-0138,
17284,514-555-0167,,
11333,514-555-0169,,
9923,,514-555-0188,
8403,,514-555-0192,
12287,,514-555-0196,
14067,,514-555-0197,
5733,514-555-0198,,
8358,514-555-0198,,
1772,,515-555-0100,
11336,515-555-0111,,
10005,515-555-0115,,
2915,515-555-0120,,
19499,,515-555-0135,
6737,,515-555-0145,
2086,516-555-0100,,
10303,516-555-0113,,
20082,516-555-0117,,
13198,516-555-0126,,
10073,516-555-0128,,
13618,516-555-0137,,
17706,516-555-0154,,
7804,,516-555-0155,
18427,516-555-0162,,
6042,516-555-0191,,
9447,517-555-0114,,
277,,,517-555-0117
19246,,517-555-0117,
1809,,,517-555-0120
4176,,517-555-0121,
177,,,517-555-0122
4887,517-555-0133,,
7870,,517-555-0140,
7597,517-555-0143,,
9597,,517-555-0145,
14252,,517-555-0157,
8330,517-555-0166,,
4045,517-555-0176,,
6320,,517-555-0180,
7195,,517-555-0198,
2075,518-555-0100,,
2315,518-555-0100,,
8288,,518-555-0124,
15908,518-555-0124,,
2978,,518-555-0132,
10587,518-555-0138,,
17872,,518-555-0138,
5042,,518-555-0162,
18697,518-555-0167,,
15849,,518-555-0180,
13256,518-555-0192,,
13674,,518-555-0197,
170,518-555-0199,,
1691,519-555-0100,,
1457,,,519-555-0112
8013,,519-555-0115,
11823,,519-555-0126,
16988,519-555-0133,,
10736,519-555-0137,,
11454,519-555-0140,,
463,,,519-555-0151
13195,519-555-0159,,
6092,,519-555-0183,
19876,,519-555-0199,
4552,520-555-0110,,
7335,520-555-0114,,
6396,520-555-0123,,
10955,520-555-0131,,
4052,,520-555-0139,
16095,520-555-0148,,
4163,,520-555-0154,
254,,,520-555-0177
20711,,520-555-0181,
12100,,520-555-0187,
82,521-555-0113,,
6898,,521-555-0139,
4248,,521-555-0160,
14658,,521-555-0166,
2540,,521-555-0167,
16956,,521-555-0180,
951,521-555-0183,,
10560,521-555-0188,,
429,,,521-555-0195
16545,521-555-0198,,
2256,522-555-0100,,
11246,,522-555-0110,
9891,,522-555-0115,
19445,,522-555-0115,
12101,,522-555-0124,
7316,522-555-0140,,
17290,522-555-0143,,
239,,,522-555-0147
5691,522-555-0149,,
11360,,522-555-0152,
13389,522-555-0168,,
13751,,522-555-0169,
11193,522-555-0180,,
7047,523-555-0115,,
18874,,523-555-0117,
17576,,523-555-0127,
5043,,523-555-0128,
14978,,523-555-0139,
5053,,523-555-0146,
19513,523-555-0149,,
16788,523-555-0152,,
12097,523-555-0163,,
17954,523-555-0164,,
1167,,,523-555-0170
235,523-555-0175,,
8091,,523-555-0180,
4506,524-555-0113,,
11012,,524-555-0119,
19408,,524-555-0123,
10956,524-555-0149,,
20436,524-555-0149,,
20083,524-555-0157,,
18817,,524-555-0161,
6699,,524-555-0163,
10304,524-555-0166,,
6967,524-555-0198,,
8124,525-555-0117,,
14670,525-555-0159,,
6365,,525-555-0165,
11351,,525-555-0169,
12980,,525-555-0171,
535,,,525-555-0174
19776,525-555-0184,,
17189,,525-555-0190,
5356,525-555-0193,,
1543,,,526-555-0100
8068,526-555-0114,,
12367,,526-555-0115,
9470,,526-555-0119,
19164,,526-555-0123,
12130,526-555-0132,,
18457,,526-555-0133,
1935,526-555-0155,,
10420,,526-555-0167,
9388,526-555-0171,,
5613,,526-555-0175,
17541,,526-555-0183,
13262,,527-555-0115,
5506,,527-555-0124,
19127,,527-555-0160,
10074,527-555-0162,,
2452,,527-555-0196,
7249,,527-555-0196,
15847,527-555-0197,,
1559,528-555-0100,,
5494,528-555-0110,,
4934,,528-555-0114,
17160,528-555-0127,,
2809,528-555-0141,,
17298,,528-555-0143,
9667,,528-555-0156,
7598,,528-555-0160,
9676,,528-555-0169,
20039,528-555-0180,,
451,528-555-0183,,
1579,,,529-555-0100
1716,,529-555-0100,
8116,529-555-0113,,
5611,529-555-0118,,
17607,,529-555-0121,
16792,529-555-0126,,
15415,529-555-0140,,
10202,,529-555-0179,
1425,,,529-555-0195
2061,530-555-0100,,
11815,530-555-0117,,
8480,,530-555-0143,
9672,,530-555-0150,
2786,530-555-0166,,
15372,530-555-0166,,
8899,,530-555-0180,
14990,530-555-0182,,
10437,530-555-0183,,
15788,,530-555-0199,
18115,,531-555-0113,
7182,,531-555-0115,
5345,531-555-0122,,
5255,531-555-0124,,
15008,531-555-0135,,
11810,,531-555-0149,
10034,531-555-0161,,
18998,531-555-0167,,
12620,531-555-0177,,
23,,,531-555-0183
3950,532-555-0117,,
16296,,532-555-0122,
7942,,532-555-0146,
10325,,532-555-0176,
9088,,532-555-0180,
8017,,532-555-0181,
7435,,532-555-0185,
1563,,,533-555-0100
174,533-555-0111,,
7576,,533-555-0112,
15969,,533-555-0118,
16523,533-555-0124,,
11725,533-555-0140,,
18310,533-555-0141,,
7159,,533-555-0147,
13654,,533-555-0161,
8698,,533-555-0186,
2106,,,534-555-0100
17350,,534-555-0111,
18344,534-555-0117,,
5210,534-555-0131,,
8065,534-555-0131,,
12731,534-555-0145,,
19430,,534-555-0157,
8264,,534-555-0159,
7903,534-555-0178,,
1731,,535-555-0100,
2125,,,535-555-0100
4178,535-555-0111,,
12777,535-555-0111,,
5591,,535-555-0112,
13632,535-555-0118,,
12380,,535-555-0129,
6627,,535-555-0131,
14879,535-555-0131,,
12984,535-555-0133,,
16059,,535-555-0140,
19500,,535-555-0160,
10432,,535-555-0163,
5384,,535-555-0185,
1445,535-555-0189,,
4522,,535-555-0190,
5776,535-555-0196,,
12008,,535-555-0197,
2126,,,536-555-0100
2308,536-555-0100,,
6309,,536-555-0117,
10446,,536-555-0121,
13713,,536-555-0145,
17231,536-555-0156,,
5094,536-555-0180,,
14261,,536-555-0198,
1681,,,537-555-0100
6261,537-555-0113,,
7376,,537-555-0113,
4463,537-555-0125,,
18744,,537-555-0134,
9703,537-555-0144,,
10020,,537-555-0144,
1371,537-555-0190,,
19071,538-555-0113,,
14784,538-555-0119,,
19285,538-555-0130,,
15431,,538-555-0132,
3650,,538-555-0135,
15294,,538-555-0136,
16961,,538-555-0143,
5405,538-555-0167,,
14522,,538-555-0180,
1903,538-555-0182,,
7056,,538-555-0190,
7219,538-555-0197,,
13373,,539-555-0118,
837,539-555-0121,,
12138,,539-555-0126,
6673,539-555-0134,,
703,539-555-0142,,
13042,539-555-0148,,
230,,,539-555-0149
14780,,539-555-0153,
15994,539-555-0162,,
16790,539-555-0165,,
753,,,539-555-0182
8573,539-555-0190,,
17979,,539-555-0198,
15749,540-555-0118,,
15802,,540-555-0122,
7591,,540-555-0129,
8734,,540-555-0145,
4838,540-555-0148,,
13448,540-555-0150,,
17580,540-555-0150,,
14484,540-555-0165,,
19669,540-555-0172,,
11389,,540-555-0181,
6958,540-555-0189,,
189,,,540-555-0191
3940,540-555-0193,,
8156,540-555-0194,,
14145,540-555-0198,,
17210,,541-555-0112,
9836,541-555-0114,,
6283,541-555-0141,,
15434,,541-555-0160,
10986,541-555-0177,,
18598,541-555-0177,,
5461,541-555-0186,,
20596,541-555-0188,,
2089,542-555-0100,,
7547,542-555-0115,,
7970,,542-555-0129,
16375,542-555-0136,,
4034,,542-555-0149,
743,542-555-0164,,
12257,,542-555-0171,
3265,,542-555-0175,
20717,,542-555-0189,
5099,543-555-0113,,
11371,,543-555-0119,
19061,,543-555-0120,
3644,,543-555-0125,
20588,,543-555-0126,
4482,,543-555-0143,
11655,,543-555-0149,
17477,,543-555-0158,
18563,,543-555-0165,
11209,543-555-0167,,
12818,,543-555-0173,
7389,543-555-0176,,
17977,,543-555-0176,
13326,,543-555-0181,
11824,543-555-0198,,
9355,544-555-0111,,
15954,,544-555-0112,
11523,,544-555-0113,
18852,544-555-0139,,
4964,,544-555-0144,
18209,544-555-0147,,
14867,544-555-0167,,
18066,,544-555-0177,
8591,544-555-0190,,
4432,,544-555-0195,
17155,545-555-0114,,
6482,,545-555-0121,
7417,,545-555-0122,
7247,545-555-0123,,
13214,545-555-0127,,
3556,545-555-0144,,
17028,,545-555-0147,
11977,,545-555-0149,
13950,545-555-0171,,
519,,,545-555-0183
13129,545-555-0189,,
10191,,546-555-0111,
15648,546-555-0111,,
3939,546-555-0116,,
11262,,546-555-0128,
18195,546-555-0169,,
2359,547-555-0100,,
7377,,547-555-0111,
17700,,547-555-0113,
19640,547-555-0120,,
12549,,547-555-0121,
3429,547-555-0132,,
9248,547-555-0132,,
9504,,547-555-0137,
13536,547-555-0143,,
9285,547-555-0153,,
14833,547-555-0167,,
8958,,547-555-0176,
5326,547-555-0182,,
10693,547-555-0187,,
18141,547-555-0188,,
15911,,547-555-0191,
19999,,547-555-0191,
10409,547-555-0192,,
18309,,547-555-0197,
2174,548-555-0100,,
2288,548-555-0100,,
8560,548-555-0110,,
17918,548-555-0113,,
5508,548-555-0129,,
6745,548-555-0132,,
4912,548-555-0150,,
14889,,548-555-0166,
2070,549-555-0100,,
11620,549-555-0126,,
15026,549-555-0127,,
16142,549-555-0133,,
17055,549-555-0144,,
7258,,549-555-0150,
12489,,549-555-0158,
16029,549-555-0158,,
8312,549-555-0191,,
10173,,549-555-0199,
1593,,,550-555-0100
2044,550-555-0100,,
18190,550-555-0130,,
16567,550-555-0139,,
16364,550-555-0149,,
17226,550-555-0153,,
17128,,550-555-0163,
14224,,550-555-0179,
8235,550-555-0185,,
16975,,550-555-0187,
9815,550-555-0198,,
14601,,551-555-0114,
3600,551-555-0154,,
775,,,551-555-0155
9354,,551-555-0157,
5406,551-555-0182,,
6982,551-555-0183,,
15895,551-555-0195,,
16314,551-555-0196,,
2090,,,55-2555-0100
2204,552-555-0100,,
166,,,552-555-0111
11346,,552-555-0111,
6084,,552-555-0114,
7092,552-555-0118,,
999,552-555-0141,,
11335,,552-555-0157,
14573,552-555-0158,,
15297,,552-555-0199,
5260,,553-555-0117,
3037,553-555-0122,,
6651,,553-555-0132,
19989,,553-555-0132,
6399,553-555-0137,,
10050,553-555-0146,,
5489,,553-555-0149,
9169,,553-555-0153,
20171,553-555-0180,,
6837,553-555-0183,,
15976,,553-555-0193,
2933,,553-555-0199,
311,,,554-555-0110
2979,554-555-0116,,
19737,,554-555-0116,
19618,554-555-0118,,
869,554-555-0124,,
12855,,554-555-0160,
9299,554-555-0166,,
6873,,554-555-0169,
10012,554-555-0179,,
10077,,554-555-0191,
20244,555-555-0111,,
105,,,555-555-0113
3154,555-555-0125,,
13575,555-555-0138,,
9946,,555-555-0143,
19732,555-555-0151,,
9519,555-555-0157,,
11191,555-555-0159,,
337,,,555-555-0162
1111,555-555-0162,,
7471,555-555-0166,,
11045,,555-555-0194,
19372,,556-555-0118,
16555,556-555-0120,,
12397,556-555-0128,,
3549,556-555-0130,,
4131,,556-555-0131,
13458,,556-555-0131,
12589,,556-555-0135,
17719,556-555-0137,,
373,556-555-0145,,
14422,556-555-0155,,
16441,,556-555-0163,
13560,556-555-0177,,
1255,,,556-555-0192
6191,,556-555-0193,
1623,557-555-0100,,
2253,,,557-555-0100
13469,557-555-0117,,
10728,557-555-0127,,
2960,557-555-0134,,
10488,,557-555-0146,
11395,557-555-0146,,
11284,557-555-0153,,
20681,557-555-0158,,
16549,,557-555-0165,
8200,557-555-0183,,
13999,557-555-0185,,
1738,,558-555-0100,
14637,558-555-0127,,
17912,,558-555-0129,
13130,,558-555-0131,
7049,,558-555-0139,
15889,,558-555-0139,
17471,,558-555-0162,
12103,558-555-0181,,
9554,559-555-0110,,
4515,,559-555-0115,
20679,559-555-0128,,
12148,,559-555-0129,
13461,,559-555-0142,
4422,559-555-0149,,
117,,,559-555-0175
2946,559-555-0188,,
17969,,559-555-0188,
14671,559-555-0197,,
2152,560-555-0100,,
18340,,560-555-0114,
5645,560-555-0134,,
19140,560-555-0150,,
7013,560-555-0168,,
1991,560-555-0171,,
2581,,560-555-0183,
3102,560-555-0193,,
2338,,,561-555-0100
3752,561-555-0113,,
8665,561-555-0115,,
13027,561-555-0115,,
14918,561-555-0115,,
3254,561-555-0118,,
19622,,561-555-0127,
6856,561-555-0128,,
13810,561-555-0129,,
15188,,561-555-0134,
5282,,561-555-0136,
20135,561-555-0140,,
12709,,561-555-0149,
11931,,561-555-0152,
11933,561-555-0163,,
19363,,561-555-0176,
11821,,561-555-0179,
17354,,561-555-0188,
15754,,562-555-0115,
1467,562-555-0119,,
7506,562-555-0128,,
3420,562-555-0130,,
14822,562-555-0158,,
6860,,562-555-0160,
11094,,562-555-0183,
11838,,562-555-0193,
5143,562-555-0196,,
7929,,562-555-0198,
2143,,,563-555-0100
15557,563-555-0110,,
3468,,563-555-0111,
11042,,563-555-0128,
9307,,563-555-0138,
16183,563-555-0146,,
10422,563-555-0175,,
12465,,563-555-0177,
2168,,,564-555-0100
19223,564-555-0115,,
11466,564-555-0118,,
15827,,564-555-0118,
3679,564-555-0124,,
3370,564-555-0130,,
6074,564-555-0137,,
16251,,564-555-0159,
20049,564-555-0191,,
2097,565-555-0100,,
2160,565-555-0100,,
17869,565-555-0112,,
4968,,565-555-0115,
8592,565-555-0115,,
13597,565-555-0115,,
18758,565-555-0125,,
1361,565-555-0181,,
12288,,565-555-0181,
18338,565-555-0189,,
2208,566-555-0100,,
17276,566-555-0114,,
13685,566-555-0115,,
4072,,566-555-0118,
16809,,566-555-0142,
8599,,566-555-0149,
16369,,566-555-0155,
12981,,566-555-0170,
12656,566-555-0177,,
20057,,566-555-0180,
8773,,566-555-0190,
2357,,,567-555-0100
10597,567-555-0119,,
18638,567-555-0141,,
10163,567-555-0149,,
7450,567-555-0151,,
2987,567-555-0166,,
3087,567-555-0176,,
7418,,567-555-0193,
15876,567-555-0195,,
12248,,568-555-0112,
3727,,568-555-0121,
20635,568-555-0128,,
12996,568-555-0140,,
2716,,568-555-0151,
13203,,568-555-0165,
11551,568-555-0197,,
4431,,568-555-0198,
6966,,569-555-0112,
5136,569-555-0116,,
3160,569-555-0124,,
6098,,569-555-0124,
18644,,569-555-0131,
4419,,569-555-0134,
16883,,569-555-0145,
12116,569-555-0148,,
16334,,569-555-0150,
6533,569-555-0151,,
3385,,569-555-0170,
8069,,569-555-0191,
19685,,569-555-0191,
17963,569-555-0192,,
3774,,570-555-0116,
11016,570-555-0117,,
10027,570-555-0129,,
6111,570-555-0136,,
5000,,570-555-0140,
10901,,570-555-0155,
1105,570-555-0199,,
2133,,,571-555-0100
17151,,571-555-0110,
6333,,571-555-0120,
7421,571-555-0127,,
317,571-555-0128,,
18039,571-555-0135,,
10910,,571-555-0140,
11785,571-555-0145,,
7441,571-555-0162,,
11716,,571-555-0171,
19333,,571-555-0175,
6016,571-555-0176,,
148,,,571-555-0179
1792,572-555-0100,,
19491,572-555-0116,,
9939,,572-555-0120,
13310,,572-555-0125,
15139,572-555-0125,,
3587,,572-555-0144,
797,572-555-0156,,
8878,572-555-0175,,
7734,,572-555-0180,
10208,572-555-0184,,
3714,572-555-0185,,
3407,572-555-0195,,
19571,573-555-0116,,
10916,573-555-0126,,
12650,573-555-0135,,
13437,,573-555-0144,
12344,573-555-0151,,
10491,,573-555-0155,
1679,,,574-555-0100
1776,574-555-0100,,
11313,574-555-0132,,
9264,,574-555-0134,
13572,574-555-0134,,
20456,574-555-0134,,
3339,574-555-0150,,
6378,,574-555-0154,
6799,,574-555-0157,
17926,,574-555-0168,
11631,574-555-0176,,
2801,574-555-0184,,
5848,,574-555-0191,
1759,575-555-0100,,
10545,575-555-0116,,
221,575-555-0126,,
13913,575-555-0128,,
20567,,575-555-0134,
19257,575-555-0138,,
19306,,575-555-0153,
9999,,575-555-0155,
541,,,575-555-0189
11166,575-555-0199,,
2149,576-555-0100,,
15701,576-555-0121,,
18825,576-555-0138,,
7306,576-555-0139,,
17940,576-555-0139,,
11110,576-555-0167,,
813,576-555-0171,,
13744,,576-555-0177,
11789,,577-555-0116,
9438,577-555-0117,,
19825,,577-555-0118,
4996,577-555-0129,,
12415,577-555-0170,,
13777,577-555-0182,,
121,,,577-555-0185
7677,,578-555-0110,
3082,,578-555-0111,
15147,578-555-0114,,
4881,,578-555-0118,
20236,,578-555-0118,
15190,578-555-0130,,
15963,578-555-0130,,
4079,578-555-0132,,
14757,578-555-0132,,
9345,,578-555-0134,
5760,578-555-0154,,
6289,,578-555-0160,
17509,578-555-0190,,
2000,579-555-0100,,
2269,,,579-555-0100
7012,579-555-0134,,
5505,579-555-0138,,
8404,579-555-0139,,
6774,579-555-0141,,
12637,,579-555-0169,
16506,,579-555-0178,
7739,,579-555-0186,
14902,579-555-0186,,
7672,579-555-0195,,
2240,580-555-0100,,
5699,580-555-0116,,
6195,580-555-0119,,
7709,,580-555-0124,
5743,,580-555-0126,
7284,580-555-0132,,
3158,580-555-0133,,
14015,,580-555-0138,
13427,,580-555-0159,
5223,,580-555-0160,
19487,,580-555-0168,
3687,580-555-0169,,
12439,,580-555-0193,
11710,,580-555-0194,
2276,581-555-0100,,
16311,581-555-0113,,
17040,581-555-0137,,
11980,,581-555-0152,
6742,,581-555-0158,
873,,,581-555-0172
19615,581-555-0175,,
9776,581-555-0184,,
553,,,581-555-0189
7714,,581-555-0195,
1685,,,582-555-0100
1015,582-555-0113,,
19589,582-555-0119,,
14198,,582-555-0134,
19777,582-555-0135,,
7725,582-555-0144,,
7865,582-555-0147,,
64,582-555-0148,,
3753,,582-555-0166,
100,582-555-0178,,
18365,,582-555-0179,
14997,,582-555-0181,
4630,,582-555-0192,
12843,582-555-0192,,
4616,582-555-0196,,
1709,,583-555-0100,
2327,583-555-0100,,
4691,,583-555-0115,
3123,,583-555-0119,
18543,,583-555-0119,
7674,,583-555-0123,
14118,583-555-0129,,
391,,,583-555-0130
16403,,583-555-0149,
6827,,583-555-0153,
6052,,583-555-0171,
233,,,583-555-0182
14528,583-555-0195,,
13474,583-555-0197,,
949,,,583-555-0198
2175,584-555-0100,,
2316,,,584-555-0100
17971,,584-555-0116,
10835,,584-555-0118,
19454,,584-555-0135,
10115,,584-555-0142,
5365,,584-555-0167,
14896,584-555-0170,,
14026,,584-555-0185,
411,,,584-555-0192
14313,585-555-0117,,
18659,585-555-0127,,
13478,,585-555-0135,
18055,585-555-0152,,
15307,585-555-0160,,
6218,585-555-0172,,
10584,585-555-0175,,
12460,,585-555-0177,
15334,585-555-0177,,
19447,585-555-0180,,
2091,586-555-0100,,
15305,586-555-0114,,
17008,,586-555-0115,
18898,,586-555-0118,
8955,586-555-0120,,
18024,586-555-0134,,
13304,,586-555-0145,
5342,586-555-0151,,
13853,586-555-0175,,
11837,586-555-0191,,
1713,587-555-0100,,
138,587-555-0114,,
16820,,587-555-0114,
36,587-555-0115,,
5353,587-555-0116,,
5375,587-555-0116,,
18632,587-555-0118,,
13726,,587-555-0119,
3953,587-555-0126,,
12432,,587-555-0148,
14626,587-555-0162,,
17877,,587-555-0166,
6028,,587-555-0173,
20723,,587-555-0176,
12476,,588-555-0111,
15977,,588-555-0112,
18682,,588-555-0115,
1869,588-555-0128,,
8181,,588-555-0128,
16489,,588-555-0131,
2823,,588-555-0133,
7274,588-555-0148,,
9253,588-555-0164,,
16071,,588-555-0175,
15885,588-555-0191,,
14480,,589-555-0117,
5319,589-555-0121,,
17615,589-555-0146,,
20605,589-555-0146,,
190,589-555-0147,,
8600,589-555-0155,,
17553,,589-555-0156,
9932,589-555-0167,,
16131,,589-555-0170,
20463,589-555-0184,,
6522,,589-555-0185,
12417,,589-555-0188,
4055,,589-555-0192,
13627,589-555-0197,,
17750,,590-555-0111,
11717,590-555-0112,,
14596,,590-555-0119,
12337,590-555-0124,,
13584,590-555-0124,,
4194,,590-555-0140,
141,,,590-555-0152
19733,590-555-0164,,
8018,590-555-0169,,
16727,590-555-0171,,
6705,,590-555-0180,
15227,,590-555-0190,
3977,590-555-0192,,
8466,590-555-0195,,
2226,,,591-555-0100
6127,,591-555-0114,
18021,591-555-0115,,
3244,,591-555-0116,
12872,,591-555-0118,
3750,591-555-0122,,
5331,591-555-0131,,
13797,,591-555-0144,
3270,591-555-0153,,
11934,,591-555-0186,
15402,591-555-0190,,
3721,592-555-0110,,
7259,,592-555-0112,
5267,592-555-0113,,
14546,592-555-0129,,
3790,592-555-0134,,
15613,592-555-0142,,
17046,,592-555-0143,
4388,592-555-0152,,
6631,592-555-0152,,
13900,592-555-0154,,
10274,,592-555-0166,
20684,592-555-0190,,
2105,593-555-0100,,
2274,,,593-555-0100
18240,593-555-0113,,
15560,,593-555-0116,
2729,,593-555-0122,
19442,,593-555-0160,
20701,593-555-0164,,
7919,,593-555-0198,
264,,,594-555-0110
18955,594-555-0120,,
10791,594-555-0124,,
18083,594-555-0140,,
4939,,594-555-0155,
15426,,594-555-0175,
13906,,594-555-0195,
2194,595-555-0100,,
2233,,,595-555-0100
6212,595-555-0112,,
18324,595-555-0117,,
7601,,595-555-0125,
1179,595-555-0131,,
5877,595-555-0135,,
15119,,595-555-0145,
4958,,595-555-0160,
16630,595-555-0162,,
18734,,595-555-0169,
7589,,595-555-0173,
17983,595-555-0183,,
3576,595-555-0185,,
5857,596-555-0113,,
6355,,596-555-0114,
913,,,596-555-0153
18746,596-555-0158,,
15548,596-555-0166,,
13776,596-555-0179,,
18987,596-555-0189,,
14519,,596-555-0190,
1583,,,597-555-0100
1791,,,597-555-0100
3741,597-555-0116,,
3310,597-555-0121,,
8859,597-555-0122,,
18496,,597-555-0129,
1079,597-555-0132,,
20552,597-555-0139,,
9480,597-555-0145,,
19265,597-555-0147,,
4680,,597-555-0163,
18163,,597-555-0170,
7532,597-555-0171,,
8666,,597-555-0172,
6524,597-555-0183,,
9555,,597-555-0197,
4469,598-555-0113,,
16195,598-555-0117,,
13728,598-555-0125,,
10334,598-555-0132,,
8887,598-555-0144,,
19343,,598-555-0147,
14785,,598-555-0152,
8393,598-555-0156,,
10328,,598-555-0163,
7681,,598-555-0174,
20296,598-555-0176,,
11507,,598-555-0177,
11709,598-555-0182,,
14689,599-555-0118,,
17473,,599-555-0119,
297,599-555-0127,,
8658,,599-555-0128,
13436,599-555-0132,,
5690,599-555-0144,,
3923,,599-555-0155,
453,,,599-555-0160
5668,,599-555-0171,
8635,599-555-0175,,
12450,,599-555-0178,
9443,599-555-0182,,
13973,,599-555-0191,
11307,600-555-0112,,
15343,,600-555-0112,
8146,,600-555-0119,
15483,600-555-0142,,
4264,,600-555-0151,
3312,,600-555-0158,
1427,,,600-555-0162
9334,,600-555-0173,
17109,600-555-0195,,
5981,601-555-0110,,
2973,,601-555-0119,
11794,,601-555-0122,
13438,601-555-0132,,
19048,601-555-0132,,
3474,601-555-0134,,
18882,601-555-0139,,
1819,,,601-555-0151
5991,601-555-0167,,
2302,,,602-555-0100
16784,,602-555-0112,
6797,602-555-0120,,
5227,,602-555-0122,
6546,,602-555-0130,
4458,,602-555-0134,
16011,,602-555-0165,
6325,,602-555-0169,
13377,,602-555-0169,
4952,602-555-0171,,
11312,602-555-0171,,
5251,,602-555-0178,
16004,,602-555-0192,
242,602-555-0194,,
8180,603-555-0114,,
18751,603-555-0116,,
14878,603-555-0128,,
5039,603-555-0129,,
9740,603-555-0129,,
7044,603-555-0152,,
5711,,603-555-0167,
13336,603-555-0169,,
11485,,603-555-0175,
12924,603-555-0189,,
14845,,603-555-0194,
7581,603-555-0197,,
9807,604-555-0112,,
15790,,604-555-0118,
17412,,604-555-0129,
5568,604-555-0176,,
11170,604-555-0190,,
10059,604-555-0191,,
17812,,604-555-0191,
18577,,604-555-0191,
3134,,605-555-0110,
15842,,605-555-0110,
955,,,605-555-0111
16580,,605-555-0130,
7798,,605-555-0133,
15745,,605-555-0133,
6597,605-555-0145,,
10146,605-555-0150,,
5527,,605-555-0159,
3306,,605-555-0165,
13910,605-555-0193,,
2171,606-555-0100,,
9879,606-555-0116,,
11506,606-555-0131,,
8350,606-555-0142,,
13387,606-555-0154,,
6480,,606-555-0158,
5122,,606-555-0173,
9701,606-555-0185,,
18926,606-555-0186,,
8458,606-555-0192,,
2112,607-555-0100,,
9384,607-555-0114,,
7460,,607-555-0118,
14178,607-555-0126,,
9924,,607-555-0145,
5164,607-555-0149,,
11024,607-555-0151,,
17738,607-555-0153,,
12020,,607-555-0154,
20731,607-555-0156,,
13046,,607-555-0157,
12590,607-555-0162,,
16918,607-555-0170,,
9229,,607-555-0179,
3109,607-555-0187,,
14968,,607-555-0187,
3534,,607-555-0192,
343,607-555-0193,,
443,,,608-555-0114
5781,608-555-0117,,
11000,,608-555-0117,
3665,,608-555-0125,
3460,,608-555-0126,
1241,608-555-0162,,
8586,608-555-0170,,
2227,609-555-0100,,
2263,609-555-0100,,
6773,609-555-0115,,
9958,609-555-0117,,
15200,609-555-0135,,
4471,,609-555-0146,
6951,,609-555-0146,
5493,609-555-0151,,
76,609-555-0153,,
12298,609-555-0161,,
168,,,609-555-0179
10372,,609-555-0179,
479,609-555-0186,,
4820,,609-555-0188,
1787,,,610-555-0100
9778,,610-555-0111,
9129,610-555-0117,,
12563,610-555-0118,,
17330,610-555-0123,,
7963,,610-555-0128,
18796,,610-555-0128,
19046,,610-555-0134,
17704,,610-555-0135,
19715,,610-555-0146,
9195,,610-555-0154,
3157,,610-555-0178,
9395,610-555-0182,,
16692,610-555-0183,,
2088,,,611-555-0100
59,,,611-555-0116
3573,611-555-0119,,
9465,,611-555-0131,
5177,,611-555-0154,
11382,,611-555-0170,
17030,611-555-0170,,
5242,,611-555-0183,
18907,611-555-0198,,
4,612-555-0100,,
2115,612-555-0100,,
2167,612-555-0100,,
9261,,612-555-0113,
16747,,612-555-0118,
10234,612-555-0141,,
17897,612-555-0141,,
1947,,,612-555-0149
6815,,612-555-0162,
10566,,612-555-0166,
8286,612-555-0170,,
113,612-555-0171,,
11688,612-555-0171,,
11280,,612-555-0175,
18302,,612-555-0175,
17254,612-555-0176,,
15274,,612-555-0177,
17569,612-555-0181,,
20250,,612-555-0181,
13692,,612-555-0184,
10863,612-555-0190,,
2247,,,613-555-0100
1839,613-555-0116,,
6679,,613-555-0119,
15583,,613-555-0123,
16326,,613-555-0165,
4805,,613-555-0188,
1599,614-555-0100,,
6657,614-555-0113,,
19995,,614-555-0115,
16682,614-555-0127,,
355,,,614-555-0134
16352,,614-555-0137,
9451,614-555-0139,,
8244,614-555-0177,,
13047,614-555-0182,,
15155,,614-555-0183,
16459,614-555-0197,,
234,615-555-0110,,
15396,615-555-0110,,
12002,615-555-0111,,
7017,615-555-0121,,
19084,,615-555-0141,
20218,615-555-0143,,
284,,,615-555-0153
5553,615-555-0157,,
20005,615-555-0184,,
9379,,615-555-0185,
16799,,615-555-0196,
2158,616-555-0100,,
12808,,616-555-0156,
3823,,616-555-0157,
17114,,616-555-0158,
16228,,616-555-0161,
2870,,616-555-0166,
12829,,616-555-0169,
8954,616-555-0177,,
10427,,616-555-0183,
19214,617-555-0112,,
7625,617-555-0119,,
9347,617-555-0125,,
4122,,617-555-0129,
3530,,617-555-0146,
5872,,617-555-0150,
19601,,617-555-0150,
10069,,617-555-0161,
19866,617-555-0161,,
15174,,617-555-0175,
18025,617-555-0179,,
5683,617-555-0182,,
3252,617-555-0184,,
10939,,617-555-0189,
6686,,617-555-0190,
19874,617-555-0190,,
8159,618-555-0112,,
17850,618-555-0112,,
6547,,618-555-0116,
9493,,618-555-0117,
8453,,618-555-0124,
11790,618-555-0125,,
2853,618-555-0128,,
16041,618-555-0131,,
15543,,618-555-0136,
2477,618-555-0157,,
6895,618-555-0184,,
20655,618-555-0184,,
7803,618-555-0189,,
1421,618-555-0193,,
16679,618-555-0196,,
4306,,619-555-0115,
20280,,619-555-0121,
12245,619-555-0125,,
7534,619-555-0132,,
16481,,619-555-0134,
18259,,619-555-0160,
6146,,619-555-0166,
12096,,619-555-0187,
2205,620-555-0100,,
7429,620-555-0110,,
637,620-555-0117,,
17614,,620-555-0118,
15270,,620-555-0127,
3390,,620-555-0129,
19859,620-555-0130,,
15757,620-555-0143,,
3430,620-555-0164,,
4885,620-555-0169,,
7465,,620-555-0195,
15922,,620-555-0199,
17316,621-555-0111,,
17796,,621-555-0123,
4088,621-555-0134,,
18233,621-555-0135,,
9553,621-555-0142,,
2889,,621-555-0147,
10111,,621-555-0152,
20698,621-555-0156,,
967,621-555-0157,,
3810,,621-555-0163,
5903,621-555-0181,,
15148,,621-555-0190,
13798,,621-555-0196,
2805,621-555-0199,,
5495,622-555-0113,,
5113,622-555-0116,,
14323,622-555-0119,,
20713,622-555-0119,,
10537,622-555-0121,,
3316,622-555-0128,,
12301,,622-555-0130,
5856,,622-555-0136,
15942,,622-555-0142,
10998,622-555-0146,,
3695,,622-555-0149,
9084,,622-555-0152,
11489,,622-555-0158,
14444,,622-555-0160,
9830,622-555-0164,,
4717,622-555-0178,,
10268,622-555-0184,,
9407,622-555-0191,,
10075,622-555-0192,,
18506,,622-555-0196,
12494,623-555-0113,,
3964,623-555-0117,,
20538,,623-555-0122,
3652,623-555-0125,,
16431,623-555-0126,,
15348,,623-555-0135,
1435,,,623-555-0144
2723,,623-555-0149,
1005,623-555-0153,,
272,,,623-555-0155
18669,623-555-0156,,
19278,623-555-0192,,
9097,,624-555-0111,
8609,,624-555-0115,
5262,624-555-0118,,
11515,624-555-0118,,
6911,,624-555-0150,
3744,624-555-0184,,
5428,624-555-0189,,
5829,624-555-0194,,
14030,,625-555-0113,
16393,625-555-0118,,
16915,,625-555-0121,
14142,625-555-0130,,
3338,,625-555-0151,
20553,625-555-0158,,
13071,,625-555-0162,
13986,625-555-0168,,
20054,,625-555-0171,
6769,625-555-0177,,
5812,,625-555-0186,
10715,625-555-0198,,
1609,,,626-555-0100
16754,,626-555-0110,
12167,,626-555-0118,
15025,626-555-0119,,
17490,,626-555-0123,
14960,626-555-0137,,
19547,,626-555-0148,
20475,626-555-0164,,
15135,626-555-0166,,
14906,626-555-0170,,
13281,626-555-0177,,
4498,,626-555-0195,
4309,,627-555-0110,
3881,,627-555-0111,
14793,,627-555-0113,
10449,,627-555-0117,
17626,,627-555-0119,
3821,627-555-0133,,
5178,627-555-0144,,
17493,627-555-0146,,
8630,,627-555-0166,
11302,,627-555-0172,
12789,627-555-0176,,
4138,627-555-0180,,
13070,,627-555-0181,
16371,627-555-0185,,
6850,,627-555-0187,
13059,,627-555-0191,
891,,,627-555-0192
9064,,628-555-0110,
15476,,628-555-0114,
16272,628-555-0119,,
3056,,628-555-0156,
8535,628-555-0166,,
8308,,628-555-0176,
13758,,628-555-0177,
6693,,628-555-0180,
15632,,628-555-0181,
9516,629-555-0115,,
8615,629-555-0116,,
18683,,629-555-0119,
8246,,629-555-0130,
3729,629-555-0147,,
10263,,629-555-0159,
19003,629-555-0160,,
9857,629-555-0165,,
11729,629-555-0177,,
4197,629-555-0193,,
17996,,630-555-0121,
18401,,630-555-0121,
6527,630-555-0128,,
19403,,630-555-0131,
5477,630-555-0138,,
8278,,630-555-0145,
19616,,630-555-0162,
11044,630-555-0181,,
5535,,630-555-0191,
19631,631-555-0114,,
7099,631-555-0118,,
11017,631-555-0127,,
7242,631-555-0137,,
1363,631-555-0155,,
13928,,631-555-0156,
10413,,631-555-0170,
4725,,631-555-0178,
16302,,631-555-0197,
1790,,,632-555-0100
6380,,632-555-0118,
10135,,632-555-0118,
20151,,632-555-0118,
5786,,632-555-0127,
27,632-555-0129,,
9608,632-555-0134,,
16231,,632-555-0135,
19004,,632-555-0140,
19209,632-555-0153,,
8083,632-555-0154,,
16092,632-555-0157,,
1109,632-555-0171,,
7113,632-555-0172,,
4600,,632-555-0199,
1712,,633-555-0100,
8409,633-555-0132,,
9405,633-555-0185,,
17179,,633-555-0188,
4889,,633-555-0192,
16899,634-555-0114,,
3564,,634-555-0146,
7186,,634-555-0154,
6825,634-555-0176,,
10065,,634-555-0184,
20584,635-555-0110,,
19760,,635-555-0115,
19978,,635-555-0115,
14462,,635-555-0118,
611,,,635-555-0126
20102,635-555-0141,,
14309,635-555-0158,,
10053,,635-555-0167,
12326,,635-555-0173,
14887,,635-555-0176,
3883,635-555-0185,,
5843,,636-555-0111,
17418,,636-555-0112,
11180,,636-555-0114,
14630,,636-555-0121,
16519,636-555-0168,,
9094,,636-555-0182,
4519,,636-555-0191,
7779,636-555-0197,,
13353,,636-555-0197,
2287,,,637-555-0100
2858,,637-555-0114,
114,,,637-555-0120
965,637-555-0120,,
5801,637-555-0121,,
11001,637-555-0123,,
14153,637-555-0150,,
18957,637-555-0159,,
16257,,638-555-0111,
18033,,638-555-0114,
7620,638-555-0128,,
9016,,638-555-0148,
16137,,638-555-0148,
11243,638-555-0163,,
10416,,638-555-0164,
14885,,638-555-0164,
14057,,638-555-0178,
5796,,638-555-0180,
3876,,638-555-0183,
2984,,638-555-0187,
13581,,638-555-0188,
2245,,,639-555-0100
2317,,,639-555-0100
15660,,639-555-0117,
12329,639-555-0119,,
13608,,639-555-0126,
15358,639-555-0134,,
6071,,639-555-0142,
12249,,639-555-0149,
169,639-555-0164,,
10419,639-555-0165,,
17583,,639-555-0166,
11419,,639-555-0189,
12596,,640-555-0110,
11227,,640-555-0116,
18218,640-555-0117,,
7570,640-555-0129,,
6508,,640-555-0132,
3145,640-555-0133,,
10622,640-555-0134,,
5824,,640-555-0153,
11730,,640-555-0169,
397,640-555-0189,,
459,,,640-555-0198
1761,,641-555-0100,
2855,641-555-0112,,
7333,641-555-0114,,
15003,641-555-0114,,
19713,,641-555-0116,
12748,641-555-0118,,
6176,,641-555-0146,
10742,,641-555-0152,
7052,641-555-0162,,
11808,641-555-0173,,
14676,,641-555-0174,
7577,,641-555-0175,
12840,641-555-0185,,
3302,642-555-0110,,
10702,642-555-0111,,
13799,642-555-0119,,
3997,,642-555-0133,
8886,642-555-0137,,
9847,642-555-0150,,
1411,642-555-0187,,
15453,,642-555-0190,
6928,,643-555-0118,
3169,643-555-0126,,
7971,643-555-0140,,
8611,,643-555-0165,
1789,644-555-0100,,
2148,644-555-0100,,
2322,644-555-0100,,
659,,,644-555-0111
551,,,644-555-0114
16819,,644-555-0114,
5340,,644-555-0115,
2432,644-555-0144,,
4817,644-555-0149,,
16588,644-555-0155,,
13724,,644-555-0160,
19117,,644-555-0167,
7238,,644-555-0177,
4475,,644-555-0185,
9021,644-555-0186,,
20370,644-555-0187,,
14957,,644-555-0192,
6642,645-555-0110,,
17952,645-555-0112,,
14934,,645-555-0128,
16190,,645-555-0133,
16757,,645-555-0141,
12183,,645-555-0147,
12885,,645-555-0167,
8373,,645-555-0175,
12005,645-555-0187,,
1305,645-555-0193,,
17400,646-555-0113,,
14349,646-555-0117,,
16637,,646-555-0119,
11440,,646-555-0129,
631,,,646-555-0137
13590,646-555-0142,,
4545,646-555-0154,,
15943,646-555-0161,,
18054,,646-555-0164,
16852,,646-555-0172,
9310,,646-555-0173,
16259,646-555-0179,,
7748,646-555-0181,,
241,,,646-555-0185
2173,647-555-0100,,
19224,,647-555-0111,
20357,,647-555-0111,
12434,,647-555-0116,
4863,647-555-0123,,
4385,,647-555-0131,
14369,647-555-0134,,
16408,647-555-0135,,
5503,647-555-0136,,
12523,647-555-0136,,
8110,,647-555-0141,
20006,,647-555-0146,
20547,647-555-0146,,
3847,,647-555-0151,
5314,,647-555-0159,
3095,647-555-0182,,
7305,647-555-0186,,
1700,648-555-0100,,
13015,,648-555-0129,
3072,648-555-0134,,
17561,,648-555-0141,
10574,,648-555-0150,
5518,648-555-0158,,
20381,,649-555-0115,
2782,649-555-0121,,
6543,649-555-0123,,
12531,649-555-0136,,
4816,649-555-0138,,
17158,649-555-0138,,
3278,,649-555-0177,
2938,,649-555-0191,
6211,650-555-0164,,
11183,,650-555-0176,
15277,650-555-0181,,
8210,,651-555-0110,
20288,651-555-0113,,
13167,651-555-0127,,
11279,651-555-0128,,
10922,,651-555-0132,
12285,651-555-0146,,
13961,651-555-0153,,
4278,,651-555-0158,
18627,651-555-0159,,
4787,,651-555-0160,
10046,651-555-0161,,
3840,,651-555-0165,
3499,651-555-0168,,
7215,,651-555-0169,
3651,651-555-0175,,
13303,651-555-0192,,
727,,,652-555-0115
9456,,652-555-0116,
14402,652-555-0117,,
573,652-555-0132,,
16644,652-555-0148,,
17785,652-555-0148,,
5625,,652-555-0150,
10155,652-555-0151,,
16590,652-555-0153,,
13968,,652-555-0172,
19108,,652-555-0173,
13181,,652-555-0177,
18241,652-555-0181,,
5449,,652-555-0183,
1147,652-555-0189,,
12958,,652-555-0195,
2264,653-555-0100,,
6082,,653-555-0115,
14354,653-555-0116,,
17773,,653-555-0118,
271,,,653-555-0144
12475,653-555-0150,,
1287,,,653-555-0159
5650,653-555-0159,,
921,,,653-555-0170
15075,,653-555-0175,
12469,653-555-0178,,
9110,653-555-0182,,
9633,,654-555-0111,
16472,654-555-0112,,
4342,,654-555-0116,
5988,,654-555-0128,
15961,654-555-0146,,
1097,654-555-0150,,
14172,654-555-0176,,
267,,,654-555-0177
16810,654-555-0178,,
8749,654-555-0180,,
16256,655-555-0121,,
19178,,655-555-0149,
17423,655-555-0154,,
14447,,655-555-0183,
6619,655-555-0194,,
18456,656-555-0111,,
265,,,656-555-0119
18959,,656-555-0119,
2784,656-555-0121,,
17278,,656-555-0130,
19429,656-555-0132,,
7973,,656-555-0167,
14459,,656-555-0171,
1223,,,656-555-0173
4259,656-555-0187,,
19472,656-555-0189,,
2797,656-555-0199,,
13019,657-555-0114,,
14618,657-555-0114,,
4019,,657-555-0116,
17255,657-555-0127,,
18847,,657-555-0138,
3936,,657-555-0139,
5742,657-555-0140,,
16419,,657-555-0155,
8959,657-555-0165,,
5320,657-555-0175,,
10878,,657-555-0184,
3642,657-555-0197,,
16746,,658-555-0113,
18283,658-555-0114,,
16427,658-555-0133,,
11571,,658-555-0137,
6561,,658-555-0142,
545,,,658-555-0146
12051,658-555-0153,,
9341,658-555-0156,,
14798,658-555-0173,,
20097,,658-555-0177,
9387,658-555-0190,,
14386,658-555-0190,,
10314,,658-555-0193,
10434,658-555-0194,,
3300,659-555-0128,,
5191,,659-555-0151,
5723,659-555-0155,,
18584,,659-555-0186,
2184,,,660-555-0100
9340,660-555-0111,,
8532,,660-555-0112,
11990,660-555-0112,,
8715,,660-555-0143,
5109,660-555-0153,,
5362,660-555-0162,,
18000,,660-555-0172,
6228,,660-555-0176,
11452,660-555-0192,,
19144,,661-555-0160,
711,,,661-555-0168
3241,662-555-0113,,
4315,,662-555-0125,
8075,662-555-0125,,
11557,,662-555-0130,
3918,,662-555-0145,
10433,662-555-0155,,
4770,,662-555-0157,
8884,662-555-0171,,
7191,,662-555-0186,
6772,662-555-0188,,
12845,,663-555-0137,
5538,,663-555-0163,
178,663-555-0172,,
7400,,663-555-0181,
6656,,663-555-0184,
3755,,663-555-0190,
19474,,663-555-0197,
279,,,664-555-0112
11816,,664-555-0120,
2806,664-555-0121,,
11588,664-555-0143,,
9828,,664-555-0169,
10311,664-555-0174,,
2469,664-555-0191,,
1631,,,665-555-0100
10283,,665-555-0117,
16652,,665-555-0124,
17819,665-555-0132,,
8574,,665-555-0143,
12517,,665-555-0155,
18491,,665-555-0156,
7863,665-555-0159,,
17150,,665-555-0163,
16236,665-555-0181,,
379,,,665-555-0198
19701,665-555-0199,,
16504,,666-555-0112,
2905,666-555-0119,,
19922,,666-555-0130,
12371,,666-555-0138,
6044,,666-555-0142,
1367,666-555-0143,,
12585,666-555-0149,,
8566,666-555-0153,,
9183,,666-555-0153,
3844,666-555-0155,,
10928,,666-555-0160,
3590,666-555-0172,,
17919,666-555-0181,,
11158,666-555-0185,,
11224,666-555-0185,,
1881,667-555-0112,,
15865,667-555-0116,,
5978,,667-555-0117,
11448,667-555-0136,,
15455,,667-555-0141,
14308,,667-555-0151,
19928,,667-555-0155,
11033,,667-555-0165,
11187,667-555-0172,,
1673,,,668-555-0100
8808,,668-555-0114,
15042,,668-555-0118,
193,,,668-555-0130
18312,668-555-0134,,
14904,668-555-0141,,
8972,,668-555-0142,
6000,668-555-0143,,
20733,,668-555-0151,
16050,,668-555-0160,
7858,,668-555-0171,
1535,,,669-555-0100
7751,669-555-0115,,
8039,,669-555-0129,
957,,,669-555-0149
6516,669-555-0149,,
161,,,669-555-0150
5338,,669-555-0150,
16685,669-555-0150,,
6203,669-555-0153,,
20672,,669-555-0153,
19526,669-555-0158,,
8688,669-555-0163,,
3261,669-555-0171,,
13321,,669-555-0176,
5118,670-555-0117,,
17797,,670-555-0121,
14395,,670-555-0124,
5561,,670-555-0141,
7469,,670-555-0164,
20486,670-555-0184,,
2970,,670-555-0187,
13148,671-555-0133,,
4927,,671-555-0138,
7676,671-555-0144,,
13028,671-555-0148,,
17431,,671-555-0179,
8863,,671-555-0185,
3188,,671-555-0191,
8051,,671-555-0192,
6440,,671-555-0199,
2145,,,672-555-0100
925,672-555-0112,,
16932,672-555-0123,,
11237,,672-555-0130,
6740,,672-555-0135,
10062,,672-555-0166,
3849,672-555-0169,,
11541,,672-555-0186,
9216,673-555-0111,,
3012,673-555-0124,,
14392,673-555-0140,,
20724,,673-555-0145,
6021,,673-555-0152,
15365,673-555-0153,,
5925,,673-555-0165,
9442,,673-555-0165,
16841,,673-555-0180,
17691,674-555-0110,,
19358,,674-555-0114,
18749,,674-555-0129,
8916,674-555-0137,,
14548,,674-555-0147,
18560,,674-555-0155,
9968,,674-555-0160,
20594,,674-555-0174,
9327,674-555-0178,,
6748,674-555-0185,,
979,674-555-0187,,
843,,,674-555-0188
3518,674-555-0195,,
14842,,674-555-0195,
8755,674-555-0196,,
2321,,,675-555-0100
5035,,675-555-0112,
6848,,675-555-0112,
7108,,675-555-0149,
8483,675-555-0150,,
10481,,675-555-0156,
10540,,675-555-0169,
12561,675-555-0172,,
16566,,676-555-0114,
5211,676-555-0120,,
15702,,676-555-0134,
19580,,676-555-0134,
8486,676-555-0146,,
17147,676-555-0147,,
3399,676-555-0155,,
18201,676-555-0162,,
12959,676-555-0165,,
7617,676-555-0172,,
14022,,676-555-0184,
12431,676-555-0195,,
2038,677-555-0100,,
5721,,677-555-0112,
13920,677-555-0122,,
14565,,677-555-0129,
19114,,677-555-0130,
3835,,677-555-0141,
6834,677-555-0149,,
16186,,677-555-0182,
175,,,678-555-0110
7918,,678-555-0110,
5642,,678-555-0111,
15378,,678-555-0114,
13216,678-555-0115,,
14730,,678-555-0118,
6260,,678-555-0120,
17357,678-555-0129,,
7102,,678-555-0139,
15633,,678-555-0140,
13094,678-555-0146,,
10694,678-555-0155,,
16947,,678-555-0162,
9711,,678-555-0163,
11101,678-555-0173,,
315,678-555-0175,,
12547,,678-555-0176,
13375,678-555-0179,,
15128,,678-555-0194,
10704,678-555-0195,,
12844,,678-555-0197,
6688,679-555-0111,,
95,,,679-555-0113
4766,679-555-0113,,
6038,679-555-0115,,
12175,,679-555-0115,
19047,,679-555-0118,
10843,679-555-0126,,
7698,,679-555-0142,
5466,,679-555-0151,
16199,,679-555-0161,
20231,,679-555-0168,
4103,,679-555-0194,
6484,,680-555-0111,
7116,680-555-0114,,
79,680-555-0118,,
10376,680-555-0125,,
15019,,680-555-0146,
18194,680-555-0147,,
16358,,680-555-0153,
9231,680-555-0155,,
14698,680-555-0155,,
3611,,680-555-0159,
1971,680-555-0160,,
5352,680-555-0163,,
11432,,680-555-0163,
767,680-555-0192,,
4240,,680-555-0195,
16237,,680-555-0199,
10253,681-555-0110,,
19517,681-555-0113,,
14508,,681-555-0140,
4937,681-555-0150,,
5520,681-555-0150,,
18566,,681-555-0164,
17207,681-555-0175,,
6494,681-555-0186,,
4815,,681-555-0189,
2037,,,682-555-0100
5806,682-555-0114,,
5464,682-555-0116,,
8171,682-555-0187,,
3572,682-555-0190,,
4429,,682-555-0196,
2069,683-555-0100,,
20099,,683-555-0113,
15400,683-555-0123,,
17143,683-555-0129,,
16738,683-555-0131,,
4326,,683-555-0147,
14682,,683-555-0150,
20607,,683-555-0152,
11002,683-555-0161,,
8086,683-555-0198,,
14312,,684-555-0115,
5888,684-555-0119,,
11864,,684-555-0120,
7403,684-555-0129,,
6032,684-555-0133,,
1965,,,684-555-0134
9540,684-555-0148,,
6168,684-555-0160,,
9349,684-555-0160,,
1762,,685-555-0100,
8197,685-555-0115,,
20317,685-555-0116,,
1391,685-555-0117,,
16769,685-555-0117,,
263,,,685-555-0120
3094,685-555-0141,,
16889,,685-555-0144,
5522,685-555-0147,,
9537,685-555-0149,,
6877,,685-555-0165,
12853,,685-555-0165,
8149,,685-555-0169,
18614,,685-555-0172,
18151,685-555-0175,,
1193,685-555-0176,,
3176,,685-555-0184,
1633,,,686-555-0100
7177,686-555-0131,,
1933,686-555-0180,,
10406,686-555-0191,,
11797,686-555-0192,,
7494,,687-555-0112,
15218,687-555-0112,,
4658,687-555-0170,,
13593,687-555-0176,,
4146,,687-555-0187,
2181,688-555-0100,,
15011,,688-555-0112,
503,,,688-555-0113
1845,688-555-0115,,
16319,688-555-0117,,
17759,,688-555-0118,
9039,688-555-0125,,
12901,,688-555-0128,
3372,688-555-0130,,
16804,688-555-0171,,
3183,688-555-0181,,
73,688-555-0192,,
4535,,689-555-0113,
17681,,689-555-0128,
539,,,689-555-0130
18872,,689-555-0149,
15194,689-555-0164,,
9479,689-555-0172,,
12447,,690-555-0133,
11840,690-555-0140,,
6251,,690-555-0141,
16344,,690-555-0178,
11385,,690-555-0185,
17991,,690-555-0187,
6721,690-555-0189,,
8053,690-555-0191,,
9931,690-555-0198,,
2199,,,691-555-0100
15984,691-555-0112,,
10048,,691-555-0114,
19716,,691-555-0126,
5286,691-555-0141,,
857,,,691-555-0149
8477,691-555-0171,,
14705,,691-555-0172,
16032,691-555-0182,,
12032,,692-555-0110,
3065,692-555-0112,,
7715,692-555-0112,,
17110,692-555-0115,,
947,692-555-0136,,
8175,,692-555-0146,
18134,,692-555-0172,
8033,692-555-0189,,
20348,,692-555-0193,
18495,693-555-0118,,
6672,,693-555-0119,
6849,,693-555-0144,
20753,693-555-0146,,
8787,693-555-0152,,
10031,693-555-0156,,
6796,693-555-0161,,
6049,,693-555-0168,
11399,,693-555-0191,
3690,694-555-0111,,
10006,,694-555-0114,
17735,,694-555-0116,
3309,,694-555-0126,
3315,694-555-0129,,
8223,,694-555-0132,
14197,694-555-0142,,
17653,,694-555-0145,
6169,,694-555-0162,
14554,694-555-0175,,
17031,694-555-0176,,
6610,,694-555-0182,
5002,,694-555-0193,
16526,694-555-0195,,
339,,,695-555-0111
5497,,695-555-0117,
9403,,695-555-0119,
5321,,695-555-0124,
1941,695-555-0128,,
8369,695-555-0129,,
11510,695-555-0137,,
19533,,695-555-0138,
13052,695-555-0140,,
10435,,695-555-0150,
15668,695-555-0151,,
1993,695-555-0158,,
655,,,695-555-0161
10506,695-555-0184,,
13789,,696-555-0112,
13277,696-555-0114,,
15056,696-555-0116,,
19730,696-555-0119,,
16837,,696-555-0130,
5724,696-555-0143,,
4961,,696-555-0147,
157,,,696-555-0157
19753,696-555-0172,,
18108,696-555-0182,,
6572,,696-555-0187,
9315,696-555-0193,,
2236,,,697-555-0100
9629,697-555-0113,,
16453,697-555-0113,,
1143,,,697-555-0131
9956,,697-555-0134,
4438,697-555-0137,,
14335,,697-555-0138,
1,697-555-0142,,
9364,,697-555-0146,
9380,,697-555-0157,
12338,,697-555-0160,
11872,697-555-0171,,
3605,697-555-0174,,
13530,,697-555-0178,
12562,,697-555-0180,
8276,,697-555-0184,
3966,,697-555-0185,
3772,698-555-0113,,
6725,,698-555-0113,
20095,,698-555-0118,
9013,,698-555-0129,
20125,698-555-0138,,
4022,698-555-0158,,
15915,,698-555-0174,
12040,698-555-0175,,
20430,,698-555-0179,
825,,,698-555-0183
5056,698-555-0189,,
10381,,698-555-0190,
2329,699-555-0100,,
9445,,699-555-0112,
2875,699-555-0122,,
13316,699-555-0137,,
4166,699-555-0147,,
345,699-555-0155,,
1319,699-555-0183,,
1883,699-555-0184,,
12524,699-555-0186,,
5923,,699-555-0198,
20333,,699-555-0199,
8452,700-555-0132,,
18832,,700-555-0147,
607,700-555-0155,,
20346,700-555-0173,,
7079,700-555-0195,,
17516,701-555-0114,,
13410,,701-555-0120,
3294,701-555-0131,,
19604,701-555-0138,,
2760,,701-555-0143,
6616,,701-555-0175,
18229,701-555-0178,,
12544,,701-555-0179,
9673,,702-555-0117,
12045,,702-555-0118,
13003,,702-555-0144,
20564,702-555-0144,,
19653,702-555-0149,,
11388,702-555-0152,,
17342,702-555-0152,,
9679,,702-555-0155,
11876,702-555-0159,,
19797,702-555-0161,,
14939,702-555-0169,,
14018,,702-555-0172,
4587,702-555-0179,,
12090,,702-555-0180,
11647,,702-555-0192,
12676,,702-555-0195,
4338,702-555-0199,,
4792,703-555-0112,,
1145,703-555-0120,,
15663,703-555-0127,,
13969,,703-555-0128,
17770,,703-555-0129,
1029,,,703-555-0158
6457,,703-555-0171,
4807,,703-555-0179,
2566,703-555-0184,,
1639,704-555-0100,,
8228,,704-555-0119,
11134,,704-555-0125,
12787,704-555-0164,,
1687,705-555-0100,,
14909,,705-555-0112,
13083,,705-555-0113,
16677,,705-555-0139,
5078,705-555-0155,,
16591,705-555-0178,,
17895,706-555-0110,,
19269,706-555-0114,,
6349,,706-555-0117,
7481,706-555-0118,,
10541,706-555-0121,,
817,706-555-0140,,
14870,706-555-0151,,
5896,706-555-0161,,
9414,706-555-0165,,
17795,,706-555-0168,
17723,,706-555-0174,
17013,,706-555-0185,
17958,,706-555-0191,
12385,706-555-0194,,
8138,707-555-0112,,
18662,707-555-0112,,
18286,,707-555-0175,
17229,707-555-0189,,
11051,,707-555-0192,
13510,707-555-0197,,
11315,708-555-0111,,
15953,,708-555-0117,
18091,708-555-0128,,
7378,708-555-0131,,
20,,,708-555-0141
11031,,708-555-0155,
13918,,708-555-0164,
673,,,708-555-0169
15143,708-555-0172,,
13843,,708-555-0175,
18501,708-555-0179,,
14307,,708-555-0182,
20335,708-555-0197,,
1607,709-555-0100,,
2235,,,709-555-0100
2360,,,709-555-0100
10293,,709-555-0119,
14777,,709-555-0119,
14903,709-555-0132,,
13212,,709-555-0140,
14941,709-555-0145,,
7425,709-555-0156,,
18280,,709-555-0162,
3336,709-555-0164,,
8627,709-555-0164,,
5709,,709-555-0190,
3794,,709-555-0191,
2206,710-555-0100,,
2299,,,710-555-0100
575,710-555-0116,,
17765,710-555-0132,,
17885,710-555-0134,,
13426,,710-555-0143,
16197,,710-555-0145,
4090,710-555-0152,,
9487,,710-555-0158,
931,,,710-555-0173
10850,,710-555-0180,
3998,,711-555-0113,
18512,711-555-0114,,
5546,,711-555-0115,
17286,711-555-0115,,
16903,711-555-0119,,
9033,711-555-0136,,
15550,711-555-0151,,
18641,711-555-0186,,
15811,,712-555-0111,
41,712-555-0113,,
20064,712-555-0114,,
11590,712-555-0116,,
3817,712-555-0117,,
9722,,712-555-0117,
70,,,712-555-0119
2897,,712-555-0120,
17012,,712-555-0130,
19662,712-555-0141,,
8301,712-555-0144,,
6671,,712-555-0167,
7712,712-555-0168,,
69,,,712-555-0170
3773,,712-555-0185,
5967,712-555-0192,,
8407,,713-555-0111,
2914,713-555-0114,,
20628,,713-555-0121,
4171,713-555-0128,,
15379,713-555-0135,,
11232,713-555-0136,,
4416,,713-555-0147,
7846,,713-555-0159,
1033,713-555-0168,,
3561,713-555-0181,,
3630,,713-555-0187,
14823,713-555-0188,,
7041,713-555-0192,,
2305,714-555-0100,,
3845,,714-555-0112,
15153,,714-555-0122,
14339,714-555-0128,,
195,,,714-555-0138
5436,,714-555-0144,
5653,,714-555-0150,
7634,714-555-0159,,
12705,,714-555-0162,
8784,714-555-0164,,
8152,,714-555-0177,
2896,714-555-0190,,
19275,714-555-0193,,
13237,,714-555-0197,
1754,715-555-0100,,
12697,,715-555-0121,
7962,715-555-0144,,
9873,,715-555-0147,
5213,715-555-0157,,
20127,,715-555-0165,
9000,715-555-0178,,
18041,715-555-0178,,
12618,715-555-0180,,
10164,715-555-0193,,
14047,,716-555-0117,
12930,,716-555-0122,
841,716-555-0123,,
273,716-555-0127,,
6245,716-555-0137,,
6993,,716-555-0155,
5949,716-555-0157,,
13573,,716-555-0159,
16451,,716-555-0163,
17988,,716-555-0163,
19200,,716-555-0164,
629,,,716-555-0167
5479,716-555-0173,,
3001,716-555-0187,,
18300,716-555-0187,,
12692,716-555-0190,,
20390,,716-555-0194,
10927,,716-555-0195,
12861,717-555-0111,,
6331,,717-555-0118,
365,,,717-555-0131
5548,,717-555-0162,
11663,,717-555-0164,
15349,717-555-0165,,
8270,,717-555-0178,
5086,717-555-0188,,
1597,,,718-555-0100
7643,,718-555-0115,
6008,718-555-0125,,
13062,718-555-0129,,
13227,,718-555-0137,
10103,,718-555-0140,
1131,,,718-555-0152
2968,718-555-0170,,
7949,718-555-0172,,
13279,718-555-0180,,
18782,718-555-0181,,
18358,,718-555-0190,
15797,,718-555-0191,
18423,719-555-0119,,
3552,719-555-0165,,
11,719-555-0181,,
16849,719-555-0182,,
10707,,719-555-0185,
5932,,720-555-0114,
19561,720-555-0117,,
3895,720-555-0149,,
232,,,720-555-0158
10148,,720-555-0158,
9644,720-555-0175,,
8584,,720-555-0184,
11646,720-555-0187,,
12289,721-555-0110,,
19346,,721-555-0115,
2632,,721-555-0116,
11350,,721-555-0117,
20405,721-555-0117,,
9832,,721-555-0130,
4148,721-555-0132,,
19799,721-555-0147,,
16641,,721-555-0154,
903,,,721-555-0163
16614,,721-555-0172,
10079,721-555-0185,,
13765,722-555-0113,,
20129,722-555-0126,,
3427,722-555-0145,,
12535,722-555-0149,,
15319,722-555-0153,,
811,722-555-0169,,
20111,722-555-0183,,
10864,722-555-0190,,
2210,,,723-555-0100
10942,,723-555-0116,
1443,723-555-0124,,
18474,723-555-0125,,
2405,,723-555-0141,
19609,,723-555-0160,
9552,723-555-0161,,
12957,,723-555-0161,
4684,723-555-0183,,
17338,723-555-0187,,
1587,,,724-555-0100
16052,724-555-0116,,
9929,724-555-0134,,
3008,,724-555-0144,
937,,,724-555-0161
17896,,724-555-0194,
12574,,725-555-0116,
17599,,725-555-0117,
20555,,725-555-0122,
8007,,725-555-0128,
7718,725-555-0131,,
7874,725-555-0142,,
3717,725-555-0163,,
11787,,725-555-0167,
19284,,725-555-0195,
15597,726-555-0110,,
12259,,726-555-0111,
13313,,726-555-0116,
16323,726-555-0124,,
12070,,726-555-0126,
8148,,726-555-0143,
17118,726-555-0143,,
14706,,726-555-0144,
591,726-555-0155,,
13602,,726-555-0168,
8903,726-555-0178,,
4135,,726-555-0187,
6437,726-555-0190,,
413,726-555-0191,,
5688,,727-555-0111,
14943,727-555-0111,,
144,727-555-0112,,
323,,,727-555-0115
17545,,727-555-0119,
17250,,727-555-0133,
7405,,727-555-0159,
15714,727-555-0161,,
9164,,727-555-0162,
20198,727-555-0180,,
19351,,727-555-0182,
691,,,727-555-0190
2340,,,728-555-0100
8011,728-555-0111,,
11555,728-555-0118,,
14448,728-555-0133,,
14568,,728-555-0143,
9861,728-555-0144,,
4759,728-555-0147,,
9839,,728-555-0176,
11195,,728-555-0198,
2258,,,729-555-0100
17595,729-555-0112,,
15686,729-555-0114,,
15311,729-555-0119,,
15326,729-555-0131,,
8313,729-555-0139,,
4745,,729-555-0153,
11078,,729-555-0156,
15627,,729-555-0171,
10405,729-555-0182,,
11512,729-555-0189,,
7436,,730-555-0116,
85,730-555-0117,,
18605,730-555-0118,,
14948,,730-555-0119,
16202,730-555-0125,,
18143,730-555-0128,,
18554,730-555-0133,,
6553,730-555-0139,,
18165,,730-555-0151,
4581,,730-555-0154,
11858,,730-555-0155,
16075,,730-555-0157,
19304,,730-555-0167,
3190,,730-555-0181,
11047,730-555-0181,,
8800,,730-555-0188,
14298,,731-555-0128,
12687,731-555-0142,,
15662,,731-555-0151,
8290,731-555-0157,,
18894,,731-555-0172,
10884,,731-555-0175,
12214,731-555-0184,,
1203,,,731-555-0187
4242,731-555-0193,,
14908,,732-555-0112,
14406,,732-555-0124,
11923,732-555-0125,,
3877,,732-555-0135,
9468,732-555-0139,,
3476,732-555-0142,,
7200,732-555-0144,,
3216,,732-555-0156,
15906,,732-555-0161,
16990,,733-555-0110,
9085,733-555-0112,,
5665,733-555-0116,,
16325,,733-555-0123,
81,,,733-555-0128
8779,,733-555-0148,
7126,733-555-0149,,
14510,,733-555-0157,
6450,733-555-0189,,
10853,733-555-0189,,
13865,,734-555-0118,
14009,734-555-0118,,
8280,734-555-0132,,
15619,,734-555-0154,
13916,,734-555-0189,
15419,735-555-0111,,
5347,,735-555-0115,
16018,735-555-0115,,
4645,,735-555-0116,
10098,,735-555-0119,
18409,,735-555-0119,
18464,,735-555-0123,
9611,735-555-0125,,
8001,735-555-0127,,
12521,735-555-0140,,
11879,735-555-0147,,
3815,,735-555-0150,
10396,735-555-0155,,
12708,,735-555-0157,
13346,735-555-0162,,
3508,,735-555-0180,
9761,735-555-0181,,
9174,735-555-0182,,
13101,,735-555-0182,
4924,,735-555-0183,
4935,735-555-0197,,
2314,736-555-0100,,
5886,,736-555-0111,
8943,,736-555-0113,
17336,,736-555-0115,
18653,,736-555-0116,
3010,,736-555-0119,
17309,,736-555-0124,
14056,736-555-0126,,
17575,,736-555-0130,
15192,736-555-0137,,
12503,,736-555-0141,
4594,,736-555-0187,
12356,,736-555-0191,
8047,,736-555-0192,
14300,,736-555-0194,
3978,737-555-0112,,
15773,,737-555-0114,
8812,,737-555-0136,
16148,737-555-0139,,
9817,,737-555-0141,
7395,,737-555-0151,
12357,,737-555-0151,
10054,,737-555-0153,
15486,737-555-0153,,
5194,737-555-0162,,
15054,,737-555-0162,
985,737-555-0163,,
10918,737-555-0166,,
4064,,737-555-0171,
15242,737-555-0172,,
13725,737-555-0178,,
19865,737-555-0178,,
8218,738-555-0113,,
18418,738-555-0119,,
2983,738-555-0129,,
17514,,738-555-0132,
7530,738-555-0134,,
10898,738-555-0155,,
4030,,738-555-0163,
2950,,739-555-0110,
14093,,739-555-0110,
2708,,739-555-0114,
5678,739-555-0114,,
5361,739-555-0115,,
14989,,739-555-0117,
18466,,739-555-0144,
5024,739-555-0198,,
15101,740-555-0127,,
2997,740-555-0139,,
1919,,,740-555-0159
16583,,740-555-0165,
8993,740-555-0170,,
19339,740-555-0170,,
283,,,740-555-0182
7613,741-555-0112,,
16392,,741-555-0121,
12461,,741-555-0122,
2709,741-555-0123,,
8746,741-555-0144,,
14329,,741-555-0152,
3136,,741-555-0155,
7882,741-555-0166,,
1795,,,741-555-0173
12966,,741-555-0174,
12375,,741-555-0192,
14035,742-555-0111,,
7592,742-555-0138,,
3659,742-555-0145,,
9371,,742-555-0150,
11702,742-555-0172,,
3619,,742-555-0176,
16410,,742-555-0181,
18172,742-555-0181,,
19433,,742-555-0195,
20019,,743-555-0111,
6913,743-555-0118,,
18740,743-555-0126,,
7690,,743-555-0131,
7035,,743-555-0146,
5470,743-555-0148,,
18397,,743-555-0151,
3357,,743-555-0153,
18162,,743-555-0158,
3221,743-555-0161,,
20678,,743-555-0169,
9233,743-555-0185,,
6332,743-555-0192,,
14892,,744-555-0110,
3436,744-555-0111,,
4638,,744-555-0117,
13579,744-555-0121,,
1895,,,744-555-0123
14016,744-555-0130,,
2622,744-555-0141,,
9368,,744-555-0142,
12936,744-555-0145,,
8263,,744-555-0162,
6552,,744-555-0163,
16073,,744-555-0177,
6125,744-555-0184,,
19837,,745-555-0111,
11039,745-555-0118,,
4381,,745-555-0120,
9696,745-555-0127,,
20358,745-555-0141,,
4527,745-555-0145,,
19354,,745-555-0174,
19492,746-555-0112,,
3352,746-555-0115,,
10403,746-555-0119,,
19984,746-555-0125,,
7609,746-555-0127,,
5127,746-555-0140,,
11567,746-555-0145,,
6562,746-555-0154,,
20113,,746-555-0157,
220,,,746-555-0164
3323,,746-555-0185,
16843,,746-555-0186,
1389,,,747-555-0113
5222,,747-555-0113,
4899,747-555-0117,,
7414,,747-555-0117,
3671,747-555-0119,,
7300,747-555-0119,,
13949,,747-555-0120,
10217,,747-555-0146,
11117,,747-555-0147,
2763,747-555-0149,,
10976,747-555-0149,,
4811,747-555-0158,,
293,747-555-0171,,
8553,747-555-0199,,
2007,,,748-555-0100
11577,,748-555-0137,
8985,,748-555-0138,
1724,749-555-0100,,
5694,,749-555-0158,
20061,,749-555-0163,
12099,,749-555-0195,
9821,750-555-0124,,
15199,750-555-0140,,
3314,750-555-0147,,
4888,,750-555-0154,
7823,750-555-0154,,
14129,,750-555-0183,
2048,751-555-0100,,
11521,,751-555-0111,
11686,751-555-0114,,
5773,,751-555-0117,
1035,,,751-555-0119
15636,751-555-0120,,
7873,751-555-0124,,
7295,751-555-0126,,
151,751-555-0134,,
11985,751-555-0159,,
20300,,751-555-0166,
12066,,751-555-0176,
3942,,751-555-0198,
403,,,752-555-0115
19211,752-555-0135,,
8469,,752-555-0155,
14278,752-555-0160,,
13965,752-555-0163,,
2519,,752-555-0172,
19364,752-555-0174,,
793,,,752-555-0185
733,752-555-0187,,
4756,,752-555-0198,
5594,,753-555-0111,
11111,,753-555-0111,
18373,753-555-0111,,
20377,753-555-0112,,
8826,753-555-0119,,
18804,,753-555-0119,
34,753-555-0129,,
11522,,753-555-0135,
3622,,753-555-0138,
18818,753-555-0152,,
12978,,753-555-0164,
12124,,753-555-0165,
7214,753-555-0176,,
863,753-555-0179,,
4407,753-555-0181,,
16250,,754-555-0113,
20759,754-555-0118,,
819,,,754-555-0134
20736,754-555-0134,,
5504,,754-555-0137,
15123,,754-555-0141,
7097,,754-555-0159,
12294,,754-555-0165,
3201,,754-555-0183,
18912,,754-555-0194,
10494,,754-555-0199,
1786,,,755-555-0100
15531,,755-555-0111,
3023,,755-555-0117,
9770,755-555-0136,,
17747,,755-555-0139,
19887,755-555-0149,,
18166,755-555-0163,,
18070,755-555-0171,,
5150,755-555-0185,,
1765,,756-555-0100,
20350,756-555-0113,,
609,,,756-555-0117
10777,,756-555-0119,
7043,,756-555-0120,
12857,,756-555-0133,
13662,756-555-0133,,
5438,,756-555-0134,
19586,,756-555-0138,
20396,,756-555-0138,
16890,,756-555-0151,
8771,756-555-0168,,
9415,,756-555-0178,
7789,756-555-0186,,
2052,,,757-555-0100
2156,,,757-555-0100
2304,757-555-0100,,
14280,757-555-0140,,
18920,,757-555-0143,
14400,757-555-0144,,
15511,757-555-0154,,
15513,757-555-0155,,
5549,757-555-0160,,
7543,,757-555-0160,
7248,,757-555-0163,
7864,,757-555-0167,
8736,,757-555-0172,
16959,,757-555-0174,
2525,757-555-0175,,
16851,757-555-0188,,
17622,,757-555-0188,
4753,757-555-0197,,
2023,758-555-0100,,
6901,,758-555-0120,
8418,758-555-0124,,
18489,758-555-0132,,
2985,,758-555-0143,
14927,,758-555-0148,
6477,,758-555-0153,
10980,,758-555-0158,
10741,758-555-0169,,
5421,,758-555-0180,
17240,,758-555-0180,
2113,,,759-555-0100
13946,,759-555-0116,
15089,,759-555-0170,
15315,759-555-0173,,
1750,760-555-0100,,
2186,760-555-0100,,
2216,760-555-0100,,
18182,,760-555-0113,
6383,760-555-0121,,
18009,,760-555-0137,
16009,760-555-0138,,
9425,760-555-0180,,
1551,,,761-555-0100
12323,761-555-0111,,
9544,761-555-0113,,
11295,761-555-0113,,
4443,,761-555-0130,
16286,761-555-0148,,
15535,761-555-0185,,
13813,761-555-0188,,
2077,762-555-0100,,
2234,762-555-0100,,
1163,762-555-0110,,
11338,762-555-0116,,
12311,762-555-0116,,
14783,762-555-0143,,
15589,762-555-0149,,
5343,762-555-0151,,
3334,,762-555-0152,
8825,,762-555-0198,
16836,763-555-0114,,
1039,763-555-0120,,
7233,763-555-0121,,
11449,,763-555-0124,
13605,,763-555-0126,
7984,763-555-0131,,
13623,763-555-0134,,
8298,,763-555-0144,
18204,763-555-0144,,
497,,,763-555-0145
9430,763-555-0163,,
13985,763-555-0188,,
14710,763-555-0199,,
3761,,764-555-0112,
8095,,764-555-0112,
14792,764-555-0116,,
14814,764-555-0116,,
4821,,764-555-0119,
11276,,764-555-0123,
5169,,764-555-0133,
18306,764-555-0134,,
19530,,764-555-0138,
6029,764-555-0139,,
8261,764-555-0141,,
8461,764-555-0166,,
17600,,764-555-0170,
12313,764-555-0173,,
16494,764-555-0178,,
5013,,764-555-0184,
16227,765-555-0115,,
15804,765-555-0118,,
16680,765-555-0128,,
11533,,765-555-0134,
1199,765-555-0141,,
11203,,765-555-0150,
12170,,765-555-0160,
9661,765-555-0162,,
14553,,765-555-0164,
8975,,765-555-0169,
19803,,765-555-0175,
9595,765-555-0188,,
17197,765-555-0191,,
2093,,,766-555-0100
13213,766-555-0115,,
19113,,766-555-0116,
7174,766-555-0133,,
13185,766-555-0140,,
9735,766-555-0146,,
18154,766-555-0176,,
16730,766-555-0180,,
18484,767-555-0111,,
6096,,767-555-0113,
4834,767-555-0137,,
3377,,767-555-0139,
10623,,767-555-0150,
779,,,767-555-0151
3165,,767-555-0151,
12754,767-555-0158,,
19317,,767-555-0177,
16674,767-555-0184,,
1943,,,767-555-0193
15893,,767-555-0193,
9034,,768-555-0114,
12321,,768-555-0120,
60,768-555-0123,,
899,768-555-0125,,
3337,768-555-0128,,
6205,,768-555-0153,
4986,768-555-0154,,
7678,768-555-0181,,
18947,769-555-0116,,
11023,769-555-0122,,
12822,769-555-0124,,
8569,,769-555-0136,
14317,,769-555-0137,
18675,,769-555-0172,
4495,769-555-0175,,
9116,770-555-0129,,
17267,770-555-0169,,
15354,771-555-0114,,
14163,771-555-0118,,
18550,771-555-0123,,
5166,771-555-0133,,
12067,,771-555-0162,
10367,,771-555-0166,
2892,,771-555-0180,
12039,771-555-0191,,
6968,,771-555-0195,
8593,771-555-0195,,
10057,772-555-0115,,
12852,772-555-0127,,
2764,772-555-0133,,
20262,772-555-0144,,
4093,,772-555-0148,
20263,772-555-0150,,
14227,772-555-0161,,
7908,,772-555-0169,
12922,,772-555-0192,
11951,772-555-0193,,
19400,772-555-0197,,
2211,773-555-0100,,
15733,773-555-0115,,
5335,,773-555-0117,
5648,,773-555-0121,
4332,773-555-0124,,
12440,,773-555-0126,
18945,773-555-0130,,
15925,,773-555-0132,
11677,,773-555-0164,
741,,,773-555-0182
13610,773-555-0184,,
14875,773-555-0186,,
8190,,773-555-0196,
18508,774-555-0110,,
3756,,774-555-0118,
2846,,774-555-0122,
3248,,774-555-0124,
3776,,774-555-0124,
10607,774-555-0126,,
7476,774-555-0127,,
5288,774-555-0131,,
1031,774-555-0133,,
14470,,774-555-0140,
13788,,774-555-0146,
6305,774-555-0152,,
11683,,774-555-0158,
15816,774-555-0159,,
8504,,774-555-0160,
1377,,,774-555-0177
13298,,774-555-0177,
19735,774-555-0185,,
18376,,774-555-0186,
4061,774-555-0187,,
2310,775-555-0100,,
10532,,775-555-0122,
18990,775-555-0129,,
14082,775-555-0143,,
16897,,775-555-0154,
287,,,775-555-0164
13163,775-555-0190,,
9458,776-555-0128,,
14685,,776-555-0130,
13190,,776-555-0139,
20031,,776-555-0156,
16448,,776-555-0160,
11025,,776-555-0182,
10602,776-555-0191,,
9212,,776-555-0195,
20110,777-555-0117,,
5584,777-555-0132,,
162,,,777-555-0141
18575,,777-555-0150,
13914,777-555-0162,,
911,777-555-0163,,
14639,,777-555-0191,
5134,,777-555-0198,
4318,778-555-0114,,
9481,,778-555-0131,
3480,778-555-0133,,
240,,,778-555-0141
8169,,778-555-0143,
11063,,778-555-0146,
13374,778-555-0161,,
18064,,778-555-0170,
16232,,778-555-0178,
9532,778-555-0194,,
2266,,,779-443-5553
2028,,,779-555-0100
13496,779-555-0111,,
2551,779-555-0113,,
12034,779-555-0116,,
7568,779-555-0125,,
10807,,779-555-0135,
7135,,779-555-0162,
17844,779-555-0176,,
4059,,779-555-0186,
10696,779-555-0187,,
5402,779-555-0194,,
6653,779-555-0199,,
5775,,780-555-0110,
14108,,780-555-0110,
395,,,780-555-0114
4283,,780-555-0119,
11516,,780-555-0119,
15992,,780-555-0125,
12661,,780-555-0126,
3867,,780-555-0133,
10674,,780-555-0151,
6919,,780-555-0152,
3554,780-555-0156,,
16662,,780-555-0167,
18270,,780-555-0177,
2825,,780-555-0185,
14245,780-555-0190,,
6939,,780-555-0195,
4412,,780-555-0196,
4603,781-555-0122,,
5753,,781-555-0134,
7704,,781-555-0154,
20521,781-555-0160,,
13149,,781-555-0161,
19111,781-555-0172,,
18442,,781-555-0185,
351,781-555-0199,,
10781,,782-555-0110,
17644,782-555-0113,,
4401,782-555-0117,,
20336,,782-555-0118,
20228,782-555-0126,,
13439,,782-555-0135,
8383,,782-555-0199,
1339,,,783-555-0110
9441,783-555-0110,,
10780,,783-555-0116,
14500,783-555-0118,,
3701,,783-555-0146,
15591,,783-555-0148,
11417,,783-555-0154,
5915,,783-555-0162,
6965,,783-555-0163,
14741,,783-555-0169,
3204,,783-555-0174,
10634,783-555-0174,,
5378,,783-555-0176,
18633,,783-555-0177,
8343,783-555-0182,,
14293,,783-555-0191,
15568,,783-555-0193,
13887,,783-555-0197,
4285,,784-555-0110,
3402,,784-555-0113,
2541,784-555-0116,,
1067,784-555-0120,,
17558,784-555-0126,,
12458,,784-555-0131,
4679,784-555-0134,,
20080,,784-555-0134,
11455,784-555-0140,,
9876,784-555-0141,,
10185,784-555-0163,,
7913,784-555-0176,,
11268,,784-555-0177,
270,785-555-0110,,
16224,,785-555-0116,
5422,785-555-0118,,
7165,,785-555-0130,
120,,,785-555-0132
10410,785-555-0136,,
10960,785-555-0139,,
1873,,,785-555-0163
12362,785-555-0195,,
10581,785-555-0197,,
1707,786-555-0100,,
2232,,,786-555-0100
2364,,,786-555-0100
8794,,786-555-0110,
4464,786-555-0115,,
5643,,786-555-0117,
17567,786-555-0133,,
5541,786-555-0137,,
14704,,786-555-0138,
94,,,786-555-0144
3354,,786-555-0184,
9743,786-555-0184,,
12205,786-555-0191,,
12834,787-555-0115,,
3580,787-555-0124,,
1859,787-555-0128,,
6549,,787-555-0136,
4824,,787-555-0141,
17510,,787-555-0146,
6179,787-555-0152,,
17479,787-555-0163,,
16532,,787-555-0174,
6754,787-555-0188,,
7673,787-555-0188,,
8101,,787-555-0196,
11391,,788-555-0113,
5916,,788-555-0115,
15468,788-555-0118,,
10251,788-555-0147,,
12349,,788-555-0156,
14654,,788-555-0159,
13680,,788-555-0163,
6694,788-555-0169,,
10738,788-555-0170,,
16626,,788-555-0178,
16060,,788-555-0181,
3180,788-555-0196,,
4534,,789-555-0110,
20107,,789-555-0111,
5663,789-555-0114,,
8203,789-555-0143,,
5396,,789-555-0146,
14176,,789-555-0155,
4639,,789-555-0166,
13475,789-555-0171,,
8848,,789-555-0182,
681,789-555-0184,,
449,,,789-555-0189
18910,789-555-0192,,
16840,,789-555-0194,
393,,,790-555-0112
5084,,790-555-0114,
4324,,790-555-0117,
7325,790-555-0125,,
5095,790-555-0131,,
1059,,,790-555-0197
2102,791-555-0100,,
9142,791-555-0118,,
10721,,791-555-0126,
11499,791-555-0152,,
15658,791-555-0174,,
9512,,791-555-0178,
15462,791-555-0194,,
20744,,791-555-0198,
7630,,792-555-0113,
17146,792-555-0113,,
5662,,792-555-0115,
19746,792-555-0116,,
11562,792-555-0137,,
19889,792-555-0139,,
13697,792-555-0157,,
1803,,,792-555-0194
12057,792-555-0194,,
9156,793-555-0111,,
3692,,793-555-0113,
5770,793-555-0118,,
8778,793-555-0139,,
8677,,793-555-0141,
1929,793-555-0146,,
196,793-555-0179,,
15235,,793-555-0179,
20695,,793-555-0190,
12322,793-555-0191,,
11997,793-555-0192,,
6393,793-555-0193,,
2017,794-555-0100,,
2361,,,794-555-0100
8834,,794-555-0117,
8291,,794-555-0122,
12442,794-555-0140,,
108,794-555-0159,,
15073,794-555-0159,,
8631,794-555-0174,,
2799,794-555-0196,,
7478,795-555-0110,,
469,,,795-555-0116
9002,,795-555-0117,
5966,,795-555-0137,
9401,,795-555-0151,
8907,795-555-0156,,
2738,795-555-0160,,
20579,,795-555-0163,
19220,,795-555-0174,
10985,,795-555-0182,
9593,795-555-0199,,
7742,,796-555-0111,
5245,796-555-0118,,
15522,796-555-0127,,
12253,,796-555-0138,
8206,,796-555-0139,
15403,796-555-0139,,
19417,,796-555-0146,
7271,796-555-0155,,
16121,,796-555-0162,
9773,797-555-0113,,
8354,797-555-0116,,
1797,,,797-555-0118
16860,797-555-0152,,
13719,,797-555-0157,
16139,797-555-0157,,
3703,797-555-0172,,
8827,797-555-0173,,
17101,797-555-0190,,
12723,797-555-0199,,
11131,,798-555-0110,
8892,798-555-0118,,
6964,,798-555-0137,
4091,,798-555-0146,
8796,798-555-0157,,
20206,,798-555-0167,
7246,798-555-0178,,
10989,,798-555-0179,
7489,,798-555-0183,
3083,,798-555-0198,
20245,,799-555-0112,
4851,799-555-0117,,
1875,799-555-0118,,
15999,,799-555-0194,
7217,799-555-0197,,
2651,799-555-0198,,
1675,,,800-555-0100
3779,,801-555-0110,
10134,801-555-0114,,
8587,801-555-0116,,
3223,801-555-0117,,
18537,801-555-0121,,
9454,,801-555-0130,
10840,,801-555-0134,
20189,801-555-0135,,
17082,,801-555-0140,
15296,801-555-0159,,
15336,801-555-0165,,
11845,,801-555-0169,
6621,801-555-0176,,
7362,,802-555-0111,
13034,802-555-0111,,
10007,802-555-0115,,
18118,802-555-0119,,
8750,802-555-0122,,
3013,802-555-0126,,
2982,802-555-0135,,
19130,802-555-0150,,
4547,802-555-0155,,
13419,,802-555-0166,
13746,,802-555-0178,
17264,802-555-0182,,
8833,,802-555-0186,
3452,802-555-0191,,
2042,,,803-555-0100
1317,,,803-555-0116
15264,,803-555-0117,
7130,803-555-0126,,
16110,803-555-0139,,
15410,803-555-0141,,
2378,,,804-555-0100
8898,804-555-0112,,
7210,,804-555-0125,
14718,804-555-0126,,
5707,,804-555-0129,
12975,,804-555-0142,
3715,804-555-0144,,
16457,,804-555-0164,
12445,804-555-0168,,
3603,804-555-0174,,
15729,804-555-0178,,
12267,805-555-0118,,
8634,,805-555-0126,
14888,,805-555-0126,
12863,,805-555-0133,
13983,,805-555-0145,
10125,,805-555-0160,
9473,,805-555-0162,
6252,,805-555-0170,
9888,805-555-0178,,
20136,,805-555-0188,
12370,,805-555-0198,
2698,806-555-0112,,
15780,,806-555-0119,
237,,,806-555-0136
9397,,806-555-0151,
6178,806-555-0157,,
6676,,806-555-0179,
11583,,806-555-0179,
6539,,806-555-0181,
7467,,806-555-0193,
7118,806-555-0198,,
13433,,806-555-0199,
10159,,807-555-0123,
15528,,807-555-0125,
7166,807-555-0129,,
9988,,807-555-0130,
19147,807-555-0130,,
3943,807-555-0134,,
7669,,807-555-0154,
19134,,807-555-0156,
9689,807-555-0167,,
18741,,807-555-0167,
13836,,807-555-0178,
2766,,808-555-0111,
3913,,808-555-0111,
7976,,808-555-0114,
13010,,808-555-0115,
17444,808-555-0120,,
4933,808-555-0131,,
19425,808-555-0135,,
19244,,808-555-0149,
15571,808-555-0157,,
16094,,808-555-0157,
11434,,808-555-0169,
188,808-555-0172,,
20771,808-555-0174,,
8986,,808-555-0180,
7754,808-555-0181,,
12741,808-555-0189,,
2001,809-555-0100,,
6497,,809-555-0110,
12006,809-555-0120,,
180,,,809-555-0133
10816,,809-555-0139,
6867,809-555-0141,,
3757,809-555-0144,,
17685,,809-555-0149,
5254,,809-555-0150,
1129,,,809-555-0152
4040,809-555-0156,,
6303,809-555-0161,,
9338,,809-555-0163,
14830,809-555-0195,,
1565,,,810-555-0100
5889,810-555-0112,,
11727,810-555-0119,,
5994,,810-555-0121,
17915,,810-555-0130,
6727,,810-555-0131,
19414,810-555-0140,,
14942,,810-555-0148,
1979,810-555-0160,,
4406,,810-555-0164,
9348,810-555-0165,,
15006,,810-555-0167,
4806,810-555-0171,,
186,810-555-0178,,
12914,810-555-0179,,
1257,810-555-0198,,
2176,810-939-7555,,
1995,,,811-555-0100
2138,,,811-555-0100
17326,,811-555-0121,
10224,,811-555-0123,
5277,811-555-0134,,
6101,,811-555-0150,
14606,811-555-0154,,
18996,,811-555-0156,
13603,,811-555-0195,
7348,811-555-0197,,
4188,812-555-0117,,
15841,,812-555-0122,
12121,,812-555-0126,
14697,,812-555-0128,
10891,812-555-0162,,
17892,812-555-0171,,
8580,,812-555-0179,
2045,813-555-0100,,
8990,,813-555-0119,
14203,,813-555-0126,
4722,813-555-0130,,
8968,,813-555-0132,
3672,,813-555-0137,
6545,813-555-0141,,
20775,,813-555-0148,
19946,813-555-0150,,
13226,813-555-0153,,
5717,813-555-0168,,
12332,813-555-0171,,
14921,,813-555-0171,
461,813-555-0173,,
3088,,813-555-0173,
3473,813-555-0193,,
12870,814-555-0114,,
8232,,814-555-0115,
1263,,,814-555-0130
3712,,814-555-0134,
9045,814-555-0148,,
2250,,,815-555-0100
12647,,815-555-0119,
15579,,815-555-0120,
14994,815-555-0124,,
8,815-555-0138,,
4450,,815-555-0139,
4576,,815-555-0144,
18708,815-555-0188,,
15699,,815-555-0192,
5287,,815-555-0195,
2080,,,816-555-0100
20341,,816-555-0112,
13100,816-555-0117,,
399,,,816-555-0118
2986,,816-555-0118,
20264,,816-555-0118,
3907,,816-555-0121,
13551,816-555-0150,,
5626,816-555-0151,,
14133,816-555-0165,,
7994,,816-555-0169,
7891,,816-555-0173,
5071,,816-555-0191,
7707,,816-555-0194,
9149,,816-555-0198,
7541,,817-555-0110,
561,,,817-555-0114
2831,817-555-0114,,
14760,817-555-0123,,
6857,817-555-0136,,
7487,,817-555-0143,
9361,,817-555-0155,
4591,817-555-0174,,
13873,817-555-0185,,
119,,,817-555-0186
10601,,817-555-0190,
7008,,818-555-0118,
8949,,818-555-0126,
31,818-555-0128,,
15176,,818-555-0146,
11880,818-555-0163,,
14786,,818-555-0166,
6923,,818-555-0168,
12634,818-555-0169,,
381,,,818-555-0171
6805,818-555-0171,,
18610,818-555-0181,,
17448,,818-555-0182,
194,818-555-0192,,
19507,818-555-0195,,
1781,,819-555-0100,
12581,819-555-0110,,
12898,,819-555-0110,
17022,819-555-0122,,
8406,819-555-0133,,
11657,,819-555-0134,
6751,,819-555-0144,
12286,819-555-0146,,
8869,,819-555-0160,
17927,,819-555-0172,
2,,,819-555-0175
10316,819-555-0175,,
11776,,819-555-0179,
789,819-555-0186,,
16789,,819-555-0189,
163,,,819-555-0198
6775,820-555-0119,,
15414,820-555-0121,,
17322,,820-555-0130,
12933,820-555-0132,,
18788,820-555-0140,,
8752,820-555-0152,,
3324,820-555-0158,,
12673,820-555-0158,,
785,,,820-555-0166
11460,820-555-0169,,
8336,,820-555-0189,
18714,821-555-0113,,
17414,821-555-0115,,
2761,821-555-0116,,
17766,821-555-0116,,
3426,,821-555-0117,
3238,,821-555-0165,
5444,,821-555-0180,
12001,,821-555-0195,
4514,822-555-0113,,
11182,,822-555-0116,
16078,,822-555-0125,
6929,,822-555-0128,
14445,822-555-0135,,
245,822-555-0145,,
18322,822-555-0149,,
7711,,822-555-0164,
19545,,822-555-0184,
14496,822-555-0190,,
14403,,822-555-0198,
1619,823-555-0100,,
2030,823-555-0100,,
19785,,823-555-0111,
20431,,823-555-0135,
18808,,823-555-0141,
13782,,823-555-0147,
14719,823-555-0147,,
13108,823-555-0168,,
14389,,823-555-0169,
19427,,823-555-0196,
17072,824-555-0110,,
5793,,824-555-0115,
13072,,824-555-0117,
11321,824-555-0118,,
15866,824-555-0119,,
16613,,824-555-0128,
6612,,824-555-0133,
18806,824-555-0156,,
7503,824-555-0161,,
12995,,825-555-0115,
18251,,825-555-0143,
6813,,825-555-0169,
14408,,825-555-0169,
1861,825-555-0187,,
14004,826-555-0110,,
17802,,826-555-0110,
4869,826-555-0121,,
11120,826-555-0143,,
5998,826-555-0171,,
18634,826-555-0171,,
13909,826-555-0195,,
16673,,826-555-0199,
2346,,,827-555-0100
16017,,827-555-0114,
8902,,827-555-0119,
16069,,827-555-0119,
16054,827-555-0120,,
17890,827-555-0127,,
4139,827-555-0134,,
20162,,827-555-0134,
15344,827-555-0137,,
599,,,827-555-0143
3007,827-555-0145,,
9603,,827-555-0146,
13371,827-555-0164,,
14799,827-555-0166,,
5011,827-555-0174,,
11625,,827-555-0183,
7682,827-555-0198,,
2331,,,828-555-0100
6017,,828-555-0112,
14950,828-555-0122,,
18639,,828-555-0125,
6882,,828-555-0137,
11125,,828-555-0161,
18520,828-555-0180,,
1025,,,828-555-0186
11675,828-555-0199,,
6304,829-555-0110,,
13655,,829-555-0111,
6490,,829-555-0112,
7349,,829-555-0116,
8704,829-555-0126,,
4568,,829-555-0154,
3523,830-555-0114,,
18193,,830-555-0119,
18391,830-555-0125,,
20337,,830-555-0146,
9052,,830-555-0152,
3202,,830-555-0157,
7894,830-555-0158,,
5130,830-555-0162,,
16433,830-555-0173,,
17876,,830-555-0181,
14961,,830-555-0197,
14126,831-555-0110,,
19773,,831-555-0110,
5297,831-555-0111,,
16906,,831-555-0128,
19497,831-555-0134,,
14574,,831-555-0160,
19081,,831-555-0177,
5496,831-555-0184,,
9178,,831-555-0198,
16844,,832-555-0113,
11362,,832-555-0115,
3709,832-555-0117,,
11623,832-555-0121,,
12374,,832-555-0138,
4144,,832-555-0166,
6666,832-555-0169,,
20078,,832-555-0190,
19862,,832-555-0192,
6287,,833-555-0111,
7068,833-555-0112,,
6722,833-555-0113,,
7066,,833-555-0117,
9138,,833-555-0126,
10456,833-555-0127,,
8427,,833-555-0133,
9135,,833-555-0142,
4835,,833-555-0143,
18739,833-555-0154,,
6576,833-555-0155,,
1907,833-555-0167,,
2686,,833-555-0176,
14656,834-555-0111,,
17932,834-555-0113,,
14207,,834-555-0116,
4593,834-555-0117,,
10949,834-555-0119,,
13173,,834-555-0131,
859,834-555-0132,,
7818,834-555-0133,,
6720,834-555-0135,,
13841,,834-555-0187,
2273,,,835-555-0100
6955,835-555-0112,,
9912,835-555-0113,,
19953,,835-555-0114,
805,,,835-555-0116
7499,835-555-0119,,
10737,835-555-0125,,
7572,,835-555-0134,
18222,,835-555-0141,
16379,,835-555-0145,
18140,835-555-0146,,
15697,835-555-0161,,
3220,,835-555-0168,
6822,,835-555-0168,
14758,835-555-0197,,
1788,836-555-0100,,
19758,,836-555-0114,
13115,,836-555-0119,
8538,,836-555-0131,
6501,,836-555-0132,
11661,,836-555-0132,
10447,836-555-0136,,
13487,,836-555-0162,
14027,,836-555-0168,
11384,836-555-0179,,
8854,,836-555-0185,
5050,837-555-0113,,
6568,,837-555-0116,
10988,837-555-0130,,
11870,,837-555-0130,
10782,,837-555-0132,
6600,837-555-0140,,
20726,837-555-0147,,
5274,837-555-0153,,
18167,,837-555-0157,
15202,837-555-0175,,
17970,,837-555-0178,
15545,837-555-0179,,
15751,,837-555-0190,
12017,837-555-0194,,
2268,838-555-0100,,
11678,,838-555-0114,
12788,,838-555-0117,
9974,,838-555-0118,
12486,838-555-0120,,
17733,,838-555-0120,
4611,,838-555-0136,
15127,838-555-0145,,
499,838-555-0147,,
6155,,838-555-0173,
20051,838-555-0182,,
13954,,838-555-0195,
6738,,838-555-0196,
1653,839-555-0100,,
2132,839-555-0100,,
2139,,,839-555-0100
2737,,839-555-0114,
6487,839-555-0134,,
9855,,839-555-0173,
14121,839-555-0180,,
6921,839-555-0181,,
773,839-555-0198,,
2365,,,840-555-0100
13252,840-555-0139,,
11602,840-555-0155,,
10877,840-555-0170,,
11200,840-555-0196,,
16318,841-555-0116,,
2906,841-555-0132,,
10608,841-555-0144,,
8546,,841-555-0161,
10987,,841-555-0164,
5523,841-555-0194,,
8738,,842-555-0111,
13095,842-555-0114,,
2050,,,842-555-0125
19186,842-555-0128,,
4681,842-555-0134,,
10342,,842-555-0134,
13868,842-555-0145,,
18889,842-555-0146,,
258,,,842-555-0158
7375,,842-555-0173,
12951,842-555-0184,,
8550,842-555-0194,,
1589,,,843-555-0100
5565,843-555-0112,,
5366,,843-555-0120,
3981,,843-555-0124,
14396,843-555-0135,,
15321,,843-555-0140,
18646,,843-555-0171,
439,843-555-0175,,
3200,,843-555-0191,
511,,,844-555-0112
19098,,844-555-0113,
8922,844-555-0115,,
8501,,844-555-0119,
17906,844-555-0132,,
6999,844-555-0156,,
9985,844-555-0169,,
7225,,844-555-0175,
7354,844-555-0182,,
11545,844-555-0186,,
2074,845-555-0100,,
2251,,,845-555-0100
4006,,845-555-0111,
7150,845-555-0113,,
3164,845-555-0127,,
20374,,845-555-0143,
19524,,845-555-0147,
10470,,845-555-0160,
19369,,845-555-0176,
4752,,845-555-0181,
9690,,845-555-0183,
198,,,845-555-0184
333,845-555-0187,,
9269,845-555-0187,,
12716,,845-555-0196,
5755,846-555-0126,,
4378,846-555-0131,,
7330,,846-555-0139,
13734,846-555-0140,,
9734,,846-555-0142,
9619,,846-555-0146,
11292,846-555-0148,,
4695,,846-555-0149,
228,846-555-0157,,
10725,846-555-0165,,
4694,846-555-0173,,
15215,846-555-0175,,
2141,,,847-555-0100
8391,,847-555-0111,
8457,847-555-0115,,
12406,,847-555-0116,
6409,847-555-0120,,
14177,,847-555-0122,
18517,847-555-0125,,
15845,,847-555-0130,
7549,,847-555-0135,
4121,847-555-0142,,
6375,,847-555-0149,
847,,,847-555-0151
19853,,847-555-0156,
5235,,847-555-0162,
7565,,847-555-0163,
6090,,847-555-0167,
9692,,847-555-0167,
13236,,847-555-0167,
6293,,847-555-0174,
1899,,,847-555-0184
7684,848-555-0112,,
14955,,848-555-0112,
5702,848-555-0128,,
2856,,848-555-0130,
17728,848-555-0147,,
20566,,848-555-0159,
252,848-555-0163,,
15166,848-555-0180,,
19435,,848-555-0182,
2850,,848-555-0191,
13089,848-555-0191,,
12969,,849-555-0117,
13901,849-555-0119,,
15323,849-555-0125,,
20050,,849-555-0126,
8127,849-555-0127,,
7045,849-555-0134,,
13872,849-555-0134,,
5,849-555-0139,,
7642,849-555-0139,,
16544,849-555-0141,,
19505,849-555-0148,,
14266,849-555-0177,,
18212,,849-555-0178,
9286,849-555-0179,,
2332,,,850-555-0100
4101,,850-555-0119,
4125,850-555-0128,,
14336,,850-555-0132,
16023,,850-555-0165,
15010,850-555-0170,,
12219,850-555-0184,,
7058,850-555-0189,,
5383,,850-555-0191,
1093,850-555-0198,,
15363,850-555-0199,,
17989,851-555-0116,,
18906,,851-555-0118,
11056,851-555-0121,,
1117,,,851-555-0127
14052,851-555-0128,,
20619,,851-555-0139,
9630,851-555-0152,,
16091,851-555-0168,,
20321,,851-555-0169,
17665,,851-555-0174,
19717,,851-555-0179,
7749,852-555-0111,,
3081,852-555-0119,,
19670,,852-555-0120,
14831,852-555-0157,,
9297,,852-555-0167,
7867,852-555-0172,,
9863,,852-555-0176,
19926,852-555-0190,,
18670,,852-555-0198,
2128,853-555-0100,,
5047,853-555-0118,,
16338,853-555-0127,,
20319,853-555-0130,,
15959,853-555-0136,,
2941,853-555-0161,,
19888,,853-555-0167,
12846,853-555-0174,,
5121,853-555-0199,,
1727,854-555-0100,,
11684,854-555-0136,,
19747,854-555-0146,,
16434,,854-555-0182,
4175,854-555-0186,,
8454,854-555-0190,,
17318,854-555-0195,,
18405,,855-555-0132,
2966,855-555-0146,,
7357,,855-555-0159,
16722,855-555-0159,,
19477,855-555-0159,,
10798,,855-555-0169,
347,855-555-0174,,
20349,,855-555-0183,
5459,855-555-0185,,
1714,856-555-0100,,
14196,,856-555-0118,
3609,856-555-0125,,
10655,856-555-0145,,
10374,856-555-0149,,
13585,,856-555-0157,
9562,856-555-0163,,
9584,,856-555-0168,
10168,,856-555-0182,
20457,,857-555-0111,
12775,,857-555-0112,
6321,857-555-0113,,
19848,857-555-0115,,
16535,,857-555-0122,
14436,857-555-0144,,
6248,,857-555-0148,
7770,,857-555-0156,
16268,,857-555-0157,
5009,857-555-0182,,
9242,857-555-0185,,
571,,,857-555-0187
2011,,,858-555-0100
2736,858-555-0113,,
2971,,858-555-0114,
13809,,858-555-0127,
18082,,858-555-0139,
1169,858-555-0140,,
2680,,858-555-0150,
18124,,858-555-0160,
4254,,858-555-0161,
20013,,858-555-0177,
1495,,,859-555-0100
2014,,,859-555-0100
8099,,859-555-0111,
7430,859-555-0113,,
4557,,859-555-0114,
4985,,859-555-0119,
3148,,859-555-0122,
1049,859-555-0140,,
11363,859-555-0150,,
16597,,859-555-0153,
759,,,859-555-0173
18813,,860-555-0110,
1085,860-555-0119,,
9884,,860-555-0140,
13009,,860-555-0178,
5726,860-555-0179,,
14096,860-555-0189,,
1742,861-555-0100,,
2257,861-555-0100,,
5618,861-555-0111,,
17058,861-555-0113,,
5834,,861-555-0126,
16415,,861-555-0126,
8094,861-555-0128,,
19202,,861-555-0133,
17837,861-555-0137,,
17300,,861-555-0138,
17911,,861-555-0142,
8818,,861-555-0153,
14230,,861-555-0156,
16587,861-555-0190,,
2355,,,862-555-0100
13022,862-555-0111,,
9027,,862-555-0112,
14325,,862-555-0119,
14806,862-555-0121,,
13830,,862-555-0125,
3545,862-555-0136,,
5195,862-555-0136,,
3921,,862-555-0137,
17642,,862-555-0140,
17751,862-555-0153,,
2787,,862-555-0162,
8275,862-555-0181,,
7172,,862-555-0191,
16551,862-555-0193,,
7567,863-555-0114,,
10947,863-555-0114,,
7119,,863-555-0120,
13157,863-555-0121,,
16226,863-555-0122,,
11687,863-555-0148,,
8355,863-555-0157,,
5398,863-555-0165,,
4281,863-555-0172,,
14241,,863-555-0178,
7413,,863-555-0184,
15858,863-555-0190,,
5475,863-555-0195,,
10076,,864-555-0116,
7235,864-555-0118,,
10195,864-555-0131,,
17387,864-555-0155,,
11442,864-555-0156,,
19854,,864-555-0171,
7999,864-555-0197,,
11804,865-555-0123,,
5873,865-555-0127,,
13311,,865-555-0130,
4492,865-555-0169,,
2515,,865-555-0193,
2675,,865-555-0197,
2154,867-555-0100,,
1003,867-555-0114,,
8923,867-555-0123,,
7324,,867-555-0134,
13268,867-555-0136,,
11645,,867-555-0150,
8712,,867-555-0167,
7605,,867-555-0177,
19656,,867-555-0182,
20742,,867-555-0192,
7782,868-555-0111,,
17361,868-555-0117,,
15979,868-555-0122,,
3416,868-555-0128,,
11494,,868-555-0139,
7946,868-555-0144,,
7764,,868-555-0145,
8748,868-555-0159,,
12474,868-555-0188,,
7129,,868-555-0191,
8054,868-555-0191,,
7278,,869-555-0114,
56,869-555-0119,,
3638,869-555-0119,,
211,,,869-555-0125
15786,869-555-0152,,
20677,869-555-0154,,
12459,869-555-0167,,
5817,869-555-0169,,
2919,,869-555-0170,
14687,869-555-0171,,
2073,,,870-555-0100
2094,870-555-0100,,
2275,,,870-555-0100
2356,,,870-555-0100
11072,,870-555-0110,
8891,,870-555-0111,
2752,,870-555-0114,
20592,870-555-0119,,
2607,870-555-0120,,
25,,,870-555-0122
3440,,870-555-0130,
19679,,870-555-0156,
4857,,870-555-0182,
18504,,871-555-0113,
15457,871-555-0116,,
15146,,871-555-0120,
16989,,871-555-0149,
8761,871-555-0153,,
1239,871-555-0159,,
16105,,871-555-0170,
5539,871-555-0172,,
2898,,871-555-0179,
15674,871-555-0181,,
12058,871-555-0190,,
17519,871-555-0191,,
17853,,871-555-0199,
6924,,872-555-0124,
7303,,872-555-0133,
14925,872-555-0163,,
1023,872-555-0171,,
9399,,872-555-0178,
11996,,872-555-0186,
6680,,872-555-0191,
2058,,,873-555-0100
2166,873-555-0100,,
13143,873-555-0120,,
8831,873-555-0132,,
12509,,873-555-0146,
3646,873-555-0154,,
11129,,873-555-0161,
5661,873-555-0162,,
6434,,873-555-0185,
18843,,873-555-0194,
1999,874-555-0100,,
7477,,874-555-0125,
14817,,874-555-0130,
5293,874-555-0150,,
15209,874-555-0150,,
7422,874-555-0157,,
15949,,874-555-0175,
10886,,874-555-0180,
9209,874-555-0182,,
4778,,875-555-0124,
8944,875-555-0129,,
7423,,875-555-0133,
13393,,875-555-0140,
6623,875-555-0149,,
14753,,875-555-0160,
14986,,875-555-0161,
8921,,875-555-0163,
8003,,875-555-0169,
20014,875-555-0171,,
6143,,875-555-0192,
7968,,876-555-0114,
15050,,876-555-0117,
11317,,876-555-0124,
9525,,876-555-0130,
7951,,876-555-0142,
12749,,876-555-0144,
11352,,876-555-0164,
5805,876-555-0174,,
9437,876-555-0178,,
4605,,876-555-0185,
2248,,,878-555-0100
4296,878-555-0119,,
9111,878-555-0124,,
11147,878-555-0124,,
3899,,878-555-0125,
17335,878-555-0163,,
19603,878-555-0186,,
17803,,878-555-0188,
19958,878-555-0198,,
1503,879-555-0100,,
14352,,879-555-0116,
8078,879-555-0124,,
14431,,879-555-0159,
5120,879-555-0197,,
9103,879-555-0197,,
1745,,880-555-0100,
3628,880-555-0113,,
19043,880-555-0119,,
15152,,880-555-0145,
2848,880-555-0151,,
17744,,880-555-0154,
3236,,880-555-0163,
8271,,880-555-0176,
15783,,880-555-0193,
18433,881-555-0128,,
10821,,881-555-0135,
1923,881-555-0139,,
12728,,881-555-0160,
8494,,881-555-0175,
8703,,881-555-0181,
5387,881-555-0188,,
1515,,,882-555-0100
2129,,,882-555-0100
1927,882-555-0115,,
10477,882-555-0115,,
11480,,882-555-0116,
15793,,882-555-0117,
2606,882-555-0118,,
16000,882-555-0118,,
19395,,882-555-0153,
4588,,882-555-0162,
14801,882-555-0169,,
10138,,882-555-0172,
9321,,882-555-0188,
11026,,882-555-0199,
12423,883-555-0115,,
276,,,883-555-0116
12826,,883-555-0116,
10563,883-555-0117,,
4718,883-555-0128,,
18984,883-555-0144,,
10487,,883-555-0145,
12942,883-555-0146,,
16166,,883-555-0152,
13024,883-555-0157,,
367,883-555-0177,,
6677,,883-555-0177,
11694,,883-555-0181,
2134,,,884-555-0100
2334,884-555-0100,,
6018,,884-555-0114,
11909,884-555-0119,,
11407,884-555-0127,,
16363,884-555-0150,,
16553,,884-555-0158,
18316,884-555-0179,,
2924,884-555-0184,,
739,,,884-555-0193
2249,,,885-555-0100
11413,,885-555-0112,
7801,,885-555-0148,
3825,,885-555-0175,
19091,,885-555-0193,
19063,885-555-0196,,
11439,885-555-0197,,
11890,,885-555-0197,
1758,,886-555-0100,
6006,,886-555-0112,
9556,,886-555-0124,
3084,,886-555-0125,
3133,,886-555-0126,
4334,,886-555-0139,
19626,,886-555-0176,
14113,,886-555-0188,
18060,,886-555-0197,
19559,,887-555-0112,
7844,887-555-0115,,
3974,887-555-0122,,
15333,,887-555-0150,
7805,,887-555-0184,
2237,888-555-0100,,
2081,,,889-555-0100
10483,,889-555-0118,
12745,889-555-0140,,
16530,889-555-0142,,
16974,,889-555-0145,
12038,,889-555-0151,
17543,889-555-0157,,
7996,,889-555-0167,
755,,,889-555-0176
9273,889-555-0184,,
8356,,889-555-0185,
9534,,889-555-0193,
2053,890-555-0100,,
13817,890-555-0111,,
4256,890-555-0115,,
17083,890-555-0118,,
20254,890-555-0130,,
18482,890-555-0135,,
15534,,890-555-0145,
10711,,890-555-0148,
15258,890-555-0159,,
16026,890-555-0160,,
14517,890-555-0162,,
5154,,890-555-0163,
19193,890-555-0163,,
9326,,890-555-0175,
19440,890-555-0176,,
2370,,,891-555-0100
5259,,891-555-0117,
6012,891-555-0125,,
17211,891-555-0125,,
7326,891-555-0132,,
14243,891-555-0140,,
17565,891-555-0180,,
9012,,891-555-0188,
7319,891-555-0191,,
2124,,,892-555-0100
2187,892-555-0100,,
16285,892-555-0110,,
20267,892-555-0114,,
20593,,892-555-0121,
6605,,892-555-0144,
18197,892-555-0147,,
4854,892-555-0153,,
15436,,892-555-0184,
3944,892-555-0190,,
10302,,892-555-0196,
2047,,,893-555-0100
11431,,893-555-0112,
16668,893-555-0138,,
5480,,893-555-0154,
15122,893-555-0161,,
5348,893-555-0174,,
16951,893-555-0174,,
14246,893-555-0175,,
11233,,893-555-0187,
3153,,894-555-0112,
9937,,894-555-0115,
4078,,894-555-0135,
9710,894-555-0140,,
19666,894-555-0142,,
10476,894-555-0144,,
17141,894-555-0144,,
18420,,894-555-0145,
17433,,894-555-0159,
18019,894-555-0164,,
10516,,894-555-0168,
12093,894-555-0174,,
4370,,894-555-0175,
19821,,894-555-0182,
10678,894-555-0196,,
5219,,895-555-0130,
14115,,895-555-0130,
12085,,895-555-0138,
5928,895-555-0151,,
9204,895-555-0155,,
1181,895-555-0160,,
17065,,895-555-0161,
5627,,895-555-0166,
16872,,895-555-0169,
12556,895-555-0178,,
3762,895-555-0181,,
10142,,895-555-0191,
10392,896-555-0114,,
9850,896-555-0123,,
3624,,896-555-0142,
10467,,896-555-0156,
147,,,896-555-0168
12055,,896-555-0194,
2025,,,897-555-0100
6870,,897-555-0117,
7482,897-555-0123,,
4992,,897-555-0155,
17261,,897-555-0166,
3975,897-555-0167,,
5325,,897-555-0173,
3005,,897-555-0178,
8366,897-555-0196,,
2261,898-555-0100,,
2349,898-555-0100,,
959,,,898-555-0137
15853,,898-555-0150,
19780,898-555-0158,,
6706,898-555-0166,,
17246,898-555-0181,,
6057,898-555-0192,,
1704,,899-555-0100,
9962,899-555-0129,,
821,899-555-0134,,
18305,899-555-0135,,
3006,,899-555-0199,
12110,,901-555-0112,
129,901-555-0125,,
11381,901-555-0137,,
11239,,901-555-0148,
19706,901-555-0154,,
8849,,901-555-0158,
6369,901-555-0171,,
5412,,901-555-0172,
4708,901-555-0178,,
9587,902-555-0129,,
5762,902-555-0132,,
10229,902-555-0168,,
16498,902-555-0192,,
2016,903-555-0100,,
13915,,903-555-0112,
14560,,903-555-0112,
20291,903-555-0123,,
40,,,903-555-0145
20202,,903-555-0145,
20640,,903-555-0154,
3623,,903-555-0175,
2730,,903-555-0191,
15385,903-555-0191,,
11344,,903-555-0193,
14589,,903-555-0193,
2153,904-555-0100,,
2758,904-555-0115,,
7982,,904-555-0116,
7747,904-555-0153,,
13892,904-555-0153,,
16693,,904-555-0157,
6139,904-555-0173,,
9527,904-555-0179,,
15289,904-555-0191,,
1539,,,905-555-0100
2144,905-555-0100,,
2343,,,905-555-0100
17684,905-555-0112,,
3900,,905-555-0115,
2408,905-555-0117,,
7301,905-555-0121,,
13851,905-555-0127,,
16985,905-555-0136,,
6279,,905-555-0149,
15608,,905-555-0186,
15836,,905-555-0188,
11104,905-555-0194,,
5736,,906-555-0113,
6334,906-555-0115,,
15098,906-555-0146,,
10279,,906-555-0157,
14850,906-555-0186,,
8675,906-555-0196,,
17087,,907-555-0113,
20065,,907-555-0116,
14062,,907-555-0117,
8113,907-555-0122,,
4435,,907-555-0125,
5064,,907-555-0129,
13368,,907-555-0138,
14578,907-555-0153,,
4773,,907-555-0167,
1915,,,907-555-0170
20393,907-555-0170,,
8554,907-555-0197,,
2272,,,908-555-0100
13004,908-555-0122,,
10908,,908-555-0127,
10649,,908-555-0132,
6881,,908-555-0133,
8595,908-555-0137,,
47,908-555-0159,,
15406,,908-555-0168,
5357,908-555-0172,,
9845,,908-555-0190,
16173,908-555-0194,,
6983,909-555-0115,,
7475,909-555-0115,,
4035,,909-555-0116,
17712,909-555-0125,,
15449,,909-555-0129,
6405,,909-555-0148,
8130,909-555-0153,,
5844,909-555-0167,,
11535,909-555-0168,,
14469,,909-555-0170,
19764,,909-555-0174,
12080,909-555-0180,,
20308,,909-555-0199,
1737,910-555-0100,,
9499,,910-555-0113,
218,,,910-555-0116
1161,910-555-0116,,
3770,910-555-0118,,
15232,910-555-0119,,
18253,,910-555-0123,
12389,,910-555-0125,
9265,,910-555-0138,
20774,910-555-0166,,
4118,,910-555-0185,
6496,910-555-0185,,
7160,,910-555-0188,
6525,,911-555-0117,
13732,,911-555-0117,
3143,,911-555-0122,
15303,911-555-0137,,
9751,,911-555-0143,
457,911-555-0153,,
16923,911-555-0153,,
1347,911-555-0165,,
4676,911-555-0178,,
19856,911-555-0187,,
14647,,912-555-0115,
9117,912-555-0135,,
7895,912-555-0141,,
923,912-555-0149,,
10482,912-555-0154,,
20727,,912-555-0160,
10644,912-555-0164,,
7452,,912-555-0166,
3540,,912-555-0182,
11927,912-555-0186,,
2147,,,913-555-0100
10030,,913-555-0111,
4536,913-555-0119,,
4859,,913-555-0120,
12604,913-555-0129,,
20045,,913-555-0130,
18159,913-555-0137,,
18370,,913-555-0143,
16,,,913-555-0172
14410,913-555-0175,,
11584,,913-555-0176,
99,913-555-0184,,
11273,913-555-0184,,
26,,,913-555-0196
1998,,,914-555-0100
3368,,914-555-0114,
13468,,914-555-0114,
9528,,914-555-0119,
5488,914-555-0128,,
7778,,914-555-0131,
9346,,914-555-0138,
14087,914-555-0138,,
14703,914-555-0151,,
17302,914-555-0154,,
4612,,914-555-0180,
7039,,914-555-0183,
2312,915-555-0100,,
14468,,915-555-0139,
18069,915-555-0150,,
7401,915-555-0151,,
18526,,915-555-0155,
9591,915-555-0169,,
5815,,915-555-0172,
15981,916-555-0129,,
421,916-555-0133,,
827,,,916-555-0137
15288,916-555-0146,,
14829,,916-555-0156,
6800,916-555-0160,,
20027,,916-555-0161,
253,916-555-0165,,
1901,,,916-555-0171
5732,916-555-0172,,
2215,917-555-0100,,
3230,,917-555-0110,
20752,,917-555-0121,
18553,917-555-0152,,
4275,,917-555-0167,
20473,,917-555-0177,
9042,,918-555-0112,
3003,,918-555-0126,
1469,,,918-555-0127
5182,,918-555-0129,
1967,918-555-0141,,
3459,918-555-0152,,
17268,918-555-0154,,
12073,918-555-0180,,
12153,,918-555-0185,
11703,,918-555-0186,
11974,,918-555-0192,
2170,,,919-555-0100
6382,919-555-0119,,
4165,,919-555-0129,
39,,,919-555-0140
20090,,919-555-0142,
15084,,919-555-0148,
12706,,919-555-0152,
9848,,919-555-0163,
13456,919-555-0167,,
2520,919-555-0171,,
14581,,919-555-0187,
11347,919-555-0194,,
1501,920-555-0100,,
11635,920-555-0137,,
17909,,920-555-0156,
12764,920-555-0173,,
243,920-555-0177,,
10619,,920-555-0185,
9079,,920-555-0187,
885,,,920-555-0191
3051,,920-555-0197,
3409,,920-555-0199,
15539,920-555-0199,,
6257,,921-555-0114,
8987,,921-555-0137,
9570,,921-555-0142,
11030,,921-555-0148,
14915,,921-555-0152,
19939,,921-555-0165,
10429,,921-555-0171,
12670,,921-555-0171,
4793,921-555-0176,,
5307,921-555-0181,,
18568,921-555-0183,,
17139,,922-555-0113,
4554,,922-555-0117,
5918,,922-555-0134,
12954,,922-555-0147,
2727,922-555-0148,,
12540,922-555-0153,,
6294,922-555-0163,,
278,,,922-555-0165
14707,922-555-0190,,
361,922-555-0193,,
10003,922-555-0195,,
1521,,,923-555-0100
4077,,923-555-0110,
18793,,923-555-0117,
11500,923-555-0137,,
17720,923-555-0152,,
11518,923-555-0167,,
11060,923-555-0183,,
18216,923-555-0190,,
2159,924-555-0100,,
3818,,924-555-0116,
9446,924-555-0117,,
13889,,924-555-0118,
7050,924-555-0122,,
13516,924-555-0142,,
16832,,924-555-0151,
8084,924-555-0164,,
3914,924-555-0180,,
1833,,,924-555-0195
12062,925-555-0112,,
72,,,925-555-0114
5209,,925-555-0114,
13272,,925-555-0122,
17688,,925-555-0129,
6123,925-555-0143,,
6147,925-555-0172,,
8029,,926-555-0114,
20378,,926-555-0117,
9572,,926-555-0119,
1849,,,926-555-0136
18548,926-555-0137,,
8877,926-555-0140,,
18776,926-555-0140,,
19187,926-555-0144,,
8342,926-555-0155,,
1021,926-555-0159,,
3167,926-555-0159,,
1335,,,926-555-0164
20598,926-555-0170,,
20156,926-555-0171,,
6663,926-555-0172,,
16779,,926-555-0181,
285,,,926-555-0182
13589,,926-555-0187,
18363,,926-555-0189,
1641,,,927-555-0100
15125,927-555-0117,,
4009,,927-555-0118,
20010,,927-555-0118,
11098,927-555-0128,,
15730,,927-555-0132,
248,,,927-555-0150
8472,927-555-0154,,
18691,927-555-0155,,
126,927-555-0168,,
8846,,927-555-0190,
699,,,927-555-0198
2320,928-555-0100,,
1333,928-555-0116,,
19273,928-555-0116,,
1205,928-555-0117,,
8490,928-555-0118,,
3886,928-555-0122,,
14558,,928-555-0125,
2860,928-555-0156,,
16756,,928-555-0160,
18018,,928-555-0180,
11505,,928-555-0186,
8723,,928-555-0194,
20609,,928-555-0195,
5025,,929-555-0115,
8662,929-555-0126,,
4000,929-555-0133,,
16158,,929-555-0135,
6840,929-555-0162,,
17845,929-555-0187,,
10682,,929-555-0191,
18379,929-555-0193,,
20279,,929-555-0194,
4940,,929-555-0195,
4870,930-555-0113,,
3797,,930-555-0130,
12805,,930-555-0134,
17964,930-555-0142,,
2748,,930-555-0153,
11242,930-555-0177,,
2140,,,931-555-0100
20120,931-555-0112,,
5660,,931-555-0117,
68,,,931-555-0118
17251,,931-555-0121,
3063,,931-555-0154,
16785,931-555-0157,,
20072,931-555-0157,,
5389,,931-555-0160,
15293,,931-555-0175,
20101,931-555-0177,,
15064,,931-555-0183,
2369,,,932-555-0100
16709,932-555-0110,,
13795,,932-555-0117,
19159,932-555-0117,,
111,,,932-555-0161
1281,932-555-0163,,
11265,,932-555-0165,
2793,,932-555-0172,
12909,,932-555-0175,
4795,,932-555-0197,
2373,933-555-0100,,
2457,933-555-0122,,
10548,,933-555-0122,
7900,,933-555-0130,
3360,,933-555-0158,
18016,933-555-0166,,
6784,933-555-0167,,
15722,933-555-0191,,
17247,934-555-0113,,
9849,934-555-0118,,
15628,,934-555-0148,
3066,934-555-0160,,
9925,,934-555-0179,
14131,934-555-0180,,
7703,934-555-0191,,
155,,,935-555-0116
15178,,935-555-0117,
8596,935-555-0120,,
18461,,935-555-0146,
15454,,935-555-0176,
18637,,935-555-0186,
11148,,935-555-0189,
12383,935-555-0197,,
244,,,935-555-0199
11157,936-555-0110,,
4397,,936-555-0113,
9699,936-555-0114,,
14913,,936-555-0114,
15929,,936-555-0119,
12132,936-555-0123,,
7261,936-555-0125,,
5058,,936-555-0134,
8125,,936-555-0151,
12526,,936-555-0152,
7142,,936-555-0157,
12402,936-555-0162,,
18593,936-555-0175,,
15563,,936-555-0177,
14808,,936-555-0183,
4261,,936-555-0189,
9794,,936-555-0190,
1571,937-555-0100,,
2109,937-555-0100,,
11627,,937-555-0124,
3589,937-555-0134,,
765,,,937-555-0136
123,,,937-555-0137
15578,937-555-0143,,
11666,,937-555-0147,
11637,937-555-0159,,
4622,937-555-0171,,
12677,,938-555-0117,
9410,,938-555-0135,
4493,,938-555-0142,
6095,938-555-0177,,
6841,938-555-0187,,
1577,939-555-0100,,
1615,,,939-555-0100
16123,,939-555-0115,
17102,,939-555-0124,
19820,,939-555-0130,
18031,939-555-0154,,
14092,,939-555-0158,
19282,,939-555-0162,
3639,,939-555-0166,
4436,939-555-0178,,
10474,,939-555-0179,
4033,939-555-0183,,
18234,,939-555-0191,
2936,939-555-0192,,
17093,940-555-0115,,
12500,,940-555-0120,
10480,940-555-0133,,
3992,940-555-0176,,
9329,,940-555-0193,
1595,941-555-0100,,
1767,941-555-0100,,
11905,941-555-0110,,
16980,,941-555-0117,
19062,,941-555-0118,
17503,,941-555-0119,
8416,941-555-0124,,
4427,941-555-0132,,
18720,941-555-0135,,
13447,,941-555-0138,
18047,,941-555-0140,
9366,941-555-0150,,
745,941-555-0155,,
15367,941-555-0161,,
8641,941-555-0177,,
20746,941-555-0184,,
11208,,941-555-0186,
15464,,941-555-0188,
5930,941-555-0190,,
18093,942-555-0113,,
13287,,942-555-0120,
11987,942-555-0136,,
16185,942-555-0139,,
1387,942-555-0141,,
8322,,942-555-0151,
20587,,942-555-0153,
8926,,942-555-0154,
2794,942-555-0159,,
4182,,942-555-0159,
2947,,942-555-0165,
2513,942-555-0170,,
11957,942-555-0171,,
1601,943-555-0100,,
1748,943-555-0100,,
9292,943-555-0127,,
18927,,943-555-0139,
12778,943-555-0142,,
10723,943-555-0147,,
19543,943-555-0153,,
3621,,943-555-0155,
16853,943-555-0177,,
4430,,943-555-0190,
122,,,943-555-0196
11409,943-555-0196,,
1561,,,944-555-0100
5822,944-555-0110,,
14926,944-555-0117,,
10023,944-555-0119,,
3812,,944-555-0122,
17090,944-555-0131,,
9267,,944-555-0134,
639,,,944-555-0148
8528,944-555-0152,,
17234,944-555-0157,,
10380,,944-555-0159,
7408,,944-555-0160,
16424,,944-555-0167,
8597,944-555-0168,,
20487,,944-555-0169,
2803,944-555-0172,,
6460,944-555-0179,,
1513,945-555-0100,,
751,,,945-555-0112
8023,,945-555-0159,
7663,945-555-0170,,
11665,,945-555-0186,
13704,,945-555-0189,
4654,945-555-0193,,
15776,,945-555-0193,
2260,946-555-0100,,
10382,946-555-0113,,
19236,,946-555-0113,
13334,946-555-0127,,
5302,,946-555-0134,
19982,,946-555-0142,
2955,946-555-0151,,
16077,,946-555-0162,
4529,946-555-0172,,
12550,,946-555-0183,
19044,,946-555-0189,
3809,,947-555-0113,
17922,,947-555-0130,
17446,,947-555-0132,
4066,947-555-0134,,
1303,,,947-555-0143
12419,,947-555-0143,
4667,947-555-0166,,
9050,947-555-0172,,
9377,,947-555-0180,
3731,947-555-0187,,
14104,,947-555-0187,
3422,948-555-0113,,
3233,948-555-0124,,
9881,,948-555-0127,
15649,948-555-0138,,
16482,,948-555-0140,
5765,948-555-0151,,
4925,948-555-0160,,
4615,,948-555-0174,
6414,949-555-0111,,
12817,,949-555-0122,
3920,,949-555-0125,
8363,,949-555-0130,
19012,949-555-0138,,
15197,,949-555-0164,
7854,949-555-0166,,
203,,,949-555-0174
14038,,949-555-0190,
18671,,949-555-0191,
8562,,950-555-0111,
16372,,950-555-0111,
19539,950-555-0137,,
10659,,950-555-0171,
13054,950-555-0181,,
9136,951-555-0110,,
3434,951-555-0141,,
3445,951-555-0164,,
18311,,951-555-0169,
13543,,951-555-0191,
15309,,951-555-0193,
19085,,952-555-0115,
2502,952-555-0130,,
6274,952-555-0132,,
11286,,952-555-0151,
11732,952-555-0159,,
17843,952-555-0168,,
7111,,952-555-0171,
5417,,952-555-0172,
4168,952-555-0176,,
4845,,952-555-0176,
146,952-555-0178,,
16206,,952-555-0197,
1710,953-555-0100,,
2067,953-555-0100,,
2111,,,953-555-0100
11172,953-555-0123,,
5201,,953-555-0127,
15212,,953-555-0142,
7406,,953-555-0152,
13347,953-555-0164,,
12430,953-555-0197,,
2238,,,954-555-0100
8718,,954-555-0112,
16385,,954-555-0115,
19196,,954-555-0117,
3298,954-555-0118,,
5240,,954-555-0118,
6271,,954-555-0119,
15399,954-555-0133,,
19885,,954-555-0133,
9319,,954-555-0143,
6678,,954-555-0144,
513,,,954-555-0145
4941,954-555-0161,,
16518,954-555-0166,,
5028,,954-555-0173,
3613,955-555-0114,,
8642,,955-555-0114,
14818,955-555-0117,,
13207,,955-555-0118,
20618,,955-555-0128,
236,,,955-555-0131
10518,955-555-0135,,
30,955-555-0169,,
5992,,955-555-0170,
12117,955-555-0190,,
16968,956-555-0112,,
12273,956-555-0121,,
19150,956-555-0136,,
12522,,956-555-0151,
5448,,956-555-0161,
13271,956-555-0173,,
11114,,956-555-0189,
16244,,957-555-0110,
3047,,957-555-0113,
879,,,957-555-0125
7318,957-555-0128,,
4400,,957-555-0160,
6144,,957-555-0191,
12125,,957-555-0193,
4666,,957-555-0196,
5948,957-555-0196,,
1732,,958-555-0100,
5401,,958-555-0115,
4696,958-555-0116,,
6051,958-555-0156,,
2835,,958-555-0163,
4609,958-555-0172,,
4532,958-555-0174,,
9137,,958-555-0183,
11793,958-555-0186,,
11311,958-555-0194,,
1505,,,959-555-0100
11707,959-555-0110,,
13230,,959-555-0114,
5386,,959-555-0116,
16013,959-555-0118,,
5637,,959-555-0119,
17902,959-555-0135,,
18256,959-555-0135,,
303,959-555-0151,,
10706,,959-555-0163,
15610,959-555-0164,,
11090,,959-555-0165,
6474,,959-555-0176,
14873,,959-555-0179,
3457,,959-555-0196,
18891,959-555-0198,,
4909,959-555-0199,,
14608,960-555-0112,,
4455,,960-555-0118,
12888,,960-555-0124,
16391,,960-555-0124,
3318,,960-555-0132,
17978,,960-555-0136,
9843,960-555-0139,,
7901,960-555-0155,,
7173,960-555-0157,,
6196,,960-555-0194,
1655,,,961-555-0100
2008,,,961-555-0100
20645,,961-555-0119,
19954,961-555-0120,,
65,961-555-0122,,
18076,,961-555-0125,
20043,961-555-0130,,
11920,,961-555-0131,
6565,,961-555-0133,
10226,,961-555-0153,
15564,961-555-0169,,
15080,,961-555-0176,
19894,961-555-0186,,
5046,961-555-0194,,
1764,,962-555-0100,
861,962-555-0112,,
14272,,962-555-0118,
16255,,962-555-0138,
1461,962-555-0139,,
839,,,962-555-0144
10384,,962-555-0158,
521,962-555-0166,,
919,962-555-0175,,
9966,,962-555-0178,
2200,,,963-555-0100
2358,,,963-555-0100
18821,,963-555-0113,
5208,963-555-0118,,
3838,,963-555-0129,
13359,,963-555-0130,
44,,,963-555-0134
1447,963-555-0146,,
20440,,963-555-0148,
7961,,963-555-0150,
19914,,963-555-0168,
6161,963-555-0171,,
15920,964-555-0110,,
4646,964-555-0119,,
5381,,964-555-0148,
5614,,964-555-0153,
17554,964-555-0160,,
6564,,964-555-0196,
615,,,965-555-0112
6475,,965-555-0113,
11004,965-555-0114,,
4698,,965-555-0128,
3686,965-555-0146,,
2994,965-555-0154,,
18102,965-555-0154,,
152,965-555-0155,,
3142,,965-555-0178,
13423,965-555-0186,,
3579,966-555-0116,,
20116,,966-555-0118,
13202,,966-555-0128,
17849,,966-555-0146,
8448,,966-555-0151,
4613,,966-555-0152,
13305,966-555-0153,,
15746,966-555-0171,,
19319,,966-555-0173,
3887,966-555-0175,,
5536,966-555-0176,,
13596,,966-555-0193,
1726,,967-555-0100,
6876,967-555-0110,,
15924,967-555-0112,,
10630,,967-555-0118,
11712,967-555-0121,,
1045,,,967-555-0129
9524,967-555-0129,,
16168,967-555-0139,,
7529,,967-555-0152,
12912,967-555-0155,,
11121,,967-555-0173,
11860,,967-555-0173,
16067,,967-555-0176,
18783,,967-555-0188,
12804,968-555-0111,,
6696,,968-555-0116,
9418,,968-555-0128,
331,,,968-555-0153
6005,968-555-0187,,
11127,968-555-0196,,
17216,,968-555-0196,
12177,,969-555-0111,
3214,,969-555-0112,
12926,969-555-0112,,
1091,,,969-555-0117
12566,,969-555-0118,
4896,,969-555-0140,
6493,969-555-0145,,
5519,969-555-0160,,
13348,,969-555-0166,
14306,,969-555-0186,
4602,,969-555-0195,
2221,970-555-0100,,
5807,,970-555-0114,
43,970-555-0118,,
19179,970-555-0118,,
15,970-555-0138,,
9575,970-555-0155,,
18623,,970-555-0173,
9825,970-555-0178,,
13955,,970-555-0180,
2242,,,971-555-0100
2330,971-555-0100,,
18839,971-555-0115,,
17955,971-555-0119,,
9328,971-555-0122,,
4186,971-555-0132,,
11306,,971-555-0134,
4053,971-555-0136,,
4549,,971-555-0165,
20686,971-555-0169,,
7906,,971-555-0172,
3961,971-555-0173,,
9987,971-555-0198,,
16022,,972-555-0110,
15031,,972-555-0116,
17404,972-555-0135,,
15228,972-555-0138,,
14128,972-555-0145,,
3771,972-555-0149,,
10667,,972-555-0156,
9125,,972-555-0157,
489,972-555-0163,,
16689,,972-555-0195,
10423,972-555-0197,,
5023,,973-555-0110,
447,973-555-0112,,
17457,,973-555-0119,
2658,,973-555-0151,
4172,,973-555-0165,
6312,,973-555-0195,
2026,,,974-555-0100
20038,974-555-0121,,
9081,,974-555-0128,
10281,,974-555-0128,
9777,974-555-0142,,
13038,974-555-0177,,
7077,,974-555-0179,
3490,,974-555-0184,
17555,974-555-0194,,
20201,,975-555-0124,
20615,975-555-0142,,
13604,975-555-0163,,
12211,,976-555-0113,
6454,,976-555-0114,
17560,976-555-0116,,
9951,976-555-0118,,
9948,,976-555-0125,
10366,976-555-0125,,
16763,,976-555-0128,
14675,976-555-0180,,
7338,,976-555-0182,
16559,976-555-0195,,
2034,,,977-555-0100
13274,,977-555-0116,
11652,,977-555-0117,
10330,977-555-0126,,
6790,977-555-0139,,
14479,,977-555-0178,
9739,,977-555-0190,
17527,,977-555-0194,
1773,978-555-0100,,
3951,978-555-0118,,
9509,,978-555-0121,
7208,978-555-0123,,
4826,,978-555-0158,
9785,,978-555-0167,
8559,978-555-0168,,
14283,,978-555-0168,
10230,,978-555-0173,
16374,978-555-0173,,
8760,978-555-0178,,
7078,,979-555-0111,
10128,979-555-0144,,
15498,979-555-0159,,
3067,,979-555-0161,
1251,979-555-0163,,
13177,,979-555-0174,
12956,,979-555-0180,
14562,,979-555-0180,
15331,,979-555-0180,
14869,979-555-0183,,
6301,,979-555-0198,
13521,,980-555-0117,
11421,,980-555-0120,
18602,980-555-0121,,
19357,,980-555-0126,
13114,,980-555-0146,
15709,,980-555-0148,
5820,,980-555-0166,
13936,980-555-0166,,
16936,980-555-0174,,
11849,980-555-0176,,
4363,980-555-0196,,
14005,980-555-0197,,
2267,981-555-0100,,
2482,981-555-0111,,
4311,,981-555-0117,
13735,,981-555-0119,
8426,981-555-0127,,
4490,,981-555-0138,
6682,,981-555-0164,
17069,,981-555-0169,
11643,981-555-0176,,
16996,,981-555-0180,
12880,,981-555-0185,
10760,981-555-0198,,
2298,982-555-0100,,
6099,,982-555-0111,
13395,982-555-0113,,
6998,,982-555-0119,
11156,,982-555-0123,
11995,,982-555-0141,
7497,,982-555-0147,
3086,982-555-0151,,
3291,,982-555-0153,
11528,982-555-0157,,
8764,982-555-0174,,
5123,982-555-0198,,
3700,,983-555-0112,
18703,983-555-0120,,
5128,,983-555-0121,
3494,,983-555-0126,
8092,983-555-0129,,
15919,983-555-0153,,
13563,,983-555-0156,
17238,,983-555-0166,
18696,,983-555-0167,
9677,983-555-0198,,
4799,984-555-0111,,
4128,,984-555-0118,
12873,984-555-0123,,
6498,984-555-0124,,
13982,,984-555-0124,
6064,,984-555-0137,
18878,,984-555-0144,
18530,984-555-0147,,
75,,,984-555-0148
15051,984-555-0148,,
17865,984-555-0181,,
51,,,984-555-0185
8694,984-555-0190,,
4323,,984-555-0197,
19422,985-555-0114,,
18269,985-555-0124,,
6634,,985-555-0125,
8842,,985-555-0144,
4649,,985-555-0182,
15679,,986-555-0119,
19451,986-555-0131,,
2419,986-555-0135,,
6390,986-555-0139,,
7616,986-555-0153,,
18037,,986-555-0154,
18922,,986-555-0159,
17204,,986-555-0175,
127,986-555-0177,,
11049,,986-555-0182,
7370,986-555-0185,,
2003,987-555-0100,,
18870,,987-555-0117,
5435,,987-555-0118,
16390,987-555-0119,,
17563,,987-555-0125,
721,,,987-555-0126
10650,,987-555-0143,
15965,,987-555-0176,
2767,987-555-0181,,
3239,987-555-0181,,
8762,,987-555-0197,
1736,988-555-0100,,
6373,988-555-0116,,
8106,,988-555-0116,
6452,,988-555-0121,
4099,988-555-0125,,
4739,,988-555-0130,
11619,,988-555-0133,
2777,,988-555-0136,
16524,988-555-0144,,
9318,988-555-0151,,
6891,988-555-0154,,
18329,,988-555-0156,
19251,,988-555-0157,
5258,988-555-0176,,
10055,,988-555-0180,
13586,988-555-0199,,
1703,989-555-0100,,
2328,,,989-555-0100
3805,989-555-0116,,
10454,989-555-0120,,
17379,989-555-0126,,
9130,989-555-0127,,
8676,989-555-0133,,
6388,989-555-0137,,
15440,989-555-0140,,
11006,989-555-0160,,
17456,,989-555-0189,
3598,,989-555-0194,
9901,,990-555-0110,
4786,,990-555-0111,
2862,990-555-0115,,
12373,990-555-0116,,
6557,990-555-0120,,
9100,,990-555-0122,
7898,,990-555-0126,
12636,990-555-0127,,
617,990-555-0141,,
7917,,990-555-0144,
14264,990-555-0162,,
98,990-555-0172,,
8344,,990-555-0183,
17758,,990-555-0184,
14629,,990-555-0185,
7344,,990-555-0186,
16782,,990-555-0190,
6346,,990-555-0196,
1523,,,991-555-0100
2119,,,991-555-0100
6007,991-555-0133,,
9573,,991-555-0135,
10333,,991-555-0143,
18538,,991-555-0143,
8430,991-555-0147,,
909,991-555-0148,,
12516,991-555-0152,,
19015,,991-555-0161,
301,,,991-555-0183
158,991-555-0184,,
10105,991-555-0186,,
9579,,991-555-0196,
483,,,992-555-0111
4049,,992-555-0116,
18903,992-555-0120,,
7817,,992-555-0129,
11913,,992-555-0131,
1481,992-555-0134,,
17792,992-555-0153,,
19459,992-555-0163,,
14478,,992-555-0173,
13848,992-555-0176,,
222,992-555-0194,,
2368,993-555-0100,,
16612,993-555-0117,,
5174,993-555-0127,,
4142,993-555-0128,,
12530,993-555-0143,,
17228,,993-555-0143,
11532,,993-555-0145,
10860,,993-555-0149,
889,993-555-0162,,
12266,993-555-0167,,
7912,,993-555-0174,
5037,,993-555-0176,
1413,993-555-0179,,
10969,993-555-0183,,
18113,993-555-0186,,
8475,994-555-0111,,
17480,994-555-0111,,
2667,994-555-0112,,
3570,,994-555-0119,
16948,994-555-0148,,
7061,994-555-0149,,
18043,,994-555-0154,
13483,994-555-0158,,
9666,994-555-0167,,
9175,,994-555-0172,
907,,,994-555-0194
12112,,994-555-0197,
8309,995-555-0111,,
1449,995-555-0114,,
10698,995-555-0114,,
14495,,995-555-0114,
12089,,995-555-0180,
4682,995-555-0181,,
16729,995-555-0197,,
1613,996-555-0100,,
2101,996-555-0100,,
2162,,,996-555-0100
10549,,996-555-0114,
12612,996-555-0117,,
9517,,996-555-0127,
17232,996-555-0142,,
12412,,996-555-0169,
5140,996-555-0179,,
10327,996-555-0185,,
9370,996-555-0190,,
1265,,,996-555-0192
1107,996-555-0196,,
2313,,,997-555-0100
17722,997-555-0116,,
9089,997-555-0117,,
6511,,997-555-0118,
17587,997-555-0119,,
3229,997-555-0135,,
17166,,997-555-0136,
12948,,997-555-0196,
9656,998-555-0115,,
19177,,998-555-0116,
13545,,998-555-0130,
18657,998-555-0153,,
11972,,998-555-0163,
17243,,998-555-0171,
2792,998-555-0187,,
8063,998-555-0194,,
17739,999-555-0111,,
7956,,999-555-0126,
18125,,999-555-0133,
14512,,999-555-0149,
13828,999-555-0152,,
93,,,999-555-0155
6854,999-555-0183,,
6846,,999-555-0198,
