43700,14501,772.5036,Bryan Gray,BRYAN GRAY
43701,11003,3756.989,Jenna Young,JENNA YOUNG
43703,16624,3953.9884,Nichole Goel,NICHOLE GOEL
43704,11005,3729.364,Joe Madan,JOE MADAN
43705,11011,3756.989,Joe Rana,JOE RANA
43708,20042,772.5036,Donald Raman,DONALD RAMAN
43709,16351,3953.9884,Luke Nelson,LUKE NELSON
43710,16517,3953.9884,Kelsey Raje,KELSEY RAJE
43712,13513,3953.9884,Jeremy Powell,JEREMY POWELL
43714,13591,3953.9884,Jon Yuan,JON YUAN
43715,16483,3953.9884,Misty Nath,MISTY NATH
43716,16529,3953.9884,Kelsey Nath,KELSEY NATH
43720,13264,3953.9884,Roger Zheng,ROGER ZHENG
43721,13590,3953.9884,Briana Gutierrez,BRIANA GUTIERREZ
43722,13581,3953.9884,Blake Price,BLAKE PRICE
43723,14520,772.5036,Lucas Gray,LUCAS GRAY
43724,16520,3953.9884,Kelsey Chande,KELSEY CHANDE
43725,13258,3953.9884,Roger Ma,ROGER MA
43726,14560,772.5036,Sebastian Ramirez,SEBASTIAN RAMIREZ
43727,16607,3953.9884,Nichole Jai,NICHOLE JAI
43729,11238,3756.989,Ruben Martin,RUBEN MARTIN
43731,16629,3953.9884,Logan Hill,LOGAN HILL
43732,11025,3729.364,Marshall Sun,MARSHALL SUN
43735,16522,3953.9884,Carlos Mitchell,CARLOS MITCHELL
43736,11002,3756.989,Courtney Young,COURTNEY YOUNG
43737,13261,3953.9884,Carson Simmons,CARSON SIMMONS
43738,11606,3953.9884,Anna Robinson,ANNA ROBINSON
43739,13563,3953.9884,Miguel Flores,MIGUEL FLORES
43740,16527,3953.9884,Alex Mitchell,ALEX MITCHELL
43742,13576,3953.9884,Miguel Russell,MIGUEL RUSSELL
43743,11007,3756.989,Marshall Xu,MARSHALL XU
43744,16631,3953.9884,Caleb Scott,CALEB SCOTT
43745,16514,3953.9884,Samuel Hill,SAMUEL HILL
43746,16616,3953.9884,Gloria Carlson,GLORIA CARLSON
43750,11591,3953.9884,Barbara Xu,BARBARA XU
43751,11592,3953.9884,Barbara Luo,BARBARA LUO
43752,13265,3953.9884,Carson Bryant,CARSON BRYANT
43753,16482,3953.9884,Thomas Mitchell,THOMAS MITCHELL
43756,19941,772.5036,Julie Xie,JULIE XIE
43757,11017,3729.364,Chloe Clark,CHLOE CLARK
43759,13257,3953.9884,Carson Butler,CARSON BUTLER
43760,16352,3953.9884,Jordan Nelson,JORDAN NELSON
43761,16493,3953.9884,Kelsey She,KELSEY SHE
43763,16525,3953.9884,Kelsey Nara,KELSEY NARA
43764,16612,3953.9884,Jesse Lopez,JESSE LOPEZ
43765,11010,3756.989,Joe Schmidt,JOE SCHMIDT
43766,16518,3953.9884,Caleb Mitchell,CALEB MITCHELL
43767,11001,3729.364,Amber Young,AMBER YOUNG
43771,14559,772.5036,Micheal Alvarez,MICHEAL ALVAREZ
43772,16524,3953.9884,Gloria Gill,GLORIA GILL
43773,16526,3953.9884,Isaiah Mitchell,ISAIAH MITCHELL
43774,16348,3953.9884,Connor Nelson,CONNOR NELSON
43775,11027,3756.989,Chloe Hall,CHLOE HALL
43776,13260,3953.9884,Roger Guo,ROGER GUO
43777,16515,3953.9884,Kelsey Jai,KELSEY JAI
43778,11018,3756.989,Joe Mehta,JOE MEHTA
43780,11599,3953.9884,Anna Harris,ANNA HARRIS
43781,16495,3953.9884,Kelsey Shen,KELSEY SHEN
43782,16516,3953.9884,Kelsey Pal,KELSEY PAL
43783,16620,3953.9884,Nichole Nath,NICHOLE NATH
43785,11601,3953.9884,Anna Martin,ANNA MARTIN
43786,11607,3953.9884,Barbara Jai,BARBARA JAI
43788,11239,3729.364,Isabella Martinez,ISABELLA MARTINEZ
43791,16484,3953.9884,Misty Goel,MISTY GOEL
43792,16623,3953.9884,Jonathan Hill,JONATHAN HILL
43793,11000,3756.989,Mary Young,MARY YOUNG
43794,11029,3756.989,Joe Gonzalez,JOE GONZALEZ
43796,17956,772.5036,Christian Smith,CHRISTIAN SMITH
43797,16345,3953.9884,Caleb Nelson,CALEB NELSON
43798,16521,3953.9884,Carlos Hill,CARLOS HILL
43799,16636,3953.9884,Alison Shen,ALISON SHEN
43801,13583,3953.9884,Jon Xu,JON XU
43802,11593,3953.9884,Barbara Yuan,BARBARA YUAN
43804,13585,3953.9884,Y. Yong,Y. YONG
43805,14510,772.5036,Jonathon Ortega,JONATHON ORTEGA
43806,16523,3953.9884,Angel Mitchell,ANGEL MITCHELL
43807,11611,3953.9884,Anna Lewis,ANNA LEWIS
43808,13259,3953.9884,Roger Liang,ROGER LIANG
43809,16350,3953.9884,Katrina Chapman,KATRINA CHAPMAN
43810,11004,3756.989,Chloe Harris,CHLOE HARRIS
43811,11026,3756.989,Joe Martinez,JOE MARTINEZ
43815,16494,3953.9884,Kevin Mitchell,KEVIN MITCHELL
43816,16496,3953.9884,Gabriel Mitchell,GABRIEL MITCHELL
43817,16519,3953.9884,Jackson Mitchell,JACKSON MITCHELL
43818,16528,3953.9884,Kelsey Rai,KELSEY RAI
43819,11006,3756.989,Chloe Martin,CHLOE MARTIN
43823,19942,772.5036,Nicole Sandberg,NICOLE SANDBERG
43824,14558,772.5036,Juan Ramirez,JUAN RAMIREZ
43825,16349,3953.9884,Katrina Chande,KATRINA CHANDE
43826,11008,3729.364,Joe Srini,JOE SRINI
43830,16347,3953.9884,Katrina Raje,KATRINA RAJE
43831,11028,3729.364,Julia Smith,JULIA SMITH
43832,13584,3953.9884,Blake Bennett,BLAKE BENNETT
43835,19802,3729.364,Byron Ramos,BYRON RAMOS
43837,11009,3729.364,Joe Prasad,JOE PRASAD
43840,17957,772.5036,Ethan Thompson,ETHAN THOMPSON
43841,13406,3953.9884,Briana Diaz,BRIANA DIAZ
43842,16630,3953.9884,Thomas Hill,THOMAS HILL
43919,12124,3953.9884,Taylor Smith,TAYLOR SMITH
43921,16743,3953.9884,Martin Srini,MARTIN SRINI
43922,13546,3953.9884,Miguel Henderson,MIGUEL HENDERSON
43924,12132,3953.9884,Taylor Jones,TAYLOR JONES
43925,16661,3953.9884,Alison Chande,ALISON CHANDE
43926,11055,3729.364,Judith White,JUDITH WHITE
43927,16662,3953.9884,Noah Adams,NOAH ADAMS
43928,16740,3953.9884,Jack Scott,JACK SCOTT
43931,13548,3953.9884,Miguel Coleman,MIGUEL COLEMAN
43932,16741,3953.9884,Martin Madan,MARTIN MADAN
43933,11031,3756.989,Julia Williams,JULIA WILLIAMS
43934,11034,3756.989,Joe Perez,JOE PEREZ
43935,20048,772.5036,Donald Garcia,DONALD GARCIA
43937,17047,3953.9884,Melody Browning,MELODY BROWNING
43938,16686,3953.9884,Francisco Patel,FRANCISCO PATEL
43939,16659,3953.9884,Noah Green,NOAH GREEN
43941,13600,3953.9884,Blake Long,BLAKE LONG
43942,17051,3953.9884,Mason Hernandez,MASON HERNANDEZ
43943,14565,772.5036,Steven Ramirez,STEVEN RAMIREZ
43944,11054,3756.989,Julia Jackson,JULIA JACKSON
43945,16675,3953.9884,Alison Anand,ALISON ANAND
43946,16687,3953.9884,Francisco Vance,FRANCISCO VANCE
43947,16712,3953.9884,Francisco Fernandez,FRANCISCO FERNANDEZ
43948,11047,3756.989,Julia Moore,JULIA MOORE
43951,16696,3953.9884,Francisco Madan,FRANCISCO MADAN
43952,16639,3953.9884,Alison Xie,ALISON XIE
43953,20049,772.5036,Destiny Brooks,DESTINY BROOKS
43954,13602,3953.9884,Blake Hughes,BLAKE HUGHES
43955,13661,3953.9884,Edward Griffin,EDWARD GRIFFIN
43956,11030,3756.989,Julia Johnston,JULIA JOHNSTON
43958,16658,3953.9884,Luis Hill,LUIS HILL
43959,11035,3729.364,Julia Brown,JULIA BROWN
43960,11046,3729.364,Julia Wilson,JULIA WILSON
43963,16685,3953.9884,Robert Green,ROBERT GREEN
43964,16745,3953.9884,Martin Prasad,MARTIN PRASAD
43965,11038,3729.364,Joe Diaz,JOE DIAZ
43966,11039,3756.989,Julia Davis,JULIA DAVIS
43970,16684,3953.9884,Francisco Chandra,FRANCISCO CHANDRA
43971,16657,3953.9884,Alison Andersen,ALISON ANDERSEN
43974,13687,3953.9884,Wyatt Butler,WYATT BUTLER
43975,13540,3953.9884,Miguel Bennett,MIGUEL BENNETT
43977,16703,3953.9884,Jonathan Scott,JONATHAN SCOTT
43979,14576,772.5036,Ian Ramirez,IAN RAMIREZ
43980,11048,3729.364,Julia Taylor,JULIA TAYLOR
43981,16664,3953.9884,Aaron Hill,AARON HILL
43984,13545,3953.9884,Miguel Ross,MIGUEL ROSS
43985,13515,3953.9884,Jeremiah Long,JEREMIAH LONG
43988,11244,3756.989,Isabella Lewis,ISABELLA LEWIS
43991,16660,3953.9884,Alison Raje,ALISON RAJE
43992,16638,3953.9884,Samuel Adams,SAMUEL ADAMS
43993,16929,3953.9884,Luke Hernandez,LUKE HERNANDEZ
43998,11033,3729.364,Julia Jones,JULIA JONES
44002,14572,772.5036,Devin Ramirez,DEVIN RAMIREZ
44003,19325,772.5036,Olivia Gray,OLIVIA GRAY
44006,16744,3953.9884,Luis Green,LUIS GREEN
44010,13680,3953.9884,Wyatt Powell,WYATT POWELL
44011,13514,3953.9884,Colin Anand,COLIN ANAND
44012,11052,3729.364,Joe Romero,JOE ROMERO
44013,16928,3953.9884,Caleb Young,CALEB YOUNG
44015,13693,3953.9884,Wyatt Bryant,WYATT BRYANT
44016,11247,3729.364,Isabella Walker,ISABELLA WALKER
44019,16701,3953.9884,Francisco Sara,FRANCISCO SARA
44020,16931,3953.9884,Henry Young,HENRY YOUNG
44021,11032,3729.364,Joe Sanchez,JOE SANCHEZ
44023,19830,3729.364,Lindsay Shan,LINDSAY SHAN
44024,16663,3953.9884,Alison Chander,ALISON CHANDER
44025,16708,3953.9884,Logan Scott,LOGAN SCOTT
44026,17045,3953.9884,Johnny Yuan,JOHNNY YUAN
44028,17048,3953.9884,Johnny Kumar,JOHNNY KUMAR
44029,11050,3729.364,Julia Thomas,JULIA THOMAS
44030,12131,3953.9884,Kelli Chander,KELLI CHANDER
44031,13689,3953.9884,Wyatt Foster,WYATT FOSTER
44032,11243,3756.989,Isabella Rodriguez,ISABELLA RODRIGUEZ
44033,16693,3953.9884,Timothy Hill,TIMOTHY HILL
44034,16702,3953.9884,Francisco Rana,FRANCISCO RANA
44035,16707,3953.9884,Francisco Garcia,FRANCISCO GARCIA
44036,17046,3953.9884,Evan Hernandez,EVAN HERNANDEZ
44039,17971,772.5036,Ryan Johnson,RYAN JOHNSON
44040,11057,3729.364,Julia Martin,JULIA MARTIN
44041,16742,3953.9884,Jose Scott,JOSE SCOTT
44042,13678,3953.9884,Wyatt Perry,WYATT PERRY
44043,13679,3953.9884,Rodney Alonso,RODNEY ALONSO
44044,13690,3953.9884,Rodney Torres,RODNEY TORRES
44048,16713,3953.9884,Kyle Green,KYLE GREEN
44049,13538,3953.9884,Jon Wu,JON WU
44050,17050,3953.9884,Johnny Lal,JOHNNY LAL
44051,13691,3953.9884,Rodney Dominguez,RODNEY DOMINGUEZ
44052,16637,3953.9884,Gabriel Hill,GABRIEL HILL
44053,19329,772.5036,Cory Madan,CORY MADAN
44054,13542,3953.9884,Jon Zhou,JON ZHOU
44055,13543,3953.9884,Miguel Barnes,MIGUEL BARNES
44056,13559,3953.9884,Jon Gao,JON GAO
44057,14577,772.5036,Micheal Navarro,MICHEAL NAVARRO
44058,11056,3729.364,Julia Harris,JULIA HARRIS
44059,16688,3953.9884,Jose Green,JOSE GREEN
44063,11240,3756.989,Isabella Robinson,ISABELLA ROBINSON
44067,17049,3953.9884,Jesse King,JESSE KING
44068,13541,3953.9884,Miguel Wood,MIGUEL WOOD
44070,19829,3729.364,Lindsay Sharma,LINDSAY SHARMA
44071,16691,3953.9884,Carlos Adams,CARLOS ADAMS
44072,16656,3953.9884,Hunter Adams,HUNTER ADAMS
44073,11044,3729.364,Joe Moreno,JOE MORENO
44134,13821,3953.9884,Linda Dominguez,LINDA DOMINGUEZ
44137,17328,3953.9884,Noah Rodriguez,NOAH RODRIGUEZ
44138,13765,3953.9884,Richard Price,RICHARD PRICE
44139,13792,3953.9884,Richard Butler,RICHARD BUTLER
44140,12221,3953.9884,Emily Williams,EMILY WILLIAMS
44141,13572,3953.9884,Miguel Gonzales,MIGUEL GONZALES
44144,17071,3953.9884,Timothy Wright,TIMOTHY WRIGHT
44145,17309,3953.9884,Jose Walker,JOSE WALKER
44146,17310,3953.9884,Alan Zhou,ALAN ZHOU
44147,17320,3953.9884,Alan Sun,ALAN SUN
44149,17242,3953.9884,Terry Champion,TERRY CHAMPION
44150,17315,3953.9884,Alan Lu,ALAN LU
44152,11334,3756.989,Christy Li,CHRISTY LI
44157,17055,3953.9884,Sean King,SEAN KING
44158,13567,3953.9884,Joan Navarro,JOAN NAVARRO
44161,13772,3953.9884,Richard Ross,RICHARD ROSS
44165,17065,3953.9884,Johnny Chavez,JOHNNY CHAVEZ
44166,14581,772.5036,Seth Ramirez,SETH RAMIREZ
44167,17308,3953.9884,Alan Lin,ALAN LIN
44168,12211,3953.9884,Dawn Yuan,DAWN YUAN
44172,14584,772.5036,Dalton Ramirez,DALTON RAMIREZ
44173,13784,3953.9884,Monique Serrano,MONIQUE SERRANO
44174,17229,3953.9884,Noah Lopez,NOAH LOPEZ
44175,17246,3953.9884,Terry Rai,TERRY RAI
44176,12220,3953.9884,Dawn Shan,DAWN SHAN
44177,11337,3729.364,Christy Liu,CHRISTY LIU
44180,11058,3756.989,Joe Gutierrez,JOE GUTIERREZ
44181,17294,3953.9884,Noah Brown,NOAH BROWN
44182,17299,3953.9884,Alan Chen,ALAN CHEN
44184,17247,3953.9884,Kevin Lopez,KEVIN LOPEZ
44185,17280,3953.9884,Bethany Jai,BETHANY JAI
44187,17069,3953.9884,Sean Wright,SEAN WRIGHT
44188,20052,772.5036,Donald Fernandez,DONALD FERNANDEZ
44189,20054,772.5036,Destiny Price,DESTINY PRICE
44190,11061,3729.364,Joe Torres,JOE TORRES
44191,17248,3953.9884,Terry Nath,TERRY NATH
44192,13570,3953.9884,Miguel Foster,MIGUEL FOSTER
44194,17064,3953.9884,Jesse Wright,JESSE WRIGHT
44195,17249,3953.9884,Hunter Lewis,HUNTER LEWIS
44196,17295,3953.9884,Bethany Nara,BETHANY NARA
44199,17259,3953.9884,Robert Robinson,ROBERT ROBINSON
44200,17312,3953.9884,Jose Moore,JOSE MOORE
44201,12254,3953.9884,Colleen Chen,COLLEEN CHEN
44204,14580,772.5036,Micheal Gutierrez,MICHEAL GUTIERREZ
44205,17285,3953.9884,Bethany Pal,BETHANY PAL
44206,11250,3756.989,Natalie Smith,NATALIE SMITH
44209,17257,3953.9884,Luis Lopez,LUIS LOPEZ
44210,13783,3953.9884,Monique Blanco,MONIQUE BLANCO
44213,17351,3953.9884,Krystal Wagner,KRYSTAL WAGNER
44214,17332,3953.9884,Robert Lee,ROBERT LEE
44216,13560,3953.9884,Jon Ma,JON MA
44219,14590,772.5036,Isaiah James,ISAIAH JAMES
44220,11060,3756.989,Julia Garcia,JULIA GARCIA
44221,17255,3953.9884,Jason Lopez,JASON LOPEZ
44222,17258,3953.9884,Bethany She,BETHANY SHE
44223,13847,3953.9884,Desiree Munoz,DESIREE MUNOZ
44225,20060,772.5036,Donald Sanchez,DONALD SANCHEZ
44226,12255,3953.9884,Emily Clark,EMILY CLARK
44228,11333,3756.989,Grace Hall,GRACE HALL
44230,17241,3953.9884,Terry Raje,TERRY RAJE
44231,17973,772.5036,Vincent He,VINCENT HE
44232,17334,3953.9884,Alan He,ALAN HE
44233,13841,3953.9884,Marcus Butler,MARCUS BUTLER
44237,17056,3953.9884,Johnny Shan,JOHNNY SHAN
44238,17079,3953.9884,Shaun Deng,SHAUN DENG
44239,12217,3953.9884,Dawn Lal,DAWN LAL
44240,13580,3953.9884,Miguel Hayes,MIGUEL HAYES
44243,17278,3953.9884,Noah Smith,NOAH SMITH
44244,17329,3953.9884,Noah Lewis,NOAH LEWIS
44246,12219,3953.9884,Emily Johnson,EMILY JOHNSON
44247,17233,3953.9884,Terry Lal,TERRY LAL
44248,17240,3953.9884,Kyle Lopez,KYLE LOPEZ
44249,13845,3953.9884,Desirée Moreno,DESIRÉE MORENO
44252,13777,3953.9884,Richard Johnston,RICHARD JOHNSTON
44255,14585,772.5036,Micheal Dominguez,MICHEAL DOMINGUEZ
44256,17232,3953.9884,Hunter Rodriguez,HUNTER RODRIGUEZ
44257,12212,3953.9884,Gail Griffin,GAIL GRIFFIN
44258,13579,3953.9884,Miguel Diaz,MIGUEL DIAZ
44262,20149,772.5036,Phillip Suri,PHILLIP SURI
44263,17279,3953.9884,Noah Johnson,NOAH JOHNSON
44264,17286,3953.9884,Robert Lewis,ROBERT LEWIS
44267,19339,772.5036,Olivia Bennett,OLIVIA BENNETT
44268,13820,3953.9884,Marcus Henderson,MARCUS HENDERSON
44269,14589,772.5036,Angel James,ANGEL JAMES
44270,13794,3953.9884,Monique Rubio,MONIQUE RUBIO
44271,13846,3953.9884,Marcus Foster,MARCUS FOSTER
44272,12256,3953.9884,Colleen Li,COLLEEN LI
44275,17256,3953.9884,Terry Raji,TERRY RAJI
44276,17277,3953.9884,Bethany Shan,BETHANY SHAN
44277,17288,3953.9884,Noah Martin,NOAH MARTIN
44278,17293,3953.9884,Bethany Chander,BETHANY CHANDER
44279,17326,3953.9884,Noah Clark,NOAH CLARK
44320,14429,3953.9884,Lee Oliver,LEE OLIVER
44322,17975,772.5036,Vincent Hu,VINCENT HU
44323,11072,3756.989,Julia Lee,JULIA LEE
44324,12267,3953.9884,Hannah Smith,HANNAH SMITH
44325,11095,3729.364,Roy Vance,ROY VANCE
44326,17728,3953.9884,Samuel Martinez,SAMUEL MARTINEZ
44328,17921,3953.9884,Ethan Taylor,ETHAN TAYLOR
44329,17904,3953.9884,Dennis Ye,DENNIS YE
44332,17510,3953.9884,Gabriel Allen,GABRIEL ALLEN
44333,11343,3756.989,Rachel Davis,RACHEL DAVIS
44335,20165,772.5036,Shannon Vazquez,SHANNON VAZQUEZ
44337,11097,3729.364,Roy Malhotra,ROY MALHOTRA
44338,18188,3953.9884,Todd Wang,TODD WANG
44339,18189,3953.9884,Alexander Davis,ALEXANDER DAVIS
44340,17354,3953.9884,Thomas Williams,THOMAS WILLIAMS
44342,14610,772.5036,Clinton Alvarez,CLINTON ALVAREZ
44343,17920,3953.9884,Dennis He,DENNIS HE
44344,14427,3953.9884,Lee Rubio,LEE RUBIO
44346,14602,772.5036,Micheal Saunders,MICHEAL SAUNDERS
44347,17911,3953.9884,Hunter Thomas,HUNTER THOMAS
44348,14159,3953.9884,Sabrina Diaz,SABRINA DIAZ
44353,14591,772.5036,Micheal Vazquez,MICHEAL VAZQUEZ
44354,14603,772.5036,Micheal Rubio,MICHEAL RUBIO
44355,11093,3756.989,Jennifer Anderson,JENNIFER ANDERSON
44356,11099,3756.989,Jennifer Harris,JENNIFER HARRIS
44357,17511,3953.9884,Valerie Zhu,VALERIE ZHU
44358,17732,3953.9884,Margaret Zheng,MARGARET ZHENG
44359,14525,3953.9884,Mathew Romero,MATHEW ROMERO
44360,14158,3953.9884,Ian Brooks,IAN BROOKS
44361,13686,3953.9884,Wyatt Washington,WYATT WASHINGTON
44364,11092,3729.364,Roy Patel,ROY PATEL
44365,17912,3953.9884,Dennis Zhu,DENNIS ZHU
44366,17502,3953.9884,Jordan Hall,JORDAN HALL
44368,14150,3953.9884,Louis Liu,LOUIS LIU
44370,18193,3953.9884,Benjamin Garcia,BENJAMIN GARCIA
44371,17514,3953.9884,Valerie Gao,VALERIE GAO
44372,17736,3953.9884,Logan Miller,LOGAN MILLER
44373,13767,3953.9884,Richard Bradley,RICHARD BRADLEY
44374,14157,3953.9884,Louis Wu,LOUIS WU
44375,14183,3953.9884,Brian Kelly,BRIAN KELLY
44379,11080,3729.364,Joe Rubio,JOE RUBIO
44380,17915,3953.9884,David Moore,DAVID MOORE
44381,14191,3953.9884,Sabrina Suarez,SABRINA SUAREZ
44382,11341,3756.989,Rachel Brown,RACHEL BROWN
44387,11096,3729.364,Jennifer Jackson,JENNIFER JACKSON
44388,17924,3953.9884,Dennis Zheng,DENNIS ZHENG
44389,17925,3953.9884,Dennis Hu,DENNIS HU
44390,17353,3953.9884,Krystal Li,KRYSTAL LI
44391,17730,3953.9884,Jonathan Walker,JONATHAN WALKER
44392,17910,3953.9884,Dennis Sun,DENNIS SUN
44397,14596,772.5036,Mason James,MASON JAMES
44398,17733,3953.9884,Nathan Williams,NATHAN WILLIAMS
44401,17515,3953.9884,Cameron Thompson,CAMERON THOMPSON
44402,13666,3953.9884,Rodney Alvarez,RODNEY ALVAREZ
44403,19844,3729.364,Jasmine Barnes,JASMINE BARNES
44407,11077,3729.364,Jennifer Smith,JENNIFER SMITH
44408,11103,3729.364,Roy Arun,ROY ARUN
44412,11100,3729.364,Roy Sai,ROY SAI
44413,13606,3953.9884,Blake Butler,BLAKE BUTLER
44416,11069,3756.989,Julia Rodriguez,JULIA RODRIGUEZ
44417,17917,3953.9884,Dennis Liang,DENNIS LIANG
44418,17919,3953.9884,Dennis Guo,DENNIS GUO
44419,17352,3953.9884,Krystal Chen,KRYSTAL CHEN
44420,17512,3953.9884,Carlos Hall,CARLOS HALL
44421,13607,3953.9884,Walter Vazquez,WALTER VAZQUEZ
44422,19353,772.5036,Olivia Long,OLIVIA LONG
44424,17916,3953.9884,Dennis Ma,DENNIS MA
44425,17504,3953.9884,Adam Hall,ADAM HALL
44426,13770,3953.9884,Monique Navarro,MONIQUE NAVARRO
44427,14146,3953.9884,Louis Chen,LOUIS CHEN
44430,17927,3953.9884,Justin Jackson,JUSTIN JACKSON
44431,17725,3953.9884,Margaret Gao,MARGARET GAO
44432,14165,3953.9884,Dalton Brooks,DALTON BROOKS
44437,11076,3756.989,Julia Hall,JULIA HALL
44438,17909,3953.9884,Ethan Wilson,ETHAN WILSON
44439,14195,3953.9884,Sabrina Rubio,SABRINA RUBIO
44440,12261,3953.9884,Emily Lee,EMILY LEE
44442,14599,772.5036,Micheal Carlson,MICHEAL CARLSON
44443,17370,3953.9884,Jose Martin,JOSE MARTIN
44444,13697,3953.9884,Devin Coleman,DEVIN COLEMAN
44445,17478,3953.9884,Robert Hall,ROBERT HALL
44446,17914,3953.9884,Dennis Gao,DENNIS GAO
44447,12265,3953.9884,Colleen Wu,COLLEEN WU
44452,20164,772.5036,Phillip Sara,PHILLIP SARA
44453,17923,3953.9884,Benjamin Brown,BENJAMIN BROWN
44454,17926,3953.9884,David Taylor,DAVID TAYLOR
44455,17513,3953.9884,Angel Hall,ANGEL HALL
44460,20150,772.5036,Phillip Kapoor,PHILLIP KAPOOR
44461,17918,3953.9884,Ethan Moore,ETHAN MOORE
44462,14155,3953.9884,Louis Huang,LOUIS HUANG
44463,19340,772.5036,Cory Raman,CORY RAMAN
44465,14613,772.5036,Clinton Moreno,CLINTON MORENO
44467,11070,3756.989,Julia Lewis,JULIA LEWIS
44468,11075,3729.364,Julia Walker,JULIA WALKER
44469,17734,3953.9884,Samuel Smith,SAMUEL SMITH
44470,17735,3953.9884,Zachary Lewis,ZACHARY LEWIS
44472,13685,3953.9884,Wyatt Flores,WYATT FLORES
44474,14601,772.5036,Sheila Gutierrez,SHEILA GUTIERREZ
44475,11101,3756.989,Jennifer Thompson,JENNIFER THOMPSON
44476,17913,3953.9884,Abby Sandberg,ABBY SANDBERG
44477,17922,3953.9884,Ethan Anderson,ETHAN ANDERSON
44478,17726,3953.9884,Margaret Ma,MARGARET MA
44574,11107,3729.364,Roy Madan,ROY MADAN
44575,11110,3756.989,Jennifer Lee,JENNIFER LEE
44580,13782,3953.9884,Richard Long,RICHARD LONG
44581,11108,3729.364,Jennifer Lewis,JENNIFER LEWIS
44582,11134,3756.989,Marshall Guo,MARSHALL GUO
44583,18210,3953.9884,Todd Zhao,TODD ZHAO
44589,11104,3756.989,Jennifer Robinson,JENNIFER ROBINSON
44590,13795,3953.9884,Richard Foster,RICHARD FOSTER
44591,17987,772.5036,Brent Chen,BRENT CHEN
44594,18250,3953.9884,John Robinson,JOHN ROBINSON
44595,11124,3756.989,Roy Garcia,ROY GARCIA
44596,18238,3953.9884,Curtis Wang,CURTIS WANG
44597,12290,3953.9884,Colleen Harrison,COLLEEN HARRISON
44600,18243,3953.9884,William Martin,WILLIAM MARTIN
44601,11117,3756.989,Kaitlyn Johnson,KAITLYN JOHNSON
44602,14702,3953.9884,Hector Diaz,HECTOR DIAZ
44603,20167,772.5036,Alyssa Kelly,ALYSSA KELLY
44604,19364,772.5036,Nelson Blanco,NELSON BLANCO
44608,18200,3953.9884,Christopher Martin,CHRISTOPHER MARTIN
44609,18220,3953.9884,Todd Gao,TODD GAO
44610,18241,3953.9884,William Harris,WILLIAM HARRIS
44611,13778,3953.9884,Monique Gill,MONIQUE GILL
44618,18205,3953.9884,John Garcia,JOHN GARCIA
44619,13789,3953.9884,Richard Washington,RICHARD WASHINGTON
44620,18204,3953.9884,Benjamin Lewis,BENJAMIN LEWIS
44621,18217,3953.9884,Todd Sun,TODD SUN
44622,13771,3953.9884,Richard Blue,RICHARD BLUE
44623,12301,3953.9884,Hannah Clark,HANNAH CLARK
44624,19357,772.5036,Olivia Flores,OLIVIA FLORES
44626,18272,3953.9884,Curtis Zheng,CURTIS ZHENG
44627,11109,3729.364,Roy Srini,ROY SRINI
44628,11356,3729.364,Rachel White,RACHEL WHITE
44629,18209,3953.9884,William White,WILLIAM WHITE
44632,18196,3953.9884,Benjamin Robinson,BENJAMIN ROBINSON
44633,18203,3953.9884,Todd Lin,TODD LIN
44634,18213,3953.9884,Todd Lu,TODD LU
44635,18218,3953.9884,Alexander Walker,ALEXANDER WALKER
44636,14705,3953.9884,Jesse Richardson,JESSE RICHARDSON
44639,14617,772.5036,Clinton Munoz,CLINTON MUNOZ
44640,18246,3953.9884,Christopher Martinez,CHRISTOPHER MARTINEZ
44641,18255,3953.9884,Christopher Clark,CHRISTOPHER CLARK
44643,12280,3953.9884,Hannah Moore,HANNAH MOORE
44644,12279,3953.9884,Colleen Zhu,COLLEEN ZHU
44645,11344,3756.989,Rachel Miller,RACHEL MILLER
44650,11147,3729.364,Roy Hernandez,ROY HERNANDEZ
44651,14720,3953.9884,Hector Gutierrez,HECTOR GUTIERREZ
44653,20170,772.5036,Phillip Sullivan,PHILLIP SULLIVAN
44655,11105,3756.989,Jennifer Clark,JENNIFER CLARK
44656,18275,3953.9884,Alexander Taylor,ALEXANDER TAYLOR
44657,11120,3729.364,Kaitlyn Williams,KAITLYN WILLIAMS
44658,18201,3953.9884,Benjamin Clark,BENJAMIN CLARK
44659,18208,3953.9884,Janelle Chandra,JANELLE CHANDRA
44661,14639,772.5036,Isaac Cooper,ISAAC COOPER
44662,11151,3729.364,Kaitlyn Rodriguez,KAITLYN RODRIGUEZ
44663,18212,3953.9884,Austin Brown,AUSTIN BROWN
44664,18222,3953.9884,John Smith,JOHN SMITH
44670,18245,3953.9884,Curtis Liu,CURTIS LIU
44671,18268,3953.9884,Alexander Miller,ALEXANDER MILLER
44672,18207,3953.9884,John Martinez,JOHN MARTINEZ
44673,13790,3953.9884,Monique Suarez,MONIQUE SUAREZ
44676,18198,3953.9884,Todd Yang,TODD YANG
44679,11106,3756.989,Jennifer Rodriguez,JENNIFER RODRIGUEZ
44680,12296,3953.9884,Hannah Garcia,HANNAH GARCIA
44681,17982,772.5036,Ryan Davis,RYAN DAVIS
44685,18249,3953.9884,William Thompson,WILLIAM THOMPSON
44686,14712,3953.9884,Hector Alonso,HECTOR ALONSO
44687,20172,772.5036,Phillip Mehta,PHILLIP MEHTA
44688,18244,3953.9884,Christopher Garcia,CHRISTOPHER GARCIA
44689,18269,3953.9884,Curtis Guo,CURTIS GUO
44690,11111,3756.989,Jennifer Walker,JENNIFER WALKER
44695,19855,3756.989,Lindsay Raji,LINDSAY RAJI
44696,18254,3953.9884,Curtis Zhou,CURTIS ZHOU
44697,18219,3953.9884,Todd Zhu,TODD ZHU
44701,14636,772.5036,Clinton Serrano,CLINTON SERRANO
44702,18260,3953.9884,Zachary Johnson,ZACHARY JOHNSON
44703,12300,3953.9884,Colleen She,COLLEEN SHE
44709,18240,3953.9884,Austin Harris,AUSTIN HARRIS
44711,18248,3953.9884,Curtis Wu,CURTIS WU
44712,11112,3729.364,Marshall Liang,MARSHALL LIANG
44717,14616,772.5036,Marcus Rivera,MARCUS RIVERA
44718,18239,3953.9884,Austin White,AUSTIN WHITE
44719,14700,3953.9884,Walter Romero,WALTER ROMERO
44722,13774,3953.9884,Richard Coleman,RICHARD COLEMAN
44726,14614,772.5036,Eduardo Rivera,EDUARDO RIVERA
44727,18273,3953.9884,Curtis Hu,CURTIS HU
44728,11126,3756.989,Roy Fernandez,ROY FERNANDEZ
44729,12307,3953.9884,Colleen Tang,COLLEEN TANG
44730,14697,3953.9884,Alex Richardson,ALEX RICHARDSON
44732,18251,3953.9884,John Jones,JOHN JONES
44733,18214,3953.9884,Christian Martinez,CHRISTIAN MARTINEZ
44734,12285,3953.9884,Colleen Guo,COLLEEN GUO
44736,14634,772.5036,Clinton Blanco,CLINTON BLANCO
44737,18242,3953.9884,Curtis Li,CURTIS LI
44738,18252,3953.9884,Curtis Lin,CURTIS LIN
44739,18202,3953.9884,Benjamin Rodriguez,BENJAMIN RODRIGUEZ
44803,12383,3953.9884,Samantha Harris,SAMANTHA HARRIS
44806,18452,3953.9884,Larry Serrano,LARRY SERRANO
44807,11365,3729.364,Rachel Garcia,RACHEL GARCIA
44808,13836,3953.9884,Marcus Flores,MARCUS FLORES
44809,20552,772.5036,Kaitlyn Rogers,KAITLYN ROGERS
44813,18695,3953.9884,Erika Alvarez,ERIKA ALVAREZ
44814,18281,3953.9884,William Martinez,WILLIAM MARTINEZ
44815,11444,3729.364,Jenny Huang,JENNY HUANG
44816,12321,3953.9884,Madison Miller,MADISON MILLER
44817,14777,3953.9884,Jesse Cox,JESSE COX
44822,18486,3953.9884,Brandi Dominguez,BRANDI DOMINGUEZ
44823,18488,3953.9884,Daniel Thompson,DANIEL THOMPSON
44824,18694,3953.9884,Jacob Thomas,JACOB THOMAS
44825,18309,3953.9884,Alexander Martinez,ALEXANDER MARTINEZ
44826,12308,3953.9884,Hannah Lee,HANNAH LEE
44829,14643,772.5036,Jamie Hernandez,JAMIE HERNANDEZ
44830,18337,3953.9884,Frank Moreno,FRANK MORENO
44835,18338,3953.9884,Frank Munoz,FRANK MUNOZ
44836,18465,3953.9884,Larry Ortega,LARRY ORTEGA
44837,13808,3953.9884,Richard Diaz,RICHARD DIAZ
44838,14138,3953.9884,Lori Rubio,LORI RUBIO
44841,18335,3953.9884,Zachary Davis,ZACHARY DAVIS
44842,14140,3953.9884,Lori Ortega,LORI ORTEGA
44846,18334,3953.9884,John Anderson,JOHN ANDERSON
44847,11445,3756.989,Nicole Anderson,NICOLE ANDERSON
44849,17996,772.5036,Ryan Anderson,RYAN ANDERSON
44850,19417,772.5036,Victoria Watson,VICTORIA WATSON
44853,19874,3729.364,Jasmine Alexander,JASMINE ALEXANDER
44856,14651,772.5036,Jamie Ashe,JAMIE ASHE
44857,18484,3953.9884,Dylan Jones,DYLAN JONES
44858,18487,3953.9884,Brandi Gill,BRANDI GILL
44859,18495,3953.9884,Zachary Anderson,ZACHARY ANDERSON
44860,18693,3953.9884,Jacob Anderson,JACOB ANDERSON
44861,18288,3953.9884,Brandon Jackson,BRANDON JACKSON
44862,18457,3953.9884,Nicholas Lee,NICHOLAS LEE
44863,18467,3953.9884,Brandon Walker,BRANDON WALKER
44864,11364,3729.364,Christy Liang,CHRISTY LIANG
44865,11372,3729.364,Christy Zheng,CHRISTY ZHENG
44866,11443,3729.364,Nicole Taylor,NICOLE TAYLOR
44867,14793,3953.9884,Juan Cox,JUAN COX
44869,18700,3953.9884,Erika Romero,ERIKA ROMERO
44870,18301,3953.9884,Alexander White,ALEXANDER WHITE
44871,11363,3756.989,Rachel Thompson,RACHEL THOMPSON
44874,18004,772.5036,Brent Ye,BRENT YE
44880,18470,3953.9884,Brandi Diaz,BRANDI DIAZ
44881,18496,3953.9884,Brandi Serrano,BRANDI SERRANO
44882,18703,3953.9884,Jacob Martinez,JACOB MARTINEZ
44883,18296,3953.9884,Jorge Zhou,JORGE ZHOU
44884,18308,3953.9884,Dylan Miller,DYLAN MILLER
44885,14833,3953.9884,Mason Howard,MASON HOWARD
44889,11351,3729.364,Rachel Thomas,RACHEL THOMAS
44890,11381,3756.989,Rachel Hall,RACHEL HALL
44897,18696,3953.9884,Jacob White,JACOB WHITE
44898,18307,3953.9884,Jorge Xu,JORGE XU
44899,11353,3729.364,Marshall Sutton,MARSHALL SUTTON
44900,14778,3953.9884,Sean Cox,SEAN COX
44901,12332,3953.9884,Madison White,MADISON WHITE
44902,13829,3953.9884,Linda Ramos,LINDA RAMOS
44903,18284,3953.9884,Jorge Wang,JORGE WANG
44904,11359,3729.364,Christy Gao,CHRISTY GAO
44905,13822,3953.9884,Linda Gill,LINDA GILL
44906,14832,3953.9884,Roberto Sanz,ROBERTO SANZ
44907,19415,772.5036,Victoria James,VICTORIA JAMES
44913,18468,3953.9884,Brandi Gomez,BRANDI GOMEZ
44914,18491,3953.9884,Dylan Anderson,DYLAN ANDERSON
44915,18461,3953.9884,Brandon Lewis,BRANDON LEWIS
44916,18463,3953.9884,Larry Rubio,LARRY RUBIO
44917,13842,3953.9884,Desiree Alvarez,DESIREE ALVAREZ
44920,14648,772.5036,Jamie Moreno,JAMIE MORENO
44921,18489,3953.9884,Daniel Taylor,DANIEL TAYLOR
44922,18277,3953.9884,Curtis Zeng,CURTIS ZENG
44923,18336,3953.9884,Janelle Madan,JANELLE MADAN
44925,18493,3953.9884,Brandi Blanco,BRANDI BLANCO
44927,11448,3729.364,Nicole Thomas,NICOLE THOMAS
44928,14843,3953.9884,Patrick Howard,PATRICK HOWARD
44929,12398,3953.9884,Lacey Cai,LACEY CAI
44932,18303,3953.9884,Jorge Lu,JORGE LU
44933,18276,3953.9884,Janelle Sai,JANELLE SAI
44934,14771,3953.9884,Evan Cox,EVAN COX
44935,12333,3953.9884,Colleen Andersen,COLLEEN ANDERSEN
44940,18490,3953.9884,Brandi Vazquez,BRANDI VAZQUEZ
44941,18697,3953.9884,Jacob Harris,JACOB HARRIS
44942,18701,3953.9884,Erika Navarro,ERIKA NAVARRO
44946,11357,3729.364,Christy Sun,CHRISTY SUN
44947,11446,3756.989,Jenny Wu,JENNY WU
44948,12395,3953.9884,Lacey Zheng,LACEY ZHENG
44956,11449,3729.364,Jenny Zhou,JENNY ZHOU
44958,20173,772.5036,Phillip Garcia,PHILLIP GARCIA
44964,14647,772.5036,Timothy Cooper,TIMOTHY COOPER
44965,14649,772.5036,Brian Cooper,BRIAN COOPER
44966,18458,3953.9884,Tyler Smith,TYLER SMITH
44967,14794,3953.9884,Sebastian Cox,SEBASTIAN COX
44968,19365,772.5036,Shane Kovar,SHANE KOVAR
44973,18482,3953.9884,Janelle Garcia,JANELLE GARCIA
44974,14776,3953.9884,Danny Suarez,DANNY SUAREZ
44978,14652,772.5036,Bryce Cooper,BRYCE COOPER
44979,18469,3953.9884,Brandi Ruiz,BRANDI RUIZ
44980,18699,3953.9884,Erika Munoz,ERIKA MUNOZ
44981,18462,3953.9884,Daniel Weisman,DANIEL WEISMAN
44985,18692,3953.9884,Erika Hernandez,ERIKA HERNANDEZ
44987,12323,3953.9884,Colleen Sharma,COLLEEN SHARMA
44988,17999,772.5036,Brent Wu,BRENT WU
44990,14645,772.5036,Sean Cooper,SEAN COOPER
44991,18698,3953.9884,Orlando Hernandez,ORLANDO HERNANDEZ
44992,18464,3953.9884,Brandon Lee,BRANDON LEE
44993,11368,3729.364,Christy Guo,CHRISTY GUO
44998,14646,772.5036,Jamie Jimenez,JAMIE JIMENEZ
44999,18485,3953.9884,Dylan Brown,DYLAN BROWN
45000,18297,3953.9884,Jorge Ye,JORGE YE
45001,18302,3953.9884,Alexander Harris,ALEXANDER HARRIS
45002,13844,3953.9884,Desiree Jimenez,DESIREE JIMENEZ
45006,12373,3953.9884,Samantha Wilson,SAMANTHA WILSON
45007,14137,3953.9884,Cole Brooks,COLE BROOKS
45008,14831,3953.9884,Evan Howard,EVAN HOWARD
45009,19387,772.5036,Shane Mehta,SHANE MEHTA
45012,14650,772.5036,Jamie Muñoz,JAMIE MUÑOZ
45013,18483,3953.9884,Brandi Gutierrez,BRANDI GUTIERREZ
45015,11360,3756.989,Rachel Harris,RACHEL HARRIS
45016,14770,3953.9884,Danny Blanco,DANNY BLANCO
45018,18494,3953.9884,Tyler Williams,TYLER WILLIAMS
45019,18691,3953.9884,Jacob Taylor,JACOB TAYLOR
45020,18332,3953.9884,Alan Zhang,ALAN ZHANG
45021,11358,3729.364,Christy Zhu,CHRISTY ZHU
45022,11447,3729.364,Jenny Lin,JENNY LIN
45023,13807,3953.9884,Linda Munoz,LINDA MUNOZ
45028,18702,3953.9884,Erika Gutierrez,ERIKA GUTIERREZ
45029,18331,3953.9884,Nicholas Rodriguez,NICHOLAS RODRIGUEZ
45030,11450,3729.364,Marshall Lal,MARSHALL LAL
45031,14792,3953.9884,Chase Cox,CHASE COX
45032,14139,3953.9884,Jared Brooks,JARED BROOKS
45078,12494,3953.9884,Sarah Lee,SARAH LEE
45080,14657,772.5036,Juan Cooper,JUAN COOPER
45082,11455,3729.364,Jenny Lu,JENNY LU
45083,14947,3953.9884,Randall Hernandez,RANDALL HERNANDEZ
45085,18746,3953.9884,Michael Martinez,MICHAEL MARTINEZ
45086,18747,3953.9884,Michael Robinson,MICHAEL ROBINSON
45087,11388,3729.364,Jasmine Brown,JASMINE BROWN
45088,11398,3756.989,Christy Lal,CHRISTY LAL
45091,18909,3953.9884,Joseph Johnson,JOSEPH JOHNSON
45092,18899,3953.9884,Orlando Gill,ORLANDO GILL
45093,18906,3953.9884,Andrew Walker,ANDREW WALKER
45095,11394,3756.989,Jill Moore,JILL MOORE
45096,12483,3953.9884,Sarah Garcia,SARAH GARCIA
45100,19428,772.5036,Douglas Rana,DOUGLAS RANA
45106,19987,3729.364,Tara Yuan,TARA YUAN
45109,14937,3953.9884,Randall Martin,RANDALL MARTIN
45110,18710,3953.9884,Erika Gill,ERIKA GILL
45112,20558,772.5036,Kaitlyn Blue,KAITLYN BLUE
45117,14727,772.5036,Hector Blanco,HECTOR BLANCO
45118,18722,3953.9884,Erika Carlson,ERIKA CARLSON
45119,18740,3953.9884,Michael Martin,MICHAEL MARTIN
45120,11751,3756.989,Ross Vance,ROSS VANCE
45124,18725,3953.9884,Michael Wilson,MICHAEL WILSON
45125,18708,3953.9884,Jacob Rodriguez,JACOB RODRIGUEZ
45126,12480,3953.9884,Sarah Harris,SARAH HARRIS
45128,18726,3953.9884,Erika Sanz,ERIKA SANZ
45129,11759,3729.364,Ross Srini,ROSS SRINI
45130,14975,3953.9884,Paula Jimenez,PAULA JIMENEZ
45136,19084,3953.9884,Megan Morgan,MEGAN MORGAN
45137,18735,3953.9884,Orlando Jiménez,ORLANDO JIMÉNEZ
45138,11452,3729.364,Nicole Jackson,NICOLE JACKSON
45139,12468,3953.9884,Alejandro Chen,ALEJANDRO CHEN
45140,12485,3953.9884,Alejandro Zhou,ALEJANDRO ZHOU
45144,19093,3953.9884,Craig Ortega,CRAIG ORTEGA
45145,18716,3953.9884,Erika Blanco,ERIKA BLANCO
45146,14950,3953.9884,Bryce Morgan,BRYCE MORGAN
45148,14656,772.5036,Chase Cooper,CHASE COOPER
45149,14941,3953.9884,Isaac Morgan,ISAAC MORGAN
45153,19089,3953.9884,Craig Rubio,CRAIG RUBIO
45154,18767,3953.9884,Natasha Ramos,NATASHA RAMOS
45155,18900,3953.9884,Whitney Sara,WHITNEY SARA
45156,11465,3756.989,Nicole Robinson,NICOLE ROBINSON
45157,11750,3756.989,Olivia Brown,OLIVIA BROWN
45159,11400,3729.364,Jasmine Thomas,JASMINE THOMAS
45160,14984,3953.9884,Randall Suarez,RANDALL SUAREZ
45162,18721,3953.9884,Michael Davis,MICHAEL DAVIS
45164,11453,3729.364,Nicole White,NICOLE WHITE
45166,19083,3953.9884,Craig Carlson,CRAIG CARLSON
45167,18706,3953.9884,Jacob Clark,JACOB CLARK
45168,18738,3953.9884,Natasha Diaz,NATASHA DIAZ
45169,18766,3953.9884,Joshua Davis,JOSHUA DAVIS
45170,11462,3729.364,Jenny Liang,JENNY LIANG
45171,11754,3756.989,Ross Arun,ROSS ARUN
45172,18008,772.5036,Brent Sun,BRENT SUN
45177,18903,3953.9884,Andrew Lee,ANDREW LEE
45178,11456,3756.989,Jenny Xu,JENNY XU
45179,11457,3729.364,Jenny Sun,JENNY SUN
45180,15046,3953.9884,Ian Bell,IAN BELL
45181,14929,3953.9884,Albert Castro,ALBERT CASTRO
45182,18769,3953.9884,Natasha Carlson,NATASHA CARLSON
45185,14949,3953.9884,Brian Morgan,BRIAN MORGAN
45186,14991,3953.9884,Carlos Bell,CARLOS BELL
45187,15047,3953.9884,Paula Romero,PAULA ROMERO
45188,14861,3953.9884,Jared Howard,JARED HOWARD
45190,18931,3953.9884,Chelsea Patel,CHELSEA PATEL
45191,14660,772.5036,Jamie Gutierrez,JAMIE GUTIERREZ
45192,14846,3953.9884,Paula Martin,PAULA MARTIN
45195,18929,3953.9884,Joseph Thomas,JOSEPH THOMAS
45196,18739,3953.9884,Michael Harris,MICHAEL HARRIS
45197,18902,3953.9884,Whitney Rana,WHITNEY RANA
45198,14847,3953.9884,Lance Alvarez,LANCE ALVAREZ
45202,19094,3953.9884,Derrick Martin,DERRICK MARTIN
45203,18907,3953.9884,Joseph Smith,JOSEPH SMITH
45204,11460,3756.989,Nicole Thompson,NICOLE THOMPSON
45206,12474,3953.9884,Sarah Thomas,SARAH THOMAS
45208,19884,3756.989,Christine Chande,CHRISTINE CHANDE
45211,18724,3953.9884,Erika Suarez,ERIKA SUAREZ
45212,18729,3953.9884,Erika Ortega,ERIKA ORTEGA
45213,11464,3729.364,Jenny Guo,JENNY GUO
45214,12464,3953.9884,Alejandro Zhang,ALEJANDRO ZHANG
45222,14728,772.5036,Garrett Richardson,GARRETT RICHARDSON
45223,18930,3953.9884,Chelsea Chandra,CHELSEA CHANDRA
45224,18723,3953.9884,Michael Miller,MICHAEL MILLER
45225,14653,772.5036,Nathaniel Cooper,NATHANIEL COOPER
45226,14662,772.5036,Bryan Cooper,BRYAN COOPER
45227,14726,772.5036,Hector Vazquez,HECTOR VAZQUEZ
45228,18768,3953.9884,Joshua Miller,JOSHUA MILLER
45229,11387,3729.364,Jasmine Jones,JASMINE JONES
45231,18908,3953.9884,Whitney Mehta,WHITNEY MEHTA
45232,18736,3953.9884,Natasha Ruiz,NATASHA RUIZ
45233,11472,3756.989,Jenny Hu,JENNY HU
45234,18009,772.5036,David Jackson,DAVID JACKSON
45236,18731,3953.9884,Natasha Martin,NATASHA MARTIN
45237,18737,3953.9884,Michael White,MICHAEL WHITE
45238,11459,3756.989,Jenny Zhu,JENNY ZHU
45239,19420,772.5036,Douglas Arun,DOUGLAS ARUN
45244,11756,3729.364,Olivia Wilson,OLIVIA WILSON
45245,18928,3953.9884,Chelsea Jordan,CHELSEA JORDAN
45246,18709,3953.9884,Jacob Lewis,JACOB LEWIS
45248,11451,3756.989,Jenny Ye,JENNY YE
45249,14928,3953.9884,Paula Hernandez,PAULA HERNANDEZ
45250,14147,3953.9884,Charles Brooks,CHARLES BROOKS
45251,19422,772.5036,Victoria Sanders,VICTORIA SANDERS
45256,14664,772.5036,Jamie Dominguez,JAMIE DOMINGUEZ
45257,18718,3953.9884,Erika Serrano,ERIKA SERRANO
45263,14722,772.5036,Hector Torres,HECTOR TORRES
45264,11454,3729.364,Nicole Harris,NICOLE HARRIS
45265,11461,3729.364,Jenny McDonald,JENNY MCDONALD
45345,15048,3953.9884,Gina Alvarez,GINA ALVAREZ
45347,14733,772.5036,Cody Richardson,CODY RICHARDSON
45348,19562,3953.9884,Monica Lopez,MONICA LOPEZ
45349,19568,3953.9884,Monica Perez,MONICA PEREZ
45350,19613,3953.9884,Cassandra Sai,CASSANDRA SAI
45351,12520,3953.9884,Alejandro She,ALEJANDRO SHE
45352,15081,3953.9884,Jill Diaz,JILL DIAZ
45354,19432,772.5036,Douglas Subram,DOUGLAS SUBRAM
45356,19096,3953.9884,Derrick Ruiz,DERRICK RUIZ
45359,11227,3953.9884,Isabella Thomas,ISABELLA THOMAS
45362,19271,3953.9884,Brianna Foster,BRIANNA FOSTER
45363,19565,3953.9884,Monica Rodriguez,MONICA RODRIGUEZ
45364,14161,3953.9884,Lucas Brooks,LUCAS BROOKS
45365,15078,3953.9884,Isaac Murphy,ISAAC MURPHY
45366,18011,772.5036,Brent Zhu,BRENT ZHU
45367,20561,772.5036,Kaitlyn Murphy,KAITLYN MURPHY
45368,14732,772.5036,Hector Ramos,HECTOR RAMOS
45369,19269,3953.9884,Brianna Simmons,BRIANNA SIMMONS
45370,19270,3953.9884,Erik Alvarez,ERIK ALVAREZ
45371,15062,3953.9884,Gina Gill,GINA GILL
45375,19596,3953.9884,Grace Bell,GRACE BELL
45376,11761,3756.989,Ross Prasad,ROSS PRASAD
45377,15077,3953.9884,Jill Gomez,JILL GOMEZ
45380,18010,772.5036,Ryan Martinez,RYAN MARTINEZ
45381,19988,3756.989,Nicole Gonzales,NICOLE GONZALES
45382,11129,3953.9884,Kaitlyn Moore,KAITLYN MOORE
45383,14734,772.5036,Sheila Ramos,SHEILA RAMOS
45385,14735,772.5036,Hector Carlson,HECTOR CARLSON
45386,19607,3953.9884,Cassandra Chandra,CASSANDRA CHANDRA
45387,11224,3953.9884,Isabella Taylor,ISABELLA TAYLOR
45389,11090,3953.9884,Jennifer Moore,JENNIFER MOORE
45390,19560,3953.9884,Monica Garcia,MONICA GARCIA
45391,19588,3953.9884,Holly Subram,HOLLY SUBRAM
45392,11762,3756.989,Olivia Taylor,OLIVIA TAYLOR
45393,14171,3953.9884,Sabrina Alonso,SABRINA ALONSO
45394,11468,3729.364,Jenny He,JENNY HE
45396,19594,3953.9884,Byron Jiménez,BYRON JIMÉNEZ
45397,15051,3953.9884,Gina Moreno,GINA MORENO
45398,15059,3953.9884,Dalton Bell,DALTON BELL
45399,19598,3953.9884,Grace Murphy,GRACE MURPHY
45400,14162,3953.9884,Sabrina Alvarez,SABRINA ALVAREZ
45401,15058,3953.9884,Gina Torres,GINA TORRES
45402,11413,3756.989,Jill Martinez,JILL MARTINEZ
45404,11217,3953.9884,Ruben Raman,RUBEN RAMAN
45409,19612,3953.9884,Grace Cox,GRACE COX
45410,14149,3953.9884,Louis Li,LOUIS LI
45413,11191,3953.9884,Morgan Martin,MORGAN MARTIN
45414,18038,772.5036,Jeffery Li,JEFFERY LI
45418,19264,3953.9884,Erik Gomez,ERIK GOMEZ
45419,19555,3953.9884,Emma Hughes,EMMA HUGHES
45420,19561,3953.9884,Emma Butler,EMMA BUTLER
45421,19576,3953.9884,Holly Malhotra,HOLLY MALHOTRA
45423,19997,3729.364,Destiny Stewart,DESTINY STEWART
45425,15056,3953.9884,Xavier Bell,XAVIER BELL
45426,14164,3953.9884,Xavier Brooks,XAVIER BROOKS
45428,11414,3756.989,Jasmine Robinson,JASMINE ROBINSON
45432,14167,3953.9884,Sabrina Jimenez,SABRINA JIMENEZ
45433,12547,3953.9884,Samantha Alexander,SAMANTHA ALEXANDER
45434,11252,3953.9884,Ruben Alvarez,RUBEN ALVAREZ
45435,20562,772.5036,Dwayne Gill,DWAYNE GILL
45440,14198,3953.9884,Steven Kelly,STEVEN KELLY
45441,11216,3953.9884,Isabella Davis,ISABELLA DAVIS
45444,19102,3953.9884,Nelson Ruiz,NELSON RUIZ
45445,19105,3953.9884,Derrick Munoz,DERRICK MUNOZ
45447,19558,3953.9884,Monica Mehta,MONICA MEHTA
45449,14189,3953.9884,Sabrina Ramos,SABRINA RAMOS
45452,19559,3953.9884,Emma Washington,EMMA WASHINGTON
45453,12549,3953.9884,Samantha Russell,SAMANTHA RUSSELL
45455,14163,3953.9884,Seth Brooks,SETH BROOKS
45458,19599,3953.9884,Grace Bailey,GRACE BAILEY
45459,19605,3953.9884,Cassandra Suri,CASSANDRA SURI
45463,11171,3953.9884,Roy Vazquez,ROY VAZQUEZ
45464,19586,3953.9884,Grace Morris,GRACE MORRIS
45466,19611,3953.9884,Cassandra Malhotra,CASSANDRA MALHOTRA
45467,11422,3756.989,Christy Goel,CHRISTY GOEL
45469,19989,3729.364,Nicole Bryant,NICOLE BRYANT
45472,19095,3953.9884,Derrick Gomez,DERRICK GOMEZ
45473,19592,3953.9884,Holly Garcia,HOLLY GARCIA
45474,19595,3953.9884,Holly Fernandez,HOLLY FERNANDEZ
45475,19601,3953.9884,Holly Sanchez,HOLLY SANCHEZ
45476,19614,3953.9884,Grace Howard,GRACE HOWARD
45477,14160,3953.9884,Sabrina Hernandez,SABRINA HERNANDEZ
45479,19099,3953.9884,Megan Richardson,MEGAN RICHARDSON
45480,19564,3953.9884,Monica Gonzalez,MONICA GONZALEZ
45481,19563,3953.9884,Monica Martinez,MONICA MARTINEZ
45482,12522,3953.9884,Samantha Ross,SAMANTHA ROSS
45483,14181,3953.9884,Patrick Kelly,PATRICK KELLY
45485,11257,3953.9884,Natalie Brown,NATALIE BROWN
45486,14737,772.5036,Hector Sanz,HECTOR SANZ
45487,19556,3953.9884,Monica Subram,MONICA SUBRAM
45488,19577,3953.9884,Holly Sai,HOLLY SAI
45489,19602,3953.9884,Holly Perez,HOLLY PEREZ
45492,19429,772.5036,Victoria Wood,VICTORIA WOOD
45493,14731,772.5036,Adrian Richardson,ADRIAN RICHARDSON
45494,19609,3953.9884,Grace Richardson,GRACE RICHARDSON
45500,11189,3953.9884,Ruben Chandra,RUBEN CHANDRA
45504,14730,772.5036,Steven Richardson,STEVEN RICHARDSON
45505,19593,3953.9884,Grace Morgan,GRACE MORGAN
45506,19615,3953.9884,Grace Ward,GRACE WARD
45507,19616,3953.9884,Grace Torres,GRACE TORRES
45508,12510,3953.9884,Madison Griffin,MADISON GRIFFIN
45509,14148,3953.9884,Joy Dominguez,JOY DOMINGUEZ
45511,12523,3953.9884,Samantha Henderson,SAMANTHA HENDERSON
45512,11175,3953.9884,Morgan Davis,MORGAN DAVIS
45515,19557,3953.9884,Emma Flores,EMMA FLORES
45580,14428,3953.9884,Sebastian Peterson,SEBASTIAN PETERSON
45581,11263,3953.9884,Natalie Moore,NATALIE MOORE
45583,11274,3953.9884,Natalie Harris,NATALIE HARRIS
45585,11905,3729.364,Elizabeth Jones,ELIZABETH JONES
45586,12613,3953.9884,Clayton He,CLAYTON HE
45587,11531,3953.9884,Jenny Ferrier,JENNY FERRIER
45588,11275,3953.9884,Ruben Gill,RUBEN GILL
45589,19784,3953.9884,Byron Serrano,BYRON SERRANO
45590,19763,3953.9884,Rachel Powell,RACHEL POWELL
45592,11897,3756.989,Grace Smith,GRACE SMITH
45593,15118,3953.9884,Jill Rubio,JILL RUBIO
45594,11282,3953.9884,Ruben Serrano,RUBEN SERRANO
45595,11515,3953.9884,Destiny Lewis,DESTINY LEWIS
45596,20564,772.5036,April Anand,APRIL ANAND
45597,14740,772.5036,Hector Ortega,HECTOR ORTEGA
45598,14744,772.5036,Richard Richardson,RICHARD RICHARDSON
45599,19794,3953.9884,Jasmine Rogers,JASMINE ROGERS
45600,19628,3953.9884,Cassandra Rana,CASSANDRA RANA
45601,11893,3729.364,Tamara Yuan,TAMARA YUAN
45602,12607,3953.9884,Clayton Gao,CLAYTON GAO
45603,11296,3953.9884,Lacey Pal,LACEY PAL
45604,11317,3953.9884,Grace Martin,GRACE MARTIN
45605,11626,3953.9884,Barbara Goel,BARBARA GOEL
45606,19967,3953.9884,Nicole Powell,NICOLE POWELL
45608,11896,3729.364,Tamara Lal,TAMARA LAL
45609,14774,3953.9884,Danny Ramos,DANNY RAMOS
45610,11303,3953.9884,Grace Davis,GRACE DAVIS
45611,11535,3953.9884,Alyssa Ashe,ALYSSA ASHE
45612,14795,3953.9884,Cole Cox,COLE COX
45613,11522,3953.9884,Jenny Goel,JENNY GOEL
45615,18137,772.5036,Christopher Thomas,CHRISTOPHER THOMAS
45616,14800,3953.9884,Roberto Moreno,ROBERTO MORENO
45617,15354,3953.9884,Angel Rogers,ANGEL ROGERS
45618,12618,3953.9884,Sarah Henderson,SARAH HENDERSON
45619,19787,3953.9884,Alicia Sharma,ALICIA SHARMA
45620,19951,3953.9884,Nicole Wood,NICOLE WOOD
45621,11768,3756.989,Ross Raman,ROSS RAMAN
45623,14769,3953.9884,Danny Vazquez,DANNY VAZQUEZ
45624,11291,3953.9884,Lacey Shan,LACEY SHAN
45625,11307,3953.9884,Grace Moore,GRACE MOORE
45626,11259,3953.9884,Natalie Miller,NATALIE MILLER
45627,18039,772.5036,Benjamin Taylor,BENJAMIN TAYLOR
45628,19795,3953.9884,Alicia Andersen,ALICIA ANDERSEN
45629,11892,3756.989,Tamara Luo,TAMARA LUO
45630,11899,3729.364,Sarah Hall,SARAH HALL
45631,11237,3729.364,Isabella Garcia,ISABELLA GARCIA
45632,14775,3953.9884,Danny Carlson,DANNY CARLSON
45634,19766,3953.9884,Brandy Patel,BRANDY PATEL
45636,11302,3953.9884,Grace Brown,GRACE BROWN
45637,11525,3953.9884,Alyssa Brown,ALYSSA BROWN
45638,14746,772.5036,Danny Diaz,DANNY DIAZ
45639,19782,3953.9884,Alicia Yuan,ALICIA YUAN
45640,19964,3953.9884,Julie Chander,JULIE CHANDER
45642,11623,3953.9884,Lauren Davis,LAUREN DAVIS
45643,14541,3953.9884,Mathew Ramos,MATHEW RAMOS
45645,11482,3729.364,Destiny Brown,DESTINY BROWN
45646,11289,3953.9884,Natalie Walker,NATALIE WALKER
45648,19791,3953.9884,Jasmine Stewart,JASMINE STEWART
45649,11319,3953.9884,Lacey Raji,LACEY RAJI
45651,19771,3953.9884,Rachel Washington,RACHEL WASHINGTON
45653,11764,3756.989,Olivia Thomas,OLIVIA THOMAS
45655,11323,3953.9884,Grace Martinez,GRACE MARTINEZ
45656,11617,3953.9884,Lauren Johnson,LAUREN JOHNSON
45657,11266,3953.9884,Ruben Navarro,RUBEN NAVARRO
45658,11270,3953.9884,Natalie Thomas,NATALIE THOMAS
45660,19797,3953.9884,Jasmine Cook,JASMINE COOK
45662,11906,3729.364,Tamara Pal,TAMARA PAL
45663,11901,3756.989,Elizabeth Johnson,ELIZABETH JOHNSON
45664,14713,3953.9884,Bryce Richardson,BRYCE RICHARDSON
45666,14738,772.5036,Charles Richardson,CHARLES RICHARDSON
45667,19957,3953.9884,Julie Jai,JULIE JAI
45668,11298,3953.9884,Lacey Andersen,LACEY ANDERSEN
45669,11528,3953.9884,Alyssa Miller,ALYSSA MILLER
45670,11541,3953.9884,Alyssa White,ALYSSA WHITE
45671,11628,3953.9884,Barbara Beck,BARBARA BECK
45672,19438,772.5036,Douglas Fernandez,DOUGLAS FERNANDEZ
45673,19790,3953.9884,Rachel Diaz,RACHEL DIAZ
45674,19948,3953.9884,Kelvin Cai,KELVIN CAI
45676,11765,3729.364,Ross Sara,ROSS SARA
45677,11895,3729.364,Emma Hall,EMMA HALL
45678,11281,3953.9884,Natalie Martinez,NATALIE MARTINEZ
45679,11540,3953.9884,Alyssa Jackson,ALYSSA JACKSON
45681,19789,3953.9884,Alicia Shan,ALICIA SHAN
45682,19950,3953.9884,Nicole Bennett,NICOLE BENNETT
45683,14709,3953.9884,Hector Moreno,HECTOR MORENO
45684,11485,3756.989,Destiny Miller,DESTINY MILLER
45685,18132,772.5036,David Davis,DAVID DAVIS
45688,14741,772.5036,Eduardo Richardson,EDUARDO RICHARDSON
45689,19773,3953.9884,Rachel Butler,RACHEL BUTLER
45690,19958,3953.9884,Nicole Henderson,NICOLE HENDERSON
45691,11898,3756.989,Sarah Walker,SARAH WALKER
45692,14425,3953.9884,Juan Peterson,JUAN PETERSON
45693,15083,3953.9884,Sean Murphy,SEAN MURPHY
45694,15097,3953.9884,Jill Travers,JILL TRAVERS
45695,11292,3953.9884,Natalie Hall,NATALIE HALL
45696,11326,3953.9884,Grace Clark,GRACE CLARK
45697,11516,3953.9884,Jenny Rai,JENNY RAI
45698,14747,772.5036,Danny Hernandez,DANNY HERNANDEZ
45699,14750,772.5036,Danny Alvarez,DANNY ALVAREZ
45700,11278,3953.9884,Natalie Thompson,NATALIE THOMPSON
45701,11538,3953.9884,Barbara Li,BARBARA LI
45702,18131,772.5036,David Brown,DAVID BROWN
45703,19947,3953.9884,Julie Yuan,JULIE YUAN
45704,14772,3953.9884,Danny Serrano,DANNY SERRANO
45706,11267,3953.9884,Ruben Gutierrez,RUBEN GUTIERREZ
45707,11904,3756.989,Tamara Johnston,TAMARA JOHNSTON
45708,19765,3953.9884,Rachel Patterson,RACHEL PATTERSON
45709,19793,3953.9884,Alicia Pal,ALICIA PAL
45710,19963,3953.9884,Nicole Jenkins,NICOLE JENKINS
45711,19621,3953.9884,Grace Ramirez,GRACE RAMIREZ
45712,11767,3756.989,Ross Rana,ROSS RANA
45713,15088,3953.9884,Jill Jimenez,JILL JIMENEZ
45714,11534,3953.9884,Barbara Zhang,BARBARA ZHANG
45715,19770,3953.9884,Rachel Flores,RACHEL FLORES
45716,19783,3953.9884,Kelvin Hu,KELVIN HU
45717,11325,3953.9884,Christy Zimmerman,CHRISTY ZIMMERMAN
45718,11272,3953.9884,Natalie Jackson,NATALIE JACKSON
45719,20000,3729.364,Shannon Johnston,SHANNON JOHNSTON
45720,19653,3953.9884,Grace Long,GRACE LONG
45721,11766,3756.989,Olivia Jackson,OLIVIA JACKSON
45722,11908,3729.364,Elizabeth Brown,ELIZABETH BROWN
45723,11290,3953.9884,Ruben Saunders,RUBEN SAUNDERS
45724,12620,3953.9884,Sarah Coleman,SARAH COLEMAN
45725,14789,3953.9884,Roberto Diaz,ROBERTO DIAZ
45726,12614,3953.9884,Nuan Zheng,NUAN ZHENG
45727,11909,3729.364,Elizabeth Davis,ELIZABETH DAVIS
45728,14426,3953.9884,Lee Suarez,LEE SUAREZ
45729,15087,3953.9884,Brian Murphy,BRIAN MURPHY
45731,11286,3953.9884,Natalie Lewis,NATALIE LEWIS
45732,11537,3953.9884,Barbara Chen,BARBARA CHEN
45733,11624,3953.9884,Kirk Nason,KIRK NASON
45734,11630,3953.9884,Barbara Ashe,BARBARA ASHE
45735,19792,3953.9884,Alicia Jai,ALICIA JAI
45736,19960,3953.9884,Julie Pal,JULIE PAL
45737,19965,3953.9884,Nicole Perry,NICOLE PERRY
45738,11900,3756.989,Tamara Sharma,TAMARA SHARMA
45739,11903,3729.364,Warren Wu,WARREN WU
45740,19786,3953.9884,Alicia Lal,ALICIA LAL
45741,19788,3953.9884,Rachel Griffin,RACHEL GRIFFIN
45742,19620,3953.9884,Grace Gray,GRACE GRAY
45743,19631,3953.9884,Grace Kelly,GRACE KELLY
45744,11894,3729.364,Tamara Kumar,TAMARA KUMAR
45745,15089,3953.9884,Bryce Murphy,BRYCE MURPHY
45747,11539,3953.9884,Alyssa Thomas,ALYSSA THOMAS
45748,18046,772.5036,Jeffery Wu,JEFFERY WU
45749,14797,3953.9884,Jared Cox,JARED COX
45751,14739,772.5036,Devin Richardson,DEVIN RICHARDSON
45752,19772,3953.9884,Alicia Xie,ALICIA XIE
45753,19966,3953.9884,Shannon Hernandez,SHANNON HERNANDEZ
45754,11529,3953.9884,Alyssa Wilson,ALYSSA WILSON
45755,11536,3953.9884,Barbara Wang,BARBARA WANG
45756,11625,3953.9884,Lauren Miller,LAUREN MILLER
45757,12561,3953.9884,Ashley Bennett,ASHLEY BENNETT
45758,15106,3953.9884,Bryan Murphy,BRYAN MURPHY
45759,11295,3953.9884,Grace Johnson,GRACE JOHNSON
45760,11329,3953.9884,Christy Chow,CHRISTY CHOW
45761,11629,3953.9884,Barbara Raji,BARBARA RAJI
45762,12621,3953.9884,Juan Vazquez,JUAN VAZQUEZ
45763,19959,3953.9884,Nicole Coleman,NICOLE COLEMAN
45764,19652,3953.9884,Patricia Kapoor,PATRICIA KAPOOR
45765,11245,3729.364,Ruben Ruiz,RUBEN RUIZ
45766,11297,3953.9884,Grace Williams,GRACE WILLIAMS
45767,11299,3953.9884,Grace Jones,GRACE JONES
45768,11324,3953.9884,Marshall Xie,MARSHALL XIE
45769,11327,3953.9884,Christy Wang,CHRISTY WANG
45770,19956,3953.9884,Julie Shan,JULIE SHAN
45771,11271,3953.9884,Ruben Dominguez,RUBEN DOMINGUEZ
45772,19785,3953.9884,Rachel Russell,RACHEL RUSSELL
45773,19949,3953.9884,Julie Kumar,JULIE KUMAR
45774,11261,3953.9884,Ruben Alonso,RUBEN ALONSO
45775,14207,3953.9884,Eduardo Kelly,EDUARDO KELLY
45777,11907,3756.989,Tamara Andersen,TAMARA ANDERSEN
45816,11830,3953.9884,Gerald Jordan,GERALD JORDAN
45817,14801,3953.9884,Steven Cox,STEVEN COX
45818,14868,772.5036,Adrian Howard,ADRIAN HOWARD
45819,20160,3953.9884,Phillip Madan,PHILLIP MADAN
45822,20246,3953.9884,Derek Sharma,DEREK SHARMA
45823,20253,3953.9884,Carol Cooper,CAROL COOPER
45824,11696,3953.9884,Pedro Muñoz,PEDRO MUÑOZ
45827,15440,3953.9884,Sebastian Reed,SEBASTIAN REED
45828,14753,772.5036,Lucas Richardson,LUCAS RICHARDSON
45829,20245,3953.9884,Chloe Bell,CHLOE BELL
45830,20151,3953.9884,Phillip Chapman,PHILLIP CHAPMAN
45831,20158,3953.9884,Phillip Sai,PHILLIP SAI
45832,11916,3729.364,Tamara Chander,TAMARA CHANDER
45833,11815,3953.9884,Victoria White,VICTORIA WHITE
45834,11816,3953.9884,Victoria Martin,VICTORIA MARTIN
45835,11688,3953.9884,Megan Martin,MEGAN MARTIN
45836,14823,3953.9884,Jeremy Cox,JEREMY COX
45838,20213,3953.9884,George Fernandez,GEORGE FERNANDEZ
45839,11915,3729.364,Tamara Chande,TAMARA CHANDE
45840,11246,3729.364,Isabella Lee,ISABELLA LEE
45841,12804,3953.9884,Oscar Gonzales,OSCAR GONZALES
45842,11742,3953.9884,Marshall Raji,MARSHALL RAJI
45843,11775,3953.9884,Ross Lopez,ROSS LOPEZ
45844,11812,3953.9884,Ross Gutierrez,ROSS GUTIERREZ
45848,14852,772.5036,Lance Munoz,LANCE MUNOZ
45849,20154,3953.9884,Alyssa James,ALYSSA JAMES
45850,11776,3953.9884,Olivia Garcia,OLIVIA GARCIA
45851,11683,3953.9884,Megan Thomas,MEGAN THOMAS
45852,18143,772.5036,David Rodriguez,DAVID RODRIGUEZ
45853,15453,3953.9884,Rodrigo Ready,RODRIGO READY
45854,15620,3953.9884,Jimmy Martin,JIMMY MARTIN
45855,14754,772.5036,Danny Munoz,DANNY MUNOZ
45856,20247,3953.9884,Derek Shan,DEREK SHAN
45857,11919,3729.364,Elizabeth Jackson,ELIZABETH JACKSON
45858,11952,3729.364,Kayla Miller,KAYLA MILLER
45859,12754,3953.9884,Alexis Jenkins,ALEXIS JENKINS
45861,12650,3953.9884,Sarah Diaz,SARAH DIAZ
45862,14827,3953.9884,Angel Howard,ANGEL HOWARD
45863,11873,3953.9884,Tamara Guo,TAMARA GUO
45864,19968,3953.9884,Julie Goel,JULIE GOEL
45865,20157,3953.9884,Phillip Malhotra,PHILLIP MALHOTRA
45866,15621,3953.9884,Jason Evans,JASON EVANS
45867,11772,3953.9884,Ross Mehta,ROSS MEHTA
45868,14819,3953.9884,Lucas Cox,LUCAS COX
45869,14822,3953.9884,Dalton Cox,DALTON COX
45872,11249,3756.989,Ruben Diaz,RUBEN DIAZ
45873,11925,3953.9884,Tamara Goldberg,TAMARA GOLDBERG
45874,20007,3729.364,Tara Raje,TARA RAJE
45875,20242,3953.9884,Don Lal,DON LAL
45876,19975,3953.9884,Tara She,TARA SHE
45877,11910,3729.364,Elizabeth Miller,ELIZABETH MILLER
45878,12750,3953.9884,Omar Shan,OMAR SHAN
45879,19443,772.5036,Douglas Rodriguez,DOUGLAS RODRIGUEZ
45880,11707,3953.9884,Brianna Smith,BRIANNA SMITH
45882,11745,3953.9884,Olivia Smith,OLIVIA SMITH
45883,11799,3953.9884,Victoria Davis,VICTORIA DAVIS
45884,11678,3953.9884,Megan Moore,MEGAN MOORE
45885,12655,3953.9884,Elizabeth Bradley,ELIZABETH BRADLEY
45887,14880,772.5036,Lance Rubio,LANCE RUBIO
45888,20217,3953.9884,George Martinez,GEORGE MARTINEZ
45889,11920,3729.364,Tamara Nath,TAMARA NATH
45890,11338,3729.364,Rachel Williams,RACHEL WILLIAMS
45891,11380,3756.989,Rachel Walker,RACHEL WALKER
45892,20226,3953.9884,Cory Kapoor,CORY KAPOOR
45894,19450,772.5036,Raymond Chandra,RAYMOND CHANDRA
45895,11727,3953.9884,Brianna Martin,BRIANNA MARTIN
45896,12632,3953.9884,Clayton Tang,CLAYTON TANG
45897,11933,3953.9884,Elizabeth Lewis,ELIZABETH LEWIS
45899,11817,3953.9884,Ross Gill,ROSS GILL
45900,11837,3953.9884,Victoria Lewis,VICTORIA LEWIS
45901,11665,3953.9884,Megan Smith,MEGAN SMITH
45902,15614,3953.9884,Ricky Sanz,RICKY SANZ
45903,15619,3953.9884,Elijah Evans,ELIJAH EVANS
45904,20241,3953.9884,Derek Kumar,DEREK KUMAR
45905,20152,3953.9884,Alyssa Ramirez,ALYSSA RAMIREZ
45906,20159,3953.9884,Phillip Arun,PHILLIP ARUN
45907,20214,3953.9884,Alyssa Bryant,ALYSSA BRYANT
45908,11918,3756.989,Elizabeth Thomas,ELIZABETH THOMAS
45909,11947,3729.364,Alisha Yang,ALISHA YANG
45910,11777,3953.9884,Olivia Martinez,OLIVIA MARTINEZ
45911,11797,3953.9884,Victoria Brown,VICTORIA BROWN
45914,11929,3729.364,Tammy Raji,TAMMY RAJI
45915,11930,3756.989,Elizabeth Robinson,ELIZABETH ROBINSON
45916,11964,3756.989,Alisha Zhu,ALISHA ZHU
45917,11332,3756.989,Grace Walker,GRACE WALKER
45918,11741,3953.9884,Brianna Walker,BRIANNA WALKER
45919,11780,3953.9884,Damien Xu,DAMIEN XU
45921,11798,3953.9884,Ross Diaz,ROSS DIAZ
45923,11811,3953.9884,Ross Navarro,ROSS NAVARRO
45924,14803,3953.9884,Adrian Cox,ADRIAN COX
45925,11942,3756.989,Kayla Johnson,KAYLA JOHNSON
45927,11796,3953.9884,Victoria Jones,VICTORIA JONES
45928,11813,3953.9884,Victoria Jackson,VICTORIA JACKSON
45929,11825,3953.9884,Ross Carlson,ROSS CARLSON
45930,18148,772.5036,David Walker,DAVID WALKER
45931,20249,3953.9884,Derek Jai,DEREK JAI
45932,20211,3953.9884,George Mehta,GEORGE MEHTA
45933,11779,3953.9884,Ross Martinez,ROSS MARTINEZ
45934,11666,3953.9884,Megan Johnson,MEGAN JOHNSON
45935,19439,772.5036,Douglas Martinez,DOUGLAS MARTINEZ
45937,14824,3953.9884,Roberto Ramos,ROBERTO RAMOS
45938,11654,3953.9884,Pedro Rana,PEDRO RANA
45939,14757,772.5036,Xavier Richardson,XAVIER RICHARDSON
45940,20244,3953.9884,Chloe Morgan,CHLOE MORGAN
45941,19978,3953.9884,Nicole Washington,NICOLE WASHINGTON
45942,20219,3953.9884,George Gonzalez,GEORGE GONZALEZ
45943,20221,3953.9884,George Sanchez,GEORGE SANCHEZ
45944,20225,3953.9884,Cory Suri,CORY SURI
45946,11914,3729.364,Elizabeth Taylor,ELIZABETH TAYLOR
45947,11943,3729.364,Kayla Williams,KAYLA WILLIAMS
45948,14879,772.5036,Ian Howard,IAN HOWARD
45949,19970,3953.9884,Julie Becker,JULIE BECKER
45950,19974,3953.9884,Nicole Flores,NICOLE FLORES
45951,11944,3729.364,Kayla Jones,KAYLA JONES
45952,11969,3756.989,Warren Ye,WARREN YE
45954,11810,3953.9884,Victoria Thomas,VICTORIA THOMAS
45956,19979,3953.9884,Shannon Alvarez,SHANNON ALVAREZ
45957,11809,3953.9884,Victoria Anderson,VICTORIA ANDERSON
45958,11818,3953.9884,Victoria Thompson,VICTORIA THOMPSON
45959,11872,3953.9884,Emma Harris,EMMA HARRIS
45960,11671,3953.9884,Megan Jones,MEGAN JONES
45961,12717,3953.9884,Omar Zheng,OMAR ZHENG
45962,20227,3953.9884,Cory Chandra,CORY CHANDRA
45963,20238,3953.9884,Chloe Reed,CHLOE REED
45964,20215,3953.9884,George Lopez,GEORGE LOPEZ
45966,11946,3756.989,Kayla Brown,KAYLA BROWN
45967,19454,772.5036,Victoria Hughes,VICTORIA HUGHES
45968,11834,3953.9884,Gerald Patel,GERALD PATEL
45969,20156,3953.9884,Alyssa Watson,ALYSSA WATSON
45970,11963,3729.364,Kayla Thomas,KAYLA THOMAS
45971,11335,3756.989,Rachel Smith,RACHEL SMITH
45972,19472,772.5036,Victoria Alexander,VICTORIA ALEXANDER
45973,11773,3953.9884,Ross Fernandez,ROSS FERNANDEZ
45975,14755,772.5036,Danny Alonso,DANNY ALONSO
45976,20239,3953.9884,Derek Yuan,DEREK YUAN
45977,20216,3953.9884,Alyssa Alexander,ALYSSA ALEXANDER
45978,11967,3729.364,Alisha Gao,ALISHA GAO
45979,15630,3953.9884,Luke Evans,LUKE EVANS
45980,15631,3953.9884,Jimmy Hernandez,JIMMY HERNANDEZ
45981,12805,3953.9884,Oscar Bryant,OSCAR BRYANT
45982,19977,3953.9884,Tara Simpson,TARA SIMPSON
45983,14830,3953.9884,Alex Howard,ALEX HOWARD
45984,11690,3953.9884,Marshall Goel,MARSHALL GOEL
45985,11708,3953.9884,Brianna Johnson,BRIANNA JOHNSON
45986,11743,3953.9884,Ross Jordan,ROSS JORDAN
45987,11854,3953.9884,Gerald Raman,GERALD RAMAN
45988,11675,3953.9884,Megan Miller,MEGAN MILLER
45989,12631,3953.9884,Sarah Hughes,SARAH HUGHES
45990,12711,3953.9884,Omar Liang,OMAR LIANG
45991,11976,3729.364,Alisha He,ALISHA HE
45992,19451,772.5036,Victoria Long,VICTORIA LONG
45993,11924,3953.9884,Elizabeth Thompson,ELIZABETH THOMPSON
45994,11774,3953.9884,Olivia Thompson,OLIVIA THOMPSON
45996,11839,3953.9884,Gerald Sai,GERALD SAI
45997,14756,772.5036,Danny Romero,DANNY ROMERO
46000,11778,3953.9884,Olivia Robinson,OLIVIA ROBINSON
46002,11826,3953.9884,Ross Suarez,ROSS SUAREZ
46003,11831,3953.9884,Warren Li,WARREN LI
46004,11664,3953.9884,Lauren Hall,LAUREN HALL
46005,12749,3953.9884,Alexis Henderson,ALEXIS HENDERSON
46006,20236,3953.9884,Chloe Rogers,CHLOE ROGERS
46007,20220,3953.9884,George Rodriguez,GEORGE RODRIGUEZ
46008,11912,3729.364,Elizabeth Wilson,ELIZABETH WILSON
46009,11917,3756.989,Liz Anderson,LIZ ANDERSON
46010,11488,3729.364,Jenny Xu,JENNY XU
46011,11489,3729.364,Destiny Wilson,DESTINY WILSON
46012,19453,772.5036,Victoria Patterson,VICTORIA PATTERSON
46013,11705,3953.9884,Megan Hall,MEGAN HALL
46016,11885,3953.9884,Tamara Xie,TAMARA XIE
46017,11886,3953.9884,Emma Rodriguez,EMMA RODRIGUEZ
46018,11663,3953.9884,Lauren Walker,LAUREN WALKER
46019,14752,772.5036,Danny Moreno,DANNY MORENO
46020,20228,3953.9884,Chloe Sanchez,CHLOE SANCHEZ
46021,19971,3953.9884,Nicole Patterson,NICOLE PATTERSON
46022,11968,3756.989,Damien Luo,DAMIEN LUO
46108,12018,3953.9884,Alisha Andersen,ALISHA ANDERSEN
46109,12167,3953.9884,Taylor Lee,TAYLOR LEE
46110,12169,3953.9884,Dawn Zhao,DAWN ZHAO
46111,11937,3953.9884,Alisha Zhang,ALISHA ZHANG
46112,11945,3953.9884,Alisha Liu,ALISHA LIU
46113,11955,3953.9884,Alisha Ye,ALISHA YE
46114,12053,3953.9884,Abigail White,ABIGAIL WHITE
46115,12104,3953.9884,Kelli Tang,KELLI TANG
46116,14912,772.5036,Nathaniel Ward,NATHANIEL WARD
46117,20446,3953.9884,Jennifer Cook,JENNIFER COOK
46118,20611,3953.9884,Katie Yuan,KATIE YUAN
46120,12023,3953.9884,Alexis Lewis,ALEXIS LEWIS
46121,12069,3953.9884,Kelli Zhao,KELLI ZHAO
46123,12152,3953.9884,Dawn Chen,DAWN CHEN
46124,20447,3953.9884,Corey Shen,COREY SHEN
46125,11956,3953.9884,Alisha Zhao,ALISHA ZHAO
46126,14883,772.5036,Lance Ortega,LANCE ORTEGA
46127,14895,772.5036,Albert Hernandez,ALBERT HERNANDEZ
46128,14945,3953.9884,Randall Diaz,RANDALL DIAZ
46129,20420,3953.9884,Julia Foster,JULIA FOSTER
46130,12171,3953.9884,Dawn Lu,DAWN LU
46131,11954,3953.9884,Kayla Wilson,KAYLA WILSON
46133,12105,3953.9884,Jessica Martin,JESSICA MARTIN
46134,20259,3953.9884,Derek Chander,DEREK CHANDER
46135,20416,3953.9884,Peter Sharma,PETER SHARMA
46136,20426,3953.9884,Peter Chander,PETER CHANDER
46137,20600,3953.9884,Kaitlyn Bennett,KAITLYN BENNETT
46138,13405,3953.9884,Xavier Perry,XAVIER PERRY
46139,11977,3756.989,Kayla Garcia,KAYLA GARCIA
46140,11991,3729.364,Alexis Johnson,ALEXIS JOHNSON
46141,19501,772.5036,Byron Martin,BYRON MARTIN
46145,14881,772.5036,Lucas Howard,LUCAS HOWARD
46146,11421,3756.989,Christy Nath,CHRISTY NATH
46147,19476,772.5036,Raymond Fernandez,RAYMOND FERNANDEZ
46148,12052,3953.9884,Kelli Liu,KELLI LIU
46149,12120,3953.9884,Kelli Shan,KELLI SHAN
46150,20569,772.5036,Kristin Shen,KRISTIN SHEN
46152,20424,3953.9884,Peter Pal,PETER PAL
46154,11989,3729.364,Alisha Deng,ALISHA DENG
46155,12076,3953.9884,Jessica Smith,JESSICA SMITH
46156,12118,3953.9884,Kelli Sharma,KELLI SHARMA
46159,11996,3729.364,Alisha Xie,ALISHA XIE
46160,11412,3729.364,Christy Raje,CHRISTY RAJE
46161,12819,3953.9884,Rafael Gao,RAFAEL GAO
46162,12163,3953.9884,Dawn Zhou,DAWN ZHOU
46163,12042,3953.9884,Kelli Zhang,KELLI ZHANG
46164,12079,3953.9884,Jake Zukowski,JAKE ZUKOWSKI
46165,12141,3953.9884,Taylor Moore,TAYLOR MOORE
46166,15657,3953.9884,Jimmy Vazquez,JIMMY VAZQUEZ
46167,11997,3756.989,Alexis Brown,ALEXIS BROWN
46169,12094,3953.9884,Kelli Deng,KELLI DENG
46170,12156,3953.9884,Dawn Liu,DAWN LIU
46172,12030,3953.9884,Alexis Hall,ALEXIS HALL
46173,20283,3953.9884,Bradley Tang,BRADLEY TANG
46174,20608,3953.9884,Katie Xu,KATIE XU
46175,12003,3729.364,Alisha Kumar,ALISHA KUMAR
46176,11491,3729.364,Jenny Luo,JENNY LUO
46177,12102,3953.9884,Kelli Xie,KELLI XIE
46179,11983,3953.9884,Kayla Lewis,KAYLA LEWIS
46180,12084,3953.9884,Kelli He,KELLI HE
46181,12004,3729.364,Alisha Lal,ALISHA LAL
46182,11995,3756.989,Alexis Jones,ALEXIS JONES
46184,14834,3953.9884,Roberto Rubio,ROBERTO RUBIO
46185,15632,3953.9884,Jordan Evans,JORDAN EVANS
46186,12041,3953.9884,Alisha Alan,ALISHA ALAN
46188,20430,3953.9884,Julia Russell,JULIA RUSSELL
46189,20606,3953.9884,Kaitlyn Barnes,KAITLYN BARNES
46190,15653,3953.9884,Mason Evans,MASON EVANS
46191,14956,3953.9884,Sebastian Morgan,SEBASTIAN MORGAN
46192,12830,3953.9884,Trevor Patterson,TREVOR PATTERSON
46193,18634,772.5036,Daniel Lee,DANIEL LEE
46194,11939,3953.9884,Elizabeth Hall,ELIZABETH HALL
46195,12027,3953.9884,Alisha Chander,ALISHA CHANDER
46196,12109,3953.9884,Jessica Garcia,JESSICA GARCIA
46199,20256,3953.9884,Chloe Cox,CHLOE COX
46200,20260,3953.9884,Chloe Ward,CHLOE WARD
46201,20610,3953.9884,Kaitlyn Henderson,KAITLYN HENDERSON
46203,11999,3756.989,Alisha Xu,ALISHA XU
46204,11988,3729.364,Kayla Hall,KAYLA HALL
46205,12162,3953.9884,Dawn Lin,DAWN LIN
46206,20023,3729.364,Donald Suri,DONALD SURI
46208,20284,3953.9884,Bradley Xu,BRADLEY XU
46209,12849,3953.9884,Trevor Russell,TREVOR RUSSELL
46210,12866,3953.9884,Rafael Jai,RAFAEL JAI
46211,18163,772.5036,Christian White,CHRISTIAN WHITE
46212,12173,3953.9884,Anna Johnson,ANNA JOHNSON
46213,12050,3953.9884,Kelli Li,KELLI LI
46214,12072,3953.9884,Kelli Xu,KELLI XU
46215,20429,3953.9884,Peter Nara,PETER NARA
46216,20456,3953.9884,Jennifer Rivera,JENNIFER RIVERA
46217,20614,3953.9884,Katie Sharma,KATIE SHARMA
46218,12820,3953.9884,Trevor Ross,TREVOR ROSS
46222,14891,772.5036,Albert Gomez,ALBERT GOMEZ
46223,14892,772.5036,Albert Diaz,ALBERT DIAZ
46224,14902,772.5036,Jesse Ward,JESSE WARD
46225,20261,3953.9884,Chloe Torres,CHLOE TORRES
46226,13263,3953.9884,Carson Gonzales,CARSON GONZALES
46227,11990,3729.364,Alexis Smith,ALEXIS SMITH
46228,11993,3729.364,Warren Zhao,WARREN ZHAO
46229,11395,3756.989,Jasmine Taylor,JASMINE TAYLOR
46230,11493,3756.989,Jenny Zimmerman,JENNY ZIMMERMAN
46231,12016,3953.9884,Alisha Oliver,ALISHA OLIVER
46232,12058,3953.9884,Kelli Huang,KELLI HUANG
46234,12110,3953.9884,Jessica Martinez,JESSICA MARTINEZ
46235,12151,3953.9884,Taylor Harris,TAYLOR HARRIS
46236,12001,3729.364,Alisha Yuan,ALISHA YUAN
46237,12843,3953.9884,Trevor Foster,TREVOR FOSTER
46238,14838,3953.9884,Lance Martin,LANCE MARTIN
46239,14927,3953.9884,Jeremy Cook,JEREMY COOK
46241,20034,3756.989,Donald Madan,DONALD MADAN
46242,20423,3953.9884,Julia Bryant,JULIA BRYANT
46243,20613,3953.9884,Katie Lal,KATIE LAL
46244,13504,3953.9884,Briana Munoz,BRIANA MUNOZ
46245,14967,3953.9884,Randall Romero,RANDALL ROMERO
46246,12143,3953.9884,Taylor Taylor,TAYLOR TAYLOR
46247,14882,772.5036,Seth Howard,SETH HOWARD
46248,14896,772.5036,Evan Ward,EVAN WARD
46249,12000,3756.989,Alisha Luo,ALISHA LUO
46250,14940,3953.9884,Randall Gomez,RANDALL GOMEZ
46251,11998,3729.364,Alisha Tang,ALISHA TANG
46252,14939,3953.9884,Evan Morgan,EVAN MORGAN
46253,12082,3953.9884,Kelli Liang,KELLI LIANG
46254,12096,3953.9884,Jessica Anderson,JESSICA ANDERSON
46255,20451,3953.9884,Dwayne Munoz,DWAYNE MUNOZ
46256,15652,3953.9884,Jimmy Dominguez,JIMMY DOMINGUEZ
46257,11992,3756.989,Alexis Williams,ALEXIS WILLIAMS
46258,12160,3953.9884,Dawn Huang,DAWN HUANG
46259,12025,3953.9884,Alisha Chande,ALISHA CHANDE
46260,12108,3953.9884,Kelli Luo,KELLI LUO
46262,20445,3953.9884,Jennifer Reed,JENNIFER REED
46263,12834,3953.9884,Rafael Zeng,RAFAEL ZENG
46265,11934,3953.9884,Elizabeth Lee,ELIZABETH LEE
46266,20425,3953.9884,Peter Raje,PETER RAJE
46267,20448,3953.9884,Jennifer Morgan,JENNIFER MORGAN
46268,20615,3953.9884,Kaitlyn Coleman,KAITLYN COLEMAN
46269,15638,3953.9884,Jimmy Moreno,JIMMY MORENO
46271,12172,3953.9884,Dawn Xu,DAWN XU
46272,12116,3953.9884,Jessica Lewis,JESSICA LEWIS
46275,20450,3953.9884,Kelvin Deng,KELVIN DENG
46276,20612,3953.9884,Katie Kumar,KATIE KUMAR
46277,19482,772.5036,Raymond Martinez,RAYMOND MARTINEZ
46278,19496,772.5036,Emma Bradley,EMMA BRADLEY
46279,12155,3953.9884,Taylor Garcia,TAYLOR GARCIA
46280,12121,3953.9884,Jessica Hall,JESSICA HALL
46284,14888,772.5036,Jeremiah Howard,JEREMIAH HOWARD
46285,12005,3756.989,Alexis Wilson,ALEXIS WILSON
46286,18175,772.5036,Randy Liang,RANDY LIANG
46287,12026,3953.9884,Alexis Walker,ALEXIS WALKER
46288,12059,3953.9884,Kelli Wu,KELLI WU
46289,12075,3953.9884,Kelli Zhu,KELLI ZHU
46291,20258,3953.9884,Chloe Howard,CHLOE HOWARD
46292,20418,3953.9884,Peter Shan,PETER SHAN
46293,14951,3953.9884,Nathaniel Morgan,NATHANIEL MORGAN
46294,11986,3756.989,Kayla Lee,KAYLA LEE
46295,20567,772.5036,Kristin Deng,KRISTIN DENG
46296,12170,3953.9884,Taylor Hall,TAYLOR HALL
46297,12033,3953.9884,Alisha Goel,ALISHA GOEL
46298,12071,3953.9884,Kelli Lu,KELLI LU
46299,20264,3953.9884,Chloe Ramirez,CHLOE RAMIREZ
46300,20452,3953.9884,Corey Xie,COREY XIE
46301,12817,3953.9884,Rafael Zhu,RAFAEL ZHU
46302,12083,3953.9884,Jessica Jones,JESSICA JONES
46304,12002,3729.364,Alexis Miller,ALEXIS MILLER
46305,14952,3953.9884,Paula Ashe,PAULA ASHE
46306,12164,3953.9884,Taylor Rodriguez,TAYLOR RODRIGUEZ
46307,20427,3953.9884,Julia Alexander,JULIA ALEXANDER
46308,20609,3953.9884,Katie Luo,KATIE LUO
46309,11994,3729.364,Alisha Shen,ALISHA SHEN
46311,12841,3953.9884,Trevor Simmons,TREVOR SIMMONS
46312,12153,3953.9884,Taylor Martin,TAYLOR MARTIN
46313,12078,3953.9884,Jessica Johnson,JESSICA JOHNSON
46314,12112,3953.9884,Jessica Clark,JESSICA CLARK
46315,12142,3953.9884,Kelli Raji,KELLI RAJI
46317,14884,772.5036,Xavier Howard,XAVIER HOWARD
46318,20444,3953.9884,Corey Deng,COREY DENG
46319,12103,3953.9884,Jessica Harris,JESSICA HARRIS
46321,14894,772.5036,Alex Ward,ALEX WARD
46390,12440,3953.9884,Ashley Garcia,ASHLEY GARCIA
46392,13537,3953.9884,Miguel Price,MIGUEL PRICE
46393,15695,3953.9884,Connor Edwards,CONNOR EDWARDS
46394,15055,3953.9884,Gina Navarro,GINA NAVARRO
46395,11496,3756.989,Destiny Jackson,DESTINY JACKSON
46396,12442,3953.9884,Ashley Robinson,ASHLEY ROBINSON
46402,20616,3953.9884,Katie Shan,KATIE SHAN
46403,14990,3953.9884,Dalton Morgan,DALTON MORGAN
46404,15692,3953.9884,Marc Munoz,MARC MUNOZ
46406,12779,3953.9884,Omar Anand,OMAR ANAND
46408,12011,3729.364,Alisha Shan,ALISHA SHAN
46409,15073,3953.9884,Evan Murphy,EVAN MURPHY
46410,11548,3729.364,Barbara Lin,BARBARA LIN
46413,20075,3756.989,Joel Arthur,JOEL ARTHUR
46414,15006,772.5036,Paula Munoz,PAULA MUNOZ
46416,12181,3953.9884,Anna Moore,ANNA MOORE
46417,12441,3953.9884,Ashley Martinez,ASHLEY MARTINEZ
46419,12021,3756.989,Alisha Raje,ALISHA RAJE
46420,13511,3953.9884,Jeremy Perry,JEREMY PERRY
46422,12884,3953.9884,Rafael Rai,RAFAEL RAI
46423,12362,3953.9884,Samantha Williams,SAMANTHA WILLIAMS
46424,12435,3953.9884,Jon Jai,JON JAI
46427,20182,3729.364,Alyssa Ross,ALYSSA ROSS
46428,20629,3953.9884,Katie Chapman,KATIE CHAPMAN
46429,11428,3756.989,Christy Raji,CHRISTY RAJI
46430,13564,3953.9884,Jon He,JON HE
46431,12901,3953.9884,Aidan Barnes,AIDAN BARNES
46432,15016,772.5036,Nathaniel Bradley,NATHANIEL BRADLEY
46435,12251,3729.364,Emily Garcia,EMILY GARCIA
46436,12337,3756.989,Madison Martin,MADISON MARTIN
46437,15054,3953.9884,Seth Bell,SETH BELL
46438,12174,3953.9884,Anna Williams,ANNA WILLIAMS
46440,20621,3953.9884,Karen Perry,KAREN PERRY
46441,15661,3953.9884,Jimmy Serrano,JIMMY SERRANO
46442,14997,3953.9884,Alex Bell,ALEX BELL
46443,15662,3953.9884,James Edwards,JAMES EDWARDS
46444,12246,3729.364,Emily Harris,EMILY HARRIS
46445,12772,3953.9884,Alexis Foster,ALEXIS FOSTER
46446,12777,3953.9884,Alexis Bryant,ALEXIS BRYANT
46448,12250,3756.989,Colleen West,COLLEEN WEST
46449,12007,3756.989,Alexis Taylor,ALEXIS TAYLOR
46450,12446,3953.9884,Jon Chander,JON CHANDER
46451,12709,3953.9884,Kayla Henderson,KAYLA HENDERSON
46453,20626,3953.9884,Katie Raje,KATIE RAJE
46455,15669,3953.9884,Jimmy Suarez,JIMMY SUAREZ
46456,12014,3756.989,Alisha Holt,ALISHA HOLT
46458,12771,3953.9884,Omar Nath,OMAR NATH
46459,12190,3953.9884,Abigail Long,ABIGAIL LONG
46460,12438,3953.9884,Jon Andersen,JON ANDERSEN
46462,12013,3756.989,Warren Lu,WARREN LU
46463,11423,3729.364,Jasmine Lewis,JASMINE LEWIS
46464,12885,3953.9884,Tristan Gonzales,TRISTAN GONZALES
46465,12898,3953.9884,Jaclyn Zhang,JACLYN ZHANG
46466,12915,3953.9884,Jaclyn Wu,JACLYN WU
46467,12180,3953.9884,Dawn Zhu,DAWN ZHU
46469,19033,772.5036,Gary Gill,GARY GILL
46470,14915,772.5036,Richard Cook,RICHARD COOK
46471,14979,3953.9884,Randall Blanco,RANDALL BLANCO
46472,12248,3756.989,Emily Martin,EMILY MARTIN
46473,14969,3953.9884,Devin Morgan,DEVIN MORGAN
46475,20575,772.5036,Kaitlyn Cox,KAITLYN COX
46477,12009,3756.989,Alexis Thomas,ALEXIS THOMAS
46479,12768,3953.9884,Omar Rai,OMAR RAI
46481,20623,3953.9884,Kaitlyn Long,KAITLYN LONG
46482,12245,3756.989,Emily White,EMILY WHITE
46483,12883,3953.9884,Robyn Diaz,ROBYN DIAZ
46484,12437,3953.9884,Jon Pal,JON PAL
46485,12755,3953.9884,Omar Andersen,OMAR ANDERSEN
46486,19901,772.5036,Nicole Bailey,NICOLE BAILEY
46487,14913,772.5036,Chase Ward,CHASE WARD
46488,20628,3953.9884,Kaitlyn Flores,KAITLYN FLORES
46490,12189,3953.9884,Dawn Guo,DAWN GUO
46492,12198,3953.9884,Abigail Simmons,ABIGAIL SIMMONS
46493,15023,772.5036,Renee Ramos,RENEE RAMOS
46496,20627,3953.9884,Katie Chande,KATIE CHANDE
46497,13558,3953.9884,Miguel Patterson,MIGUEL PATTERSON
46498,12881,3953.9884,Rafael Nara,RAFAEL NARA
46499,12179,3953.9884,Anna Miller,ANNA MILLER
46500,12208,3953.9884,Gail Alexander,GAIL ALEXANDER
46501,19518,772.5036,Brett Garcia,BRETT GARCIA
46502,19051,772.5036,Gary Ortega,GARY ORTEGA
46503,12764,3953.9884,Alexis Flores,ALEXIS FLORES
46504,15005,772.5036,Mark Bebbington,MARK BEBBINGTON
46505,12241,3756.989,Dawn Beck,DAWN BECK
46506,12242,3729.364,Emily Thomas,EMILY THOMAS
46509,12886,3953.9884,Tristan Bryant,TRISTAN BRYANT
46512,12209,3953.9884,Dawn Luo,DAWN LUO
46514,19028,772.5036,Gary Romero,GARY ROMERO
46515,19904,772.5036,Shannon Martin,SHANNON MARTIN
46517,20624,3953.9884,Kaitlyn Patterson,KAITLYN PATTERSON
46519,15660,3953.9884,Timothy Evans,TIMOTHY EVANS
46521,12770,3953.9884,Alexis Simmons,ALEXIS SIMMONS
46522,12882,3953.9884,Tristan Foster,TRISTAN FOSTER
46523,12756,3953.9884,Alexis Perry,ALEXIS PERRY
46526,12253,3756.989,Emily Robinson,EMILY ROBINSON
46528,15063,3953.9884,Gina Vazquez,GINA VAZQUEZ
46529,12784,3953.9884,Rafael Wang,RAFAEL WANG
46531,12423,3953.9884,Ashley Anderson,ASHLEY ANDERSON
46532,19041,772.5036,Lauren Jenkins,LAUREN JENKINS
46534,20620,3953.9884,Katie Pal,KATIE PAL
46536,13556,3953.9884,Jon Zhu,JON ZHU
46537,11427,3756.989,Jasmine Hall,JASMINE HALL
46538,12774,3953.9884,Alexis Gonzales,ALEXIS GONZALES
46539,12200,3953.9884,Dawn Zeng,DAWN ZENG
46541,20617,3953.9884,Katie Holt,KATIE HOLT
46542,11431,3756.989,Jenny Wagner,JENNY WAGNER
46543,11549,3756.989,Alyssa Garcia,ALYSSA GARCIA
46544,12766,3953.9884,Alexis Washington,ALEXIS WASHINGTON
46546,12780,3953.9884,Alexis Russell,ALEXIS RUSSELL
46547,12917,3953.9884,Aidan Washington,AIDAN WASHINGTON
46548,12418,3953.9884,Lacey Luo,LACEY LUO
46549,12452,3953.9884,Jon Rai,JON RAI
46551,14914,772.5036,Juan Ward,JUAN WARD
46552,15017,772.5036,Renee Dominguez,RENEE DOMINGUEZ
46555,12010,3729.364,Alexis White,ALEXIS WHITE
46557,12904,3953.9884,Jaclyn Liu,JACLYN LIU
46558,12184,3953.9884,Damien Yuan,DAMIEN YUAN
46559,12762,3953.9884,Alexis Patterson,ALEXIS PATTERSON
46561,20625,3953.9884,Kaitlyn Hughes,KAITLYN HUGHES
46562,14978,3953.9884,Marcus Morgan,MARCUS MORGAN
46564,11494,3756.989,Destiny Anderson,DESTINY ANDERSON
46565,12769,3953.9884,Alexis Butler,ALEXIS BUTLER
46566,12789,3953.9884,Janice Bennett,JANICE BENNETT
46567,12707,3953.9884,Omar Ma,OMAR MA
46568,12761,3953.9884,Omar Chander,OMAR CHANDER
46569,12450,3953.9884,Ashley Walker,ASHLEY WALKER
46570,13536,3953.9884,Jeremiah Hayes,JEREMIAH HAYES
46571,15668,3953.9884,Samuel Edwards,SAMUEL EDWARDS
46572,13552,3953.9884,Jon Xu,JON XU
46573,13555,3953.9884,Jon Sun,JON SUN
46574,12243,3729.364,Emily Jackson,EMILY JACKSON
46575,12338,3729.364,Madison Thompson,MADISON THOMPSON
46577,12913,3953.9884,Aidan Patterson,AIDAN PATTERSON
46578,12178,3953.9884,Anna Davis,ANNA DAVIS
46579,12186,3953.9884,Dawn Ma,DAWN MA
46580,12187,3953.9884,Anna Anderson,ANNA ANDERSON
46581,12188,3953.9884,Juha-Pekka Posti,JUHA-PEKKA POSTI
46582,12207,3953.9884,Dawn Tang,DAWN TANG
46583,20622,3953.9884,Kaitlyn Powell,KAITLYN POWELL
46584,12252,3729.364,Emily Martinez,EMILY MARTINEZ
46585,15050,3953.9884,Lucas Blue,LUCAS BLUE
46586,12364,3953.9884,Samantha Jones,SAMANTHA JONES
46587,12448,3953.9884,Jon Nara,JON NARA
46588,20035,3729.364,Donald Srini,DONALD SRINI
46591,12773,3953.9884,Omar Goel,OMAR GOEL
46593,12912,3953.9884,Aidan Long,AIDAN LONG
46595,15691,3953.9884,Luis Edwards,LUIS EDWARDS
46596,12037,3729.364,Alisha Beck,ALISHA BECK
46597,12039,3729.364,Alisha Raji,ALISHA RAJI
46598,15080,3953.9884,Jesse Murphy,JESSE MURPHY
46599,12206,3953.9884,Dawn Xie,DAWN XIE
46600,19027,772.5036,Gary Alonso,GARY ALONSO
46603,12240,3756.989,Warren Cai,WARREN CAI
46676,18047,1105.4834,Abby Lopez,ABBY LOPEZ
46677,15460,2410.6266,Marcus Reed,MARCUS REED
46678,19930,865.204,Nicole Ramirez,NICOLE RAMIREZ
46679,13062,2410.6266,Hannah Russell,HANNAH RUSSELL
46681,12349,2264.2536,Madison Lewis,MADISON LEWIS
46682,12355,2264.2536,Lacey Wang,LACEY WANG
46683,12571,2288.9187,Clayton Wagner,CLAYTON WAGNER
46684,18125,1105.4834,David Williams,DAVID WILLIAMS
46685,12947,2410.6266,Jaclyn He,JACLYN HE
46686,20577,865.204,Dwayne Vazquez,DWAYNE VAZQUEZ
46687,15457,2410.6266,Devin Reed,DEVIN REED
46688,12929,2699.9018,Jaclyn Xu,JACLYN XU
46689,13032,2699.9018,Louis Zhou,LOUIS ZHOU
46690,13039,2699.9018,Damien Shan,DAMIEN SHAN
46691,13142,2699.9018,Edwin Zhou,EDWIN ZHOU
46692,13208,2699.9018,Antonio Flores,ANTONIO FLORES
46693,13210,2410.6266,Antonio Washington,ANTONIO WASHINGTON
46694,13220,2410.6266,Antonio Alexander,ANTONIO ALEXANDER
46695,20208,2264.2536,George Raman,GEORGE RAMAN
46700,16942,1105.4834,Carl Tang,CARL TANG
46701,15114,2410.6266,Jill Suarez,JILL SUAREZ
46702,15116,2699.9018,Devin Murphy,DEVIN MURPHY
46703,20576,865.204,Kristin Yuan,KRISTIN YUAN
46704,13059,2699.9018,Robyn Navarro,ROBYN NAVARRO
46705,13085,2699.9018,Madison Patterson,MADISON PATTERSON
46706,20186,2288.9187,George Patel,GEORGE PATEL
46707,15199,865.204,Isaac Rivera,ISAAC RIVERA
46709,19172,1105.4834,Megan Gonzales,MEGAN GONZALES
46710,11484,2288.9187,Destiny Davis,DESTINY DAVIS
46711,13592,2699.9018,Walter Navarro,WALTER NAVARRO
46712,13779,2410.6266,Briana Suarez,BRIANA SUAREZ
46714,13093,2699.9018,Wyatt Hayes,WYATT HAYES
46718,12570,2264.2536,Clayton Zhang,CLAYTON ZHANG
46719,11604,2264.2536,Anna Garcia,ANNA GARCIA
46720,13667,2410.6266,Rodney Jimenez,RODNEY JIMENEZ
46721,16046,2699.9018,Angel Turner,ANGEL TURNER
46722,17095,1105.4834,Shaun Jai,SHAUN JAI
46723,12918,2699.9018,Aidan Butler,AIDAN BUTLER
46728,12354,2264.2536,Lacey Zhang,LACEY ZHANG
46730,15100,2410.6266,Jill Dominguez,JILL DOMINGUEZ
46731,15101,2410.6266,Cole Murphy,COLE MURPHY
46732,13992,1105.4834,Seth Diaz,SETH DIAZ
46734,13060,2410.6266,Louis Hu,LOUIS HU
46735,13226,2410.6266,Antonio Russell,ANTONIO RUSSELL
46736,12341,2264.2536,Colleen Nath,COLLEEN NATH
46737,12346,2288.9187,Madison Clark,MADISON CLARK
46738,12576,2264.2536,Clayton Li,CLAYTON LI
46739,15699,2410.6266,Luke Edwards,LUKE EDWARDS
46740,12980,2410.6266,Emily Price,EMILY PRICE
46742,20206,2264.2536,Florian Stiller,FLORIAN STILLER
46745,13056,2699.9018,Louis He,LOUIS HE
46746,13057,2699.9018,Louis Zheng,LOUIS ZHENG
46749,12350,2288.9187,Madison Lee,MADISON LEE
46750,16054,2410.6266,Isaac Turner,ISAAC TURNER
46751,12934,2410.6266,Aidan Diaz,AIDAN DIAZ
46752,19931,865.204,Shannon Ruiz,SHANNON RUIZ
46756,13993,1105.4834,Joanna Blanco,JOANNA BLANCO
46758,18130,1105.4834,Alexander Jones,ALEXANDER JONES
46759,16033,2410.6266,Bobby Sanchez,BOBBY SANCHEZ
46760,13986,1105.4834,Joanna Dominguez,JOANNA DOMINGUEZ
46761,19924,865.204,Kathryn Nara,KATHRYN NARA
46762,13063,2699.9018,Hannah Griffin,HANNAH GRIFFIN
46763,13202,2410.6266,Antonio Powell,ANTONIO POWELL
46765,15191,865.204,Teresa Jimenez,TERESA JIMENEZ
46767,12573,2264.2536,Ashley Jenkins,ASHLEY JENKINS
46769,15702,2410.6266,Adam Edwards,ADAM EDWARDS
46770,15357,2699.9018,Brenda Sai,BRENDA SAI
46771,13068,2410.6266,Louis She,LOUIS SHE
46772,13161,2410.6266,Edwin Gao,EDWIN GAO
46773,13173,2410.6266,Spencer Russell,SPENCER RUSSELL
46774,13225,2410.6266,Roger Chen,ROGER CHEN
46776,12356,2264.2536,Madison Hall,MADISON HALL
46777,11568,2288.9187,Barbara Gao,BARBARA GAO
46778,11610,2288.9187,Barbara Andersen,BARBARA ANDERSEN
46779,15929,2410.6266,Jonathan Roberts,JONATHAN ROBERTS
46780,12942,2410.6266,Jaclyn Liang,JACLYN LIANG
46781,12949,2410.6266,Jaclyn Zheng,JACLYN ZHENG
46782,12975,2410.6266,Jaclyn Lal,JACLYN LAL
46783,19069,865.204,Lauren Alexander,LAUREN ALEXANDER
46784,13178,2410.6266,Edwin Shen,EDWIN SHEN
46785,13190,2410.6266,Antonio Ross,ANTONIO ROSS
46787,15195,865.204,Martin Rienstra,MARTIN RIENSTRA
46788,12342,2264.2536,Madison Garcia,MADISON GARCIA
46790,12930,2410.6266,Aidan Russell,AIDAN RUSSELL
46791,13016,2699.9018,Emily Diaz,EMILY DIAZ
46792,13083,2410.6266,Madison Long,MADISON LONG
46793,13214,2410.6266,Antonio Simmons,ANTONIO SIMMONS
46799,13662,2410.6266,Javier Rubio,JAVIER RUBIO
46800,13019,2699.9018,Hannah Price,HANNAH PRICE
46802,15188,865.204,Dalton Bailey,DALTON BAILEY
46803,13595,2410.6266,Walter Gutierrez,WALTER GUTIERREZ
46804,19052,865.204,Craig Martin,CRAIG MARTIN
46805,13055,2410.6266,Hannah Gonzales,HANNAH GONZALES
46807,12339,2288.9187,Colleen Nara,COLLEEN NARA
46808,12347,2264.2536,Warren Xie,WARREN XIE
46809,13766,2410.6266,Monique Alonso,MONIQUE ALONSO
46810,15622,2699.9018,Jimmy Gomez,JIMMY GOMEZ
46811,12941,2699.9018,Dakota Wood,DAKOTA WOOD
46812,13069,2410.6266,Madison Bennett,MADISON BENNETT
46813,13152,2410.6266,Spencer Long,SPENCER LONG
46814,13165,2410.6266,Spencer Gonzales,SPENCER GONZALES
46816,13230,2699.9018,Antonio Hayes,ANTONIO HAYES
46822,15155,865.204,Juan Bailey,JUAN BAILEY
46823,15193,865.204,Angel Rivera,ANGEL RIVERA
46825,12574,2288.9187,Ashley Perry,ASHLEY PERRY
46826,12575,2264.2536,Clayton Chen,CLAYTON CHEN
46827,13799,2410.6266,Richard Bryant,RICHARD BRYANT
46828,13990,1105.4834,Seth Griffin,SETH GRIFFIN
46830,19910,865.204,Kathryn Yuan,KATHRYN YUAN
46831,13066,2699.9018,Hannah Hayes,HANNAH HAYES
46832,20188,2288.9187,George Vance,GEORGE VANCE
46833,12360,2288.9187,Lacey Liu,LACEY LIU
46834,12923,2410.6266,Aidan Foster,AIDAN FOSTER
46835,13768,2410.6266,Monique Romero,MONIQUE ROMERO
46836,13769,2410.6266,Richard Wood,RICHARD WOOD
46837,14003,1105.4834,Patrick James,PATRICK JAMES
46838,12922,2410.6266,Aidan Simmons,AIDAN SIMMONS
46840,13058,2699.9018,Hannah Bryant,HANNAH BRYANT
46841,13174,2410.6266,Edwin She,EDWIN SHE
46842,15166,865.204,Steven Bailey,STEVEN BAILEY
46844,12343,2264.2536,Madison Martinez,MADISON MARTINEZ
46845,11603,2264.2536,Barbara Sharma,BARBARA SHARMA
46846,13575,2410.6266,Miguel Alexander,MIGUEL ALEXANDER
46847,13793,2410.6266,Richard Simmons,RICHARD SIMMONS
46848,16201,2410.6266,Tina Rana,TINA RANA
46850,13221,2699.9018,Edwin Ferrier,EDWIN FERRIER
46851,20209,2264.2536,Alyssa Gonzales,ALYSSA GONZALES
46852,15194,865.204,Isaiah Rivera,ISAIAH RIVERA
46855,15117,2410.6266,Jill Sandoval,JILL SANDOVAL
46856,12935,2699.9018,Jaclyn Zhu,JACLYN ZHU
46857,13064,2410.6266,Hannah Diaz,HANNAH DIAZ
46858,13067,2699.9018,Madison Price,MADISON PRICE
46859,13205,2699.9018,Edwin Nara,EDWIN NARA
46862,11550,2264.2536,Barbara Zhou,BARBARA ZHOU
46863,11575,2264.2536,Barbara He,BARBARA HE
46864,16045,2410.6266,Carlos Turner,CARLOS TURNER
46865,15456,2410.6266,Nancy Sai,NANCY SAI
46866,12981,2699.9018,Jaclyn Jai,JACLYN JAI
46867,13029,2410.6266,Hannah Coleman,HANNAH COLEMAN
46868,13189,2699.9018,Edwin Yuan,EDWIN YUAN
46869,13577,2410.6266,Miguel Griffin,MIGUEL GRIFFIN
46870,13605,2699.9018,Blake Washington,BLAKE WASHINGTON
46871,13800,2699.9018,Briana Sandoval,BRIANA SANDOVAL
46872,19186,1105.4834,Philip Jimenez,PHILIP JIMENEZ
46875,11470,2264.2536,Jenny Zheng,JENNY ZHENG
46876,15084,2410.6266,Timothy Murphy,TIMOTHY MURPHY
46877,12926,2699.9018,Aidan Bryant,AIDAN BRYANT
46879,13224,2410.6266,Robyn Ramos,ROBYN RAMOS
46880,15167,865.204,Kendra Ramos,KENDRA RAMOS
46881,12572,2288.9187,Ashley Coleman,ASHLEY COLEMAN
46884,13565,2699.9018,Miguel Washington,MIGUEL WASHINGTON
46885,15933,2410.6266,Logan Roberts,LOGAN ROBERTS
46887,12340,2264.2536,Colleen Rai,COLLEEN RAI
46889,19173,1105.4834,Casey Rubio,CASEY RUBIO
46890,12921,2699.9018,Jaclyn Ye,JACLYN YE
46891,20592,865.204,Kaitlyn Watson,KAITLYN WATSON
46892,13086,2699.9018,Louis Yuan,LOUIS YUAN
46896,15189,865.204,Teresa Alvarez,TERESA ALVAREZ
46899,13999,1105.4834,Xavier Bennett,XAVIER BENNETT
46903,12353,2288.9187,Madison Walker,MADISON WALKER
46904,17080,1105.4834,Shaun Shen,SHAUN SHEN
46905,16053,2410.6266,Sunil Uppal,SUNIL UPPAL
46906,12950,2699.9018,Dakota Perry,DAKOTA PERRY
46907,13087,2699.9018,Madison Hughes,MADISON HUGHES
46910,20710,865.204,Amy Lin,AMY LIN
46912,13177,2410.6266,Spencer Diaz,SPENCER DIAZ
46913,13212,2410.6266,Antonio Butler,ANTONIO BUTLER
46916,15196,865.204,Evan Rivera,EVAN RIVERA
46919,11481,2264.2536,Destiny Jones,DESTINY JONES
46920,11609,2264.2536,Anna Rodriguez,ANNA RODRIGUEZ
46921,15454,2410.6266,Cody Reed,CODY REED
46922,13088,2699.9018,Louis Kumar,LOUIS KUMAR
46923,13176,2699.9018,Spencer Griffin,SPENCER GRIFFIN
46924,13203,2410.6266,Antonio Long,ANTONIO LONG
46927,12348,2264.2536,Colleen Beck,COLLEEN BECK
46928,12358,2288.9187,Lacey Chen,LACEY CHEN
47068,13246,2699.9018,Damien Jai,DAMIEN JAI
47069,14017,1105.4834,Tanya Moreno,TANYA MORENO
47070,14025,1105.4834,Charles James,CHARLES JAMES
47071,15667,2699.9018,Nathan Edwards,NATHAN EDWARDS
47072,20062,865.204,Destiny Wood,DESTINY WOOD
47075,12685,2264.2536,Omar Huang,OMAR HUANG
47076,12588,2264.2536,Clayton Zhou,CLAYTON ZHOU
47077,16329,2699.9018,Katrina Tang,KATRINA TANG
47078,13248,2410.6266,Roger Lu,ROGER LU
47079,13359,2410.6266,Julian Hayes,JULIAN HAYES
47081,15203,865.204,Timothy Rivera,TIMOTHY RIVERA
47082,15254,865.204,Heidi Arun,HEIDI ARUN
47083,15288,865.204,Xavier Sanchez,XAVIER SANCHEZ
47085,16311,2410.6266,Sean Gonzalez,SEAN GONZALEZ
47086,13378,2410.6266,Willie Shen,WILLIE SHEN
47087,13383,2410.6266,Oscar Flores,OSCAR FLORES
47088,13274,2699.9018,Gavin Price,GAVIN PRICE
47089,15284,865.204,Heidi Rodriguez,HEIDI RODRIGUEZ
47093,13380,2699.9018,Willie Tang,WILLIE TANG
47094,15664,2410.6266,Jimmy Ramos,JIMMY RAMOS
47098,12667,2264.2536,Elizabeth Perry,ELIZABETH PERRY
47100,11612,2264.2536,Marshall Chander,MARSHALL CHANDER
47101,16260,2410.6266,Denise Martinez,DENISE MARTINEZ
47102,13424,2699.9018,Xavier Butler,XAVIER BUTLER
47103,13369,2699.9018,Willie Cai,WILLIE CAI
47104,13279,2410.6266,Roger Deng,ROGER DENG
47105,13319,2410.6266,Julian Wood,JULIAN WOOD
47107,11616,2288.9187,Anna Hall,ANNA HALL
47108,13839,2699.9018,Briana Ortega,BRIANA ORTEGA
47112,20318,2288.9187,Cindy Foster,CINDY FOSTER
47113,15255,865.204,Heidi Srini,HEIDI SRINI
47117,12586,2288.9187,Clayton Lin,CLAYTON LIN
47119,16275,2699.9018,Caleb Gonzalez,CALEB GONZALEZ
47120,14006,1105.4834,Joanna Ortega,JOANNA ORTEGA
47122,13362,2410.6266,Willie Liang,WILLIE LIANG
47124,13384,2410.6266,Willie Luo,WILLIE LUO
47125,13325,2410.6266,Roger Goel,ROGER GOEL
47126,13326,2410.6266,Julian Coleman,JULIAN COLEMAN
47129,12677,2288.9187,Omar Chen,OMAR CHEN
47130,16406,2410.6266,Latoya Becker,LATOYA BECKER
47131,13243,2410.6266,Carson Perry,CARSON PERRY
47132,13283,2410.6266,Gavin Henderson,GAVIN HENDERSON
47133,13357,2410.6266,Willie Zhu,WILLIE ZHU
47137,13348,2410.6266,Willie Lin,WILLIE LIN
47138,16308,2410.6266,Jesse Gonzalez,JESSE GONZALEZ
47139,13238,2410.6266,Roger Zhou,ROGER ZHOU
47143,12684,2264.2536,Elizabeth Simmons,ELIZABETH SIMMONS
47146,18133,1105.4834,Randy Zhang,RANDY ZHANG
47147,13324,2410.6266,Julian Henderson,JULIAN HENDERSON
47149,12669,2264.2536,Clayton Beck,CLAYTON BECK
47150,15625,2699.9018,Jimmy Ruiz,JIMMY RUIZ
47155,13801,2699.9018,Linda Alvarez,LINDA ALVAREZ
47163,12671,2264.2536,Clayton Raji,CLAYTON RAJI
47164,12123,2264.2536,Kelli Jai,KELLI JAI
47165,15649,2699.9018,Alex Evans,ALEX EVANS
47166,15656,2699.9018,Jesse Evans,JESSE EVANS
47167,13419,2410.6266,Xavier Flores,XAVIER FLORES
47168,13286,2410.6266,Gavin Coleman,GAVIN COLEMAN
47172,12668,2288.9187,Elizabeth Powell,ELIZABETH POWELL
47173,12675,2288.9187,Omar Wang,OMAR WANG
47174,12584,2288.9187,Ashley Hughes,ASHLEY HUGHES
47175,13812,2699.9018,Linda Romero,LINDA ROMERO
47176,11492,2264.2536,Destiny Taylor,DESTINY TAYLOR
47177,14022,1105.4834,Cody James,CODY JAMES
47178,14026,1105.4834,Devin James,DEVIN JAMES
47180,13287,2699.9018,Gavin Jenkins,GAVIN JENKINS
47181,13329,2699.9018,Roger Raji,ROGER RAJI
47183,15200,865.204,Jesse Rivera,JESSE RIVERA
47185,12133,2288.9187,Taylor Brown,TAYLOR BROWN
47186,13806,2410.6266,Linda Moreno,LINDA MORENO
47187,18134,1105.4834,Christian Thomas,CHRISTIAN THOMAS
47188,19253,1105.4834,Victor Carlson,VICTOR CARLSON
47191,13382,2410.6266,Willie Xu,WILLIE XU
47192,16328,2410.6266,Katrina Xie,KATRINA XIE
47193,20162,865.204,Phillip Smith,PHILLIP SMITH
47194,13269,2410.6266,Roger Cai,ROGER CAI
47195,13355,2410.6266,Willie Xu,WILLIE XU
47198,14169,2699.9018,Carlos Kelly,CARLOS KELLY
47199,20051,865.204,Shannon Alonso,SHANNON ALONSO
47200,13247,2410.6266,Robyn Carlson,ROBYN CARLSON
47206,15256,865.204,Nathaniel Sanchez,NATHANIEL SANCHEZ
47211,12578,2264.2536,Clayton Liu,CLAYTON LIU
47212,12580,2264.2536,Clayton Yang,CLAYTON YANG
47213,16287,2410.6266,Casey Yuan,CASEY YUAN
47214,19195,1105.4834,Philip Romero,PHILIP ROMERO
47219,12577,2264.2536,Josue Dominguez,JOSUE DOMINGUEZ
47220,12579,2264.2536,Ashley Powell,ASHLEY POWELL
47221,13823,2699.9018,Marcus Coleman,MARCUS COLEMAN
47224,15659,2699.9018,Jimmy Blanco,JIMMY BLANCO
47225,13277,2410.6266,Gavin Wood,GAVIN WOOD
47226,13314,2699.9018,Robyn Rubio,ROBYN RUBIO
47228,13237,2410.6266,Carson Barnes,CARSON BARNES
47231,11564,2264.2536,Chloe Smith,CHLOE SMITH
47232,15627,2410.6266,Caleb Evans,CALEB EVANS
47233,16250,2410.6266,Samuel Gonzalez,SAMUEL GONZALEZ
47234,19260,1105.4834,Victor Rubio,VICTOR RUBIO
47235,16317,2410.6266,Logan Nelson,LOGAN NELSON
47236,14023,1105.4834,Joy Moyer,JOY MOYER
47238,16405,2699.9018,Latoya Goel,LATOYA GOEL
47243,20712,865.204,Amy Ye,AMY YE
47244,19193,1105.4834,Brianna Reed,BRIANNA REED
47245,16420,2410.6266,Aaron Carter,AARON CARTER
47246,20713,865.204,Morgan Henderson,MORGAN HENDERSON
47247,13292,2410.6266,Robyn Sanz,ROBYN SANZ
47248,13340,2410.6266,Julian Flores,JULIAN FLORES
47249,13346,2410.6266,Julian Alexander,JULIAN ALEXANDER
47252,12676,2288.9187,Elizabeth Hughes,ELIZABETH HUGHES
47253,12683,2288.9187,Elizabeth Butler,ELIZABETH BUTLER
47254,15276,865.204,Heidi Lopez,HEIDI LOPEZ
47255,11561,2264.2536,Alyssa Lee,ALYSSA LEE
47256,16417,2410.6266,Jason Carter,JASON CARTER
47257,14141,2699.9018,Louis Zhang,LOUIS ZHANG
47258,13298,2410.6266,Gavin Hughes,GAVIN HUGHES
47259,13351,2410.6266,Briana Martin,BRIANA MARTIN
47260,13233,2410.6266,Carson Price,CARSON PRICE
47263,12589,2264.2536,Clayton Ye,CLAYTON YE
47264,16410,2699.9018,Tracy She,TRACY SHE
47265,13250,2410.6266,Roger Xu,ROGER XU
47267,12674,2288.9187,Elizabeth Patterson,ELIZABETH PATTERSON
47271,18140,1105.4834,David Robinson,DAVID ROBINSON
47273,13420,2699.9018,Colin Wang,COLIN WANG
47274,16407,2699.9018,Gloria Munoz,GLORIA MUNOZ
47275,19076,865.204,Craig Vazquez,CRAIG VAZQUEZ
47276,15289,865.204,Heidi Perez,HEIDI PEREZ
47279,12680,2264.2536,Juan Ramos,JUAN RAMOS
47280,11615,2288.9187,Deb Wagner,DEB WAGNER
47281,17099,1105.4834,Shaun Pal,SHAUN PAL
47282,19258,1105.4834,Victor Sanz,VICTOR SANZ
47283,15655,2410.6266,Isaac Evans,ISAAC EVANS
47284,13402,2699.9018,Willie Chande,WILLIE CHANDE
47286,19944,865.204,Julie Xu,JULIE XU
47287,13280,2410.6266,Mason Bendixen,MASON BENDIXEN
47288,13353,2410.6266,Julian Griffin,JULIAN GRIFFIN
47291,16318,2410.6266,Nathan Nelson,NATHAN NELSON
47292,13811,2410.6266,Linda Ferrier,LINDA FERRIER
47293,19192,1105.4834,Philip Alonso,PHILIP ALONSO
47294,18139,1105.4834,Randy Chen,RANDY CHEN
47295,14005,1105.4834,Bryce James,BRYCE JAMES
47296,14024,1105.4834,Tanya Romero,TANYA ROMERO
47297,13385,2410.6266,Briana Ruiz,BRIANA RUIZ
47298,13403,2410.6266,Xavier Coleman,XAVIER COLEMAN
47299,13425,2699.9018,Colin Li,COLIN LI
47300,20717,865.204,Morgan Jenkins,MORGAN JENKINS
47302,12670,2264.2536,Elizabeth Long,ELIZABETH LONG
47304,16272,2410.6266,Aaron Gonzalez,AARON GONZALEZ
47307,20711,865.204,Morgan Ross,MORGAN ROSS
47308,20718,865.204,Amy Sun,AMY SUN
47309,13316,2410.6266,Gavin Hayes,GAVIN HAYES
47311,15252,865.204,Patrick Sanchez,PATRICK SANCHEZ
47312,15280,865.204,Richard Sanchez,RICHARD SANCHEZ
47314,12673,2264.2536,Omar Zhang,OMAR ZHANG
47315,13840,2410.6266,Marcus Washington,MARCUS WASHINGTON
47316,13361,2699.9018,Oscar Price,OSCAR PRICE
47317,14154,2410.6266,Richard Brooks,RICHARD BROOKS
47318,13273,2410.6266,Carson Hayes,CARSON HAYES
47319,13299,2699.9018,Gavin Washington,GAVIN WASHINGTON
47320,13315,2410.6266,Roger Chander,ROGER CHANDER
47321,13354,2410.6266,Julian Diaz,JULIAN DIAZ
47322,15287,865.204,Heidi Sanchez,HEIDI SANCHEZ
47324,13400,2410.6266,Willie Andersen,WILLIE ANDERSEN
47325,13278,2410.6266,Roger She,ROGER SHE
47326,13288,2410.6266,Gavin Perry,GAVIN PERRY
47327,13304,2410.6266,Gavin Gonzales,GAVIN GONZALES
47328,12681,2264.2536,Omar Liu,OMAR LIU
47329,13367,2410.6266,Willie Zheng,WILLIE ZHENG
47330,16324,2699.9018,Casey Anand,CASEY ANAND
47332,20350,2288.9187,Dwayne Ruiz,DWAYNE RUIZ
47335,12581,2288.9187,Ashley Long,ASHLEY LONG
47338,16277,2410.6266,Casey She,CASEY SHE
47339,15626,2410.6266,Aaron Evans,AARON EVANS
47340,13401,2699.9018,Willie Raje,WILLIE RAJE
47344,12686,2288.9187,Omar Lin,OMAR LIN
47345,12583,2288.9187,Nuan Wu,NUAN WU
47346,12585,2264.2536,Ashley Flores,ASHLEY FLORES
47460,19255,865.204,Victor Suarez,VICTOR SUAREZ
47462,15926,2410.6266,Manuel Madan,MANUEL MADAN
47463,14203,2410.6266,Cody Kelly,CODY KELLY
47464,16461,2699.9018,Misty Kumar,MISTY KUMAR
47465,15303,865.204,Mason Morris,MASON MORRIS
47467,13446,2410.6266,Colin Lu,COLIN LU
47469,19301,1105.4834,Erik Sanz,ERIK SANZ
47471,14539,2699.9018,Mathew Blanco,MATHEW BLANCO
47472,13438,2410.6266,Xavier Diaz,XAVIER DIAZ
47476,12693,2288.9187,Omar Zhao,OMAR ZHAO
47483,14424,2410.6266,Chase Peterson,CHASE PETERSON
47484,16452,2410.6266,Misty Tang,MISTY TANG
47485,14524,2410.6266,Dalton Gray,DALTON GRAY
47486,14538,2410.6266,Mason Ramirez,MASON RAMIREZ
47487,16427,2410.6266,Luke Carter,LUKE CARTER
47488,13426,2410.6266,Xavier Simmons,XAVIER SIMMONS
47491,15932,2699.9018,Manuel Rana,MANUEL RANA
47492,19181,865.204,Philip Diaz,PHILIP DIAZ
47494,15927,2410.6266,James Roberts,JAMES ROBERTS
47495,16196,2699.9018,Tina Smith,TINA SMITH
47496,16470,2410.6266,Gloria Gutierrez,GLORIA GUTIERREZ
47497,14170,2699.9018,Angel Kelly,ANGEL KELLY
47501,12214,2264.2536,Roger Harui,ROGER HARUI
47502,19278,1105.4834,Brianna Russell,BRIANNA RUSSELL
47503,19299,1105.4834,Olivia Cook,OLIVIA COOK
47504,11605,2264.2536,Anna Martinez,ANNA MARTINEZ
47507,15311,865.204,Timothy Morris,TIMOTHY MORRIS
47510,12688,2288.9187,Omar Zhou,OMAR ZHOU
47511,14200,2410.6266,Krista Gomez,KRISTA GOMEZ
47512,16446,2410.6266,Misty Shen,MISTY SHEN
47513,15675,2699.9018,Noah Edwards,NOAH EDWARDS
47514,15684,2410.6266,Marc Hernandez,MARC HERNANDEZ
47517,15308,865.204,Jillian Srini,JILLIAN SRINI
47520,19263,1105.4834,Erik Martin,ERIK MARTIN
47521,16445,2699.9018,Carlos Carter,CARLOS CARTER
47522,14089,1105.4834,Adrian Watson,ADRIAN WATSON
47523,13443,2410.6266,Warren Lal,WARREN LAL
47526,12215,2288.9187,Dawn Kumar,DAWN KUMAR
47528,11598,2288.9187,Anna White,ANNA WHITE
47529,13429,2410.6266,Colin Liu,COLIN LIU
47530,15312,865.204,Patrick Morris,PATRICK MORRIS
47531,15325,865.204,Jillian Garcia,JILLIAN GARCIA
47535,14083,1105.4834,Melinda Carlson,MELINDA CARLSON
47536,14088,1105.4834,Melinda Rubio,MELINDA RUBIO
47537,13436,2410.6266,Colin Lin,COLIN LIN
47538,13449,2410.6266,Colin Xu,COLIN XU
47541,15314,865.204,Jillian Rana,JILLIAN RANA
47544,12694,2264.2536,Elizabeth Griffin,ELIZABETH GRIFFIN
47547,20166,865.204,Phillip Rana,PHILLIP RANA
47549,19256,865.204,Brianna McDonald,BRIANNA MCDONALD
47550,15290,865.204,Dalton Sanchez,DALTON SANCHEZ
47553,12698,2288.9187,Kayla Price,KAYLA PRICE
47554,12222,2264.2536,Emily Jones,EMILY JONES
47555,15674,2699.9018,Hunter Edwards,HUNTER EDWARDS
47556,14701,2410.6266,Hector Ruiz,HECTOR RUIZ
47557,13431,2410.6266,Colin Huang,COLIN HUANG
47559,12699,2264.2536,Omar Xu,OMAR XU
47561,15328,865.204,Jillian Fernandez,JILLIAN FERNANDEZ
47564,12210,2288.9187,Gail Russell,GAIL RUSSELL
47565,15697,2410.6266,Marc Romero,MARC ROMERO
47571,14185,2410.6266,Chase Kelly,CHASE KELLY
47573,13435,2699.9018,Colin Wu,COLIN WU
47574,20171,865.204,Alyssa Price,ALYSSA PRICE
47578,12687,2288.9187,Elizabeth Gonzales,ELIZABETH GONZALES
47579,16197,2410.6266,Sean Campbell,SEAN CAMPBELL
47580,14080,1105.4834,Joy Navarro,JOY NAVARRO
47582,13433,2410.6266,Xavier Alexander,XAVIER ALEXANDER
47583,13442,2410.6266,Colin Zhao,COLIN ZHAO
47584,19194,865.204,Brianna Cook,BRIANNA COOK
47585,15320,865.204,Sebastian Morris,SEBASTIAN MORRIS
47586,15322,865.204,Jillian Mehta,JILLIAN MEHTA
47588,16428,2410.6266,Tracy Andersen,TRACY ANDERSEN
47589,14036,1105.4834,Tanya Vazquez,TANYA VAZQUEZ
47595,14186,2699.9018,Sabrina Blanco,SABRINA BLANCO
47596,16199,2410.6266,Timothy Campbell,TIMOTHY CAMPBELL
47600,17188,1105.4834,Tony Pal,TONY PAL
47601,14192,2410.6266,Cole Kelly,COLE KELLY
47602,19174,865.204,Casey Ortega,CASEY ORTEGA
47605,17187,1105.4834,Naomi Martin,NAOMI MARTIN
47606,15928,2410.6266,Manuel Srini,MANUEL SRINI
47607,14081,1105.4834,Melinda Ramos,MELINDA RAMOS
47609,15309,865.204,Sean Morris,SEAN MORRIS
47612,16465,2699.9018,Misty Sharma,MISTY SHARMA
47613,14037,1105.4834,Tanya Blanco,TANYA BLANCO
47614,15302,865.204,Paula Rubio,PAULA RUBIO
47615,15329,865.204,Steven Morris,STEVEN MORRIS
47619,12689,2288.9187,Elizabeth Bryant,ELIZABETH BRYANT
47620,12239,2288.9187,Emily Anderson,EMILY ANDERSON
47621,14044,1105.4834,Tanya Carlson,TANYA CARLSON
47627,16444,2699.9018,Misty Deng,MISTY DENG
47628,16509,2699.9018,Aaron Mitchell,AARON MITCHELL
47629,15685,2699.9018,Marc Alvarez,MARC ALVAREZ
47634,11570,2288.9187,Barbara Ma,BARBARA MA
47635,12216,2288.9187,Emily Smith,EMILY SMITH
47637,13447,2410.6266,Dalton Bennett,DALTON BENNETT
47639,15321,865.204,Cole Morris,COLE MORRIS
47642,17109,1105.4834,Aaron King,AARON KING
47643,19290,1105.4834,Nelson Torres,NELSON TORRES
47644,15693,2410.6266,Aaron Edwards,AARON EDWARDS
47645,14555,2410.6266,Mathew Ortega,MATHEW ORTEGA
47646,20373,2288.9187,Shawn Luo,SHAWN LUO
47648,12263,2288.9187,Emily Hall,EMILY HALL
47649,16447,2410.6266,Angel Carter,ANGEL CARTER
47650,16512,2699.9018,Adam Mitchell,ADAM MITCHELL
47653,20163,865.204,Phillip Prasad,PHILLIP PRASAD
47731,12283,2264.2536,Colleen Ma,COLLEEN MA
47732,13452,2699.9018,Colin Sun,COLIN SUN
47733,13461,2410.6266,Dalton Powell,DALTON POWELL
47734,15333,865.204,Jillian Lopez,JILLIAN LOPEZ
47736,12705,2264.2536,Kayla Barnes,KAYLA BARNES
47737,13018,2288.9187,Robyn Alonso,ROBYN ALONSO
47740,15337,865.204,Richard Morris,RICHARD MORRIS
47741,15343,865.204,Seth Morris,SETH MORRIS
47743,12988,2264.2536,Emily Ross,EMILY ROSS
47744,12989,2264.2536,Jaclyn Chander,JACLYN CHANDER
47745,12998,2264.2536,Emily Long,EMILY LONG
47746,13022,2264.2536,Tamara Yang,TAMARA YANG
47747,16253,2410.6266,Hunter Gonzalez,HUNTER GONZALEZ
47753,13020,2264.2536,Hannah Bennett,HANNAH BENNETT
47754,14104,1105.4834,Lucas Watson,LUCAS WATSON
47755,17195,1105.4834,Robert Thomas,ROBERT THOMAS
47756,12272,2288.9187,Hannah Jones,HANNAH JONES
47757,16530,2410.6266,Hunter Hill,HUNTER HILL
47758,16550,2410.6266,Kara Luo,KARA LUO
47759,14773,2410.6266,Isaac Cox,ISAAC COX
47760,13482,2410.6266,Colin Xie,COLIN XIE
47761,20548,865.204,April Andersen,APRIL ANDERSEN
47769,12703,2264.2536,Kayla Wood,KAYLA WOOD
47773,15345,865.204,Jillian Perez,JILLIAN PEREZ
47774,15346,865.204,Brenda Suri,BRENDA SURI
47776,13007,2288.9187,Tamara Wang,TAMARA WANG
47778,12284,2288.9187,Colleen Liang,COLLEEN LIANG
47779,16269,2410.6266,Denise Sanchez,DENISE SANCHEZ
47780,14105,1105.4834,Seth Watson,SETH WATSON
47784,13078,2288.9187,Madison Coleman,MADISON COLEMAN
47786,14719,2699.9018,Juan Richardson,JUAN RICHARDSON
47787,16585,2699.9018,Eric Lopez,ERIC LOPEZ
47788,16546,2410.6266,Kara Tang,KARA TANG
47789,13453,2410.6266,Dalton Henderson,DALTON HENDERSON
47791,13036,2264.2536,Carol Perry,CAROL PERRY
47792,16207,2699.9018,Tina Mehta,TINA MEHTA
47793,14716,2699.9018,Nathaniel Richardson,NATHANIEL RICHARDSON
47794,20375,2288.9187,Shawn Yuan,SHAWN YUAN
47798,13000,2288.9187,Emily Patterson,EMILY PATTERSON
47799,12264,2264.2536,Warren Zeng,WARREN ZENG
47800,14798,2410.6266,Bryan Cox,BRYAN COX
47801,20555,865.204,Kaitlyn Cook,KAITLYN COOK
47806,15348,865.204,Dalton Morris,DALTON MORRIS
47807,16575,2410.6266,Jonathan Green,JONATHAN GREEN
47811,12271,2288.9187,Colleen Zhao,COLLEEN ZHAO
47812,16252,2410.6266,Denise Mehta,DENISE MEHTA
47813,14098,1105.4834,Marcus Watson,MARCUS WATSON
47818,15364,865.204,Brenda Prasad,BRENDA PRASAD
47820,13025,2288.9187,Tamara Wu,TAMARA WU
47821,13038,2288.9187,Hannah Long,HANNAH LONG
47822,13051,2288.9187,Louis Liang,LOUIS LIANG
47824,16267,2699.9018,Jason Gonzalez,JASON GONZALEZ
47825,20560,865.204,April Beck,APRIL BECK
47829,12706,2288.9187,Omar Gao,OMAR GAO
47830,19308,1105.4834,Frank Ruiz,FRANK RUIZ
47831,12281,2264.2536,Colleen Gao,COLLEEN GAO
47832,13478,2699.9018,Dalton Alexander,DALTON ALEXANDER
47837,12277,2288.9187,Colleen Sun,COLLEEN SUN
47838,13456,2410.6266,Colin Gao,COLIN GAO
47840,20584,865.204,Kaitlyn Torres,KAITLYN TORRES
47842,15338,865.204,Marcus Morris,MARCUS MORRIS
47843,15339,865.204,Ian Morris,IAN MORRIS
47845,16206,2699.9018,Gabriel Baker,GABRIEL BAKER
47846,14779,2699.9018,Danny Schmidt,DANNY SCHMIDT
47847,16278,2699.9018,Casey Deng,CASEY DENG
47849,15342,865.204,Lucas Morris,LUCAS MORRIS
47850,15350,865.204,Diane Martin,DIANE MARTIN
47854,15341,865.204,Jillian Rodriguez,JILLIAN RODRIGUEZ
47855,12987,2288.9187,Jaclyn Chande,JACLYN CHANDE
47856,12995,2264.2536,Emily Perry,EMILY PERRY
47857,13024,2264.2536,Hannah Barnes,HANNAH BARNES
47858,19302,1105.4834,Erik Rubio,ERIK RUBIO
47861,20470,2288.9187,Corey Chavez,COREY CHAVEZ
47863,15351,865.204,Brenda Chandra,BRENDA CHANDRA
47865,12701,2288.9187,Jose Carlson,JOSE CARLSON
47866,12990,2288.9187,Jaclyn Nara,JACLYN NARA
47867,12991,2264.2536,Emily Coleman,EMILY COLEMAN
47868,13021,2288.9187,Hannah Wood,HANNAH WOOD
47870,19305,1105.4834,Frank Gomez,FRANK GOMEZ
47871,14708,2410.6266,Patrick Richardson,PATRICK RICHARDSON
47872,14790,2410.6266,Roberto Hernandez,ROBERTO HERNANDEZ
47874,13462,2410.6266,Dalton Long,DALTON LONG
47878,12702,2264.2536,Omar Sun,OMAR SUN
47879,18157,1105.4834,Randy Zhao,RANDY ZHAO
47881,16553,2410.6266,Jonathan Perez,JONATHAN PEREZ
47882,13464,2410.6266,Colin He,COLIN HE
47886,13011,2264.2536,Emily Alexander,EMILY ALEXANDER
47887,13012,2288.9187,Tamara Chen,TAMARA CHEN
47888,13050,2288.9187,Hannah Butler,HANNAH BUTLER
47889,16541,2410.6266,Elijah Scott,ELIJAH SCOTT
47890,16263,2699.9018,Denise Gonzalez,DENISE GONZALEZ
47891,16290,2410.6266,Casey Lal,CASEY LAL
47895,15347,865.204,Brenda Kapoor,BRENDA KAPOOR
47896,17206,1105.4834,Tony Black,TONY BLACK
47897,16573,2410.6266,Kara Goel,KARA GOEL
47898,19276,865.204,Brianna Alexander,BRIANNA ALEXANDER
47899,12996,2264.2536,Emily Powell,EMILY POWELL
47900,13035,2264.2536,Louis Zhao,LOUIS ZHAO
47901,13075,2288.9187,Madison Henderson,MADISON HENDERSON
47902,13076,2264.2536,Louis Xie,LOUIS XIE
47903,14714,2699.9018,Sheila Serrano,SHEILA SERRANO
47904,16562,2410.6266,Luke Lopez,LUKE LOPEZ
47908,20468,2264.2536,Jennifer Ward,JENNIFER WARD
47909,12999,2288.9187,Jaclyn Raji,JACLYN RAJI
47910,13049,2288.9187,Louis Ma,LOUIS MA
47911,13077,2264.2536,Louis Tang,LOUIS TANG
47914,20556,865.204,April Nath,APRIL NATH
47917,13001,2264.2536,Emily Hughes,EMILY HUGHES
47918,13006,2264.2536,Emily Simmons,EMILY SIMMONS
47919,17216,1105.4834,Terry Shen,TERRY SHEN
47920,12282,2264.2536,Warren She,WARREN SHE
47921,14796,2410.6266,Roberto Jiménez,ROBERTO JIMÉNEZ
47922,13468,2410.6266,Dalton Washington,DALTON WASHINGTON
47926,13079,2264.2536,Madison Jenkins,MADISON JENKINS
47931,16531,2699.9018,Kelsey Goel,KELSEY GOEL
47932,16561,2410.6266,Timothy Scott,TIMOTHY SCOTT
47933,16270,2410.6266,Denise Perez,DENISE PEREZ
47934,14106,1105.4834,Xavier Watson,XAVIER WATSON
47937,20549,865.204,April Raje,APRIL RAJE
47940,12994,2288.9187,Emily Jenkins,EMILY JENKINS
47941,13010,2288.9187,Emily Bryant,EMILY BRYANT
47943,17196,1105.4834,Tony Rai,TONY RAI
47945,14791,2699.9018,Roberto Alvarez,ROBERTO ALVAREZ
47946,14802,2699.9018,Roberto Munoz,ROBERTO MUNOZ
47947,14109,1105.4834,Lori Romero,LORI ROMERO
47948,13450,2699.9018,Dalton Barnes,DALTON BARNES
47949,13477,2410.6266,Colin She,COLIN SHE
47951,12700,2288.9187,Kayla Bennett,KAYLA BENNETT
47955,16554,2410.6266,Sean Scott,SEAN SCOTT
47956,16271,2699.9018,Bethany Goel,BETHANY GOEL
47957,14095,1105.4834,Lori Hernandez,LORI HERNANDEZ
47958,15349,865.204,Jeremiah Morris,JEREMIAH MORRIS
48093,16588,2410.6266,Jackson Lopez,JACKSON LOPEZ
48094,13657,2699.9018,Edward Bryant,EDWARD BRYANT
48095,20590,865.204,Kaitlyn James,KAITLYN JAMES
48096,15398,865.204,Candace Patel,CANDACE PATEL
48099,12128,2264.2536,Kelli Chande,KELLI CHANDE
48103,16389,2410.6266,Nathan Carter,NATHAN CARTER
48106,20546,2264.2536,April Pal,APRIL PAL
48109,13489,2699.9018,Briana Moreno,BRIANA MORENO
48110,16307,2410.6266,Isaac Gonzalez,ISAAC GONZALEZ
48111,14112,1105.4834,Lori Navarro,LORI NAVARRO
48112,13712,2410.6266,Robin Alvarez,ROBIN ALVAREZ
48113,20716,865.204,Amy Lu,AMY LU
48116,19312,1105.4834,Olivia Cooper,OLIVIA COOPER
48117,14930,2410.6266,Albert Suarez,ALBERT SUAREZ
48118,16309,2410.6266,Casey Chander,CASEY CHANDER
48119,14851,2410.6266,Nathaniel Howard,NATHANIEL HOWARD
48120,15388,865.204,Brenda Rodriguez,BRENDA RODRIGUEZ
48123,13080,2264.2536,Louis Xu,LOUIS XU
48125,14239,1105.4834,Patrick Sanders,PATRICK SANDERS
48126,14115,1105.4834,Evan Brooks,EVAN BROOKS
48127,20598,865.204,Kaitlyn Price,KAITLYN PRICE
48130,16829,2699.9018,Mario Goel,MARIO GOEL
48131,20483,2264.2536,Jennifer Brooks,JENNIFER BROOKS
48136,13082,2288.9187,Madison Powell,MADISON POWELL
48137,12130,2288.9187,Taylor Williams,TAYLOR WILLIAMS
48138,14818,2410.6266,Ian Cox,IAN COX
48140,15374,865.204,Brenda Subram,BRENDA SUBRAM
48141,12299,2288.9187,Colleen Zeng,COLLEEN ZENG
48142,12213,2264.2536,Abigail Diaz,ABIGAIL DIAZ
48143,20720,865.204,Amy Gao,AMY GAO
48144,16823,2699.9018,Mario Moyer,MARIO MOYER
48148,11614,2264.2536,Barbara Chande,BARBARA CHANDE
48149,16298,2410.6266,Isaiah Gonzalez,ISAIAH GONZALEZ
48150,16822,2699.9018,Mario Chander,MARIO CHANDER
48151,19280,865.204,Brianna Griffin,BRIANNA GRIFFIN
48159,19322,1105.4834,Cory Weber,CORY WEBER
48160,14848,2410.6266,Bryce Howard,BRYCE HOWARD
48161,16938,2410.6266,Carl Shen,CARL SHEN
48162,13714,2699.9018,Devin Simmons,DEVIN SIMMONS
48165,16327,2410.6266,Katrina Shen,KATRINA SHEN
48166,13484,2699.9018,Colin Tang,COLIN TANG
48169,13653,2410.6266,Briana Gill,BRIANA GILL
48170,11613,2288.9187,Anna Lee,ANNA LEE
48171,16313,2699.9018,Timothy Gonzalez,TIMOTHY GONZALEZ
48172,13658,2699.9018,Edward Alexander,EDWARD ALEXANDER
48173,13704,2410.6266,Devin Long,DEVIN LONG
48174,16827,2699.9018,Timothy Green,TIMOTHY GREEN
48176,15379,865.204,Chase Rogers,CHASE ROGERS
48177,17633,1105.4834,Stacey She,STACEY SHE
48178,12125,2288.9187,Kelli Pal,KELLI PAL
48179,16828,2699.9018,James Adams,JAMES ADAMS
48180,16316,2410.6266,Jonathan Nelson,JONATHAN NELSON
48181,13705,2699.9018,Devin Patterson,DEVIN PATTERSON
48185,12286,2264.2536,Hannah Anderson,HANNAH ANDERSON
48186,16297,2410.6266,Casey Jai,CASEY JAI
48189,15371,865.204,Brenda Rana,BRENDA RANA
48191,19292,865.204,Olivia Sanchez,OLIVIA SANCHEZ
48192,13702,2410.6266,Rodney Ramos,RODNEY RAMOS
48198,18164,1105.4834,Randy Sun,RANDY SUN
48199,16595,2410.6266,Nichole Yuan,NICHOLE YUAN
48202,12225,2288.9187,Emily Brown,EMILY BROWN
48203,12226,2264.2536,Dawn Pal,DAWN PAL
48209,15369,865.204,Timothy Rogers,TIMOTHY ROGERS
48210,13089,2288.9187,Madison Flores,MADISON FLORES
48211,17634,1105.4834,James Garcia,JAMES GARCIA
48212,12289,2264.2536,Carol White,CAROL WHITE
48213,12292,2264.2536,Hannah Harris,HANNAH HARRIS
48214,16409,2699.9018,Latoya Anand,LATOYA ANAND
48216,20719,865.204,Amy Zhu,AMY ZHU
48217,15380,865.204,Brenda Lopez,BRENDA LOPEZ
48218,16594,2699.9018,Carlos Lopez,CARLOS LOPEZ
48221,15365,865.204,Isaac Rogers,ISAAC ROGERS
48222,14116,1105.4834,Lori Gutierrez,LORI GUTIERREZ
48223,14120,1105.4834,Lori Gill,LORI GILL
48227,14813,2699.9018,Roberto Gutierrez,ROBERTO GUTIERREZ
48228,16598,2699.9018,Isaiah Lopez,ISAIAH LOPEZ
48232,15396,865.204,Charles Rogers,CHARLES ROGERS
48235,15367,865.204,Jesse Rogers,JESSE ROGERS
48237,14925,2410.6266,Xavier Cook,XAVIER COOK
48238,16831,2699.9018,Jonathan Adams,JONATHAN ADAMS
48239,13700,2410.6266,Devin Perry,DEVIN PERRY
48245,12129,2288.9187,Taylor Johnson,TAYLOR JOHNSON
48246,12218,2288.9187,Dawn Sharma,DAWN SHARMA
48247,16390,2410.6266,Samuel Carter,SAMUEL CARTER
48249,15394,865.204,Candace Kapoor,CANDACE KAPOOR
48251,17641,1105.4834,Sandra Chen,SANDRA CHEN
48253,14926,2699.9018,Dalton Cook,DALTON COOK
48254,14117,1105.4834,Lori Dominguez,LORI DOMINGUEZ
48256,14240,1105.4834,Krista Carlson,KRISTA CARLSON
48257,19282,865.204,Brianna Diaz,BRIANNA DIAZ
48258,19287,865.204,Erik Gill,ERIK GILL
48265,16945,2699.9018,Carl Luo,CARL LUO
48266,13713,2699.9018,Devin Butler,DEVIN BUTLER
48270,13081,2264.2536,Madison Perry,MADISON PERRY
48272,14931,2410.6266,Albert Sanz,ALBERT SANZ
48273,16589,2699.9018,Nichole Tang,NICHOLE TANG
48277,12287,2264.2536,Hannah Thomas,HANNAH THOMAS
48278,16305,2699.9018,Casey Raje,CASEY RAJE
48279,14121,1105.4834,Jesse Brooks,JESSE BROOKS
48280,13487,2410.6266,Jeremy Price,JEREMY PRICE
48281,13492,2410.6266,Jeremy Bennett,JEREMY BENNETT
48283,15389,865.204,Bryan Rogers,BRYAN ROGERS
48285,15372,865.204,Brian Rogers,BRIAN ROGERS
48401,16451,2410.6266,Alex Carter,ALEX CARTER
48402,17627,2410.6266,Stacey Hu,STACEY HU
48403,14285,1105.4834,Felicia Townsend,FELICIA TOWNSEND
48404,13730,2410.6266,Robin Gutierrez,ROBIN GUTIERREZ
48405,12316,2288.9187,Colleen Yuan,COLLEEN YUAN
48406,15473,865.204,Carlos Cook,CARLOS COOK
48411,17182,2410.6266,Carlos Wright,CARLOS WRIGHT
48412,19310,865.204,Olivia Rivera,OLIVIA RIVERA
48413,14288,1105.4834,Felicia Gill,FELICIA GILL
48414,13718,2699.9018,Devin Alexander,DEVIN ALEXANDER
48416,15472,865.204,Nancy Subram,NANCY SUBRAM
48418,13114,2288.9187,Fernando Patterson,FERNANDO PATTERSON
48420,14957,2410.6266,Cole Morgan,COLE MORGAN
48421,19361,1105.4834,Shane Kapoor,SHANE KAPOOR
48422,16946,2410.6266,Carl Yuan,CARL YUAN
48423,19297,865.204,Olivia Reed,OLIVIA REED
48424,15070,2410.6266,Gina Carlson,GINA CARLSON
48425,16475,2410.6266,Misty Raje,MISTY RAJE
48426,14253,1105.4834,Garrett Sanders,GARRETT SANDERS
48427,14289,1105.4834,Sebastian Ward,SEBASTIAN WARD
48428,13733,2410.6266,Eduardo Coleman,EDUARDO COLEMAN
48429,12385,2288.9187,Samantha Martin,SAMANTHA MARTIN
48436,14267,1105.4834,Felicia Jimenez,FELICIA JIMENEZ
48437,15466,865.204,Diane Jimenez,DIANE JIMENEZ
48438,13117,2264.2536,Fernando Flores,FERNANDO FLORES
48439,17651,1105.4834,Cameron Moore,CAMERON MOORE
48440,19309,865.204,Olivia Bailey,OLIVIA BAILEY
48442,13735,2410.6266,Robin Torres,ROBIN TORRES
48443,12232,2288.9187,Dawn Chande,DAWN CHANDE
48445,15411,865.204,Jeremy Rogers,JEREMY ROGERS
48447,15471,865.204,Nancy Raman,NANCY RAMAN
48451,13107,2264.2536,Fernando Jenkins,FERNANDO JENKINS
48452,14998,2699.9018,Evan Bradley,EVAN BRADLEY
48453,17647,1105.4834,Sandra Yang,SANDRA YANG
48454,12328,2264.2536,Warren Shen,WARREN SHEN
48455,12380,2264.2536,Lacey Xu,LACEY XU
48456,20651,2264.2536,Morgan Morris,MORGAN MORRIS
48457,13110,2264.2536,Fernando Perry,FERNANDO PERRY
48458,17097,2410.6266,Kelvin Wu,KELVIN WU
48459,14966,2410.6266,Cody Morgan,CODY MORGAN
48460,17098,2410.6266,Melody Carlson,MELODY CARLSON
48461,18167,1105.4834,Randy Zhu,RANDY ZHU
48463,17225,2410.6266,Terry Luo,TERRY LUO
48464,13734,2410.6266,Eduardo Jenkins,EDUARDO JENKINS
48466,15404,865.204,Ian Rogers,IAN ROGERS
48467,15409,865.204,Candace Arun,CANDACE ARUN
48468,15433,865.204,Candace Gonzalez,CANDACE GONZALEZ
48475,17214,2699.9018,Robert Harris,ROBERT HARRIS
48481,20669,2264.2536,Lindsey Chande,LINDSEY CHANDE
48484,13525,2288.9187,Briana Alonso,BRIANA ALONSO
48488,12229,2288.9187,Emily Davis,EMILY DAVIS
48491,13126,2264.2536,Edwin Liu,EDWIN LIU
48493,12402,2264.2536,Samantha Lee,SAMANTHA LEE
48494,14272,1105.4834,Ian Sanders,IAN SANDERS
48499,13132,2264.2536,Fernando Griffin,FERNANDO GRIFFIN
48500,13135,2264.2536,Edwin Wu,EDWIN WU
48501,19362,1105.4834,Shane Chandra,SHANE CHANDRA
48503,15003,2699.9018,Renee Moreno,RENEE MORENO
48505,15071,2410.6266,Alex Murphy,ALEX MURPHY
48506,15072,2410.6266,Gina Suarez,GINA SUAREZ
48507,14255,1105.4834,Krista Ortega,KRISTA ORTEGA
48508,13736,2410.6266,Eduardo Perry,EDUARDO PERRY
48512,20656,2288.9187,Lindsey Luo,LINDSEY LUO
48513,15417,865.204,Candace Prasad,CANDACE PRASAD
48514,15427,865.204,Candace Mehta,CANDACE MEHTA
48516,13139,2288.9187,Spencer Wood,SPENCER WOOD
48517,16442,2699.9018,Misty She,MISTY SHE
48518,19337,1105.4834,Olivia Price,OLIVIA PRICE
48519,18176,1105.4834,Randy Guo,RANDY GUO
48520,16411,2410.6266,Tracy Deng,TRACY DENG
48521,16422,2410.6266,Tracy Sharma,TRACY SHARMA
48522,15064,2699.9018,Jeremy Bell,JEREMY BELL
48523,17203,2410.6266,Hunter Martinez,HUNTER MARTINEZ
48524,15082,2410.6266,Jill Hernandez,JILL HERNANDEZ
48525,14284,1105.4834,Devin Wood,DEVIN WOOD
48526,13724,2410.6266,Devin Hayes,DEVIN HAYES
48530,13104,2288.9187,Louis Chande,LOUIS CHANDE
48531,13105,2264.2536,Robyn Torres,ROBYN TORRES
48532,13112,2264.2536,Louis Becker,LOUIS BECKER
48534,16448,2410.6266,Isaiah Carter,ISAIAH CARTER
48535,19295,865.204,Erik Ramos,ERIK RAMOS
48536,14256,1105.4834,Adrian Sanders,ADRIAN SANDERS
48537,12318,2264.2536,Madison Brown,MADISON BROWN
48544,13119,2288.9187,Fernando Washington,FERNANDO WASHINGTON
48545,12335,2264.2536,Colleen Chavez,COLLEEN CHAVEZ
48546,14960,2410.6266,Bryan Morgan,BRYAN MORGAN
48547,19029,1105.4834,Lauren Wood,LAUREN WOOD
48548,16414,2699.9018,Tracy Xu,TRACY XU
48549,14946,2410.6266,Timothy Morgan,TIMOTHY MORGAN
48550,19315,865.204,Frank Hernandez,FRANK HERNANDEZ
48552,14242,1105.4834,Bryce Sanders,BRYCE SANDERS
48553,13716,2699.9018,Devin Foster,DEVIN FOSTER
48555,15399,865.204,Candace Van,CANDACE VAN
48559,13122,2288.9187,Robyn Dominguez,ROBYN DOMINGUEZ
48562,17085,2410.6266,Shaun Xu,SHAUN XU
48564,17218,2410.6266,Terry Xie,TERRY XIE
48567,14948,2410.6266,Patrick Morgan,PATRICK MORGAN
48568,19296,865.204,Olivia Rogers,OLIVIA ROGERS
48569,20726,865.204,Morgan Powell,MORGAN POWELL
48571,13726,2410.6266,Eduardo Bennett,EDUARDO BENNETT
48573,15419,865.204,Evan Reed,EVAN REED
48574,15422,865.204,Isaac Reed,ISAAC REED
48575,13123,2264.2536,Edwin Chen,EDWIN CHEN
48576,13133,2264.2536,Fernando Diaz,FERNANDO DIAZ
48578,17207,2410.6266,Jose Johnson,JOSE JOHNSON
48579,13741,2410.6266,Robin Vazquez,ROBIN VAZQUEZ
48580,12231,2264.2536,Emily Wilson,EMILY WILSON
48582,15428,865.204,Timothy Reed,TIMOTHY REED
48586,13113,2288.9187,Fernando Long,FERNANDO LONG
48589,17646,1105.4834,Cameron Miller,CAMERON MILLER
48592,12266,2288.9187,Colleen Lin,COLLEEN LIN
48593,12394,2264.2536,Lacey He,LACEY HE
48598,13106,2288.9187,Louis Nara,LOUIS NARA
48599,15002,2410.6266,Mason Blue,MASON BLUE
48600,18185,1105.4834,Janelle Kapoor,JANELLE KAPOOR
48602,12237,2288.9187,Dawn Nath,DAWN NATH
48610,13134,2264.2536,Fernando Hayes,FERNANDO HAYES
48611,13518,2264.2536,Jeremiah Hughes,JEREMIAH HUGHES
48612,13520,2288.9187,Jeremy Washington,JEREMY WASHINGTON
48613,14965,2410.6266,Adrian Morgan,ADRIAN MORGAN
48614,14976,2410.6266,Randall Gill,RANDALL GILL
48615,19360,1105.4834,Shane Suri,SHANE SURI
48616,13721,2410.6266,Devin Griffin,DEVIN GRIFFIN
48617,13725,2410.6266,Eduardo Price,EDUARDO PRICE
48620,20665,2264.2536,Lindsey Pal,LINDSEY PAL
48621,13129,2264.2536,Fernando Alexander,FERNANDO ALEXANDER
48622,13156,2288.9187,Spencer Flores,SPENCER FLORES
48623,13108,2288.9187,Louis Rai,LOUIS RAI
48624,13109,2264.2536,Louis Nath,LOUIS NATH
48628,12381,2288.9187,Samantha White,SAMANTHA WHITE
48631,17185,2410.6266,Tony Jai,TONY JAI
48632,17192,2410.6266,Tony Chande,TONY CHANDE
48634,12230,2264.2536,Emily Miller,EMILY MILLER
48636,15429,865.204,Diane Hernandez,DIANE HERNANDEZ
48637,15474,865.204,Angel Cook,ANGEL COOK
48638,15475,865.204,Nancy Mehta,NANCY MEHTA
48639,20670,2264.2536,Morgan Murphy,MORGAN MURPHY
48641,13524,2288.9187,Jeremiah Gonzales,JEREMIAH GONZALES
48642,15061,2410.6266,Paula Navarro,PAULA NAVARRO
48644,14270,1105.4834,Felicia Moreno,FELICIA MORENO
48645,14283,1105.4834,Devin Bennett,DEVIN BENNETT
48646,13722,2699.9018,Robin Romero,ROBIN ROMERO
48649,15432,865.204,Candace Martinez,CANDACE MARTINEZ
48653,20680,2264.2536,Lindsey Raji,LINDSEY RAJI
48654,17094,2410.6266,Shaun Shan,SHAUN SHAN
48655,18183,1105.4834,Benjamin Thompson,BENJAMIN THOMPSON
48657,15067,2410.6266,Angel Murphy,ANGEL MURPHY
48658,12228,2288.9187,Dawn Raje,DAWN RAJE
48661,15467,865.204,Nancy Schmidt,NANCY SCHMIDT
48663,13118,2264.2536,Edwin Zhang,EDWIN ZHANG
48664,13521,2288.9187,Jeremy Butler,JEREMY BUTLER
48666,13090,2264.2536,Wyatt Griffin,WYATT GRIFFIN
48667,19341,1105.4834,Olivia Blue,OLIVIA BLUE
48668,18626,1105.4834,Anthony White,ANTHONY WHITE
48669,19293,865.204,Erik Serrano,ERIK SERRANO
48670,13715,2410.6266,Robin Moreno,ROBIN MORENO
48671,12270,2264.2536,Hannah Williams,HANNAH WILLIAMS
48673,13131,2264.2536,Edwin Huang,EDWIN HUANG
48675,15079,2410.6266,Jill Ruiz,JILL RUIZ
48676,13729,2699.9018,Eduardo Barnes,EDUARDO BARNES
48677,12391,2264.2536,Lacey Liang,LACEY LIANG
48681,13160,2288.9187,Edwin Zhu,EDWIN ZHU
48682,13091,2288.9187,Louis Lal,LOUIS LAL
48683,17648,1105.4834,Jonathan Moore,JONATHAN MOORE
48684,16534,2410.6266,Kevin Scott,KEVIN SCOTT
48685,13728,2699.9018,Eduardo Wood,EDUARDO WOOD
48687,12317,2288.9187,Madison Jones,MADISON JONES
48690,13130,2264.2536,Fernando Russell,FERNANDO RUSSELL
48692,18171,1105.4834,Benjamin Winter,BENJAMIN WINTER
48694,12315,2264.2536,Madison Williams,MADISON WILLIAMS
48699,13115,2264.2536,Fernando Hughes,FERNANDO HUGHES
48700,13519,2264.2536,Jeremiah Flores,JEREMIAH FLORES
48701,13103,2264.2536,Fernando Coleman,FERNANDO COLEMAN
48702,17115,2410.6266,Melody Suarez,MELODY SUAREZ
48703,15004,2699.9018,Renee Alonso,RENEE ALONSO
48704,16429,2699.9018,Tracy Raje,TRACY RAJE
48705,14995,2410.6266,Renee Ruiz,RENEE RUIZ
48706,19359,1105.4834,Cory Perez,CORY PEREZ
48707,19313,865.204,Olivia Richardson,OLIVIA RICHARDSON
48708,16466,2410.6266,Logan Mitchell,LOGAN MITCHELL
48709,14268,1105.4834,Damien Chander,DAMIEN CHANDER
48710,12305,2288.9187,Colleen Shen,COLLEEN SHEN
48711,15410,865.204,Dalton Rogers,DALTON ROGERS
48716,17626,2410.6266,James Martin,JAMES MARTIN
48718,12382,2288.9187,Lacey Sun,LACEY SUN
48723,14944,2699.9018,Sean Morgan,SEAN MORGAN
48724,20722,865.204,Amy Liang,AMY LIANG
48725,17202,2410.6266,Isaac Wright,ISAAC WRIGHT
48727,13128,2264.2536,Fernando Bryant,FERNANDO BRYANT
48728,13111,2288.9187,Louis Goel,LOUIS GOEL
48795,16538,2410.6266,Isaac Mitchell,ISAAC MITCHELL
48796,15094,2410.6266,Chase Murphy,CHASE MURPHY
48797,14335,1105.4834,Bryce Torres,BRYCE TORRES
48800,15491,865.204,Rachael Chandra,RACHAEL CHANDRA
48801,15493,865.204,Rachael Vance,RACHAEL VANCE
48803,19416,1105.4834,Douglas Sai,DOUGLAS SAI
48804,12276,2288.9187,Colleen Xu,COLLEEN XU
48805,19318,865.204,Frank Jimenez,FRANK JIMENEZ
48808,16552,2699.9018,Kara Kumar,KARA KUMAR
48811,15517,865.204,Garrett Cook,GARRETT COOK
48812,13630,2288.9187,Briana Dominguez,BRIANA DOMINGUEZ
48813,13631,2264.2536,Edward Barnes,EDWARD BARNES
48814,13647,2264.2536,Edward Flores,EDWARD FLORES
48815,17700,2410.6266,Jonathan Thompson,JONATHAN THOMPSON
48816,12459,2288.9187,Sarah Williams,SARAH WILLIAMS
48818,15497,865.204,Diane Munoz,DIANE MUNOZ
48819,13622,2288.9187,Javier Hernandez,JAVIER HERNANDEZ
48820,13958,2264.2536,Seth Jenkins,SETH JENKINS
48822,17743,2410.6266,Susan Li,SUSAN LI
48823,16821,2699.9018,Sean Green,SEAN GREEN
48830,17750,2410.6266,Samuel Johnston,SAMUEL JOHNSTON
48836,13959,2264.2536,Seth Perry,SETH PERRY
48839,16567,2699.9018,James Green,JAMES GREEN
48840,17753,2699.9018,Logan Taylor,LOGAN TAYLOR
48841,17716,1105.4834,Margaret Lu,MARGARET LU
48842,12463,2288.9187,Sarah Miller,SARAH MILLER
48843,15489,865.204,Jesse Cook,JESSE COOK
48844,15492,865.204,Rachael Patel,RACHAEL PATEL
48845,13620,2264.2536,Walter Ortega,WALTER ORTEGA
48846,13651,2264.2536,Edward Butler,EDWARD BUTLER
48847,14336,1105.4834,Nathaniel Torres,NATHANIEL TORRES
48848,19424,1105.4834,Douglas Prasad,DOUGLAS PRASAD
48852,15503,865.204,Rachael Smith,RACHAEL SMITH
48853,15520,865.204,Rachael Gonzalez,RACHAEL GONZALEZ
48854,13643,2288.9187,Edward Long,EDWARD LONG
48855,13955,2288.9187,Seth Ross,SETH ROSS
48856,13967,2264.2536,Joanna Hernandez,JOANNA HERNANDEZ
48858,15455,2699.9018,Charles Reed,CHARLES REED
48859,16603,2410.6266,Alex Lopez,ALEX LOPEZ
48860,13849,2410.6266,Marcus Gonzales,MARCUS GONZALES
48864,13964,2288.9187,Wendy Sanz,WENDY SANZ
48866,13527,2264.2536,Jon Li,JON LI
48867,15451,2410.6266,Nancy Kovar,NANCY KOVAR
48868,19320,865.204,Cory Patel,CORY PATEL
48871,20736,2264.2536,Morgan Butler,MORGAN BUTLER
48872,15483,865.204,Evan Cook,EVAN COOK
48873,15499,865.204,Rachael Arun,RACHAEL ARUN
48874,13970,2264.2536,Joanna Ashe,JOANNA ASHE
48878,17715,2410.6266,Nathan Lee,NATHAN LEE
48879,12526,2264.2536,Samantha Jenkins,SAMANTHA JENKINS
48880,13746,2699.9018,Robin Browning,ROBIN BROWNING
48883,13528,2288.9187,Jon Liu,JON LIU
48885,17755,2410.6266,Logan Anderson,LOGAN ANDERSON
48886,12473,2288.9187,Sarah Anderson,SARAH ANDERSON
48888,15482,865.204,Diane Moreno,DIANE MORENO
48890,13618,2264.2536,Blake Russell,BLAKE RUSSELL
48891,13650,2264.2536,Javier Serrano,JAVIER SERRANO
48892,17714,1105.4834,Margaret Ye,MARGARET YE
48893,17772,2410.6266,Susan Ma,SUSAN MA
48894,19034,1105.4834,Lauren Barnes,LAUREN BARNES
48895,19418,1105.4834,Victoria Brooks,VICTORIA BROOKS
48896,17632,2410.6266,Cameron Brown,CAMERON BROWN
48897,16540,2410.6266,Kara Deng,KARA DENG
48898,13856,2410.6266,Marcus Diaz,MARCUS DIAZ
48901,13960,2288.9187,Wendy Carlson,WENDY CARLSON
48902,13966,2264.2536,Wendy Ortega,WENDY ORTEGA
48904,12492,2264.2536,Alejandro Lu,ALEJANDRO LU
48908,13626,2264.2536,Blake Hayes,BLAKE HAYES
48909,13953,2288.9187,Wendy Serrano,WENDY SERRANO
48910,16587,2410.6266,Nichole Xie,NICHOLE XIE
48915,15481,865.204,Nancy Gonzalez,NANCY GONZALEZ
48916,13616,2264.2536,Walter Suarez,WALTER SUAREZ
48917,13636,2288.9187,Edward Coleman,EDWARD COLEMAN
48918,13638,2264.2536,Edward Perry,EDWARD PERRY
48920,12275,2288.9187,Colleen Lu,COLLEEN LU
48921,12560,2264.2536,Alejandro Nath,ALEJANDRO NATH
48922,15095,2699.9018,Jill Navarro,JILL NAVARRO
48923,14298,1105.4834,Adrian Ward,ADRIAN WARD
48925,15480,865.204,Nancy Martinez,NANCY MARTINEZ
48928,15502,865.204,Rachael Madan,RACHAEL MADAN
48929,13526,2288.9187,Jon Chen,JON CHEN
48930,15086,2410.6266,Patrick Murphy,PATRICK MURPHY
48931,19382,1105.4834,Nelson Serrano,NELSON SERRANO
48932,14297,1105.4834,Felicia Carlson,FELICIA CARLSON
48935,15518,865.204,Rachael Lopez,RACHAEL LOPEZ
48936,13644,2288.9187,Edward Patterson,EDWARD PATTERSON
48937,13529,2288.9187,Jeremy Bryant,JEREMY BRYANT
48938,17720,2410.6266,Jonathan Lewis,JONATHAN LEWIS
48939,15462,2699.9018,Ian Reed,IAN REED
48943,13973,2288.9187,Seth Washington,SETH WASHINGTON
48945,17644,2699.9018,James Rodriguez,JAMES RODRIGUEZ
48947,13957,2288.9187,Wendy Ramos,WENDY RAMOS
48948,13974,2288.9187,Joanna Moreno,JOANNA MORENO
48950,12486,2264.2536,Sarah Robinson,SARAH ROBINSON
48952,15093,2699.9018,Jill Alonso,JILL ALONSO
48955,13645,2264.2536,Javier Vazquez,JAVIER VAZQUEZ
48956,13968,2288.9187,Seth Patterson,SETH PATTERSON
48961,13619,2264.2536,Walter Rubio,WALTER RUBIO
48962,13649,2264.2536,Edward Washington,EDWARD WASHINGTON
48964,16824,2410.6266,Mario Rai,MARIO RAI
48965,19030,1105.4834,Gary Navarro,GARY NAVARRO
48966,17639,2410.6266,James Clark,JAMES CLARK
48967,14292,1105.4834,Felicia Vazquez,FELICIA VAZQUEZ
48968,13742,2410.6266,Eduardo Patterson,EDUARDO PATTERSON
48971,13625,2264.2536,Blake Diaz,BLAKE DIAZ
48972,13629,2264.2536,Javier Muñoz,JAVIER MUÑOZ
48974,17717,2410.6266,Jonathan Rodriguez,JONATHAN RODRIGUEZ
48975,17739,1105.4834,Logan Wilson,LOGAN WILSON
48976,12404,2288.9187,Lacey She,LACEY SHE
48978,14290,1105.4834,Cole Ward,COLE WARD
48979,13855,2410.6266,Desiree Gutierrez,DESIREE GUTIERREZ
48982,15484,865.204,Mason Cook,MASON COOK
48983,15500,865.204,Brian Cook,BRIAN COOK
48984,13632,2288.9187,Edward Ross,EDWARD ROSS
48985,13646,2264.2536,Edward Hughes,EDWARD HUGHES
48988,16565,2699.9018,Kara Andersen,KARA ANDERSEN
48990,12559,2264.2536,Alejandro Rai,ALEJANDRO RAI
48991,12291,2288.9187,Colleen Zheng,COLLEEN ZHENG
48992,13862,2410.6266,Ian Price,IAN PRICE
48994,15506,865.204,Rachael Sara,RACHAEL SARA
48996,14334,1105.4834,Brian Torres,BRIAN TORRES
48997,13854,2699.9018,Desiree Navarro,DESIREE NAVARRO
48999,15463,2410.6266,Nancy Srini,NANCY SRINI
49000,12460,2264.2536,Sarah Jones,SARAH JONES
49006,13633,2264.2536,Edward Henderson,EDWARD HENDERSON
49007,13637,2264.2536,Edward Jenkins,EDWARD JENKINS
49012,16572,2699.9018,Kara Nath,KARA NATH
49013,13745,2699.9018,Briana Ramos,BRIANA RAMOS
49015,13965,2288.9187,Seth Long,SETH LONG
49016,13971,2264.2536,Seth Flores,SETH FLORES
49017,17744,2410.6266,Logan Moore,LOGAN MOORE
49018,17747,2410.6266,Samuel Robinson,SAMUEL ROBINSON
49019,17782,2410.6266,Susan Cai,SUSAN CAI
49020,19035,1105.4834,Lauren Ross,LAUREN ROSS
49021,13744,2410.6266,Eduardo Flores,EDUARDO FLORES
49025,19319,865.204,Olivia Ward,OLIVIA WARD
49026,16549,2699.9018,Jesse Scott,JESSE SCOTT
49027,15501,865.204,Bryce Cook,BRYCE COOK
49028,13648,2264.2536,Javier Browning,JAVIER BROWNING
49032,15085,2699.9018,Jill Ashe,JILL ASHE
49033,13747,2410.6266,Eduardo Butler,EDUARDO BUTLER
49037,20708,2288.9187,Amy Wu,AMY WU
49171,13865,2410.6266,Ian Barnes,IAN BARNES
49172,13885,2699.9018,Joy Gomez,JOY GOMEZ
49173,14047,2288.9187,Jeremiah James,JEREMIAH JAMES
49174,14049,2288.9187,Tanya Rubio,TANYA RUBIO
49178,14342,1105.4834,Kristy Carlson,KRISTY CARLSON
49179,14365,1105.4834,Anne Moreno,ANNE MORENO
49181,17890,2410.6266,Ethan Lewis,ETHAN LEWIS
49182,16830,2699.9018,Mario Black,MARIO BLACK
49183,16944,2699.9018,Thomas Young,THOMAS YOUNG
49184,14129,2264.2536,Brian Brooks,BRIAN BROOKS
49185,14134,2264.2536,Lori Suarez,LORI SUAREZ
49189,15525,865.204,Pamela Suri,PAMELA SURI
49191,19435,1105.4834,Victoria Henderson,VICTORIA HENDERSON
49192,19040,1105.4834,Lauren Coleman,LAUREN COLEMAN
49196,12386,2288.9187,Lacey Gao,LACEY GAO
49200,17889,2699.9018,Dennis Li,DENNIS LI
49201,17795,2699.9018,Nathan Davis,NATHAN DAVIS
49202,17829,2410.6266,Dana Blanco,DANA BLANCO
49203,19343,865.204,Cory Mehta,CORY MEHTA
49204,14103,2288.9187,Lori Munoz,LORI MUNOZ
49205,14130,2264.2536,Bryce Brooks,BRYCE BROOKS
49212,14337,1105.4834,Kristy Gill,KRISTY GILL
49215,15521,865.204,Rachael Rodriguez,RACHAEL RODRIGUEZ
49217,15637,2410.6266,Jimmy Jimenez,JIMMY JIMENEZ
49219,12619,2264.2536,Clayton Cai,CLAYTON CAI
49220,14032,2288.9187,Tanya Torres,TANYA TORRES
49225,17191,2410.6266,Alex Wright,ALEX WRIGHT
49226,17792,2699.9018,Nathan Brown,NATHAN BROWN
49227,13873,2699.9018,Ian Jenkins,IAN JENKINS
49229,12390,2288.9187,Samantha Garcia,SAMANTHA GARCIA
49232,15529,865.204,Diane Romero,DIANE ROMERO
49233,15531,865.204,Charles Cook,CHARLES COOK
49234,15534,865.204,Eduardo Cook,EDUARDO COOK
49235,15537,865.204,Logan Parker,LOGAN PARKER
49239,14011,2288.9187,Tanya Alvarez,TANYA ALVAREZ
49240,14058,2288.9187,Damien Chande,DAMIEN CHANDE
49241,14065,2288.9187,Melinda Navarro,MELINDA NAVARRO
49247,17793,2699.9018,Logan Martinez,LOGAN MARTINEZ
49248,17766,1105.4834,Logan Harris,LOGAN HARRIS
49249,17767,1105.4834,Susan Sun,SUSAN SUN
49250,19323,865.204,Cory Malhotra,CORY MALHOTRA
49251,13871,2410.6266,Desiree Serrano,DESIREE SERRANO
49252,12378,2288.9187,Lacey Zhao,LACEY ZHAO
49253,14211,2264.2536,Ian Kelly,IAN KELLY
49254,14216,2264.2536,Krista Jimenez,KRISTA JIMENEZ
49255,15523,865.204,Rachael Sanchez,RACHAEL SANCHEZ
49256,13997,2288.9187,Joanna Carlson,JOANNA CARLSON
49258,17828,2699.9018,Dana Vazquez,DANA VAZQUEZ
49260,12608,2264.2536,Sarah Price,SARAH PRICE
49261,12609,2264.2536,Nuan Ma,NUAN MA
49262,19335,865.204,Cory Prasad,CORY PRASAD
49264,14046,2288.9187,Tanya Sanz,TANYA SANZ
49265,14050,2288.9187,Isaiah Watson,ISAIAH WATSON
49266,14051,2264.2536,Melinda Hernandez,MELINDA HERNANDEZ
49267,14131,2288.9187,Nathaniel Brooks,NATHANIEL BROOKS
49269,13884,2410.6266,Ian Washington,IAN WASHINGTON
49271,12630,2288.9187,Clayton Xie,CLAYTON XIE
49272,14055,2264.2536,Melinda Moreno,MELINDA MORENO
49276,17849,2410.6266,Carrie Ruiz,CARRIE RUIZ
49277,12615,2288.9187,Sarah Wood,SARAH WOOD
49278,14038,2264.2536,Seth James,SETH JAMES
49279,14045,2264.2536,Tanya Suarez,TANYA SUAREZ
49280,17815,2699.9018,Nathan Taylor,NATHAN TAYLOR
49281,19324,865.204,Olivia Peterson,OLIVIA PETERSON
49282,14133,2264.2536,Juan Brooks,JUAN BROOKS
49283,14220,2288.9187,Dalton Kelly,DALTON KELLY
49287,14007,2288.9187,Nathaniel James,NATHANIEL JAMES
49288,13994,2288.9187,Joanna Serrano,JOANNA SERRANO
49290,16940,2699.9018,Jordan Hernandez,JORDAN HERNANDEZ
49291,19433,1105.4834,Todd Rowe,TODD ROWE
49292,19038,1105.4834,Gary Blanco,GARY BLANCO
49293,12297,2264.2536,Hannah Martinez,HANNAH MARTINEZ
49294,13882,2699.9018,Ian Flores,IAN FLORES
49295,12388,2264.2536,Lacey Ma,LACEY MA
49296,14010,2288.9187,Sebastian James,SEBASTIAN JAMES
49297,14127,2264.2536,Lori Ramos,LORI RAMOS
49298,14210,2288.9187,Marcus Kelly,MARCUS KELLY
49300,14362,1105.4834,Anne Jiménez,ANNE JIMÉNEZ
49301,15665,2410.6266,Logan Edwards,LOGAN EDWARDS
49302,15651,2410.6266,Jimmy Travers,JIMMY TRAVERS
49303,17103,2410.6266,Shaun Andersen,SHAUN ANDERSEN
49304,19437,1105.4834,Nelson Suarez,NELSON SUAREZ
49305,13866,2410.6266,Desiree Gill,DESIREE GILL
49306,13886,2410.6266,Desiree Ortega,DESIREE ORTEGA
49307,14071,2264.2536,Nathaniel Watson,NATHANIEL WATSON
49308,14128,2288.9187,Patrick Brooks,PATRICK BROOKS
49309,14364,1105.4834,Sheila Martin,SHEILA MARTIN
49310,15527,865.204,Adrian Cook,ADRIAN COOK
49312,17086,2699.9018,Shaun Luo,SHAUN LUO
49313,14039,2264.2536,Xavier James,XAVIER JAMES
49314,14214,2264.2536,Krista Alvarez,KRISTA ALVAREZ
49315,14215,2264.2536,Xavier Kelly,XAVIER KELLY
49317,14355,1105.4834,Anne Gomez,ANNE GOMEZ
49323,12612,2264.2536,Sarah Bennett,SARAH BENNETT
49324,12461,2288.9187,Sarah Brown,SARAH BROWN
49325,14219,2288.9187,Krista Alonso,KRISTA ALONSO
49327,17790,2699.9018,Sam Wilson,SAM WILSON
49328,17812,2410.6266,Nathan Wilson,NATHAN WILSON
49329,17754,1105.4834,Susan Zhou,SUSAN ZHOU
49330,12314,2288.9187,Madison Johnson,MADISON JOHNSON
49331,12384,2264.2536,Lacey Zhu,LACEY ZHU
49332,14063,2288.9187,Sean Watson,SEAN WATSON
49333,14102,2288.9187,Joy Gutierrez,JOY GUTIERREZ
49334,14132,2264.2536,Chase Brooks,CHASE BROOKS
49339,17183,2699.9018,Robert Anderson,ROBERT ANDERSON
49340,15624,2410.6266,Diane Gill,DIANE GILL
49341,17756,1105.4834,Clarence Yang,CLARENCE YANG
49342,12599,2288.9187,Ashley Russell,ASHLEY RUSSELL
49343,14033,2288.9187,Tanya Dominguez,TANYA DOMINGUEZ
49344,14048,2288.9187,Carlos Watson,CARLOS WATSON
49345,14070,2264.2536,Melinda Torres,MELINDA TORRES
49346,14218,2264.2536,Krista Munoz,KRISTA MUNOZ
49350,15547,865.204,Pamela Schmidt,PAMELA SCHMIDT
49352,17082,2410.6266,Jonathan King,JONATHAN KING
49354,13883,2410.6266,Desiree Rubio,DESIREE RUBIO
49355,14031,2264.2536,Marcus James,MARCUS JAMES
49359,14343,1105.4834,Kristy Suarez,KRISTY SUAREZ
49361,15663,2410.6266,Jonathan Edwards,JONATHAN EDWARDS
49362,12622,2264.2536,Clayton Zeng,CLAYTON ZENG
49363,14062,2264.2536,Jesse Watson,JESSE WATSON
49368,15528,865.204,Cody Cook,CODY COOK
49369,15552,865.204,Pamela Subram,PAMELA SUBRAM
49372,15666,2699.9018,Jimmy Carlson,JIMMY CARLSON
49373,17752,1105.4834,Susan Lin,SUSAN LIN
49375,12330,2288.9187,Madison Thomas,MADISON THOMAS
49376,14125,2288.9187,Lori Serrano,LORI SERRANO
49380,15542,865.204,Robert Parker,ROBERT PARKER
49381,15553,865.204,Kevin Parker,KEVIN PARKER
49385,17803,2410.6266,Logan Rodriguez,LOGAN RODRIGUEZ
49386,17093,2410.6266,Greg White,GREG WHITE
49387,17114,2699.9018,Luis Wright,LUIS WRIGHT
49388,12298,2288.9187,Hannah Robinson,HANNAH ROBINSON
49390,19326,865.204,Cory Sai,CORY SAI
49391,13877,2410.6266,Desiree Suarez,DESIREE SUAREZ
49392,14066,2264.2536,Patrick Watson,PATRICK WATSON
49397,15551,865.204,Kyle Parker,KYLE PARKER
49399,15540,865.204,Hunter Parker,HUNTER PARKER
49400,17794,2410.6266,Candice Liu,CANDICE LIU
49401,17813,2699.9018,Candice Zhu,CANDICE ZHU
49402,12302,2288.9187,Colleen Deng,COLLEEN DENG
49403,12397,2264.2536,Samantha Clark,SAMANTHA CLARK
49407,14356,1105.4834,Adrian Torres,ADRIAN TORRES
49408,15535,865.204,Pamela Malhotra,PAMELA MALHOTRA
49409,13975,2264.2536,Joanna Munoz,JOANNA MUNOZ
49410,17184,2699.9018,Tony Shan,TONY SHAN
49411,15676,2699.9018,Marc Martin,MARC MARTIN
49412,16826,2410.6266,Mario Nath,MARIO NATH
49413,17798,2699.9018,Candice Huang,CANDICE HUANG
49414,17096,2699.9018,Elijah King,ELIJAH KING
49415,17107,2699.9018,Nathan Lopez,NATHAN LOPEZ
49417,12623,2264.2536,Sarah Perry,SARAH PERRY
49418,14030,2288.9187,Richard James,RICHARD JAMES
49420,14354,1105.4834,Steven Torres,STEVEN TORRES
49425,15623,2699.9018,Damien Anand,DAMIEN ANAND
49427,19338,865.204,Cory Rana,CORY RANA
49428,13870,2699.9018,Desiree Bradley,DESIREE BRADLEY
49429,14012,2264.2536,Tanya Jimenez,TANYA JIMENEZ
49430,15538,865.204,Nathan Parker,NATHAN PARKER
49431,15548,865.204,Pamela Rana,PAMELA RANA
49432,17841,2410.6266,Nathan Thompson,NATHAN THOMPSON
49434,14357,1105.4834,Anne Ruiz,ANNE RUIZ
49435,17181,2410.6266,Noah Thomas,NOAH THOMAS
49437,19336,865.204,Cory Sara,CORY SARA
49438,14020,2288.9187,Adrian James,ADRIAN JAMES
49439,14064,2288.9187,Timothy Watson,TIMOTHY WATSON
49440,14101,2264.2536,Lori Moreno,LORI MORENO
49442,15532,865.204,Pamela Patel,PAMELA PATEL
49549,19440,1105.4834,Victoria Coleman,VICTORIA COLEMAN
49550,19380,865.204,Victoria Morris,VICTORIA MORRIS
49552,12647,2264.2536,Sarah Russell,SARAH RUSSELL
49553,14302,2288.9187,Carol Saunders,CAROL SAUNDERS
49554,15739,865.204,Billy Moreno,BILLY MORENO
49558,19366,865.204,Olivia Foster,OLIVIA FOSTER
49560,13892,2410.6266,Ian Gonzales,IAN GONZALES
49561,14681,2264.2536,Jamie Sanz,JAMIE SANZ
49562,14234,2288.9187,Krista Vazquez,KRISTA VAZQUEZ
49566,15565,865.204,Pamela Lopez,PAMELA LOPEZ
49567,12634,2288.9187,Sarah Flores,SARAH FLORES
49569,16262,2410.6266,Kevin Gonzalez,KEVIN GONZALEZ
49570,14316,2264.2536,Kristy Diaz,KRISTY DIAZ
49571,14345,2264.2536,Cole Torres,COLE TORRES
49575,15923,2699.9018,Manuel Sai,MANUEL SAI
49576,17761,2410.6266,Susan Lu,SUSAN LU
49577,17762,2410.6266,Logan Jackson,LOGAN JACKSON
49578,19057,1105.4834,Craig Diaz,CRAIG DIAZ
49579,14322,2264.2536,Kristy Jimenez,KRISTY JIMENEZ
49580,14225,2264.2536,Joy Serrano,JOY SERRANO
49581,17937,2699.9018,Vincent Wang,VINCENT WANG
49582,17220,2410.6266,Hunter Clark,HUNTER CLARK
49583,16203,2410.6266,Jonathan Parker,JONATHAN PARKER
49584,13894,2699.9018,Theresa Moreno,THERESA MORENO
49585,12644,2264.2536,Sarah Alexander,SARAH ALEXANDER
49586,12500,2288.9187,Madison Simmons,MADISON SIMMONS
49587,14301,2288.9187,Charles Ward,CHARLES WARD
49588,14226,2288.9187,Krista Gutierrez,KRISTA GUTIERREZ
49589,14263,2264.2536,Devin Sanders,DEVIN SANDERS
49592,15558,865.204,Luis Parker,LUIS PARKER
49593,15561,865.204,Pamela Garcia,PAMELA GARCIA
49598,15710,2410.6266,Marc Vazquez,MARC VAZQUEZ
49599,15921,2699.9018,Jesse Perez,JESSE PEREZ
49600,14381,1105.4834,Lucas Torres,LUCAS TORRES
49601,14382,1105.4834,Anne Serrano,ANNE SERRANO
49602,15737,865.204,Billy Jiménez,BILLY JIMÉNEZ
49604,17221,2699.9018,Hunter Lopez,HUNTER LOPEZ
49605,19065,1105.4834,Craig Romero,CRAIG ROMERO
49607,12475,2288.9187,Sarah Jackson,SARAH JACKSON
49608,14262,2288.9187,Felicia Diaz,FELICIA DIAZ
49609,14367,1105.4834,Eduardo Torres,EDUARDO TORRES
49611,15554,865.204,Gabriel Parker,GABRIEL PARKER
49613,16052,2410.6266,Andre Sai,ANDRE SAI
49616,12479,2288.9187,Alejandro Wu,ALEJANDRO WU
49618,14306,2288.9187,Eduardo Ward,EDUARDO WARD
49619,14324,2264.2536,Alex Torres,ALEX TORRES
49620,14326,2288.9187,Kristy Munoz,KRISTY MUNOZ
49621,14348,2288.9187,Kristy Rubio,KRISTY RUBIO
49622,14668,2288.9187,Jamie Blanco,JAMIE BLANCO
49627,14230,2264.2536,Mason Sanders,MASON SANDERS
49629,15557,865.204,Jason Parker,JASON PARKER
49631,14260,2288.9187,Charles Sanders,CHARLES SANDERS
49634,14279,2264.2536,Felicia Romero,FELICIA ROMERO
49637,17943,2410.6266,Ethan White,ETHAN WHITE
49638,19067,1105.4834,Nelson Martin,NELSON MARTIN
49639,19386,865.204,Shane Subram,SHANE SUBRAM
49640,12462,2264.2536,Sarah Davis,SARAH DAVIS
49641,14276,2264.2536,Xavier Sanders,XAVIER SANDERS
49642,14299,2288.9187,Felicia Suarez,FELICIA SUAREZ
49645,15678,2699.9018,Marc Gomez,MARC GOMEZ
49646,15688,2410.6266,Diane Serrano,DIANE SERRANO
49647,17742,2699.9018,Susan Wang,SUSAN WANG
49648,19455,1105.4834,Raymond Kovar,RAYMOND KOVAR
49650,12637,2264.2536,Sarah Simmons,SARAH SIMMONS
49651,14670,2288.9187,Charles Cooper,CHARLES COOPER
49652,14855,2264.2536,Juan Howard,JUAN HOWARD
49653,15014,2288.9187,Renee Torres,RENEE TORRES
49654,14224,2264.2536,Isaiah Sanders,ISAIAH SANDERS
49657,15750,865.204,Kyle Collins,KYLE COLLINS
49658,15763,865.204,Billy Serrano,BILLY SERRANO
49664,17896,2699.9018,Dennis Wu,DENNIS WU
49666,14287,2264.2536,Devin Ross,DEVIN ROSS
49667,14673,2288.9187,Rob Verhoff,ROB VERHOFF
49668,14261,2264.2536,Felicia Ruiz,FELICIA RUIZ
49671,17199,2410.6266,Tony Natsuhara,TONY NATSUHARA
49672,16259,2410.6266,Denise Lopez,DENISE LOPEZ
49674,13887,2699.9018,Theresa Hernandez,THERESA HERNANDEZ
49675,11241,2264.2536,Isabella Clark,ISABELLA CLARK
49676,12658,2288.9187,Elizabeth Ross,ELIZABETH ROSS
49677,14666,2264.2536,Jamie Vazquez,JAMIE VAZQUEZ
49680,17969,2699.9018,Christian Williams,CHRISTIAN WILLIAMS
49681,13890,2410.6266,Theresa Alvarez,THERESA ALVAREZ
49685,17959,2410.6266,Vincent Sun,VINCENT SUN
49686,16051,2410.6266,Evan Turner,EVAN TURNER
49687,16205,2410.6266,Tina Subram,TINA SUBRAM
49688,12653,2264.2536,Clayton Raje,CLAYTON RAJE
49689,14377,1105.4834,Ian Torres,IAN TORRES
49692,17960,2410.6266,Vincent Zhu,VINCENT ZHU
49693,17741,2699.9018,Susan Zhang,SUSAN ZHANG
49694,17968,2699.9018,Vincent Liang,VINCENT LIANG
49695,12499,2264.2536,Madison Butler,MADISON BUTLER
49696,14323,2288.9187,Isaiah Torres,ISAIAH TORRES
49697,14238,2264.2536,Timothy Sanders,TIMOTHY SANDERS
49701,17933,2699.9018,Benjamin Davis,BENJAMIN DAVIS
49702,15687,2410.6266,Elijah Edwards,ELIJAH EDWARDS
49703,15924,2410.6266,Timothy Perez,TIMOTHY PEREZ
49704,17962,2410.6266,Vincent Gao,VINCENT GAO
49705,15925,2699.9018,Manuel Arun,MANUEL ARUN
49706,17770,1105.4834,Logan Thompson,LOGAN THOMPSON
49707,13889,2410.6266,Ian Foster,IAN FOSTER
49708,12487,2288.9187,Alejandro Ye,ALEJANDRO YE
49709,14300,2288.9187,Cody Ward,CODY WARD
49710,14308,2264.2536,Richard Ward,RICHARD WARD
49711,14676,2264.2536,Eduardo Cooper,EDUARDO COOPER
49716,17722,2410.6266,Margaret Zhu,MARGARET ZHU
49717,16204,2699.9018,Kevin Baker,KEVIN BAKER
49718,19196,1105.4834,Brianna Morgan,BRIANNA MORGAN
49720,12640,2264.2536,Sarah Gonzales,SARAH GONZALES
49721,12645,2288.9187,Clayton Shan,CLAYTON SHAN
49722,14264,2288.9187,Eduardo Sanders,EDUARDO SANDERS
49723,14366,1105.4834,Anne Munoz,ANNE MUNOZ
49728,17635,2699.9018,Sandra Zhang,SANDRA ZHANG
49729,19046,1105.4834,Lauren Powell,LAUREN POWELL
49732,14523,2288.9187,Xavier Gray,XAVIER GRAY
49733,14259,2264.2536,Felicia Gomez,FELICIA GOMEZ
49735,15569,865.204,Pamela Sanchez,PAMELA SANCHEZ
49736,15555,865.204,Elijah Parker,ELIJAH PARKER
49739,13895,2410.6266,Theresa Munoz,THERESA MUNOZ
49740,14310,2288.9187,Marcus Ward,MARCUS WARD
49741,14378,1105.4834,Anne Vazquez,ANNE VAZQUEZ
49744,19188,1105.4834,Nelson Moreno,NELSON MORENO
49745,19448,1105.4834,Victoria Powell,VICTORIA POWELL
49747,12495,2288.9187,Madison Washington,MADISON WASHINGTON
49748,14380,1105.4834,Anne Blanco,ANNE BLANCO
49751,17966,2699.9018,Vincent Ma,VINCENT MA
49752,11242,2264.2536,Ruben Gomez,RUBEN GOMEZ
49753,14275,2264.2536,Seth Sanders,SETH SANDERS
49754,14303,2264.2536,Felicia Rubio,FELICIA RUBIO
49755,14305,2264.2536,Felicia Ortega,FELICIA ORTEGA
49757,17965,2410.6266,Ethan Garcia,ETHAN GARCIA
49758,19381,865.204,Victoria Rogers,VICTORIA ROGERS
49759,14379,1105.4834,Sheila Gomez,SHEILA GOMEZ
49762,17948,2699.9018,Ethan Martin,ETHAN MARTIN
49763,14277,2288.9187,Dalton Sanders,DALTON SANDERS
49764,14236,2288.9187,Sean Sanders,SEAN SANDERS
49766,19419,865.204,Nelson Carlson,NELSON CARLSON
49767,14347,2288.9187,Kristy Sanz,KRISTY SANZ
49771,15570,865.204,Jack Parker,JACK PARKER
49774,12648,2264.2536,Clayton Pal,CLAYTON PAL
49775,14235,2288.9187,Krista Blanco,KRISTA BLANCO
49778,17198,2699.9018,Hunter Garcia,HUNTER GARCIA
49779,17209,2699.9018,Tony Raji,TONY RAJI
49780,17958,2410.6266,Ethan Lee,ETHAN LEE
49781,12484,2264.2536,Sarah Martinez,SARAH MARTINEZ
49784,14325,2264.2536,Evan Torres,EVAN TORRES
49785,14667,2264.2536,Adrian Cooper,ADRIAN COOPER
49791,16261,2699.9018,Kyle Gonzalez,KYLE GONZALEZ
49793,14671,2288.9187,Jamie Serrano,JAMIE SERRANO
49796,15562,865.204,Pamela Fernandez,PAMELA FERNANDEZ
49797,15568,865.204,Jordan Parker,JORDAN PARKER
49801,15920,2410.6266,Manuel Malhotra,MANUEL MALHOTRA
49802,17629,2699.9018,Logan Jones,LOGAN JONES
49803,15931,2699.9018,Manuel Sara,MANUEL SARA
49805,14286,2264.2536,Felicia Dominguez,FELICIA DOMINGUEZ
49806,14304,2264.2536,Devin Ward,DEVIN WARD
49807,14346,2288.9187,Joy Ortega,JOY ORTEGA
49808,14672,2288.9187,Jamie Ramos,JAMIE RAMOS
49811,17892,2410.6266,Hunter Jones,HUNTER JONES
49812,15677,2699.9018,Jose Edwards,JOSE EDWARDS
49813,15700,2410.6266,Jordan Edwards,JORDAN EDWARDS
49814,11336,2288.9187,Rachel Johnson,RACHEL JOHNSON
49816,14374,1105.4834,Anne Dominguez,ANNE DOMINGUEZ
49895,17789,2410.6266,Candice Wang,CANDICE WANG
49896,16388,2410.6266,Latoya Jai,LATOYA JAI
49897,16392,2410.6266,Greg Carter,GREG CARTER
49898,17824,2699.9018,Dana Torres,DANA TORRES
49899,17873,2699.9018,Carrie Browning,CARRIE BROWNING
49900,16286,2410.6266,Jack Gonzalez,JACK GONZALEZ
49901,19427,865.204,Victoria Bennett,VICTORIA BENNETT
49902,12501,2288.9187,Alejandro Gao,ALEJANDRO GAO
49903,15851,865.204,Maurizio Macagno,MAURIZIO MACAGNO
49904,15882,865.204,Johnathan Kapoor,JOHNATHAN KAPOOR
49909,17981,2699.9018,Benjamin Wilson,BENJAMIN WILSON
49910,13903,2410.6266,Joy Ruiz,JOY RUIZ
49911,12857,2264.2536,Tristan Wood,TRISTAN WOOD
49912,15185,2288.9187,Teresa Ruiz,TERESA RUIZ
49913,15192,2264.2536,Carlos Rivera,CARLOS RIVERA
49914,15207,2288.9187,Brian Rivera,BRIAN RIVERA
49915,15143,2288.9187,Jesse Bailey,JESSE BAILEY
49916,15145,2288.9187,Kendra Alonso,KENDRA ALONSO
49919,17796,2410.6266,Ethan Johnson,ETHAN JOHNSON
49920,19477,1105.4834,Victoria Diaz,VICTORIA DIAZ
49921,13911,2410.6266,Theresa Vazquez,THERESA VAZQUEZ
49922,15171,2264.2536,Kendra Suarez,KENDRA SUAREZ
49925,16391,2410.6266,Latoya Andersen,LATOYA ANDERSEN
49926,16400,2699.9018,Latoya Nara,LATOYA NARA
49927,17775,1105.4834,Zachary Lee,ZACHARY LEE
49928,19442,865.204,Victoria Jenkins,VICTORIA JENKINS
49929,11346,2264.2536,Rachel Moore,RACHEL MOORE
49930,12854,2264.2536,Rafael Yuan,RAFAEL YUAN
49931,15860,865.204,Allen Subram,ALLEN SUBRAM
49932,14418,1105.4834,Bryce Peterson,BRYCE PETERSON
49933,15169,2288.9187,Adrian Bailey,ADRIAN BAILEY
49938,19274,1105.4834,Nelson Harrison,NELSON HARRISON
49939,11379,2264.2536,Rachel Lee,RACHEL LEE
49940,12859,2288.9187,Robyn Ruiz,ROBYN RUIZ
49941,15022,2288.9187,Renee Serrano,RENEE SERRANO
49942,14400,1105.4834,Mason Peterson,MASON PETERSON
49943,14417,1105.4834,Brian Peterson,BRIAN PETERSON
49944,15210,2288.9187,Nathaniel Rivera,NATHANIEL RIVERA
49946,18021,2410.6266,Ryan Lewis,RYAN LEWIS
49947,19471,1105.4834,Raymond Raman,RAYMOND RAMAN
49948,15015,2264.2536,Bryce Bell,BRYCE BELL
49949,14411,1105.4834,Lee Gutierrez,LEE GUTIERREZ
49952,15840,865.204,Steven Stewart,STEVEN STEWART
49953,15213,2264.2536,Teresa Dominguez,TERESA DOMINGUEZ
49954,15144,2264.2536,Sean Bailey,SEAN BAILEY
49955,15152,2264.2536,Nathaniel Bailey,NATHANIEL BAILEY
49963,17847,2699.9018,Abby Arthur,ABBY ARTHUR
49964,16394,2410.6266,Latoya Raje,LATOYA RAJE
49966,12856,2288.9187,Tristan Bennett,TRISTAN BENNETT
49967,12521,2288.9187,Alejandro Deng,ALEJANDRO DENG
49968,15029,2288.9187,Renee Suarez,RENEE SUAREZ
49969,15768,865.204,Diane Sanz,DIANE SANZ
49970,15769,865.204,Billy Schmidt,BILLY SCHMIDT
49971,15208,2264.2536,Teresa Torres,TERESA TORRES
49972,15211,2288.9187,Chase Rivera,CHASE RIVERA
49975,16291,2699.9018,Casey Sharma,CASEY SHARMA
49976,13906,2410.6266,Ian Hayes,IAN HAYES
49977,13910,2410.6266,Lucas Barnes,LUCAS BARNES
49978,12546,2288.9187,Wilson Pais,WILSON PAIS
49979,12855,2288.9187,Tristan Price,TRISTAN PRICE
49980,15027,2264.2536,Jared Bell,JARED BELL
49981,15032,2264.2536,Adrian Bell,ADRIAN BELL
49982,14406,1105.4834,Sean Peterson,SEAN PETERSON
49983,15179,2288.9187,Ian Bailey,IAN BAILEY
49985,11339,2264.2536,Rachel Jones,RACHEL JONES
49987,15204,2264.2536,Teresa Romero,TERESA ROMERO
49988,15120,2264.2536,Jill Ortega,JILL ORTEGA
49989,15130,2264.2536,Jeremy Murphy,JEREMY MURPHY
49990,15180,2288.9187,Lucas Bailey,LUCAS BAILEY
49993,17781,2699.9018,Nathan Jones,NATHAN JONES
49994,17799,2410.6266,Logan Clark,LOGAN CLARK
49996,12735,2264.2536,Kayla Russell,KAYLA RUSSELL
49997,12736,2288.9187,Omar Yuan,OMAR YUAN
49998,12808,2264.2536,Oscar Russell,OSCAR RUSSELL
49999,14392,1105.4834,Isaiah Peterson,ISAIAH PETERSON
50001,15183,2288.9187,Teresa Gomez,TERESA GOMEZ
50005,17848,2410.6266,Carrie Gomez,CARRIE GOMEZ
50007,15181,2288.9187,Paula Blanco,PAULA BLANCO
50008,15122,2288.9187,Marcus Murphy,MARCUS MURPHY
50013,17979,2410.6266,Ryan Brown,RYAN BROWN
50014,17833,2699.9018,Samuel Anderson,SAMUEL ANDERSON
50015,19254,1105.4834,Brianna Powell,BRIANNA POWELL
50020,12738,2264.2536,Omar Kumar,OMAR KUMAR
50021,12839,2264.2536,Rafael Deng,RAFAEL DENG
50022,12712,2264.2536,Kayla Jenkins,KAYLA JENKINS
50023,15780,865.204,Martin Sanchez,MARTIN SANCHEZ
50025,14386,1105.4834,Dalton Torres,DALTON TORRES
50026,15205,2288.9187,Teresa Navarro,TERESA NAVARRO
50031,19421,865.204,Douglas Madan,DOUGLAS MADAN
50032,13896,2699.9018,Theresa Alonso,THERESA ALONSO
50033,12713,2288.9187,Kayla Powell,KAYLA POWELL
50034,15129,2288.9187,Kendra Ruiz,KENDRA RUIZ
50037,16289,2410.6266,Casey Kumar,CASEY KUMAR
50038,17784,2410.6266,Logan Garcia,LOGAN GARCIA
50039,18000,2699.9018,Ryan Jackson,RYAN JACKSON
50040,15043,2288.9187,Gina Diaz,GINA DIAZ
50041,15841,865.204,Adrian Stewart,ADRIAN STEWART
50042,15770,865.204,Luke Collins,LUKE COLLINS
50043,14398,1105.4834,Lee Jimenez,LEE JIMENEZ
50046,16404,2699.9018,Latoya Nath,LATOYA NATH
50047,16408,2410.6266,Latoya Raji,LATOYA RAJI
50048,19197,1105.4834,Philip Navarro,PHILIP NAVARRO
50049,12745,2288.9187,Alexis Wood,ALEXIS WOOD
50050,15035,2288.9187,Charles Bell,CHARLES BELL
50051,15127,2288.9187,Xavier Murphy,XAVIER MURPHY
50053,17811,2410.6266,Candice Sun,CANDICE SUN
50054,16412,2699.9018,Tracy Simpson,TRACY SIMPSON
50055,19479,1105.4834,Raymond Lopez,RAYMOND LOPEZ
50056,15842,865.204,Cody Stewart,CODY STEWART
50057,15834,865.204,Cole Stewart,COLE STEWART
50058,14414,1105.4834,Lee Gill,LEE GILL
50059,14415,1105.4834,Sheila Diaz,SHEILA DIAZ
50060,15151,2264.2536,Kendra Navarro,KENDRA NAVARRO
50065,15044,2264.2536,Gina Hernandez,GINA HERNANDEZ
50069,17972,2410.6266,Abby Subram,ABBY SUBRAM
50070,12624,2264.2536,Clayton She,CLAYTON SHE
50071,12853,2264.2536,Trevor Harrison,TREVOR HARRISON
50072,15036,2264.2536,Renee Rubio,RENEE RUBIO
50073,15862,865.204,Hunter Perez,HUNTER PEREZ
50075,15170,2288.9187,Cody Bailey,CODY BAILEY
50081,19434,865.204,Douglas Mehta,DOUGLAS MEHTA
50083,19446,865.204,Douglas Perez,DOUGLAS PEREZ
50084,12548,2264.2536,Alejandro Andersen,ALEJANDRO ANDERSEN
50088,16393,2410.6266,Noah Carter,NOAH CARTER
50089,17778,1105.4834,Susan He,SUSAN HE
50090,19423,865.204,Douglas Srini,DOUGLAS SRINI
50091,19436,865.204,Douglas Garcia,DOUGLAS GARCIA
50092,11378,2288.9187,Rachel Lewis,RACHEL LEWIS
50093,15781,865.204,Jackson Collins,JACKSON COLLINS
50094,15184,2288.9187,Seth Bailey,SETH BAILEY
50095,15178,2264.2536,Marcus Bailey,MARCUS BAILEY
50096,17978,2410.6266,Ryan Jones,RYAN JONES
50097,19447,865.204,Raymond Suri,RAYMOND SURI
50098,15843,865.204,Charles Stewart,CHARLES STEWART
50099,15852,865.204,Marcus Stewart,MARCUS STEWART
50100,14385,1105.4834,Xavier Torres,XAVIER TORRES
50101,16310,2699.9018,Casey Nara,CASEY NARA
50102,13898,2699.9018,Theresa Navarro,THERESA NAVARRO
50103,15827,865.204,Kellie Martin,KELLIE MARTIN
50104,14394,1105.4834,Anne Ortega,ANNE ORTEGA
50108,17974,2410.6266,Vincent Zheng,VINCENT ZHENG
50109,16268,2410.6266,Luis Gonzalez,LUIS GONZALEZ
50110,19441,865.204,Douglas Gonzalez,DOUGLAS GONZALEZ
50115,17764,2410.6266,Susan Xu,SUSAN XU
50116,17825,2410.6266,Dana Dominguez,DANA DOMINGUEZ
50117,17893,2410.6266,Dennis Yang,DENNIS YANG
50119,13907,2410.6266,Lucas Price,LUCAS PRICE
50120,15040,2288.9187,Eduardo Bell,EDUARDO BELL
50121,15042,2288.9187,Richard Blue,RICHARD BLUE
50122,15844,865.204,Allen Malhotra,ALLEN MALHOTRA
50123,15778,865.204,Martin Rodriguez,MARTIN RODRIGUEZ
50125,15209,2264.2536,Bryce Rivera,BRYCE RIVERA
50126,15135,2288.9187,Alex Bailey,ALEX BAILEY
50129,17990,2410.6266,Abby Mehta,ABBY MEHTA
50130,19284,1105.4834,Erik Gutierrez,ERIK GUTIERREZ
50131,19426,865.204,Douglas Sara,DOUGLAS SARA
50133,11345,2264.2536,Rachel Wilson,RACHEL WILSON
50134,15028,2288.9187,Bryan Bell,BRYAN BELL
50135,15037,2288.9187,Renee Ortega,RENEE ORTEGA
50136,15845,865.204,Devin Stewart,DEVIN STEWART
50137,15865,865.204,Noah Perez,NOAH PEREZ
50138,14413,1105.4834,Lee Dominguez,LEE DOMINGUEZ
50139,15182,2288.9187,Teresa Martin,TERESA MARTIN
50144,19459,1105.4834,Victoria Simmons,VICTORIA SIMMONS
50145,19283,1105.4834,Olivia Stewart,OLIVIA STEWART
50146,13897,2410.6266,Theresa Romero,THERESA ROMERO
50148,15771,865.204,Billy Rubio,BILLY RUBIO
50149,15134,2288.9187,Isaiah Bailey,ISAIAH BAILEY
50152,17768,2410.6266,Logan Martin,LOGAN MARTIN
50154,13904,2410.6266,Theresa Torres,THERESA TORRES
50155,15030,2288.9187,Garrett Bell,GARRETT BELL
50156,15038,2264.2536,Devin Bell,DEVIN BELL
50157,15121,2288.9187,Richard Murphy,RICHARD MURPHY
50158,15133,2288.9187,Kendra Diaz,KENDRA DIAZ
50160,15873,865.204,Kyle Perez,KYLE PEREZ
50164,17765,2410.6266,Logan White,LOGAN WHITE
50165,17977,2410.6266,Ryan Williams,RYAN WILLIAMS
50166,19467,1105.4834,Kelvin He,KELVIN HE
50167,13905,2410.6266,Theresa Dominguez,THERESA DOMINGUEZ
50168,15033,2288.9187,Renee Sanz,RENEE SANZ
50169,15041,2288.9187,Gina Ruiz,GINA RUIZ
50171,16288,2410.6266,Adam Gonzalez,ADAM GONZALEZ
50172,17773,1105.4834,Samuel Davis,SAMUEL DAVIS
50176,16273,2410.6266,Bethany Beck,BETHANY BECK
50179,17769,2410.6266,Susan Zhu,SUSAN ZHU
50180,17777,2699.9018,Abby Kovár,ABBY KOVÁR
50181,19257,1105.4834,Brianna Patterson,BRIANNA PATTERSON
50184,11340,2264.2536,Christy Huang,CHRISTY HUANG
50185,12657,2264.2536,Elizabeth Barnes,ELIZABETH BARNES
50186,14412,1105.4834,Lee Travers,LEE TRAVERS
50187,15150,2264.2536,Bryce Bailey,BRYCE BAILEY
50324,18158,2410.6266,Randy Lu,RANDY LU
50328,11401,2288.9187,Jasmine Jackson,JASMINE JACKSON
50329,11403,2288.9187,Christy Shan,CHRISTY SHAN
50330,15892,865.204,Caleb Perez,CALEB PEREZ
50331,15915,865.204,Alex Perez,ALEX PEREZ
50333,15580,2288.9187,Ricky Alvarez,RICKY ALVAREZ
50334,15595,2264.2536,Sean Parker,SEAN PARKER
50335,15648,2288.9187,Isaiah Evans,ISAIAH EVANS
50338,17946,2410.6266,Vincent Huang,VINCENT HUANG
50339,18026,2410.6266,Brent Zheng,BRENT ZHENG
50340,16424,2410.6266,Caleb Carter,CALEB CARTER
50344,15937,865.204,Kellie Moreno,KELLIE MORENO
50345,15225,2288.9187,Teresa Carlson,TERESA CARLSON
50346,15575,2288.9187,Ricky Ruiz,RICKY RUIZ
50348,19311,1105.4834,Frank Diaz,FRANK DIAZ
50349,19314,1105.4834,Olivia Cox,OLIVIA COX
50351,15885,865.204,Johnathan Chapman,JOHNATHAN CHAPMAN
50352,15948,865.204,Manuel Perez,MANUEL PEREZ
50353,14440,1105.4834,Lawrence Munoz,LAWRENCE MUNOZ
50354,14456,1105.4834,Sheila Alvarez,SHEILA ALVAREZ
50355,15268,2288.9187,Heidi Mehta,HEIDI MEHTA
50356,15600,2288.9187,Ricky Dominguez,RICKY DOMINGUEZ
50357,15643,2288.9187,Carlos Evans,CARLOS EVANS
50361,19510,1105.4834,Brett Rana,BRETT RANA
50365,13925,2699.9018,Lucas Hughes,LUCAS HUGHES
50368,15265,2264.2536,Heidi Subram,HEIDI SUBRAM
50369,15642,2288.9187,Jimmy Romero,JIMMY ROMERO
50370,17941,2410.6266,Vincent Li,VINCENT LI
50371,16431,2410.6266,Jordan Carter,JORDAN CARTER
50374,17787,1105.4834,Ethan Smith,ETHAN SMITH
50375,17830,1105.4834,Dana Serrano,DANA SERRANO
50376,17831,1105.4834,Dana Ramos,DANA RAMOS
50378,19473,865.204,Raymond Subram,RAYMOND SUBRAM
50379,13251,2264.2536,Roger Sun,ROGER SUN
50380,11420,2288.9187,Christy Rai,CHRISTY RAI
50381,15436,2288.9187,Chase Reed,CHASE REED
50382,15591,2264.2536,Jesse Parker,JESSE PARKER
50386,17942,2410.6266,Vincent Liu,VINCENT LIU
50389,12813,2264.2536,Oscar Hayes,OSCAR HAYES
50390,13253,2288.9187,Carson Hughes,CARSON HUGHES
50391,15901,865.204,Jack Perez,JACK PEREZ
50392,15902,865.204,Johnathan Fernandez,JOHNATHAN FERNANDEZ
50393,15918,865.204,Manuel Patel,MANUEL PATEL
50395,14439,1105.4834,Lawrence Moreno,LAWRENCE MORENO
50396,15439,2264.2536,Juan Reed,JUAN REED
50397,15588,2264.2536,Ricky Munoz,RICKY MUNOZ
50398,15645,2264.2536,Diane Vazquez,DIANE VAZQUEZ
50400,18173,2699.9018,Randy Ma,RANDY MA
50401,18127,2410.6266,Wesley Zeng,WESLEY ZENG
50404,11382,2264.2536,Christy Deng,CHRISTY DENG
50405,14451,1105.4834,Lawrence Gutierrez,LAWRENCE GUTIERREZ
50406,15229,2264.2536,Jeremiah Stewart,JEREMIAH STEWART
50409,18177,2410.6266,Randy He,RANDY HE
50410,18135,2410.6266,David Garcia,DAVID GARCIA
50411,18141,2410.6266,David Clark,DAVID CLARK
50414,19285,1105.4834,Erik Torres,ERIK TORRES
50416,11406,2264.2536,Jasmine Harris,JASMINE HARRIS
50417,11417,2264.2536,Jasmine Clark,JASMINE CLARK
50418,15897,865.204,Johnathan Schmidt,JOHNATHAN SCHMIDT
50419,14453,1105.4834,Xavier Peterson,XAVIER PETERSON
50421,15724,2264.2536,Billy Martin,BILLY MARTIN
50422,15223,2288.9187,Steven Rivera,STEVEN RIVERA
50424,16433,2410.6266,Gloria Romero,GLORIA ROMERO
50427,15944,865.204,Manuel Lopez,MANUEL LOPEZ
50428,14421,1105.4834,Lee Ramos,LEE RAMOS
50429,14433,1105.4834,Garrett Peterson,GARRETT PETERSON
50432,17940,2410.6266,Ethan Jackson,ETHAN JACKSON
50434,13912,2410.6266,Theresa Blanco,THERESA BLANCO
50435,12873,2288.9187,Tristan Patterson,TRISTAN PATTERSON
50437,15647,2264.2536,Angel Evans,ANGEL EVANS
50438,17929,2410.6266,Benjamin Lee,BENJAMIN LEE
50440,19502,1105.4834,Brett Arun,BRETT ARUN
50442,11402,2288.9187,Jasmine White,JASMINE WHITE
50443,11416,2264.2536,Christy Chander,CHRISTY CHANDER
50444,14438,1105.4834,Adrian Peterson,ADRIAN PETERSON
50447,15726,2264.2536,Isaac Edwards,ISAAC EDWARDS
50448,15219,2264.2536,Jared Rivera,JARED RIVERA
50449,15435,2288.9187,Bryce Reed,BRYCE REED
50450,16416,2699.9018,Tracy Yuan,TRACY YUAN
50453,17779,1105.4834,Susan Zheng,SUSAN ZHENG
50454,19493,1105.4834,Brett Van,BRETT VAN
50455,19480,865.204,Emma Sanchez,EMMA SANCHEZ
50456,15723,2264.2536,Marc Ortega,MARC ORTEGA
50457,15227,2264.2536,Xavier Stewart,XAVIER STEWART
50458,15438,2288.9187,Candace Perez,CANDACE PEREZ
50463,18166,2699.9018,Christian Harris,CHRISTIAN HARRIS
50464,19499,1105.4834,Emma Bailey,EMMA BAILEY
50465,19294,1105.4834,Olivia Morris,OLIVIA MORRIS
50467,15221,2288.9187,Teresa Ramos,TERESA RAMOS
50471,12807,2288.9187,Oscar Alexander,OSCAR ALEXANDER
50473,17827,1105.4834,Dana Gill,DANA GILL
50475,19911,1105.4834,Nicole Richardson,NICOLE RICHARDSON
50477,13252,2288.9187,Carson Patterson,CARSON PATTERSON
50478,15893,865.204,Johnathan Srini,JOHNATHAN SRINI
50479,14449,1105.4834,Lawrence Navarro,LAWRENCE NAVARRO
50481,15262,2288.9187,Cole Sanchez,COLE SANCHEZ
50483,15578,2288.9187,Carlos Parker,CARLOS PARKER
50484,18028,2410.6266,Abby Fernandez,ABBY FERNANDEZ
50486,14448,1105.4834,Ian Peterson,IAN PETERSON
50489,15717,2264.2536,Alex Edwards,ALEX EDWARDS
50490,15226,2288.9187,Adrian Rivera,ADRIAN RIVERA
50491,15644,2288.9187,Jimmy Navarro,JIMMY NAVARRO
50494,16432,2410.6266,Tracy Chapman,TRACY CHAPMAN
50495,19475,865.204,Victoria Griffin,VICTORIA GRIFFIN
50496,14452,1105.4834,Lawrence Torres,LAWRENCE TORRES
50497,14419,1105.4834,Lee Blanco,LEE BLANCO
50498,14434,1105.4834,Sheila Hernandez,SHEILA HERNANDEZ
50499,15214,2288.9187,Teresa Gill,TERESA GILL
50500,15425,2288.9187,Candace Subram,CANDACE SUBRAM
50501,18625,2410.6266,Stacy Serrano,STACY SERRANO
50502,16425,2410.6266,Tracy Jai,TRACY JAI
50503,19286,1105.4834,Erik Dominguez,ERIK DOMINGUEZ
50504,12874,2288.9187,Tristan Hughes,TRISTAN HUGHES
50505,11410,2264.2536,Jasmine Garcia,JASMINE GARCIA
50509,16415,2699.9018,Elijah Carter,ELIJAH CARTER
50511,18621,2699.9018,Orlando Martin,ORLANDO MARTIN
50513,12825,2264.2536,Rafael Liang,RAFAEL LIANG
50514,15904,865.204,Johnathan McDonald,JOHNATHAN MCDONALD
50515,15215,2264.2536,Cole Rivera,COLE RIVERA
50516,15646,2264.2536,Jimmy Gutierrez,JIMMY GUTIERREZ
50518,18136,2410.6266,Randy Wang,RANDY WANG
50519,17934,2410.6266,Dennis She,DENNIS SHE
50522,17780,1105.4834,Susan Hu,SUSAN HU
50523,12860,2264.2536,Rafael Lal,RAFAEL LAL
50524,15914,865.204,Isaiah Perez,ISAIAH PEREZ
50525,14447,1105.4834,Marcus Peterson,MARCUS PETERSON
50528,18160,2410.6266,Randy Xu,RANDY XU
50530,19912,1105.4834,Nicole Cox,NICOLE COX
50531,19452,865.204,Nelson Sanz,NELSON SANZ
50532,13915,2410.6266,Lucas Henderson,LUCAS HENDERSON
50533,11409,2264.2536,Jasmine Thompson,JASMINE THOMPSON
50534,12826,2288.9187,Trevor Perry,TREVOR PERRY
50540,19506,1105.4834,Brett Srini,BRETT SRINI
50541,12806,2264.2536,Rafael Ye,RAFAEL YE
50542,14442,1105.4834,Devin Peterson,DEVIN PETERSON
50544,15722,2264.2536,Mason Edwards,MASON EDWARDS
50545,15587,2288.9187,Mason Parker,MASON PARKER
50546,15597,2288.9187,James Evans,JAMES EVANS
50551,18168,2410.6266,Christopher Harris,CHRISTOPHER HARRIS
50552,16430,2410.6266,Tracy Chande,TRACY CHANDE
50553,19500,1105.4834,Emma Rivera,EMMA RIVERA
50556,13927,2410.6266,Wendy Hernandez,WENDY HERNANDEZ
50557,12861,2264.2536,Rafael Sharma,RAFAEL SHARMA
50558,12816,2264.2536,Trevor Wood,TREVOR WOOD
50559,15228,2264.2536,Dalton Stewart,DALTON STEWART
50560,15716,2264.2536,Marc Carlson,MARC CARLSON
50562,17945,2410.6266,Ethan Harris,ETHAN HARRIS
50563,18633,2410.6266,Stacy Rubio,STACY RUBIO
50570,13939,2410.6266,Lucas Griffin,LUCAS GRIFFIN
50571,15890,865.204,Johnathan Arthur,JOHNATHAN ARTHUR
50572,15899,865.204,Johnathan Raman,JOHNATHAN RAMAN
50573,15934,865.204,Manuel Subram,MANUEL SUBRAM
50574,15267,2264.2536,Bryan Sanchez,BRYAN SANCHEZ
50578,18126,2410.6266,Wesley Cai,WESLEY CAI
50579,17834,1105.4834,Ethan Jones,ETHAN JONES
50581,15909,865.204,Johnathan Sanchez,JOHNATHAN SANCHEZ
50583,15725,2288.9187,Billy Gomez,BILLY GOMEZ
50584,15585,2264.2536,Diane Torres,DIANE TORRES
50586,17898,2699.9018,Hunter Miller,HUNTER MILLER
50591,11425,2264.2536,Jasmine Lee,JASMINE LEE
50593,15266,2288.9187,Jared Sanchez,JARED SANCHEZ
50594,15601,2264.2536,Ricky Gill,RICKY GILL
50595,17928,2410.6266,Dennis Cai,DENNIS CAI
50600,19458,865.204,Raymond Malhotra,RAYMOND MALHOTRA
50601,12742,2288.9187,Juan Sanz,JUAN SANZ
50602,15719,2264.2536,Marc Suarez,MARC SUAREZ
50603,15576,2264.2536,Jackson Parker,JACKSON PARKER
50609,15886,865.204,Johnathan Patel,JOHNATHAN PATEL
50610,15941,865.204,Hunter Roberts,HUNTER ROBERTS
50611,15220,2264.2536,Bryan Rivera,BRYAN RIVERA
50612,15590,2264.2536,Ricky Alonso,RICKY ALONSO
50613,15596,2264.2536,Timothy Parker,TIMOTHY PARKER
50621,19474,865.204,Victoria Russell,VICTORIA RUSSELL
50626,18620,2410.6266,Stacy Vazquez,STACY VAZQUEZ
50627,18627,2699.9018,Anthony Harris,ANTHONY HARRIS
50628,17902,2699.9018,Greg Taylor,GREG TAYLOR
50629,16426,2410.6266,Tracy Pal,TRACY PAL
50630,19289,1105.4834,Kelvin Guo,KELVIN GUO
50631,19511,1105.4834,Brett Raman,BRETT RAMAN
50632,15908,865.204,Jackson Perez,JACKSON PEREZ
50633,14420,1105.4834,Lee Serrano,LEE SERRANO
50634,15218,2264.2536,Teresa Serrano,TERESA SERRANO
50635,15586,2288.9187,Ricky Moreno,RICKY MORENO
50636,15589,2288.9187,Isaac Parker,ISAAC PARKER
50642,18147,2410.6266,Randy Yang,RANDY YANG
50645,19288,1105.4834,Erik Vazquez,ERIK VAZQUEZ
50646,19298,1105.4834,Erik Suarez,ERIK SUAREZ
50648,13917,2699.9018,Theresa Ramos,THERESA RAMOS
50649,13938,2410.6266,Wendy Romero,WENDY ROMERO
50650,12747,2264.2536,Omar Sharma,OMAR SHARMA
50651,15888,865.204,Johnathan Malhotra,JOHNATHAN MALHOTRA
50652,15903,865.204,Adam Perez,ADAM PEREZ
50655,15582,2264.2536,Ricky Jimenez,RICKY JIMENEZ
50761,19321,1105.4834,Olivia Torres,OLIVIA TORRES
50762,17963,2410.6266,Ethan Walker,ETHAN WALKER
50763,16513,2410.6266,Kelsey Shan,KELSEY SHAN
50766,13977,2699.9018,Joanna Alonso,JOANNA ALONSO
50767,14486,1105.4834,Jonathon Navarro,JONATHON NAVARRO
50768,16176,2264.2536,Tina Suri,TINA SURI
50773,19903,865.204,Kathryn Shen,KATHRYN SHEN
50776,19940,1105.4834,Julie Shen,JULIE SHEN
50777,11439,2288.9187,Jenny Yang,JENNY YANG
50778,11578,2288.9187,Barbara Zheng,BARBARA ZHENG
50780,19945,865.204,Julie Luo,JULIE LUO
50781,13561,2264.2536,Jon Liang,JON LIANG
50782,11587,2264.2536,Barbara Xie,BARBARA XIE
50783,11588,2264.2536,Chloe Jackson,CHLOE JACKSON
50784,14498,1105.4834,Jared Gray,JARED GRAY
50785,15785,2288.9187,Troy Kapoor,TROY KAPOOR
50786,15797,2288.9187,Timothy Collins,TIMOTHY COLLINS
50787,15800,2264.2536,Troy Arun,TROY ARUN
50789,13553,2288.9187,Miguel Perry,MIGUEL PERRY
50791,15969,865.204,Luke Roberts,LUKE ROBERTS
50792,15972,865.204,Henry Rana,HENRY RANA
50793,14457,1105.4834,Lawrence Gill,LAWRENCE GILL
50797,17964,2410.6266,Christian Johnson,CHRISTIAN JOHNSON
50798,17900,1105.4834,Dennis Lin,DENNIS LIN
50800,11590,2264.2536,Marshall Chavez,MARSHALL CHAVEZ
50801,15989,865.204,Kellie Romero,KELLIE ROMERO
50802,14494,1105.4834,Jonathon Vazquez,JONATHON VAZQUEZ
50803,15789,2264.2536,Troy Chandra,TROY CHANDRA
50805,14471,1105.4834,Evan Gray,EVAN GRAY
50806,17980,2699.9018,Gerrit Straatsma,GERRIT STRAATSMA
50807,11433,2264.2536,Jenny Chen,JENNY CHEN
50808,11546,2288.9187,Barbara Huang,BARBARA HUANG
50809,14484,1105.4834,Timothy Gray,TIMOTHY GRAY
50813,13255,2264.2536,Carson Flores,CARSON FLORES
50816,17944,1105.4834,Vincent Yang,VINCENT YANG
50817,17989,2410.6266,Brent Li,BRENT LI
50818,18019,2410.6266,Christopher Brown,CHRISTOPHER BROWN
50819,15792,2288.9187,Troy Kovar,TROY KOVAR
50820,15808,2264.2536,Evan Stewart,EVAN STEWART
50821,16025,2288.9187,Bob Lopez,BOB LOPEZ
50822,16031,2264.2536,Caleb Turner,CALEB TURNER
50826,16476,2410.6266,Misty Chande,MISTY CHANDE
50827,19917,1105.4834,Kathryn Shan,KATHRYN SHAN
50828,13551,2264.2536,Miguel Jenkins,MIGUEL JENKINS
50831,15961,865.204,Jason Roberts,JASON ROBERTS
50832,14477,1105.4834,Jonathon Jimenez,JONATHON JIMENEZ
50833,15754,2288.9187,Gabriel Collins,GABRIEL COLLINS
50839,19918,1105.4834,Kathryn Jai,KATHRYN JAI
50840,16436,2410.6266,Jack Carter,JACK CARTER
50841,19032,2410.6266,Gary Dominguez,GARY DOMINGUEZ
50842,11479,2288.9187,Destiny Johnson,DESTINY JOHNSON
50843,12852,2264.2536,Trevor Diaz,TREVOR DIAZ
50844,19503,865.204,Brett Madan,BRETT MADAN
50845,13947,2410.6266,Wendy Torres,WENDY TORRES
50846,13979,2699.9018,Seth Simmons,SETH SIMMONS
50847,15953,865.204,Kevin Roberts,KEVIN ROBERTS
50848,15986,865.204,Henry Gonzalez,HENRY GONZALEZ
50849,16026,2264.2536,Kevin Turner,KEVIN TURNER
50850,16155,2264.2536,Molly Mehta,MOLLY MEHTA
50852,15831,2264.2536,Sebastian Stewart,SEBASTIAN STEWART
50856,17949,1105.4834,Vincent Zhou,VINCENT ZHOU
50857,16158,2264.2536,Kevin Campbell,KEVIN CAMPBELL
50858,16163,2288.9187,Molly Martinez,MOLLY MARTINEZ
50864,13411,2288.9187,Xavier Long,XAVIER LONG
50865,11582,2264.2536,Chloe Moore,CHLOE MOORE
50866,15991,865.204,Isaiah Roberts,ISAIAH ROBERTS
50867,15964,865.204,Aaron Roberts,AARON ROBERTS
50868,14473,1105.4834,Lawrence Ortega,LAWRENCE ORTEGA
50870,15764,2288.9187,Caleb Collins,CALEB COLLINS
50871,16027,2288.9187,Gabriel Turner,GABRIEL TURNER
50874,16570,2699.9018,Kara Rai,KARA RAI
50875,12829,2264.2536,Trevor Long,TREVOR LONG
50876,12827,2288.9187,Rafael He,RAFAEL HE
50877,12863,2288.9187,Tristan Ross,TRISTAN ROSS
50878,15733,2264.2536,Timothy Edwards,TIMOTHY EDWARDS
50879,15752,2288.9187,Diane Suarez,DIANE SUAREZ
50883,18045,2410.6266,Jeffery Huang,JEFFERY HUANG
50886,19048,2699.9018,Lauren Patterson,LAUREN PATTERSON
50887,16596,2410.6266,Angel Lopez,ANGEL LOPEZ
50888,19916,1105.4834,Nicole Ward,NICOLE WARD
50889,11572,2288.9187,Barbara Liang,BARBARA LIANG
50890,13984,2699.9018,Joanna Torres,JOANNA TORRES
50891,15976,865.204,Jack Roberts,JACK ROBERTS
50892,15753,2264.2536,Billy Gutierrez,BILLY GUTIERREZ
50893,16028,2288.9187,Bob Gonzalez,BOB GONZALEZ
50894,16160,2264.2536,Molly Fernandez,MOLLY FERNANDEZ
50897,11432,2288.9187,Nicole Williams,NICOLE WILLIAMS
50898,13948,2410.6266,Wendy Dominguez,WENDY DOMINGUEZ
50899,15983,865.204,Jackson Roberts,JACKSON ROBERTS
50901,15833,2288.9187,Allen Kapoor,ALLEN KAPOOR
50906,17947,2410.6266,Vincent Lin,VINCENT LIN
50907,17894,1105.4834,Dennis Huang,DENNIS HUANG
50908,13254,2264.2536,Roger Zhu,ROGER ZHU
50909,13554,2288.9187,Miguel Powell,MIGUEL POWELL
50911,12867,2288.9187,Tristan Coleman,TRISTAN COLEMAN
50917,16533,2410.6266,Kelsey Becker,KELSEY BECKER
50918,16547,2699.9018,James Perez,JAMES PEREZ
50919,18027,2410.6266,Christian Davis,CHRISTIAN DAVIS
50920,11571,2288.9187,Chloe Brown,CHLOE BROWN
50923,15984,865.204,Carlos Roberts,CARLOS ROBERTS
50924,15732,2288.9187,Billy Hernandez,BILLY HERNANDEZ
50925,15790,2288.9187,Evan Collins,EVAN COLLINS
50926,15799,2288.9187,Carlos Stewart,CARLOS STEWART
50930,17950,1105.4834,Abby Raman,ABBY RAMAN
50931,16569,2410.6266,Connor Green,CONNOR GREEN
50932,17885,1105.4834,Dennis Zhang,DENNIS ZHANG
50933,19922,865.204,Kathryn Carson,KATHRYN CARSON
50934,13256,2288.9187,Carson Washington,CARSON WASHINGTON
50935,15980,865.204,Henry Fernandez,HENRY FERNANDEZ
50938,17983,2410.6266,Christian Robinson,CHRISTIAN ROBINSON
50939,17897,1105.4834,Hunter Davis,HUNTER DAVIS
50940,13408,2264.2536,Willie Nara,WILLIE NARA
50941,19517,865.204,Emma Gray,EMMA GRAY
50942,11429,2288.9187,Marshall Kumar,MARSHALL KUMAR
50943,15784,2264.2536,Troy Suri,TROY SURI
50944,16169,2264.2536,Molly Rodriguez,MOLLY RODRIGUEZ
50948,19037,2699.9018,Orlando Rubio,ORLANDO RUBIO
50949,19070,2699.9018,Lauren Russell,LAUREN RUSSELL
50950,11576,2288.9187,Chloe Miller,CHLOE MILLER
50951,13557,2288.9187,Miguel Long,MIGUEL LONG
50952,15994,865.204,Mason Roberts,MASON ROBERTS
50953,14464,1105.4834,Lawrence Carlson,LAWRENCE CARLSON
50954,16161,2264.2536,Elijah Campbell,ELIJAH CAMPBELL
50957,17932,1105.4834,David Anderson,DAVID ANDERSON
50958,16548,2410.6266,Kara Xu,KARA XU
50959,16560,2410.6266,Samuel Perez,SAMUEL PEREZ
50960,17986,2410.6266,Brent Wang,BRENT WANG
50961,16580,2699.9018,Jack Lopez,JACK LOPEZ
50962,16937,2410.6266,Luke Young,LUKE YOUNG
50963,13404,2264.2536,Xavier Jenkins,XAVIER JENKINS
50964,12858,2288.9187,Rafael Kumar,RAFAEL KUMAR
50965,15952,865.204,Henry Kapoor,HENRY KAPOOR
50966,15954,865.204,Gabriel Roberts,GABRIEL ROBERTS
50967,15965,865.204,Henry Stone,HENRY STONE
50968,15968,865.204,Connor Roberts,CONNOR ROBERTS
50974,14470,1105.4834,Lawrence Rubio,LAWRENCE RUBIO
50975,15788,2288.9187,Diane Rubio,DIANE RUBIO
50976,15793,2264.2536,Mason Collins,MASON COLLINS
50977,16157,2288.9187,Kyle Campbell,KYLE CAMPBELL
50981,19031,2699.9018,Gary Gutierrez,GARY GUTIERREZ
50982,19073,2699.9018,Craig Gill,CRAIG GILL
50984,19902,865.204,Kathryn Deng,KATHRYN DENG
50985,14481,1105.4834,Jonathon Munoz,JONATHON MUNOZ
50986,14485,1105.4834,Patrick Gray,PATRICK GRAY
50987,14495,1105.4834,Juan Gray,JUAN GRAY
50988,16164,2264.2536,Molly Gonzalez,MOLLY GONZALEZ
50997,17984,2699.9018,Brent Zhang,BRENT ZHANG
50998,19316,1105.4834,Olivia Howard,OLIVIA HOWARD
50999,19504,865.204,Emma Cooper,EMMA COOPER
51002,17976,2410.6266,Vincent Cai,VINCENT CAI
51003,18005,2410.6266,Brent Zhao,BRENT ZHAO
51004,13978,2699.9018,Joanna Romero,JOANNA ROMERO
51005,15990,865.204,Henry Sanchez,HENRY SANCHEZ
51006,14461,1105.4834,Lawrence Serrano,LAWRENCE SERRANO
51008,15830,2288.9187,Troy Perez,TROY PEREZ
51009,16029,2288.9187,Shirleen Travers,SHIRLEEN TRAVERS
51011,16551,2699.9018,Kara Yuan,KARA YUAN
51012,12846,2288.9187,Trevor Bryant,TREVOR BRYANT
51013,11577,2264.2536,Chloe Wilson,CHLOE WILSON
51014,11583,2288.9187,Chloe Taylor,CHLOE TAYLOR
51015,17891,1105.4834,Dennis Liu,DENNIS LIU
51016,19899,865.204,Nicole Murphy,NICOLE MURPHY
51017,15987,865.204,Angel Roberts,ANGEL ROBERTS
51018,15751,2288.9187,Kevin Collins,KEVIN COLLINS
51019,15767,2264.2536,Billy Suarez,BILLY SUAREZ
51020,16159,2288.9187,Gabriel Campbell,GABRIEL CAMPBELL
51021,16532,2699.9018,Evan Mitchell,EVAN MITCHELL
51022,11483,2288.9187,Jenny Shen,JENNY SHEN
51023,13517,2264.2536,Jon Zhang,JON ZHANG
51027,15765,2264.2536,Connor Collins,CONNOR COLLINS
51031,13562,2264.2536,Jon Guo,JON GUO
51032,15949,865.204,Thomas Roberts,THOMAS ROBERTS
51033,16339,2264.2536,Katrina Sharma,KATRINA SHARMA
51039,17952,2410.6266,Benjamin Miller,BENJAMIN MILLER
51040,19036,2699.9018,Gary Vazquez,GARY VAZQUEZ
51041,16559,2410.6266,Kara Jai,KARA JAI
51042,16566,2410.6266,Kara Chavez,KARA CHAVEZ
51043,19049,2699.9018,Lauren Hughes,LAUREN HUGHES
51044,17985,2699.9018,Ryan Miller,RYAN MILLER
51045,12833,2264.2536,Robyn Gomez,ROBYN GOMEZ
51046,13976,2410.6266,Seth Butler,SETH BUTLER
51047,15755,2264.2536,Billy Torres,BILLY TORRES
51048,15757,2288.9187,Elijah Collins,ELIJAH COLLINS
51049,15802,2264.2536,Angel Stewart,ANGEL STEWART
51050,15832,2288.9187,Allen Suri,ALLEN SURI
51052,17998,2699.9018,Ryan Thomas,RYAN THOMAS
51053,11480,2288.9187,Destiny Williams,DESTINY WILLIAMS
51054,11547,2288.9187,Barbara Wu,BARBARA WU
51055,19943,865.204,Julie Tang,JULIE TANG
51056,13949,2410.6266,Wendy Gill,WENDY GILL
51057,15985,865.204,Henry Martinez,HENRY MARTINEZ
51058,14472,1105.4834,Mason Gray,MASON GRAY
51059,15734,2288.9187,James Collins,JAMES COLLINS
51060,15756,2288.9187,Billy Dominguez,BILLY DOMINGUEZ
51067,15992,865.204,Alex Roberts,ALEX ROBERTS
51068,15801,2264.2536,Troy Madan,TROY MADAN
51069,16180,2264.2536,Eric Campbell,ERIC CAMPBELL
51073,19058,2410.6266,Craig Jiménez,CRAIG JIMÉNEZ
51074,13407,2264.2536,Willie Chander,WILLIE CHANDER
51075,12850,2288.9187,Rafael Xu,RAFAEL XU
51076,15959,865.204,Elijah Roberts,ELIJAH ROBERTS
51077,15729,2288.9187,Jesse Edwards,JESSE EDWARDS
51078,15786,2264.2536,Isaiah Collins,ISAIAH COLLINS
51079,16156,2264.2536,Thomas Campbell,THOMAS CAMPBELL
51176,18239,2709.8357,Austin White,AUSTIN WHITE
51178,11245,2580.1419,Ruben Ruiz,RUBEN RUIZ
51180,16313,2809.2526,Timothy Gonzalez,TIMOTHY GONZALEZ
51181,12132,2778.9977,Taylor Jones,TAYLOR JONES
51183,20662,1934.8329,Lindsey Sharma,LINDSEY SHARMA
51184,11263,2646.4419,Natalie Moore,NATALIE MOORE
51188,12657,596.689,Elizabeth Barnes,ELIZABETH BARNES
51189,16688,2765.6272,Jose Green,JOSE GREEN
51191,12390,2591.1808,Samantha Garcia,SAMANTHA GARCIA
51192,11241,2574.6279,Isabella Clark,ISABELLA CLARK
51193,11020,2560.2519,Chloe Rodriguez,CHLOE RODRIGUEZ
51194,11089,2598.9158,Jennifer Wilson,JENNIFER WILSON
51195,14066,888.9394,Patrick Watson,PATRICK WATSON
51196,18906,706.0398,Andrew Walker,ANDREW WALKER
51197,11448,2562.4508,Nicole Thomas,NICOLE THOMAS
51198,11006,2580.1419,Chloe Martin,CHLOE MARTIN
51203,18208,2715.3497,Janelle Chandra,JANELLE CHANDRA
51204,13519,2699.9018,Jeremiah Flores,JEREMIAH FLORES
51205,11240,2618.8058,Isabella Robinson,ISABELLA ROBINSON
51206,11400,2562.4508,Jasmine Thomas,JASMINE THOMAS
51207,11338,2618.8058,Rachel Williams,RACHEL WILLIAMS
51209,13059,714.3273,Robyn Navarro,ROBYN NAVARRO
51210,11261,2574.6279,Ruben Alonso,RUBEN ALONSO
51211,13841,830.2307,Marcus Butler,MARCUS BUTLER
51214,19765,612.1369,Rachel Patterson,RACHEL PATTERSON
51215,11108,2574.639,Jennifer Lewis,JENNIFER LEWIS
51216,11117,2614.3637,Kaitlyn Johnson,KAITLYN JOHNSON
51217,11449,2610.3084,Jenny Zhou,JENNY ZHOU
51218,11943,596.689,Kayla Williams,KAYLA WILLIAMS
51221,12130,1307.7344,Taylor Williams,TAYLOR WILLIAMS
51224,11345,2602.264,Rachel Wilson,RACHEL WILSON
51228,11402,2650.8398,Jasmine White,JASMINE WHITE
51229,20038,2699.9018,Donald Prasad,DONALD PRASAD
51230,11292,2576.8048,Natalie Hall,NATALIE HALL
51231,11257,2538.4944,Natalie Brown,NATALIE BROWN
51232,11615,858.9607,Deb Wagner,DEB WAGNER
51233,18467,1879.594,Brandon Walker,BRANDON WALKER
51235,11105,2535.964,Jennifer Clark,JENNIFER CLARK
51236,11106,2535.964,Jennifer Rodriguez,JENNIFER RODRIGUEZ
51237,11061,2618.8058,Joe Torres,JOE TORRES
51238,11002,2535.964,Courtney Young,COURTNEY YOUNG
51239,11076,2624.3529,Julia Hall,JULIA HALL
51242,19225,1346.9729,Victor Ruiz,VICTOR RUIZ
51245,12124,2682.9953,Taylor Smith,TAYLOR SMITH
51247,11249,2552.5169,Ruben Diaz,RUBEN DIAZ
51248,12307,2699.9018,Colleen Tang,COLLEEN TANG
51249,11334,2580.1419,Christy Li,CHRISTY LI
51250,19360,2775.0086,Shane Suri,SHANE SURI
51251,11433,2699.9018,Jenny Chen,JENNY CHEN
51252,15551,654.4584,Kyle Parker,KYLE PARKER
51254,20180,2749.1185,Alyssa Barnes,ALYSSA BARNES
51256,11017,2560.2519,Chloe Clark,CHLOE CLARK
51257,19167,1238.1415,Casey Ramos,CASEY RAMOS
51258,18544,1276.8054,Leslie Rubio,LESLIE RUBIO
51259,11433,2698.4432,Jenny Chen,JENNY CHEN
51261,12271,1402.0682,Colleen Zhao,COLLEEN ZHAO
51262,11340,2612.1758,Christy Huang,CHRISTY HUANG
51264,11282,2674.6083,Ruben Serrano,RUBEN SERRANO
51265,11264,2625.4248,Ruben Romero,RUBEN ROMERO
51267,11456,2642.5302,Jenny Xu,JENNY XU
51268,18212,2708.6865,Austin Brown,AUSTIN BROWN
51269,16693,2742.8642,Timothy Hill,TIMOTHY HILL
51270,11341,2584.5619,Rachel Brown,RACHEL BROWN
51271,16944,2000.5583,Thomas Young,THOMAS YOUNG
51272,19418,2735.9248,Victoria Brooks,VICTORIA BROOKS
51273,19341,2760.6657,Olivia Blue,OLIVIA BLUE
51275,11265,2598.9158,Natalie Taylor,NATALIE TAYLOR
51276,11136,2630.4194,Roy Sanchez,ROY SANCHEZ
51277,11278,2574.6279,Natalie Thompson,NATALIE THOMPSON
51279,20716,858.9607,Amy Lu,AMY LU
51280,18468,1939.2529,Brandi Gomez,BRANDI GOMEZ
51281,18697,1879.594,Jacob Harris,JACOB HARRIS
51282,11008,2555.0473,Joe Srini,JOE SRINI
51285,12397,2574.6279,Samantha Clark,SAMANTHA CLARK
51286,16311,891.4698,Sean Gonzalez,SEAN GONZALEZ
51288,11335,2590.4073,Rachel Smith,RACHEL SMITH
51289,11084,2566.1194,Roy Kapoor,ROY KAPOOR
51290,11445,2547.0029,Nicole Anderson,NICOLE ANDERSON
51291,11447,2552.5169,Jenny Lin,JENNY LIN
51292,11058,2624.3529,Joe Gutierrez,JOE GUTIERREZ
51293,11060,2563.589,Julia Garcia,JULIA GARCIA
51294,17512,654.4584,Carlos Hall,CARLOS HALL
51296,19417,1276.8054,Victoria Watson,VICTORIA WATSON
51299,14775,2673.0613,Danny Carlson,DANNY CARLSON
51300,16702,2699.9018,Francisco Rana,FRANCISCO RANA
51301,14050,1352.3432,Isaiah Watson,ISAIAH WATSON
51302,16569,1939.2529,Connor Green,CONNOR GREEN
51303,13774,899.9894,Richard Coleman,RICHARD COLEMAN
51304,17644,634.2479,James Rodriguez,JAMES RODRIGUEZ
51305,11242,2563.589,Ruben Gomez,RUBEN GOMEZ
51306,11333,2590.4073,Grace Hall,GRACE HALL
51307,11336,2618.8058,Rachel Johnson,RACHEL JOHNSON
51308,18958,624.5571,Chelsea Martinez,CHELSEA MARTINEZ
51309,15553,651.9058,Kevin Parker,KEVIN PARKER
51310,11328,2563.589,Grace Rodriguez,GRACE RODRIGUEZ
51315,11003,2562.4508,Jenna Young,JENNA YOUNG
51316,19320,1324.8619,Cory Patel,CORY PATEL
51321,18246,2709.8357,Christopher Martinez,CHRISTOPHER MARTINEZ
51322,12296,2708.6865,Hannah Garcia,HANNAH GARCIA
51323,11332,2602.2529,Grace Walker,GRACE WALKER
51324,11155,2563.589,Roy Moreno,ROY MORENO
51325,11083,2646.4419,Jennifer Jones,JENNIFER JONES
51334,19335,1297.8004,Cory Prasad,CORY PRASAD
51336,18243,2740.3337,William Martin,WILLIAM MARTIN
51337,18220,2699.9018,Todd Gao,TODD GAO
51338,16339,1238.1415,Katrina Sharma,KATRINA SHARMA
51339,12462,2622.6844,Sarah Davis,SARAH DAVIS
51340,13789,905.5254,Richard Washington,RICHARD WASHINGTON
51341,12301,2742.8642,Hannah Clark,HANNAH CLARK
51342,19359,2738.5657,Cory Perez,CORY PEREZ
51343,11439,2715.3497,Jenny Yang,JENNY YANG
51344,16793,1976.7898,Jonathan Baker,JONATHAN BAKER
51345,11267,2613.2808,Ruben Gutierrez,RUBEN GUTIERREZ
51346,11270,2658.5748,Natalie Thomas,NATALIE THOMAS
51347,11062,2598.9158,Joe Dominguez,JOE DOMINGUEZ
51348,11167,2574.639,Morgan Jones,MORGAN JONES
51350,11054,2656.3869,Julia Jackson,JULIA JACKSON
51351,11446,2602.2529,Jenny Wu,JENNY WU
51352,11093,2608.8498,Jennifer Anderson,JENNIFER ANDERSON
51354,11454,2535.964,Nicole Harris,NICOLE HARRIS
51356,19393,1253.5894,Victoria Bailey,VICTORIA BAILEY
51358,17833,1382.4876,Samuel Anderson,SAMUEL ANDERSON
51359,18240,2784.9426,Austin Harris,AUSTIN HARRIS
51360,11388,2588.9266,Jasmine Brown,JASMINE BROWN
51362,16797,1914.1473,Kyle Young,KYLE YOUNG
51363,15557,613.2419,Jason Parker,JASON PARKER
51364,13741,850.2865,Robin Vazquez,ROBIN VAZQUEZ
51365,11156,2640.9169,Kaitlyn Lewis,KAITLYN LEWIS
51366,14007,1879.594,Nathaniel James,NATHANIEL JAMES
51367,19270,606.6229,Erik Alvarez,ERIK ALVAREZ
51368,19763,635.3529,Rachel Powell,RACHEL POWELL
51374,18205,2738.5657,John Garcia,JOHN GARCIA
51375,18209,2738.5657,William White,WILLIAM WHITE
51376,18218,2699.9018,Alexander Walker,ALEXANDER WALKER
51377,14047,1381.0732,Jeremiah James,JEREMIAH JAMES
51379,13745,927.6033,Briana Ramos,BRIANA RAMOS
51380,11295,2740.3779,Grace Johnson,GRACE JOHNSON
51381,11129,2535.964,Kaitlyn Moore,KAITLYN MOORE
51382,11152,2535.964,Damien Shen,DAMIEN SHEN
51384,11103,2639.2373,Roy Arun,ROY ARUN
51385,11070,2591.4681,Julia Lewis,JULIA LEWIS
51386,11072,2647.5358,Julia Lee,JULIA LEE
51387,11942,679.5308,Kayla Johnson,KAYLA JOHNSON
51388,11455,2563.589,Jenny Lu,JENNY LU
51389,19428,1303.3144,Douglas Rana,DOUGLAS RANA
51391,19437,2740.3337,Nelson Suarez,NELSON SUAREZ
51392,16388,2754.0136,Latoya Jai,LATOYA JAI
51393,16394,2738.5657,Latoya Raje,LATOYA RAJE
51394,19416,2735.9248,Douglas Sai,DOUGLAS SAI
51395,20181,2699.9018,Phillip Perez,PHILLIP PEREZ
51396,13849,997.7929,Marcus Gonzales,MARCUS GONZALES
51397,11835,2562.7823,Victoria Rodriguez,VICTORIA RODRIGUEZ
51398,11154,2563.589,Roy Jimenez,ROY JIMENEZ
51399,11191,2607.7779,Morgan Martin,MORGAN MARTIN
51407,18214,2778.9977,Christian Martinez,CHRISTIAN MARTINEZ
51408,11247,2585.9542,Isabella Walker,ISABELLA WALKER
51409,11417,2720.4769,Jasmine Clark,JASMINE CLARK
51410,14945,753.5769,Randall Diaz,RANDALL DIAZ
51411,11239,2601.1148,Isabella Martinez,ISABELLA MARTINEZ
51413,15549,635.3529,Pamela Raman,PAMELA RAMAN
51414,16231,2791.1637,Kellie Rubio,KELLIE RUBIO
51416,11550,858.9607,Barbara Zhou,BARBARA ZHOU
51417,11281,2588.9266,Natalie Martinez,NATALIE MARTINEZ
51419,18903,624.8444,Andrew Lee,ANDREW LEE
51420,11109,2737.0408,Roy Srini,ROY SRINI
51421,11010,2535.964,Joe Schmidt,JOE SCHMIDT
51422,17513,753.5769,Angel Hall,ANGEL HALL
51425,19171,1297.8004,Casey Sanz,CASEY SANZ
51426,18217,2738.5657,Todd Sun,TODD SUN
51427,11243,2613.3029,Isabella Rodriguez,ISABELLA RODRIGUEZ
51428,12308,2762.9862,Hannah Lee,HANNAH LEE
51429,11316,2596.7279,Lacey Goel,LACEY GOEL
51430,11275,2626.5408,Ruben Gill,RUBEN GILL
51431,11063,2622.1098,Julia Martinez,JULIA MARTINEZ
51432,11092,2587.8769,Roy Patel,ROY PATEL
51436,16218,635.3529,Luke Baker,LUKE BAKER
51438,19212,1297.8004,Brianna Ward,BRIANNA WARD
51440,18244,2699.9018,Christopher Garcia,CHRISTOPHER GARCIA
51441,12124,2708.6865,Taylor Smith,TAYLOR SMITH
51443,11739,2607.7779,Brianna Lewis,BRIANNA LEWIS
51444,11272,2648.6408,Natalie Jackson,NATALIE JACKSON
51445,11088,2614.9383,Jennifer Miller,JENNIFER MILLER
51447,11107,2626.5408,Roy Madan,ROY MADAN
51448,11080,2607.7779,Joe Rubio,JOE RUBIO
51450,11452,2668.564,Nicole Jackson,NICOLE JACKSON
51451,19159,1238.1415,Casey Torres,CASEY TORRES
51454,14198,2688.5092,Steven Kelly,STEVEN KELLY
51458,16803,1944.7669,Mario Lal,MARIO LAL
51459,16807,1909.7384,Mario Sharma,MARIO SHARMA
51460,11041,2630.4194,Marshall Zhu,MARSHALL ZHU
51461,14146,914.1997,Louis Chen,LOUIS CHEN
51465,16794,1973.4969,Jackson Allen,JACKSON ALLEN
51466,16804,1909.7384,Carlos Allen,CARLOS ALLEN
51467,16805,1954.7008,Alex Green,ALEX GREEN
51468,11259,2668.564,Natalie Miller,NATALIE MILLER
51469,11168,2606.9713,Roy Dominguez,ROY DOMINGUEZ
51471,18899,596.689,Orlando Gill,ORLANDO GILL
51473,18907,650.8008,Joseph Smith,JOSEPH SMITH
51474,19202,1293.3804,Philip Torres,PHILIP TORRES
51477,12264,1374.4432,Warren Zeng,WARREN ZENG
51478,18213,2754.0136,Todd Lu,TODD LU
51479,16687,2754.0136,Francisco Vance,FRANCISCO VANCE
51480,16937,1928.1919,Luke Young,LUKE YOUNG
51481,17098,648.6019,Melody Carlson,MELODY CARLSON
51482,11484,2613.3029,Destiny Davis,DESTINY DAVIS
51484,19433,2738.5657,Todd Rowe,TODD ROWE
51485,16316,2738.4552,Jonathan Nelson,JONATHAN NELSON
51486,16798,1950.2808,Kevin Young,KEVIN YOUNG
51487,15555,650.8008,Elijah Parker,ELIJAH PARKER
51488,20036,2893.5751,Destiny Ward,DESTINY WARD
51489,11289,2571.5671,Natalie Walker,NATALIE WALKER
51490,11171,2632.0548,Roy Vazquez,ROY VAZQUEZ
51491,11075,2535.964,Julia Walker,JULIA WALKER
51492,11018,2587.8769,Joe Mehta,JOE MEHTA
51493,11001,2674.0227,Amber Young,AMBER YOUNG
51497,19170,1272.6948,Nelson Jimenez,NELSON JIMENEZ
51498,19198,1276.8054,Brianna Bell,BRIANNA BELL
51502,19475,676.1937,Victoria Griffin,VICTORIA GRIFFIN
51503,13662,927.6254,Javier Rubio,JAVIER RUBIO
51504,16792,1918.2579,Robert Adams,ROBERT ADAMS
51505,11053,2574.6279,Joe Navarro,JOE NAVARRO
51506,11616,866.6294,Anna Hall,ANNA HALL
51507,16662,859.0712,Noah Adams,NOAH ADAMS
51510,12315,2673.0613,Madison Williams,MADISON WILLIAMS
51511,18241,2740.3337,William Harris,WILLIAM HARRIS
51512,11403,2649.7348,Christy Shan,CHRISTY SHAN
51513,16570,1962.4469,Kara Rai,KARA RAI
51514,17700,689.4869,Jonathan Thompson,JONATHAN THOMPSON
51515,16391,2699.9018,Latoya Andersen,LATOYA ANDERSEN
51516,11237,2563.589,Isabella Garcia,ISABELLA GARCIA
51517,20039,2715.3497,Destiny Peterson,DESTINY PETERSON
51518,16132,2717.8801,Mason Phillips,MASON PHILLIPS
51519,14078,927.6254,Cole Watson,COLE WATSON
51520,11015,2763.5719,Joe Subram,JOE SUBRAM
51522,11000,2587.8769,Mary Young,MARY YOUNG
51528,18219,2718.6205,Todd Zhu,TODD ZHU
51529,18222,2725.2836,John Smith,JOHN SMITH
51530,19362,2699.9018,Shane Chandra,SHANE CHANDRA
51531,11337,2639.8008,Christy Liu,CHRISTY LIU
51533,11291,2535.964,Lacey Shan,LACEY SHAN
51534,11158,2647.5358,Roy Alonso,ROY ALONSO
51536,18698,1918.2579,Orlando Hernandez,ORLANDO HERNANDEZ
51539,19160,1307.7344,Casey Dominguez,CASEY DOMINGUEZ
51540,19213,1276.8054,Philip Carlson,PHILIP CARLSON
51543,18210,2725.2836,Todd Zhao,TODD ZHAO
51544,11244,2602.264,Isabella Lewis,ISABELLA LEWIS
51545,19382,2699.9018,Nelson Serrano,NELSON SERRANO
51547,12300,2760.6657,Colleen She,COLLEEN SHE
51548,19424,2775.0086,Douglas Prasad,DOUGLAS PRASAD
51550,11387,2602.2529,Jasmine Jones,JASMINE JONES
51551,13058,650.8008,Hannah Bryant,HANNAH BRYANT
51552,13747,954.6869,Eduardo Butler,EDUARDO BUTLER
51553,11286,2625.4248,Natalie Lewis,NATALIE LEWIS
51554,11266,2590.0758,Ruben Navarro,RUBEN NAVARRO
51555,11037,2623.5242,Joe Gomez,JOE GOMEZ
51556,11022,2566.1194,Joe Lopez,JOE LOPEZ
51560,19271,635.3529,Brianna Foster,BRIANNA FOSTER
51561,11025,2658.0444,Marshall Sun,MARSHALL SUN
51562,11009,2538.4944,Joe Prasad,JOE PRASAD
51563,17511,632.3473,Valerie Zhu,VALERIE ZHU
51567,15276,622.9659,Heidi Lopez,HEIDI LOPEZ
51569,15017,671.7958,Renee Dominguez,RENEE DOMINGUEZ
51571,14046,1402.0682,Tanya Sanz,TANYA SANZ
51573,11238,2574.6279,Ruben Martin,RUBEN MARTIN
51574,16291,2738.5657,Casey Sharma,CASEY SHARMA
51576,11481,2624.3529,Destiny Jones,DESTINY JONES
51577,11042,2563.589,Joe Ashe,JOE ASHE
51580,18900,612.1369,Whitney Sara,WHITNEY SARA
51581,11007,2643.1048,Marshall Xu,MARSHALL XU
51582,11052,2582.6834,Joe Romero,JOE ROMERO
51583,16015,635.3529,Noah Turner,NOAH TURNER
51585,19240,1276.8054,Nelson Romero,NELSON ROMERO
51586,18207,2775.0086,John Martinez,JOHN MARTINEZ
51589,11401,2623.7894,Jasmine Jackson,JASMINE JACKSON
51590,11271,2646.4419,Ruben Dominguez,RUBEN DOMINGUEZ
51591,11175,2587.8769,Morgan Davis,MORGAN DAVIS
51592,11082,2574.639,Roy Suri,ROY SURI
51593,11036,2602.2529,Joe Martin,JOE MARTIN
51594,11104,2580.1529,Jennifer Robinson,JENNIFER ROBINSON
51595,11004,2626.5408,Chloe Harris,CHLOE HARRIS
51597,11453,2633.1377,Nicole White,NICOLE WHITE
51602,11439,2673.0613,Jenny Yang,JENNY YANG
51604,11246,2574.6279,Isabella Lee,ISABELLA LEE
51607,16799,1879.594,Isaiah Green,ISAIAH GREEN
51608,13744,859.0712,Eduardo Flores,EDUARDO FLORES
51609,13746,891.4698,Robin Browning,ROBIN BROWNING
51610,11021,2621.0158,Cindy Lewis,CINDY LEWIS
51611,18902,671.7958,Whitney Rana,WHITNEY RANA
51612,11005,2610.3084,Joe Madan,JOE MADAN
51613,16098,835.7447,Kristopher Sai,KRISTOPHER SAI
51621,17949,905.5254,Vincent Zhou,VINCENT ZHOU
51622,14927,676.2158,Jeremy Cook,JEREMY COOK
51625,18957,651.1323,Joseph Robinson,JOSEPH ROBINSON
51626,15554,635.3529,Gabriel Parker,GABRIEL PARKER
51628,19269,596.689,Brianna Simmons,BRIANNA SIMMONS
51629,11444,2626.5408,Jenny Huang,JENNY HUANG
51630,19199,1253.5894,Philip Gutierrez,PHILIP GUTIERREZ
51631,19211,1238.1415,Brianna Howard,BRIANNA HOWARD
51632,19422,1238.1415,Victoria Sanders,VICTORIA SANDERS
51633,19326,1238.1415,Cory Sai,CORY SAI
51634,14264,830.2307,Eduardo Sanders,EDUARDO SANDERS
51635,18242,2810.5012,Curtis Li,CURTIS LI
51636,18238,2709.8357,Curtis Wang,CURTIS WANG
51638,13778,905.5254,Monique Gill,MONIQUE GILL
51639,15630,891.4698,Luke Evans,LUKE EVANS
51640,20722,905.5254,Amy Liang,AMY LIANG
51641,11339,2574.6279,Rachel Jones,RACHEL JONES
51642,12384,2684.0119,Lacey Zhu,LACEY ZHU
51643,19361,2738.5657,Shane Kapoor,SHANE KAPOOR
51644,12131,2699.9018,Kelli Chander,KELLI CHANDER
51645,15552,711.0344,Pamela Subram,PAMELA SUBRAM
51646,11064,2547.0029,Marshall Gao,MARSHALL GAO
51647,11144,2651.9669,Roy Ruiz,ROY RUIZ
51648,11145,2552.5169,Kaitlyn Garcia,KAITLYN GARCIA
51649,11124,2552.5169,Roy Garcia,ROY GARCIA
51650,11011,2535.964,Joe Rana,JOE RANA
51651,11077,2624.3529,Jennifer Smith,JENNIFER SMITH
51652,11450,2619.0931,Marshall Lal,MARSHALL LAL
51657,19169,1293.3804,Casey Suarez,CASEY SUAREZ
51658,14189,2673.0613,Sabrina Ramos,SABRINA RAMOS
51659,14275,830.2307,Seth Sanders,SETH SANDERS
51660,12461,2618.8058,Sarah Brown,SARAH BROWN
51663,16327,2725.2836,Katrina Shen,KATRINA SHEN
51664,13742,891.4698,Eduardo Patterson,EDUARDO PATTERSON
51665,11252,2587.8769,Ruben Alvarez,RUBEN ALVAREZ
51666,19264,612.1369,Erik Gomez,ERIK GOMEZ
51667,11069,2563.589,Julia Rodriguez,JULIA RODRIGUEZ
51668,11101,2696.189,Jennifer Thompson,JENNIFER THOMPSON
51672,19435,2715.3497,Victoria Henderson,VICTORIA HENDERSON
51673,16400,2778.9977,Latoya Nara,LATOYA NARA
51675,15548,613.2419,Pamela Rana,PAMELA RANA
51676,20037,2868.5248,Destiny Torres,DESTINY TORRES
51677,11290,2602.2529,Ruben Saunders,RUBEN SAUNDERS
51678,11224,2574.6279,Isabella Taylor,ISABELLA TAYLOR
51679,11090,2623.7894,Jennifer Moore,JENNIFER MOORE
51680,12281,858.9607,Colleen Gao,COLLEEN GAO
51681,12272,830.2307,Hannah Jones,HANNAH JONES
51682,11057,2563.589,Julia Martin,JULIA MARTIN
51683,11095,2612.1758,Roy Vance,ROY VANCE
51684,11451,2615.4687,Jenny Ye,JENNY YE
51685,19201,1238.1415,Brianna Bailey,BRIANNA BAILEY
51687,14181,2682.9953,Patrick Kelly,PATRICK KELLY
51688,16310,1381.0732,Casey Nara,CASEY NARA
51876,18301,2738.5657,Alexander White,ALEXANDER WHITE
51877,11409,2646.4419,Jasmine Thompson,JASMINE THOMPSON
51878,11468,2563.589,Jenny He,JENNY HE
51880,12204,25.3819,Warren Zheng,WARREN ZHENG
51883,15138,38.664,Kendra Jimenez,KENDRA JIMENEZ
51884,16338,64.6094,Jason Nelson,JASON NELSON
51885,15640,2.5305,Jimmy Alonso,JIMMY ALONSO
51886,18293,2.5305,Jorge Huang,JORGE HUANG
51887,11530,86.7204,Jenny Raji,JENNY RAJI
51890,15571,38.5535,Adam Parker,ADAM PARKER
51894,14567,106.1574,Micheal Alonso,MICHEAL ALONSO
51896,15856,41.1834,Allen Schmidt,ALLEN SCHMIDT
51897,13199,25.3377,Edwin Raje,EDWIN RAJE
51898,15507,76.2119,Chase Cook,CHASE COOK
51899,16982,99.4169,Ricardo She,RICARDO SHE
51900,14870,94.9748,Lance Serrano,LANCE SERRANO
51901,15703,82.8529,Marc Torres,MARC TORRES
51902,13571,159.6394,Jon Cai,JON CAI
51903,19344,205.8394,Cory Garcia,CORY GARCIA
51904,14204,79.0959,Charles Kelly,CHARLES KELLY
51907,16192,32.5754,Mason Campbell,MASON CAMPBELL
51908,12392,28.1554,Lacey Guo,LACEY GUO
51909,11566,60.7529,Barbara Zhu,BARBARA ZHU
51910,14079,41.2055,Melinda Serrano,MELINDA SERRANO
51911,11746,46.7194,Ross Patel,ROSS PATEL
51912,13015,38.675,Emily Griffin,EMILY GRIFFIN
51913,14329,101.6048,Sean Torres,SEAN TORRES
51915,20200,2740.3337,George Sara,GEORGE SARA
51916,11693,2535.964,Pedro Jimenez,PEDRO JIMENEZ
51920,19413,1265.7554,Douglas Malhotra,DOUGLAS MALHOTRA
51921,16392,1381.0732,Greg Carter,GREG CARTER
51923,11420,2626.5408,Christy Rai,CHRISTY RAI
51925,11091,15.4479,Jennifer Taylor,JENNIFER TAYLOR
51926,14557,70.6869,Chase Ramirez,CHASE RAMIREZ
51929,17062,59.659,Sean Hernandez,SEAN HERNANDEZ
51930,15766,38.664,Billy Carlson,BILLY CARLSON
51931,13615,8.7848,Walter Carlson,WALTER CARLSON
51932,12098,9.934,Kelli Shen,KELLI SHEN
51933,11276,34.5534,Natalie Martin,NATALIE MARTIN
51936,11287,106.1574,Ruben Carlson,RUBEN CARLSON
51937,17374,98.8533,Krystal Zhu,KRYSTAL ZHU
51940,14291,55.2169,Jared Ward,JARED WARD
51941,20537,26.4869,Jennifer Bryant,JENNIFER BRYANT
51942,11223,71.8029,Isabella Moore,ISABELLA MOORE
51943,12077,98.8644,Kelli Gao,KELLI GAO
51944,18454,75.6815,Brandon Rodriguez,BRANDON RODRIGUEZ
51945,18835,87.2729,Matthew Thomas,MATTHEW THOMAS
51946,12054,138.114,Abigail Harris,ABIGAIL HARRIS
51947,16781,71.2394,Alex Scott,ALEX SCOTT
51948,15319,8.0444,Chase Morris,CHASE MORRIS
51949,16041,71.7919,Jackson Turner,JACKSON TURNER
51955,13582,76.2119,Jon Tang,JON TANG
51957,12061,82.8529,Abigail Garcia,ABIGAIL GARCIA
51958,20183,2708.6865,George Suri,GEORGE SURI
51959,11296,2562.7823,Lacey Pal,LACEY PAL
51960,12283,1352.3432,Colleen Ma,COLLEEN MA
51962,16491,830.2307,Misty Ashe,MISTY ASHE
51964,18309,2776.1136,Alexander Martinez,ALEXANDER MARTINEZ
51965,18250,2740.3337,John Robinson,JOHN ROBINSON
51966,13540,2653.0277,Miguel Bennett,MIGUEL BENNETT
51967,12807,2666.8623,Oscar Alexander,OSCAR ALEXANDER
51968,13171,132.6,Giorgio Veronesi,GIORGIO VERONESI
51969,14052,30.1444,Melinda Alvarez,MELINDA ALVAREZ
51970,17305,217.6519,Alan Yang,ALAN YANG
51971,16609,93.8698,Nichole Pal,NICHOLE PAL
51974,15136,38.664,Paula Gill,PAULA GILL
51975,11763,27.0615,Olivia Anderson,OLIVIA ANDERSON
51976,17074,65.1729,Johnny Goel,JOHNNY GOEL
51977,18191,9.934,Todd Chow,TODD CHOW
51978,19969,75.1069,Nicole Long,NICOLE LONG
51979,19477,2799.3297,Victoria Diaz,VICTORIA DIAZ
51980,11502,59.659,Jenny Pal,JENNY PAL
51981,11673,59.659,Megan Brown,MEGAN BROWN
51983,11641,23.7465,Pedro Vance,PEDRO VANCE
51984,18329,26.2769,John Taylor,JOHN TAYLOR
51986,15478,42.9624,Nancy Fernandez,NANCY FERNANDEZ
51987,16097,11.039,Kristopher Malhotra,KRISTOPHER MALHOTRA
51988,13491,16.5529,Colin Kumar,COLIN KUMAR
51990,12165,176.2144,Dawn Ye,DAWN YE
51991,11212,132.5779,Marshall Cai,MARSHALL CAI
51992,18987,132.5779,Nicholas Wilson,NICHOLAS WILSON
51994,16334,93.8366,Gabriel Nelson,GABRIEL NELSON
51995,16227,89.4608,Carlos Baker,CARLOS BAKER
51996,14245,62.9519,Chase Sandberg,CHASE SANDBERG
51997,18174,8.0444,Benjamin Harris,BENJAMIN HARRIS
51998,17882,35.6584,Carrie Rubio,CARRIE RUBIO
52001,13574,44.1779,Jon Zeng,JON ZENG
52002,11632,85.0298,Lauren Taylor,LAUREN TAYLOR
52003,15507,176.789,Chase Cook,CHASE COOK
52004,15562,624.3029,Pamela Fernandez,PAMELA FERNANDEZ
52006,20204,2735.9248,George Rana,GEORGE RANA
52007,13883,927.6254,Desiree Rubio,DESIREE RUBIO
52008,11818,2625.4248,Victoria Thompson,VICTORIA THOMPSON
52009,11830,2598.9158,Gerald Jordan,GERALD JORDAN
52010,11323,2758.3784,Grace Martinez,GRACE MARTINEZ
52011,12053,2646.4419,Abigail White,ABIGAIL WHITE
52012,14150,858.9607,Louis Liu,LOUIS LIU
52013,13260,830.2307,Roger Guo,ROGER GUO
52014,16664,883.4254,Aaron Hill,AARON HILL
52016,19403,1276.8054,Victoria Ware,VICTORIA WARE
52017,12131,2674.4757,Kelli Chander,KELLI CHANDER
52018,18470,2699.9018,Brandi Diaz,BRANDI DIAZ
52020,11344,2538.4944,Rachel Miller,RACHEL MILLER
52021,12806,2615.4908,Rafael Ye,RAFAEL YE
52022,11488,2566.1194,Jenny Xu,JENNY XU
52023,11500,38.664,Destiny Harris,DESTINY HARRIS
52024,19087,40.8408,Nelson Gomez,NELSON GOMEZ
52025,18293,79.5048,Jorge Huang,JORGE HUANG
52030,11125,8.7848,Kaitlyn Miller,KAITLYN MILLER
52031,19088,2.5305,Craig Sanz,CRAIG SANZ
52032,16406,1025.9815,Latoya Becker,LATOYA BECKER
52033,16427,876.7733,Luke Carter,LUKE CARTER
52034,14091,59.659,Cody West,CODY WEST
52035,11300,45.957,Marshall Shen,MARSHALL SHEN
52040,16848,104.4004,Russell Tang,RUSSELL TANG
52041,15413,136.9979,Candace Madan,CANDACE MADAN
52043,16384,8.0444,Latoya Sharma,LATOYA SHARMA
52044,17276,75.1069,Noah Harris,NOAH HARRIS
52045,15476,8.0444,Alex Cook,ALEX COOK
52046,20130,5.514,Alyssa Rivera,ALYSSA RIVERA
52047,20492,79.5269,Keith Tang,KEITH TANG
52048,19781,8.0444,Rachel Alexander,RACHEL ALEXANDER
52049,13818,44.189,Linda Travers,LINDA TRAVERS
52051,20142,4.409,Ronald Lopez,RONALD LOPEZ
52053,11723,44.189,Brianna Jackson,BRIANNA JACKSON
52054,11207,82.8529,Ruben Srini,RUBEN SRINI
52055,13234,40.8408,Roger Wu,ROGER WU
52056,18960,683.9729,Chelsea Gonzalez,CHELSEA GONZALEZ
52057,12060,2672.4204,Kelli Lin,KELLI LIN
52058,11325,2724.8527,Christy Zimmerman,CHRISTY ZIMMERMAN
52060,18699,1911.6169,Erika Munoz,ERIKA MUNOZ
52061,20158,635.3529,Phillip Sai,PHILLIP SAI
52063,19532,1332.0444,Brett Perez,BRETT PEREZ
52064,17976,1397.6482,Vincent Cai,VINCENT CAI
52066,12533,80.6208,Samantha Long,SAMANTHA LONG
52067,12197,8.7848,Dawn Hu,DAWN HU
52068,13635,35.6584,Javier Gutierrez,JAVIER GUTIERREZ
52069,20453,23.7465,Jennifer Murphy,JENNIFER MURPHY
52070,20237,23.7465,Derek Xu,DEREK XU
52072,11113,55.2169,Roy Saunders,ROY SAUNDERS
52073,12247,55.239,Colleen Zhang,COLLEEN ZHANG
52074,11211,71.2394,Ruben Prasad,RUBEN PRASAD
52083,11300,35.6694,Marshall Shen,MARSHALL SHEN
52084,14446,16.5529,Lawrence Romero,LAWRENCE ROMERO
52085,14561,55.2169,Cole Ramirez,COLE RAMIREZ
52086,20681,11.039,Morgan Cox,MORGAN COX
52087,19713,87.2729,Rachel Richardson,RACHEL RICHARDSON
52088,13860,16.5529,Joy Martin,JOY MARTIN
52089,18935,77.339,Chelsea Sai,CHELSEA SAI
52090,18889,87.2729,Andrew Wedge,ANDREW WEDGE
52091,15157,136.9979,Cole Bailey,COLE BAILEY
52093,17685,5.514,Nathan Clark,NATHAN CLARK
52094,15861,8.0444,Allen Mehta,ALLEN MEHTA
52095,13872,199.9829,Ian Coleman,IAN COLEMAN
52096,20050,65.1729,Destiny Kelly,DESTINY KELLY
52097,15617,66.2006,Kevin Evans,KEVIN EVANS
52099,15681,37.5479,Marc Diaz,MARC DIAZ
52101,16964,24.2879,Isaiah Young,ISAIAH YOUNG
52102,12724,16.5529,Omar She,OMAR SHE
52104,11327,2582.6834,Christy Wang,CHRISTY WANG
52105,11522,2552.5169,Jenny Goel,JENNY GOEL
52107,18272,2738.5657,Curtis Zheng,CURTIS ZHENG
52108,11394,2588.9266,Jill Moore,JILL MOORE
52109,11416,2574.6279,Christy Chander,CHRISTY CHANDER
52110,12742,2646.4419,Juan Sanz,JUAN SANZ
52111,11547,2574.6279,Barbara Wu,BARBARA WU
52112,11496,2650.8398,Destiny Jackson,DESTINY JACKSON
52113,11277,38.664,Ruben Vazquez,RUBEN VAZQUEZ
52114,15592,27.614,Ricky Romero,RICKY ROMERO
52119,13138,4.409,Edwin Lin,EDWIN LIN
52122,11700,69.5929,Megan Rodriguez,MEGAN RODRIGUEZ
52123,12176,132.6,Anna Brown,ANNA BROWN
52125,11738,54.6754,Ross Suri,ROSS SURI
52127,11176,79.0959,Morgan Miller,MORGAN MILLER
52129,17027,57.4158,Ricardo Black,RICARDO BLACK
52131,18775,77.339,Natasha Rubio,NATASHA RUBIO
52132,18664,15.4479,Diana Dominguez,DIANA DOMINGUEZ
52133,16953,15.4479,Carl Lal,CARL LAL
52134,16511,44.1779,Kelsey Sharma,KELSEY SHARMA
52135,15820,79.5269,Troy Lopez,TROY LOPEZ
52136,13510,104.4004,Colin Beck,COLIN BECK
52142,19346,23.7465,Nelson Vazquez,NELSON VAZQUEZ
52143,13663,16.8292,Edward Diaz,EDWARD DIAZ
52144,11868,68.4769,Emma White,EMMA WHITE
52145,12708,82.8529,Kayla Ross,KAYLA ROSS
52146,12089,2560.2519,Jessica Miller,JESSICA MILLER
52147,11302,2607.7116,Grace Brown,GRACE BROWN
52153,13521,2699.9018,Jeremy Butler,JEREMY BUTLER
52154,18251,2715.3497,John Jones,JOHN JONES
52155,18254,2699.9018,Curtis Zhou,CURTIS ZHOU
52156,16703,2776.1136,Jonathan Scott,JONATHAN SCOTT
52159,11996,1427.4059,Alisha Xie,ALISHA XIE
52160,11422,2580.1529,Christy Goel,CHRISTY GOEL
52161,11381,2587.8769,Rachel Hall,RACHEL HALL
52162,11380,2693.9016,Rachel Walker,RACHEL WALKER
52163,11978,38.664,Kayla Martinez,KAYLA MARTINEZ
52164,11119,38.9292,Roy Subram,ROY SUBRAM
52165,16617,77.3169,Nichole Nara,NICHOLE NARA
52167,19499,2754.0136,Emma Bailey,EMMA BAILEY
52168,13790,905.5254,Monique Suarez,MONIQUE SUAREZ
52169,11632,59.659,Lauren Taylor,LAUREN TAYLOR
52170,12795,32.034,Abigail Barnes,ABIGAIL BARNES
52171,15172,40.0784,Charles Bailey,CHARLES BAILEY
52176,18677,33.139,Diana Carlson,DIANA CARLSON
52178,16870,43.6144,Melody Munoz,MELODY MUNOZ
52180,19727,77.339,Cynthia Malhotra,CYNTHIA MALHOTRA
52181,13732,5.514,Eduardo Henderson,EDUARDO HENDERSON
52182,19168,132.5779,Casey Carlson,CASEY CARLSON
52183,17506,14.2987,Eric Hall,ERIC HALL
52186,16814,44.1779,Mario Pal,MARIO PAL
52187,18110,14.2987,Wesley Sun,WESLEY SUN
52188,15430,44.1779,Candace Fernandez,CANDACE FERNANDEZ
52189,15257,44.1779,Chase Sanchez,CHASE SANCHEZ
52190,14761,44.1779,Danny Gutierrez,DANNY GUTIERREZ
52193,15278,62.9519,Heidi Martinez,HEIDI MARTINEZ
52194,16209,34.2219,Kellie Sanz,KELLIE SANZ
52195,15821,34.2219,Troy Martinez,TROY MARTINEZ
52196,17993,87.2729,Benjamin Moore,BENJAMIN MOORE
52198,12502,66.8194,Madison Foster,MADISON FOSTER
52200,12984,41.2055,Emily Bennett,EMILY BENNETT
52201,18962,626.8334,Joseph Rodriguez,JOSEPH RODRIGUEZ
52202,11526,2626.5408,Alyssa Davis,ALYSSA DAVIS
52203,12058,2605.5127,Kelli Huang,KELLI HUANG
52204,17647,875.5357,Sandra Yang,SANDRA YANG
52205,18700,1933.7058,Erika Romero,ERIKA ROMERO
52206,17514,623.1758,Valerie Gao,VALERIE GAO
52207,11056,2666.8623,Julia Harris,JULIA HARRIS
52210,18308,2717.8801,Dylan Miller,DYLAN MILLER
52211,18482,2709.8357,Janelle Garcia,JANELLE GARCIA
52212,18275,2699.9018,Alexander Taylor,ALEXANDER TAYLOR
52213,11410,2668.5419,Jasmine Garcia,JASMINE GARCIA
52214,11483,2602.2529,Jenny Shen,JENNY SHEN
52215,12931,9.934,Robyn Alvarez,ROBYN ALVAREZ
52216,15140,30.1444,Kendra Moreno,KENDRA MORENO
52217,17078,136.9758,Shaun She,SHAUN SHE
52220,13998,108.2569,Brad Pritchett,BRAD PRITCHETT
52221,17291,59.659,Bethany Chande,BETHANY CHANDE
52222,17629,1911.6169,Logan Jones,LOGAN JONES
52223,19493,2778.9977,Brett Van,BRETT VAN
52231,11712,36.023,Pedro Dominguez,PEDRO DOMINGUEZ
52237,14604,26.4869,Jesse James,JESSE JAMES
52238,20696,81.7258,Morgan James,MORGAN JAMES
52239,19733,77.339,Cynthia Madan,CYNTHIA MADAN
52241,17447,15.4479,Leah Yang,LEAH YANG
52242,18102,5.514,Christopher Moore,CHRISTOPHER MOORE
52245,16018,99.4169,Bobby Mehta,BOBBY MEHTA
52246,13508,142.5119,Colin Goel,COLIN GOEL
52248,14704,106.0137,Isaac Richardson,ISAAC RICHARDSON
52249,18871,62.9519,Brandy Gonzalez,BRANDY GONZALEZ
52250,13360,62.9519,Willie Ma,WILLIE MA
52251,13372,85.0519,Willie She,WILLIE SHE
52259,17701,32.5754,Margaret Liu,MARGARET LIU
52261,13758,46.7194,Eduardo Russell,EDUARDO RUSSELL
52262,11793,74.0019,Victoria Johnson,VICTORIA JOHNSON
52263,12965,62.9519,Jaclyn Tang,JACLYN TANG
52264,16886,1911.6169,Jerry Tang,JERRY TANG
52265,15558,640.8669,Luis Parker,LUIS PARKER
52266,11885,2566.1194,Tamara Xie,TAMARA XIE
52267,11529,2614.3637,Alyssa Wilson,ALYSSA WILSON
52270,11947,696.1058,Alisha Yang,ALISHA YANG
52271,11055,2646.4419,Judith White,JUDITH WHITE
52278,18484,2778.9977,Dylan Jones,DYLAN JONES
52279,18249,2725.2836,William Thompson,WILLIAM THOMPSON
52280,18288,2778.9977,Brandon Jackson,BRANDON JACKSON
52281,14051,1367.7911,Melinda Hernandez,MELINDA HERNANDEZ
52282,11494,2574.6279,Destiny Anderson,DESTINY ANDERSON
52283,12091,9.934,Kelli Zeng,KELLI ZENG
52285,13158,71.7919,Spencer Butler,SPENCER BUTLER
52286,11146,59.6148,Kaitlyn Martinez,KAITLYN MARTINEZ
52287,17284,34.5534,Naomi Alvarez,NAOMI ALVAREZ
52292,14317,55.239,Dalton Ward,DALTON WARD
52293,19584,98.3119,Holly Rana,HOLLY RANA
52294,17096,1879.594,Elijah King,ELIJAH KING
52295,17107,1918.2579,Nathan Lopez,NATHAN LOPEZ
52296,14951,635.3529,Nathaniel Morgan,NATHANIEL MORGAN
52297,17715,718.2169,Nathan Lee,NATHAN LEE
52298,11198,70.1344,Morgan Rodriguez,MORGAN RODRIGUEZ
52299,11212,5.514,Marshall Cai,MARSHALL CAI
52302,11724,79.0959,Brianna White,BRIANNA WHITE
52304,12202,55.2169,Abigail Gonzales,ABIGAIL GONZALES
52306,18095,65.1729,Christian Lee,CHRISTIAN LEE
52308,15443,8.0444,Jared Reed,JARED REED
52309,11566,215.7734,Barbara Zhu,BARBARA ZHU
52310,14208,64.6094,Richard Kelly,RICHARD KELLY
52314,11260,46.7194,Ruben Muñoz,RUBEN MUÑOZ
52315,12327,9.934,Madison Anderson,MADISON ANDERSON
52316,11438,38.664,Jenny Liu,JENNY LIU
52317,11350,42.5094,Christy Zhou,CHRISTY ZHOU
52318,13882,927.6033,Ian Flores,IAN FLORES
52319,11324,2615.4908,Marshall Xie,MARSHALL XIE
52320,11678,2566.1194,Megan Moore,MEGAN MOORE
52321,11189,2614.3748,Ruben Chandra,RUBEN CHANDRA
52322,11216,2618.8169,Isabella Davis,ISABELLA DAVIS
52323,20152,623.7504,Alyssa Ramirez,ALYSSA RAMIREZ
52328,18302,2708.6865,Alexander Harris,ALEXANDER HARRIS
52329,11480,2552.5169,Destiny Williams,DESTINY WILLIAMS
52330,13668,87.2729,Wyatt Price,WYATT PRICE
52331,14053,65.1729,Melinda Jimenez,MELINDA JIMENEZ
52332,19087,11.3152,Nelson Gomez,NELSON GOMEZ
52335,11284,11.3152,Natalie Rodriguez,NATALIE RODRIGUEZ
52338,13944,40.0784,Joy Hernandez,JOY HERNANDEZ
52343,20343,77.339,Chad Andersen,CHAD ANDERSEN
52344,18569,5.514,Kathleen Romero,KATHLEEN ROMERO
52345,17540,15.4479,Brittney Lin,BRITTNEY LIN
52347,13285,14.2987,Roger Tang,ROGER TANG
52350,14512,44.1779,Eduardo Gray,EDUARDO GRAY
52352,14145,26.8184,Adrian Brooks,ADRIAN BROOKS
52353,16539,92.7869,Jesse Mitchell,JESSE MITCHELL
52354,20138,132.5558,Alyssa Ward,ALYSSA WARD
52355,17771,77.3169,Susan Gao,SUSAN GAO
52359,14604,38.675,Jesse James,JESSE JAMES
52360,12050,2702.2333,Kelli Li,KELLI LI
52361,19771,650.8008,Rachel Washington,RACHEL WASHINGTON
52364,19443,1286.7394,Douglas Rodriguez,DOUGLAS RODRIGUEZ
52365,17251,77.3169,Hunter Lee,HUNTER LEE
52366,19954,66.8194,Nicole Ross,NICOLE ROSS
52371,11527,2.5305,Jenny Becker,JENNY BECKER
52373,12035,71.7919,Abigail Williams,ABIGAIL WILLIAMS
52374,11631,9.934,Lauren Moore,LAUREN MOORE
52375,11631,13.1937,Lauren Moore,LAUREN MOORE
52376,11843,82.3004,Gerald Srini,GERALD SRINI
52377,11711,11.3152,Brianna Jones,BRIANNA JONES
52378,16133,42.9624,Molly Vance,MOLLY VANCE
52380,11200,214.2485,Morgan Lewis,MORGAN LEWIS
52381,12061,41.1834,Abigail Garcia,ABIGAIL GARCIA
52383,16085,16.5529,Kevin Phillips,KEVIN PHILLIPS
52384,19695,104.4004,Rachel Reed,RACHEL REED
52385,16666,136.9979,Alison Nara,ALISON NARA
52386,11331,15.4479,Grace Lee,GRACE LEE
52387,15198,8.0444,Teresa Munoz,TERESA MUNOZ
52388,13458,49.6256,Dalton Jenkins,DALTON JENKINS
52389,19080,33.1279,Megan Reed,MEGAN REED
52390,14866,34.5534,Lance Blanco,LANCE BLANCO
52391,17630,5.514,Stacey Cai,STACEY CAI
52393,16584,44.1779,Nichole Shen,NICHOLE SHEN
52394,17628,8.0444,James Thompson,JAMES THOMPSON
52395,12374,38.664,Samantha Mohamed,SAMANTHA MOHAMED
52396,11666,2618.8169,Megan Johnson,MEGAN JOHNSON
52397,11683,2562.4508,Megan Thomas,MEGAN THOMAS
52398,20159,650.8008,Phillip Arun,PHILLIP ARUN
52399,20157,596.689,Phillip Malhotra,PHILLIP MALHOTRA
52403,19534,1303.3144,Emma Bennett,EMMA BENNETT
52406,14426,2634.3974,Lee Suarez,LEE SUAREZ
52407,18307,2699.9018,Jorge Xu,JORGE XU
52408,18252,2699.9018,Curtis Lin,CURTIS LIN
52409,11412,2615.4687,Christy Raje,CHRISTY RAJE
52410,11250,2585.6669,Natalie Smith,NATALIE SMITH
52411,14053,30.1444,Melinda Jimenez,MELINDA JIMENEZ
52412,14231,27.614,Isaac Sandberg,ISAAC SANDBERG
52414,16608,79.0959,Mason Lopez,MASON LOPEZ
52415,18290,9.934,Bernard Thames,BERNARD THAMES
52417,14087,175.695,Miguel Sanz,MIGUEL SANZ
52419,11619,38.664,Lauren Jones,LAUREN JONES
52420,11091,59.659,Jennifer Taylor,JENNIFER TAYLOR
52421,11234,43.0729,Ruben Perez,RUBEN PEREZ
52422,11287,43.3381,Ruben Carlson,RUBEN CARLSON
52428,18604,41.1834,Tyler Anderson,TYLER ANDERSON
52430,20391,26.4869,Shawn Chander,SHAWN CHANDER
52431,17368,5.514,Jose Harris,JOSE HARRIS
52432,18583,132.5779,Zachary Robinson,ZACHARY ROBINSON
52433,18757,87.2729,Joshua Smith,JOSHUA SMITH
52435,16119,15.4479,Kristopher Martinez,KRISTOPHER MARTINEZ
52436,14465,8.0444,Angel Gray,ANGEL GRAY
52443,11233,166.7998,Isabella Harris,ISABELLA HARRIS
52444,11635,44.189,Lauren Anderson,LAUREN ANDERSON
52445,11620,46.7194,Lauren Brown,LAUREN BROWN
52446,11212,46.7194,Marshall Cai,MARSHALL CAI
52447,11691,72.8969,Pedro Alvarez,PEDRO ALVAREZ
52448,11637,41.2055,Lauren Thomas,LAUREN THOMAS
52449,12643,9.934,Clayton Sharma,CLAYTON SHARMA
52450,16888,1939.2529,Jerry Luo,JERRY LUO
52451,13060,692.2162,Louis Hu,LOUIS HU
52452,11307,2636.4748,Grace Moore,GRACE MOORE
52453,11531,2538.4944,Jenny Ferrier,JENNY FERRIER
52454,11243,895.4036,Isabella Rodriguez,ISABELLA RODRIGUEZ
52455,17983,1352.3432,Christian Robinson,CHRISTIAN ROBINSON
52456,14101,927.6254,Lori Moreno,LORI MORENO
52457,18701,1966.3144,Erika Navarro,ERIKA NAVARRO
52458,11457,2607.7558,Jenny Sun,JENNY SUN
52461,19409,1307.7344,Douglas Kapoor,DOUGLAS KAPOOR
52462,19531,1303.8669,Brett Sanchez,BRETT SANCHEZ
52466,12316,2634.3974,Colleen Yuan,COLLEEN YUAN
52467,17964,1342.4093,Christian Johnson,CHRISTIAN JOHNSON
52468,16713,2776.1136,Kyle Green,KYLE GREEN
52469,11406,2614.3637,Jasmine Harris,JASMINE HARRIS
52470,11414,2650.8619,Jasmine Robinson,JASMINE ROBINSON
52471,11953,25.3819,Alisha Lin,ALISHA LIN
52472,11176,65.7254,Morgan Miller,MORGAN MILLER
52473,11276,38.664,Natalie Martin,NATALIE MARTIN
52474,11113,57.4158,Roy Saunders,ROY SAUNDERS
52475,18885,122.0583,Andrew Anderson,ANDREW ANDERSON
52477,15579,11.039,Angel Parker,ANGEL PARKER
52478,13138,60.764,Edwin Lin,EDWIN LIN
52480,19455,2738.5657,Raymond Kovar,RAYMOND KOVAR
52481,17975,905.5254,Vincent Hu,VINCENT HU
52482,16324,927.6033,Casey Anand,CASEY ANAND
52483,11223,43.0729,Isabella Moore,ISABELLA MOORE
52484,11331,30.1444,Grace Lee,GRACE LEE
52485,11820,66.8194,Ross Vazquez,ROSS VAZQUEZ
52487,11331,66.2779,Grace Lee,GRACE LEE
52488,11642,54.6754,Pedro Malhotra,PEDRO MALHOTRA
52489,16097,40.432,Kristopher Malhotra,KRISTOPHER MALHOTRA
52491,13095,77.3169,Louis Shan,LOUIS SHAN
52493,16005,77.339,Jonathan Turner,JONATHAN TURNER
52494,18967,146.9319,Veronica Suri,VERONICA SURI
52496,18384,114.3454,Jésus Navarro,JÉSUS NAVARRO
52497,18687,104.4004,Jacob Wilson,JACOB WILSON
52499,15414,5.514,Angel Reed,ANGEL REED
52500,15469,44.1779,Nancy Rana,NANCY RANA
52501,15330,44.1779,Adrian Morris,ADRIAN MORRIS
52502,13848,67.9023,Desiree Alonso,DESIREE ALONSO
52503,17105,44.1779,Shaun Carson,SHAUN CARSON
52504,19327,5.514,Nelson Gill,NELSON GILL
52505,17092,41.1834,Shaun Sharma,SHAUN SHARMA
52508,13815,37.5479,Marcus Wood,MARCUS WOOD
52509,17601,171.7723,Stacey Zhou,STACEY ZHOU
52510,13339,34.2219,Willie Chen,WILLIE CHEN
52511,13854,888.9394,Desiree Navarro,DESIREE NAVARRO
52512,11016,2577.1694,Chloe Robinson,CHLOE ROBINSON
52513,11618,2618.8058,Lauren Williams,LAUREN WILLIAMS
52514,11675,2563.589,Megan Miller,MEGAN MILLER
52515,12052,2604.7944,Kelli Liu,KELLI LIU
52516,11946,613.2419,Kayla Brown,KAYLA BROWN
52521,19405,1293.3804,Shane Sanchez,SHANE SANCHEZ
52522,16514,1307.7344,Samuel Hill,SAMUEL HILL
52523,12123,2598.9158,Kelli Jai,KELLI JAI
52524,11793,38.664,Victoria Johnson,VICTORIA JOHNSON
52525,13668,30.1444,Wyatt Price,WYATT PRICE
52526,11115,30.1444,Karen Smith,KAREN SMITH
52527,15720,38.9292,Marc Schmidt,MARC SCHMIDT
52528,20460,23.7465,Corey Kumar,COREY KUMAR
52529,20255,83.4054,Derek Raje,DEREK RAJE
52531,11965,74.0019,Kayla Jackson,KAYLA JACKSON
52532,12370,2.5305,Samantha Davis,SAMANTHA DAVIS
52533,15631,885.9559,Jimmy Hernandez,JIMMY HERNANDEZ
52535,11176,26.2769,Morgan Miller,MORGAN MILLER
52538,11176,88.3669,Morgan Miller,MORGAN MILLER
52540,14582,16.5529,Xavier Ramirez,XAVIER RAMIREZ
52543,14359,87.2729,Anne Hernandez,ANNE HERNANDEZ
52545,14901,8.0444,Isaac Ward,ISAAC WARD
52547,14644,8.0444,Jamie Alan,JAMIE ALAN
52548,18145,79.5269,David Lewis,DAVID LEWIS
52549,19277,44.1779,Erik Munoz,ERIK MUNOZ
52550,13596,11.039,Blake Perry,BLAKE PERRY
52552,14156,37.5479,Marcus Brooks,MARCUS BROOKS
52555,14814,37.5479,Marcus Cox,MARCUS COX
52556,11404,37.5479,Christy Jai,CHRISTY JAI
52557,17786,44.1779,Susan She,SUSAN SHE
52558,11065,216.9005,Joe Gill,JOE GILL
52559,12837,5.514,Rafael She,RAFAEL SHE
52560,11231,68.4769,Ruben Sanchez,RUBEN SANCHEZ
52561,11500,92.7869,Destiny Harris,DESTINY HARRIS
52562,13275,24.2879,Roger Zeng,ROGER ZENG
52563,18986,62.9519,Veronica Rana,VERONICA RANA
52564,12367,55.239,Samantha Brown,SAMANTHA BROWN
52565,11831,2602.2529,Warren Li,WARREN LI
52566,11227,2576.8048,Isabella Thomas,ISABELLA THOMAS
52567,11329,2563.589,Christy Chow,CHRISTY CHOW
52569,19766,650.8008,Brandy Patel,BRANDY PATEL
52571,19402,1386.1894,Victoria Howard,VICTORIA HOWARD
52572,19529,1292.2533,Brett Rodriguez,BRETT RODRIGUEZ
52576,14940,2673.0613,Randall Gomez,RANDALL GOMEZ
52577,11346,2711.6148,Rachel Moore,RACHEL MOORE
52578,11961,38.664,Kayla Taylor,KAYLA TAYLOR
52579,11098,33.1279,Jennifer White,JENNIFER WHITE
52580,15216,30.1444,Teresa Vazquez,TERESA VAZQUEZ
52581,19570,50.7748,Holly Suri,HOLLY SURI
52585,15018,9.934,Chase Bell,CHASE BELL
52586,16679,79.0959,Mason Hill,MASON HILL
52591,18053,8.0444,Jeffery Zhao,JEFFERY ZHAO
52592,17014,5.514,Ricardo Andersen,RICARDO ANDERSEN
52593,17369,8.0444,Krystal Lu,KRYSTAL LU
52594,14468,8.0444,Isaiah Gray,ISAIAH GRAY
52595,18926,101.6048,Joseph Anderson,JOSEPH ANDERSON
52596,15112,104.4004,Jill Carlson,JILL CARLSON
52597,16563,15.4479,Gloria Bradley,GLORIA BRADLEY
52598,19826,79.5269,Jasmine James,JASMINE JAMES
52599,12506,132.5779,Alejandro Liang,ALEJANDRO LIANG
52600,16568,77.3169,Kara Nara,KARA NARA
52605,11581,43.0729,Barbara Zeng,BARBARA ZENG
52607,16958,90.0133,Carl Shan,CARL SHAN
52608,12567,9.934,Alejandro Raji,ALEJANDRO RAJI
52609,13884,951.8912,Ian Washington,IAN WASHINGTON
52611,18557,1303.3144,Kathleen Alvarez,KATHLEEN ALVAREZ
52615,11432,2574.6279,Nicole Williams,NICOLE WILLIAMS
52616,11485,2650.3094,Destiny Miller,DESTINY MILLER
52617,11957,54.1119,Kayla Moore,KAYLA MOORE
52618,16166,77.3169,Luis Campbell,LUIS CAMPBELL
52619,15031,35.6694,Steven Bell,STEVEN BELL
52620,17381,208.7677,Krystal Guo,KRYSTAL GUO
52622,17070,59.659,Johnny Rai,JOHNNY RAI
52623,17238,59.659,José Lopez,JOSÉ LOPEZ
52624,14008,38.664,Chase James,CHASE JAMES
52625,14848,624.314,Bryce Howard,BRYCE HOWARD
52626,11019,41.9569,Joe Belson,JOE BELSON
52629,20104,30.1444,Joel Sanchez,JOEL SANCHEZ
52633,15559,16.5529,Punya Palit,PUNYA PALIT
52634,11330,16.5529,Grace Lewis,GRACE LEWIS
52635,12919,71.2394,Jaclyn Lin,JACLYN LIN
52636,14916,29.8019,Albert Dominguez,ALBERT DOMINGUEZ
52637,14507,44.1779,Cody Gray,CODY GRAY
52638,18055,40.8408,Justin Wilson,JUSTIN WILSON
52639,16057,44.1779,Andre Madan,ANDRE MADAN
52640,16454,44.1779,Misty Xu,MISTY XU
52641,19262,27.614,Victor Ortega,VICTOR ORTEGA
52642,14707,41.2055,Hector Jimenez,HECTOR JIMENEZ
52643,12295,49.9681,Colleen Cai,COLLEEN CAI
52645,17637,165.7279,James Robinson,JAMES ROBINSON
52649,11081,41.2055,Jennifer Williams,JENNIFER WILLIAMS
52650,11724,46.7194,Brianna White,BRIANNA WHITE
52651,13318,52.9737,Roger Nara,ROGER NARA
52652,11923,38.675,Elizabeth Martin,ELIZABETH MARTIN
52653,14339,79.5048,Juan Torres,JUAN TORRES
52654,16870,85.0519,Melody Munoz,MELODY MUNOZ
52655,12716,86.7204,Kayla Patterson,KAYLA PATTERSON
52656,13153,118.1908,Spencer Patterson,SPENCER PATTERSON
52657,11817,2563.589,Ross Gill,ROSS GILL
52658,11825,2566.1194,Ross Carlson,ROSS CARLSON
52660,16663,987.2844,Alison Chander,ALISON CHANDER
52665,19451,1293.3804,Victoria Long,VICTORIA LONG
52669,12277,1367.7911,Colleen Sun,COLLEEN SUN
52670,18483,2738.5657,Brandi Gutierrez,BRANDI GUTIERREZ
52671,11425,2764.6658,Jasmine Lee,JASMINE LEE
52672,13613,30.1444,Blake Bryant,BLAKE BRYANT
52673,13120,54.6754,Edwin West,EDWIN WEST
52674,14859,34.5534,Lance Gutierrez,LANCE GUTIERREZ
52675,18282,24.2879,Jorge Zhang,JORGE ZHANG
52676,12012,9.934,Alexis Harris,ALEXIS HARRIS
52677,14073,42.9624,Chase Watson,CHASE WATSON
52678,17086,1934.8329,Shaun Luo,SHAUN LUO
52680,16405,905.5254,Latoya Goel,LATOYA GOEL
52681,11703,69.5929,Megan Walker,MEGAN WALKER
52682,11142,2.5305,Kaitlyn Thompson,KAITLYN THOMPSON
52683,11845,44.1779,Victoria Hall,VICTORIA HALL
52687,13268,76.2119,Carson Alexander,CARSON ALEXANDER
52693,20334,77.339,Chad Lal,CHAD LAL
52694,17165,5.514,Noah Taylor,NOAH TAYLOR
52696,15158,44.1779,Jared Bailey,JARED BAILEY
52698,19247,27.614,Victor Vazquez,VICTOR VAZQUEZ
52699,15461,92.7869,Nancy Arun,NANCY ARUN
52700,13499,147.5065,Colin Pal,COLIN PAL
52701,12869,36.023,Tristan Perry,TRISTAN PERRY
52704,16418,30.1444,Gloria Alonso,GLORIA ALONSO
52705,12260,201.9719,Colleen Huang,COLLEEN HUANG
52707,15052,8.0444,Gina Alonso,GINA ALONSO
52708,11176,72.8969,Morgan Miller,MORGAN MILLER
52709,11198,38.675,Morgan Rodriguez,MORGAN RODRIGUEZ
52710,12040,46.7194,Abigail Miller,ABIGAIL MILLER
52711,13349,24.2879,Willie Ye,WILLIE YE
52712,16910,79.5269,Jackson Adams,JACKSON ADAMS
52713,12568,9.934,Alejandro Anand,ALEJANDRO ANAND
52714,18990,620.9769,Veronica Mehta,VERONICA MEHTA
52716,11834,2574.6279,Gerald Patel,GERALD PATEL
52717,14011,1945.3194,Tanya Alvarez,TANYA ALVAREZ
52718,14125,1879.594,Lori Serrano,LORI SERRANO
52725,12132,2771.3732,Taylor Jones,TAYLOR JONES
52726,16740,2785.5172,Jack Scott,JACK SCOTT
52728,13639,4.409,Javier Torres,JAVIER TORRES
52731,11378,2613.2919,Rachel Lewis,RACHEL LEWIS
52733,19459,2738.5657,Victoria Simmons,VICTORIA SIMMONS
52734,11737,38.664,Brianna Rodriguez,BRIANNA RODRIGUEZ
52736,12892,172.6784,Rafael Black,RAFAEL BLACK
52739,19726,41.1834,Cynthia Weber,CYNTHIA WEBER
52740,11723,33.139,Brianna Jackson,BRIANNA JACKSON
52741,12054,16.5529,Abigail Harris,ABIGAIL HARRIS
52742,20361,77.339,Julia Ward,JULIA WARD
52743,19544,146.9319,Monica Madan,MONICA MADAN
52744,17583,44.1779,James Johnson,JAMES JOHNSON
52745,19639,71.2394,Grace Barnes,GRACE BARNES
52746,14505,68.4658,Steven Gray,STEVEN GRAY
52747,18644,111.0083,Tyler Lee,TYLER LEE
52748,17211,52.9737,Hunter Robinson,HUNTER ROBINSON
52749,14166,79.5269,Jeremy Brooks,JEREMY BROOKS
52751,17649,4.409,Sandra Huang,SANDRA HUANG
52752,19521,59.6479,Brett Fernandez,BRETT FERNANDEZ
52753,14820,41.1834,Roberto Vazquez,ROBERTO VAZQUEZ
52754,18635,180.104,Stacy Ortega,STACY ORTEGA
52755,16459,8.0444,Sean Carter,SEAN CARTER
52756,12514,9.934,James Ptaszynski,JAMES PTASZYNSKI
52757,12948,85.0519,Dakota Jenkins,DAKOTA JENKINS
52758,11688,2639.8008,Megan Martin,MEGAN MARTIN
52759,11217,2624.3529,Ruben Raman,RUBEN RAMAN
52760,11665,2598.9158,Megan Smith,MEGAN SMITH
52761,11979,2599.1921,Alisha Zheng,ALISHA ZHENG
52762,11534,2587.3133,Barbara Zhang,BARBARA ZHANG
52763,20154,635.3529,Alyssa James,ALYSSA JAMES
52766,16222,620.4354,Tina Rodriguez,TINA RODRIGUEZ
52767,16223,622.0708,Eric Baker,ERIC BAKER
52768,19336,1297.8004,Cory Sara,CORY SARA
52769,19381,1293.3804,Victoria Rogers,VICTORIA ROGERS
52774,14830,2688.5092,Alex Howard,ALEX HOWARD
52776,18469,2699.9018,Brandi Ruiz,BRANDI RUIZ
52778,11215,109.3508,Isabella Brown,ISABELLA BROWN
52779,15125,34.5534,Lucas Murphy,LUCAS MURPHY
52780,15217,34.5534,Teresa Blanco,TERESA BLANCO
52781,16627,33.139,Alex Hill,ALEX HILL
52783,15137,108.2569,Kendra Alvarez,KENDRA ALVAREZ
52784,11398,2535.964,Christy Lal,CHRISTY LAL
52785,19448,2810.5012,Victoria Powell,VICTORIA POWELL
52786,11637,2.5305,Lauren Thomas,LAUREN THOMAS
52789,11078,71.2394,Joe Sanz,JOE SANZ
52791,11711,30.1444,Brianna Jones,BRIANNA JONES
52793,11922,38.6529,Elizabeth Harris,ELIZABETH HARRIS
52797,12530,136.9979,Alejandro Xu,ALEJANDRO XU
52798,20378,132.5779,Shawn Sharma,SHAWN SHARMA
52799,18111,5.514,Wesley Zhu,WESLEY ZHU
52800,19241,164.0594,Victor Gutierrez,VICTOR GUTIERREZ
52801,17554,44.1779,Cameron Walker,CAMERON WALKER
52802,18751,44.1779,Michael Clark,MICHAEL CLARK
52803,17035,65.1729,Johnny She,JOHNNY SHE
52804,16877,44.1779,Russell Goel,RUSSELL GOEL
52805,16477,44.1779,Robert Mitchell,ROBERT MITCHELL
52809,13485,40.8408,Dalton Hayes,DALTON HAYES
52810,16441,27.614,Eric Carter,ERIC CARTER
52816,20146,4.409,Ronald Sanchez,RONALD SANCHEZ
52817,19185,65.1729,Philip Alvarez,PHILIP ALVAREZ
52819,12503,28.1554,Madison Gonzales,MADISON GONZALES
52821,16593,8.0444,Nathan Green,NATHAN GREEN
52822,11650,82.8529,Lauren Garcia,LAUREN GARCIA
52823,11819,46.7194,Warren Chow,WARREN CHOW
52824,13341,156.8879,Julian Washington,JULIAN WASHINGTON
52825,11826,2563.589,Ross Suarez,ROSS SUAREZ
52826,11647,2614.3637,Pedro Madan,PEDRO MADAN
52827,11663,2618.8169,Lauren Walker,LAUREN WALKER
52828,11523,2626.5408,Alyssa Johnson,ALYSSA JOHNSON
52829,11984,2574.6279,Alisha Zeng,ALISHA ZENG
52834,16221,650.8008,Adam Baker,ADAM BAKER
52836,19535,1293.3804,Monica Kim,MONICA KIM
52838,19432,1293.3804,Douglas Subram,DOUGLAS SUBRAM
52841,18296,2806.0591,Jorge Zhou,JORGE ZHOU
52844,11998,1381.0732,Alisha Tang,ALISHA TANG
52845,14058,1418.6211,Damien Chande,DAMIEN CHANDE
52846,11382,2535.964,Christy Deng,CHRISTY DENG
52849,12244,55.239,Dawn Raji,DAWN RAJI
52850,17082,1889.5279,Jonathan King,JONATHAN KING
52851,13667,905.5254,Rodney Jimenez,RODNEY JIMENEZ
52852,11931,93.9029,Elizabeth Clark,ELIZABETH CLARK
52856,12895,41.1834,Rafael Raji,RAFAEL RAJI
52859,14633,79.0959,Angel Cooper,ANGEL COOPER
52863,19010,87.2729,Nicholas Martinez,NICHOLAS MARTINEZ
52864,17016,109.3508,Robert King,ROBERT KING
52865,15742,44.1779,Samuel Collins,SAMUEL COLLINS
52867,14845,8.0444,Brian Howard,BRIAN HOWARD
52868,17850,87.2508,Samuel Winston,SAMUEL WINSTON
52870,17994,30.1444,Brent Yang,BRENT YANG
52871,19392,30.1444,Victoria Murphy,VICTORIA MURPHY
52872,15922,16.8292,Sean Perez,SEAN PEREZ
52873,15826,133.1304,Kelvin Zhang,KELVIN ZHANG
52874,12906,24.2879,Aidan Coleman,AIDAN COLEMAN
52875,16812,1918.2579,Isaac Green,ISAAC GREEN
52876,13856,884.5083,Marcus Diaz,MARCUS DIAZ
52877,16675,891.4698,Alison Anand,ALISON ANAND
52883,12046,9.934,Abigail Anderson,ABIGAIL ANDERSON
52884,14518,70.6869,Mathew Munoz,MATHEW MUNOZ
52885,16611,47.4377,Nichole Andersen,NICHOLE ANDERSEN
52886,16927,34.2219,Samuel Young,SAMUEL YOUNG
52889,18267,38.664,Curtis Liang,CURTIS LIANG
52892,16942,1934.8329,Carl Tang,CARL TANG
52893,11507,31.4704,Marshall Jai,MARSHALL JAI
52900,13318,76.2119,Roger Nara,ROGER NARA
52901,13206,77.3169,Antonio Patterson,ANTONIO PATTERSON
52902,19643,136.9979,Cassandra Martinez,CASSANDRA MARTINEZ
52903,16802,15.4479,Logan Baker,LOGAN BAKER
52904,16013,99.4169,Hunter Turner,HUNTER TURNER
52905,14703,46.7194,Hector Hernandez,HECTOR HERNANDEZ
52906,17806,71.7919,Candice Xu,CANDICE XU
52908,18017,27.614,Brent McDonald,BRENT MCDONALD
52912,11023,128.1358,Chloe Lee,CHLOE LEE
52914,11882,44.189,Tamara Shen,TAMARA SHEN
52915,11884,82.8529,Emma Clark,EMMA CLARK
52916,11950,82.8529,Alisha Wu,ALISHA WU
52917,17657,83.9469,Cameron Anderson,CAMERON ANDERSON
52918,11865,118.2019,Emma Jackson,EMMA JACKSON
52919,16232,2735.9248,Alex Baker,ALEX BAKER
52920,20210,2738.5657,George Subram,GEORGE SUBRAM
52921,13862,888.9504,Ian Price,IAN PRICE
52922,12071,2646.4419,Kelli Lu,KELLI LU
52924,19533,1276.8054,Emma Price,EMMA PRICE
52925,19380,1272.6948,Victoria Morris,VICTORIA MORRIS
52931,11866,8.7848,Tamara Zhu,TAMARA ZHU
52932,14312,8.0444,Ian Ward,IAN WARD
52933,11059,85.0408,Julia Thompson,JULIA THOMPSON
52934,11714,59.659,Marshall Black,MARSHALL BLACK
52937,19703,77.339,Kristina Schmidt,KRISTINA SCHMIDT
52939,18530,125.9369,Daniel Anderson,DANIEL ANDERSON
52940,15397,44.1779,Candace Chapman,CANDACE CHAPMAN
52941,18449,34.2219,Larry Blanco,LARRY BLANCO
52942,16039,5.514,Adam Turner,ADAM TURNER
52943,13568,132.5779,Jon Hu,JON HU
52944,16936,70.6869,Robert Young,ROBERT YOUNG
52945,19056,41.9127,Craig Ruiz,CRAIG RUIZ
52949,14799,102.7208,Garrett Cox,GARRETT COX
52950,11832,82.8529,Gerald Chandra,GERALD CHANDRA
52951,13235,62.9519,Roger Lin,ROGER LIN
52952,12639,55.239,Clayton Kumar,CLAYTON KUMAR
52953,12593,9.934,Ashley Foster,ASHLEY FOSTER
52954,14081,2708.6865,Melinda Ramos,MELINDA RAMOS
52955,16235,2699.9018,Denise Malhotra,DENISE MALHOTRA
52956,11317,2535.964,Grace Martin,GRACE MARTIN
52957,11162,2574.6279,Kaitlyn Hall,KAITLYN HALL
52959,11459,2566.1194,Jenny Zhu,JENNY ZHU
52963,18273,2791.1637,Curtis Hu,CURTIS HU
52965,11492,2602.2529,Destiny Taylor,DESTINY TAYLOR
52966,11351,2535.964,Rachel Thomas,RACHEL THOMAS
52967,11353,2552.5169,Marshall Sutton,MARSHALL SUTTON
52968,11212,38.664,Marshall Cai,MARSHALL CAI
52969,11965,30.1444,Kayla Jackson,KAYLA JACKSON
52970,18286,77.3169,Zachary Jones,ZACHARY JONES
52971,17243,59.659,Terry Chander,TERRY CHANDER
52972,17302,65.1729,Jose Lee,JOSE LEE
52973,14678,55.239,Richard Cooper,RICHARD COOPER
52974,18197,9.934,Jorge Leitão,JORGE LEITÃO
52975,14307,175.695,Kristy Martin,KRISTY MARTIN
52981,18871,33.139,Brandy Gonzalez,BRANDY GONZALEZ
52982,17385,77.3169,Krystal Cai,KRYSTAL CAI
52984,12183,55.2169,Anna Taylor,ANNA TAYLOR
52985,18094,75.6815,Wesley Huang,WESLEY HUANG
52986,17705,33.1279,Margaret Wu,MARGARET WU
52987,19920,101.6158,Kathryn Andersen,KATHRYN ANDERSEN
52988,14782,73.9908,Danny Ortega,DANNY ORTEGA
52990,20588,30.1444,Kaitlyn Gray,KAITLYN GRAY
52994,16193,5.514,Isaac Campbell,ISAAC CAMPBELL
52995,12938,90.0133,Deb Price,DEB PRICE
52996,12793,133.1194,Rafael Huang,RAFAEL HUANG
52997,18963,651.9279,Chelsea Sanchez,CHELSEA SANCHEZ
52998,11528,2631.4912,Alyssa Miller,ALYSSA MILLER
52999,12113,2535.964,Kelli Kumar,KELLI KUMAR
53000,14102,927.6254,Joy Gutierrez,JOY GUTIERREZ
53002,14939,2673.0613,Evan Morgan,EVAN MORGAN
53003,18303,2709.8357,Jorge Lu,JORGE LU
53004,16482,1332.0444,Thomas Mitchell,THOMAS MITCHELL
53005,11493,2574.6279,Jenny Zimmerman,JENNY ZIMMERMAN
53006,11395,2574.6279,Jasmine Taylor,JASMINE TAYLOR
53007,11530,9.934,Jenny Raji,JENNY RAJI
53008,13962,44.4431,Wendy Suarez,WENDY SUAREZ
53009,14857,87.2729,Lance Navarro,LANCE NAVARRO
53010,17254,103.3065,Hunter Walker,HUNTER WALKER
53011,17070,77.3169,Johnny Rai,JOHNNY RAI
53012,18707,133.1194,Erika Dominguez,ERIKA DOMINGUEZ
53014,15126,65.1729,Seth Murphy,SETH MURPHY
53015,19090,2.5305,Megan Murphy,MEGAN MURPHY
53016,18259,9.934,Dylan Davis,DYLAN DAVIS
53019,11738,55.2169,Ross Suri,ROSS SURI
53020,11203,5.514,Morgan Walker,MORGAN WALKER
53023,11277,79.0959,Ruben Vazquez,RUBEN VAZQUEZ
53024,15526,106.1574,Pamela Kapoor,PAMELA KAPOOR
53026,11176,27.614,Morgan Miller,MORGAN MILLER
53027,18758,40.432,Natasha Gill,NATASHA GILL
53030,15498,82.2783,Patrick Cook,PATRICK COOK
53032,19778,77.339,Alicia Xu,ALICIA XU
53033,11827,164.0594,Ross Sanz,ROSS SANZ
53034,18346,15.4479,Frank Dominguez,FRANK DOMINGUEZ
53035,14921,8.0444,Albert Serrano,ALBERT SERRANO
53036,13698,35.6584,Rodney Blanco,RODNEY BLANCO
53037,18632,35.6584,Tyler Clark,TYLER CLARK
53038,17640,27.614,Naomi Ortega,NAOMI ORTEGA
53039,19177,43.0729,Megan Russell,MEGAN RUSSELL
53041,11566,40.0784,Barbara Zhu,BARBARA ZHU
53042,11277,46.7194,Ruben Vazquez,RUBEN VAZQUEZ
53043,17036,62.9519,Johnny Deng,JOHNNY DENG
53044,12602,9.934,Clayton Sun,CLAYTON SUN
53045,18758,40.8408,Natasha Gill,NATASHA GILL
53046,12979,199.9829,Jaclyn Shan,JACLYN SHAN
53047,16887,1955.8058,Jerry Xu,JERRY XU
53048,12032,679.5308,Abigail Smith,ABIGAIL SMITH
53049,15561,654.4584,Pamela Garcia,PAMELA GARCIA
53050,20199,2765.6272,George Prasad,GEORGE PRASAD
53051,13870,927.6254,Desiree Bradley,DESIREE BRADLEY
53052,11741,2763.5719,Brianna Walker,BRIANNA WALKER
53053,11816,2602.2529,Victoria Martin,VICTORIA MARTIN
53054,11837,2591.1808,Victoria Lewis,VICTORIA LEWIS
53055,11326,2618.8169,Grace Clark,GRACE CLARK
53056,11297,2618.8169,Grace Williams,GRACE WILLIAMS
53062,12011,683.4094,Alisha Shan,ALISHA SHAN
53065,18549,1292.2533,Dylan Lee,DYLAN LEE
53066,19408,1248.0754,Victoria Peterson,VICTORIA PETERSON
53068,11470,2535.964,Jenny Zheng,JENNY ZHENG
53069,11203,132.6,Morgan Walker,MORGAN WALKER
53070,14516,27.614,Marcus Gray,MARCUS GRAY
53071,16694,43.3381,Gloria Ortega,GLORIA ORTEGA
53072,17063,41.1834,Johnny Raje,JOHNNY RAJE
53073,19632,62.9629,Cassandra Subram,CASSANDRA SUBRAM
53076,14209,5.514,Krista Hernandez,KRISTA HERNANDEZ
53078,11902,6.9394,Elizabeth Weisman,ELIZABETH WEISMAN
53079,16168,38.5535,Kelvin Chen,KELVIN CHEN
53080,11122,8.7848,Roy Mehta,ROY MEHTA
53082,19440,2754.0136,Victoria Coleman,VICTORIA COLEMAN
53085,11178,113.2404,Morgan Wilson,MORGAN WILSON
53088,11226,2.5305,Ruben Gonzalez,RUBEN GONZALEZ
53089,11200,32.5754,Morgan Lewis,MORGAN LEWIS
53092,11185,136.9648,Morgan Jackson,MORGAN JACKSON
53093,11331,67.4934,Grace Lee,GRACE LEE
53094,12055,33.139,Abigail Martin,ABIGAIL MARTIN
53096,14655,77.3169,Sheila Gill,SHEILA GILL
53097,15974,101.6048,Jordan Roberts,JORDAN ROBERTS
53099,16846,136.9979,Kevin Adams,KEVIN ADAMS
53100,17137,5.514,Aaron Wright,AARON WRIGHT
53102,12077,5.514,Kelli Gao,KELLI GAO
53103,15301,16.8292,Jillian Sai,JILLIAN SAI
53104,13696,54.1119,Devin Henderson,DEVIN HENDERSON
53105,18150,85.0519,Randy Huang,RANDY HUANG
53106,16254,27.614,Noah Gonzalez,NOAH GONZALEZ
53107,17738,27.614,Margaret She,MARGARET SHE
53109,12509,14.3429,Madison Russell,MADISON RUSSELL
53113,14840,37.5479,Sean Howard,SEAN HOWARD
53114,12646,5.514,Clayton Jai,CLAYTON JAI
53115,11806,46.7194,Victoria Moore,VICTORIA MOORE
53116,11883,46.7194,Emma Robinson,EMMA ROBINSON
53117,15816,90.0133,Timothy Stewart,TIMOTHY STEWART
53118,17387,62.9519,Austin Martin,AUSTIN MARTIN
53119,11983,2535.964,Kayla Lewis,KAYLA LEWIS
53120,11664,2618.8169,Lauren Hall,LAUREN HALL
53121,11160,2566.1194,Roy Navarro,ROY NAVARRO
53122,11298,2590.0758,Lacey Andersen,LACEY ANDERSEN
53123,19770,606.6229,Rachel Flores,RACHEL FLORES
53126,11460,2535.964,Nicole Thompson,NICOLE THOMPSON
53130,19450,1313.2483,Raymond Chandra,RAYMOND CHANDRA
53132,14428,2666.4313,Sebastian Peterson,SEBASTIAN PETERSON
53133,11997,1381.0732,Alexis Brown,ALEXIS BROWN
53134,11479,2591.4681,Destiny Johnson,DESTINY JOHNSON
53135,11413,2597.8108,Jill Martinez,JILL MARTINEZ
53136,13624,66.2779,Javier Jiménez,JAVIER JIMÉNEZ
53137,17484,24.2879,Thomas Hall,THOMAS HALL
53138,15809,36.023,Mason Stewart,MASON STEWART
53139,13670,27.0615,Wyatt Barnes,WYATT BARNES
53140,17307,69.5929,Noah Thompson,NOAH THOMPSON
53142,11505,59.659,Destiny Garcia,DESTINY GARCIA
53143,11520,69.5819,Destiny Hall,DESTINY HALL
53148,11631,118.1798,Lauren Moore,LAUREN MOORE
53149,14328,55.2169,Jesse Torres,JESSE TORRES
53150,19005,104.4004,Veronica Sanchez,VERONICA SANCHEZ
53152,18811,77.339,Meghan Blanco,MEGHAN BLANCO
53154,15366,66.2779,Brenda Saunders,BRENDA SAUNDERS
53155,14404,5.514,Lee Munoz,LEE MUNOZ
53156,16582,38.675,Nichole Deng,NICHOLE DENG
53157,13802,87.8033,Richard Alexander,RICHARD ALEXANDER
53158,14973,33.0727,Randall Torres,RANDALL TORRES
53159,14174,42.9624,Sabrina Romero,SABRINA ROMERO
53164,15468,176.789,Dalton Reed,DALTON REED
53165,12791,33.0727,Rafael Yang,RAFAEL YANG
53166,15378,85.0298,Nathaniel Rogers,NATHANIEL ROGERS
53167,20663,1934.8329,Lindsey Shan,LINDSEY SHAN
53168,18973,626.8334,Veronica Vance,VERONICA VANCE
53169,11525,2604.7944,Alyssa Brown,ALYSSA BROWN
53170,12059,2598.9158,Kelli Wu,KELLI WU
53172,17648,858.9607,Jonathan Moore,JONATHAN MOORE
53175,20160,728.1398,Phillip Madan,PHILLIP MADAN
53176,11096,2535.964,Jennifer Jackson,JENNIFER JACKSON
53180,19401,1293.3804,Shane Rodriguez,SHANE RODRIGUEZ
53181,19407,1276.8054,Douglas Suri,DOUGLAS SURI
53184,14425,2673.0613,Juan Peterson,JUAN PETERSON
53185,12024,9.934,Alexis Lee,ALEXIS LEE
53186,20234,35.6694,Derek Xie,DEREK XIE
53187,16032,24.2879,Connor Turner,CONNOR TURNER
53190,17307,77.3169,Noah Thompson,NOAH THOMPSON
53192,15153,98.3229,Chase Bailey,CHASE BAILEY
53193,11757,27.0615,Olivia Moore,OLIVIA MOORE
53194,18216,9.934,Austin Davis,AUSTIN DAVIS
53195,14851,686.1277,Nathaniel Howard,NATHANIEL HOWARD
53197,11871,38.664,Tamara Liang,TAMARA LIANG
53198,11321,2.5305,Grace Garcia,GRACE GARCIA
53200,11530,33.6804,Jenny Raji,JENNY RAJI
53201,16771,36.023,Jack Green,JACK GREEN
53203,15559,79.0959,Punya Palit,PUNYA PALIT
53205,11330,171.2529,Grace Lewis,GRACE LEWIS
53209,18477,15.4479,Brandi Munoz,BRANDI MUNOZ
53210,13198,66.2779,Antonio Jenkins,ANTONIO JENKINS
53212,18109,136.4454,Christopher Taylor,CHRISTOPHER TAYLOR
53214,16377,15.4479,Latoya Tang,LATOYA TANG
53215,15161,8.0444,Kendra Vazquez,KENDRA VAZQUEZ
53216,15708,82.8529,Marc Gill,MARC GILL
53217,15075,77.339,Mason Murphy,MASON MURPHY
53218,14688,82.8529,Walter Alvarez,WALTER ALVAREZ
53219,17808,71.7919,Ethan Martinez,ETHAN MARTINEZ
53220,17810,81.7258,Abby Sai,ABBY SAI
53222,17111,5.514,Shaun Rai,SHAUN RAI
53224,12336,32.034,Madison Harris,MADISON HARRIS
53228,11889,46.7194,Tamara Tang,TAMARA TANG
53229,11255,82.8529,Ruben Jimenez,RUBEN JIMENEZ
53230,12051,44.189,Julian Isla,JULIAN ISLA
53231,12878,51.3494,Tristan Washington,TRISTAN WASHINGTON
53232,12654,9.934,Clayton Chavez,CLAYTON CHAVEZ
53233,16878,1918.2579,Russell Black,RUSSELL BLACK
53234,13871,971.2508,Desiree Serrano,DESIREE SERRANO
53235,11303,2538.4944,Grace Davis,GRACE DAVIS
53237,11002,2673.0613,Courtney Young,COURTNEY YOUNG
53240,11421,2535.964,Christy Nath,CHRISTY NATH
53241,11423,2560.2519,Jasmine Lewis,JASMINE LEWIS
53242,11482,2602.2529,Destiny Brown,DESTINY BROWN
53243,11331,38.664,Grace Lee,GRACE LEE
53244,16173,34.5534,Luke Campbell,LUKE CAMPBELL
53246,19798,66.8194,Alicia Raje,ALICIA RAJE
53247,18263,38.664,Janelle Malhotra,JANELLE MALHOTRA
53248,19086,2.5305,Craig Suarez,CRAIG SUAREZ
53255,17442,171.1977,Connor Hall,CONNOR HALL
53257,15007,55.2169,Renee Romero,RENEE ROMERO
53258,17119,86.1458,Shaun Anand,SHAUN ANAND
53259,20439,16.5529,Peter Anand,PETER ANAND
53261,20366,77.339,Shawn Shen,SHAWN SHEN
53262,16777,138.114,Candice She,CANDICE SHE
53263,14909,5.514,Paula Diaz,PAULA DIAZ
53265,15000,51.3494,Renée Alvarez,RENÉE ALVAREZ
53269,14531,131.4508,Mathew Torres,MATHEW TORRES
53272,13497,44.1779,Jeremy Barnes,JEREMY BARNES
53273,11293,82.8529,Lacey Jai,LACEY JAI
53274,11735,82.8529,Brianna Clark,BRIANNA CLARK
53275,12062,41.2055,Abigail Martinez,ABIGAIL MARTINEZ
53276,12159,148.0258,Taylor Robinson,TAYLOR ROBINSON
53277,15377,82.8529,Brenda Fernandez,BRENDA FERNANDEZ
53278,19217,101.6048,Philip Rubio,PHILIP RUBIO
53279,11815,2618.8169,Victoria White,VICTORIA WHITE
53280,11274,2552.5169,Natalie Harris,NATALIE HARRIS
53281,11299,2692.8519,Grace Jones,GRACE JONES
53282,11319,2598.9158,Lacey Raji,LACEY RAJI
53287,19395,1276.8054,Victoria Rivera,VICTORIA RIVERA
53289,18248,2717.8801,Curtis Wu,CURTIS WU
53290,11429,2574.6279,Marshall Kumar,MARSHALL KUMAR
53291,12738,2615.4687,Omar Kumar,OMAR KUMAR
53292,15018,114.3344,Chase Bell,CHASE BELL
53293,19627,30.6859,Kelvin Zheng,KELVIN ZHENG
53294,14309,82.3004,Kristy Gomez,KRISTY GOMEZ
53295,13002,185.629,Jaclyn Ferrier,JACLYN FERRIER
53296,16697,63.0845,Francisco Srini,FRANCISCO SRINI
53298,19796,15.4479,Jasmine Reed,JASMINE REED
53299,11087,180.104,Jennifer Davis,JENNIFER DAVIS
53302,13708,76.2119,Rodney Rubio,RODNEY RUBIO
53305,19220,42.9624,Brianna Gray,BRIANNA GRAY
53308,11802,87.2729,Ross Alvarez,ROSS ALVAREZ
53309,18223,44.1779,John Johnson,JOHN JOHNSON
53310,16841,77.339,Alex Allen,ALEX ALLEN
53311,18348,32.5754,Frank Vazquez,FRANK VAZQUEZ
53312,17336,29.8019,Noah Walker,NOAH WALKER
53314,19817,44.1779,Lindsay Tang,LINDSAY TANG
53315,19913,32.0229,Kathryn Lal,KATHRYN LAL
53317,17814,33.1279,Nathan Moore,NATHAN MOORE
53319,12864,40.0784,Rafael Shan,RAFAEL SHAN
53325,11193,38.675,Morgan Garcia,MORGAN GARCIA
53326,11314,41.2055,Lacey Rai,LACEY RAI
53327,18974,647.4637,Veronica Malhotra,VERONICA MALHOTRA
53328,13889,997.2183,Ian Foster,IAN FOSTER
53330,18702,1939.2529,Erika Gutierrez,ERIKA GUTIERREZ
53331,20418,695.0119,Peter Shan,PETER SHAN
53333,20156,620.4354,Alyssa Watson,ALYSSA WATSON
53336,20151,634.7783,Phillip Chapman,PHILLIP CHAPMAN
53337,11944,674.0058,Kayla Jones,KAYLA JONES
53340,19410,1238.1415,Douglas Patel,DOUGLAS PATEL
53341,19530,1238.1415,Emma Sandberg,EMMA SANDBERG
53342,19429,1276.8054,Victoria Wood,VICTORIA WOOD
53343,14733,1276.8054,Cody Richardson,CODY RICHARDSON
53344,19343,1292.2533,Cory Mehta,CORY MEHTA
53345,13520,2740.3337,Jeremy Washington,JEREMY WASHINGTON
53346,18485,2745.8587,Dylan Brown,DYLAN BROWN
53347,18260,2715.3497,Zachary Johnson,ZACHARY JOHNSON
53348,18284,2708.6865,Jorge Wang,JORGE WANG
53349,18297,2808.1586,Jorge Ye,JORGE YE
53350,11379,2626.5408,Rachel Lee,RACHEL LEE
53351,12168,8.7848,Taylor Walker,TAYLOR WALKER
53352,18287,41.1834,Jorge Li,JORGE LI
53353,18895,30.6859,Whitney Srini,WHITNEY SRINI
53354,20316,44.1779,Bradley Anand,BRADLEY ANAND
53356,15806,42.9624,Alex Stewart,ALEX STEWART
53357,14227,55.239,Alex Sanders,ALEX SANDERS
53358,17080,1914.1473,Shaun Shen,SHAUN SHEN
53359,11200,64.0679,Morgan Lewis,MORGAN LEWIS
53360,13092,132.6,Wyatt Diaz,WYATT DIAZ
53362,12057,55.239,Abigail Thompson,ABIGAIL THOMPSON
53366,15494,33.139,Rachael Sai,RACHAEL SAI
53369,19860,146.9319,Christine She,CHRISTINE SHE
53370,17569,71.2394,Jordan Allen,JORDAN ALLEN
53371,17570,76.2119,Jonathan Brown,JONATHAN BROWN
53372,11711,5.514,Brianna Jones,BRIANNA JONES
53374,19726,29.8019,Cynthia Weber,CYNTHIA WEBER
53375,13933,62.9519,Lucas Gonzales,LUCAS GONZALES
53376,12840,44.1779,Trevor Butler,TREVOR BUTLER
53377,15686,36.023,Marc Jimenez,MARC JIMENEZ
53378,18152,85.0519,Randy Wu,RANDY WU
53380,14836,87.2729,Jesse Howard,JESSE HOWARD
53381,16440,32.0229,Tracy Raji,TRACY RAJI
53382,20591,77.3169,Kristin Goel,KRISTIN GOEL
53383,17785,44.1779,Zachary Walker,ZACHARY WALKER
53385,11287,92.7869,Ruben Carlson,RUBEN CARLSON
53386,12165,78.4108,Dawn Ye,DAWN YE
53387,13320,24.2879,Roger Rai,ROGER RAI
53388,16879,1909.7384,Russell Raji,RUSSELL RAJI
53389,13855,1009.9258,Desiree Gutierrez,DESIREE GUTIERREZ
53392,11461,2535.964,Jenny McDonald,JENNY MCDONALD
53394,16224,614.6673,Tina Sanchez,TINA SANCHEZ
53395,19406,1313.2483,Victoria Torres,VICTORIA TORRES
53399,11343,2629.8669,Rachel Davis,RACHEL DAVIS
53400,11973,15.4479,Alisha Liang,ALISHA LIANG
53401,11879,8.7848,Tamara Cai,TAMARA CAI
53402,11985,55.239,Alisha She,ALISHA SHE
53403,14061,35.6584,Isaac Watson,ISAAC WATSON
53404,14126,70.6869,Timothy Brooks,TIMOTHY BROOKS
53405,18256,70.6869,Christopher Rodriguez,CHRISTOPHER RODRIGUEZ
53409,15606,86.1458,Ricky Serrano,RICKY SERRANO
53410,11752,86.1458,Ross Malhotra,ROSS MALHOTRA
53412,17350,38.664,Robert Williams,ROBERT WILLIAMS
53414,11262,82.8529,Natalie Wilson,NATALIE WILSON
53418,15874,77.339,Allen Rodriguez,ALLEN RODRIGUEZ
53419,16243,77.339,Kellie Ortega,KELLIE ORTEGA
53421,18760,60.7529,Natasha Vazquez,NATASHA VAZQUEZ
53422,15940,8.0444,Manuel Fernandez,MANUEL FERNANDEZ
53425,15275,15.4479,Heidi Fernandez,HEIDI FERNANDEZ
53426,20104,43.3713,Joel Sanchez,JOEL SANCHEZ
53427,17992,34.5534,Ryan Moore,RYAN MOORE
53428,18022,70.6869,Ryan Lee,RYAN LEE
53430,16395,70.6869,Robert Carter,ROBERT CARTER
53431,19348,23.7465,Olivia Coleman,OLIVIA COLEMAN
53433,12723,76.2119,Kayla Flores,KAYLA FLORES
53434,14266,62.9519,Marcus Sanders,MARCUS SANDERS
53435,16811,1879.594,Mario Johnsen,MARIO JOHNSEN
53436,15570,620.9769,Jack Parker,JACK PARKER
53437,13877,937.5594,Desiree Suarez,DESIREE SUAREZ
53438,12069,2562.7823,Kelli Zhao,KELLI ZHAO
53439,14010,1977.9169,Sebastian James,SEBASTIAN JAMES
53440,20416,596.689,Peter Sharma,PETER SHARMA
53442,15790,659.6408,Evan Collins,EVAN COLLINS
53443,16103,875.5357,Kristopher Srini,KRISTOPHER SRINI
53447,19396,1292.2533,Victoria Cooper,VICTORIA COOPER
53448,13255,650.8008,Carson Flores,CARSON FLORES
53449,14207,2673.0613,Eduardo Kelly,EDUARDO KELLY
53626,11498,8.7848,Jenny Shan,JENNY SHAN
53627,16626,40.432,Nichole Raji,NICHOLE RAJI
53628,11605,2535.964,Anna Martinez,ANNA MARTINEZ
53629,11218,2.5305,Ruben Subram,RUBEN SUBRAM
53631,12107,35.6584,Jessica Thompson,JESSICA THOMPSON
53632,11331,109.9807,Grace Lee,GRACE LEE
53634,16964,79.0959,Isaiah Young,ISAIAH YOUNG
53635,17026,71.7919,Isaiah Hernandez,ISAIAH HERNANDEZ
53638,19728,132.5779,Rachel James,RACHEL JAMES
53639,19747,164.0594,Cynthia Garcia,CYNTHIA GARCIA
53640,20497,77.339,Dwayne Navarro,DWAYNE NAVARRO
53641,18816,164.0594,Meghan Suarez,MEGHAN SUAREZ
53642,16381,5.514,Timothy Nelson,TIMOTHY NELSON
53643,16746,71.2394,Aaron Green,AARON GREEN
53647,11377,92.7869,Christy Zeng,CHRISTY ZENG
53648,15671,8.0444,Jimmy Sanz,JIMMY SANZ
53649,13363,79.5269,Oscar Bennett,OSCAR BENNETT
53650,20666,1895.0419,Lindsey Andersen,LINDSEY ANDERSEN
53651,12102,2569.0366,Kelli Xie,KELLI XIE
53653,18692,2715.3497,Erika Hernandez,ERIKA HERNANDEZ
53654,18723,1879.594,Michael Miller,MICHAEL MILLER
53656,11908,2563.589,Elizabeth Brown,ELIZABETH BROWN
53659,14734,1276.8054,Sheila Ramos,SHEILA RAMOS
53660,19724,1276.8054,Rachel Ramirez,RACHEL RAMIREZ
53663,12291,2683.9787,Colleen Zheng,COLLEEN ZHENG
53664,12305,2563.589,Colleen Shen,COLLEEN SHEN
53666,11176,132.6,Morgan Miller,MORGAN MILLER
53667,11071,30.1444,Joe Serrano,JOE SERRANO
53668,19590,35.6694,Holly Mehta,HOLLY MEHTA
53669,16486,85.0519,Kyle Mitchell,KYLE MITCHELL
53670,18211,62.9519,Christian Garcia,CHRISTIAN GARCIA
53672,14683,20.9619,Jamie Rubio,JAMIE RUBIO
53674,18733,2.5305,Natasha Gomez,NATASHA GOMEZ
53675,18325,42.9624,Jorge Zheng,JORGE ZHENG
53676,15688,1879.594,Diane Serrano,DIANE SERRANO
53677,19503,672.9008,Brett Madan,BRETT MADAN
53679,12321,2754.0136,Madison Miller,MADISON MILLER
53680,13766,905.5254,Monique Alonso,MONIQUE ALONSO
53682,11253,70.6869,Natalie Johnson,NATALIE JOHNSON
53683,13756,64.6094,Monique Hernandez,MONIQUE HERNANDEZ
53684,11142,77.3169,Kaitlyn Thompson,KAITLYN THOMPSON
53686,14632,11.039,Clinton Vazquez,CLINTON VAZQUEZ
53687,18812,77.339,Matthew Johnson,MATTHEW JOHNSON
53689,20694,162.4019,Morgan Gray,MORGAN GRAY
53690,14993,82.8529,Renee Martin,RENEE MARTIN
53691,13302,62.9519,Roger Jai,ROGER JAI
53692,12505,40.432,Madison Bryant,MADISON BRYANT
53694,11551,59.659,Alyssa Martinez,ALYSSA MARTINEZ
53696,15450,35.6584,Garrett Reed,GARRETT REED
53697,16320,54.6754,Henry Nelson,HENRY NELSON
53698,18624,33.139,Daniel Thomas,DANIEL THOMAS
53700,12066,38.675,Abigail Clark,ABIGAIL CLARK
53701,11864,44.189,Emma Thomas,EMMA THOMAS
53702,14736,94.4554,Hector Suarez,HECTOR SUAREZ
53703,16771,24.2879,Jack Green,JACK GREEN
53704,16096,89.4608,Aaron Phillips,AARON PHILLIPS
53705,16897,1949.1869,Isaac Allen,ISAAC ALLEN
53706,13917,927.6033,Theresa Ramos,THERESA RAMOS
53707,12164,2574.639,Taylor Rodriguez,TAYLOR RODRIGUEZ
53708,11538,2560.2519,Barbara Li,BARBARA LI
53710,18735,2699.9018,Orlando Jiménez,ORLANDO JIMÉNEZ
53711,16654,830.2307,Gloria Sanz,GLORIA SANZ
53712,11462,2566.1194,Jenny Liang,JENNY LIANG
53713,11894,2646.4419,Tamara Kumar,TAMARA KUMAR
53714,16360,612.1369,Katrina Goel,KATRINA GOEL
53718,19683,1263.5233,Patricia Rodriguez,PATRICIA RODRIGUEZ
53720,18489,2765.6272,Daniel Taylor,DANIEL TAYLOR
53721,11568,2563.589,Barbara Gao,BARBARA GAO
53722,17077,97.7483,Johnny Anand,JOHNNY ANAND
53723,15465,33.139,Nancy Prasad,NANCY PRASAD
53730,19479,2699.9018,Raymond Lopez,RAYMOND LOPEZ
53739,14455,26.4869,Damien Nara,DAMIEN NARA
53742,15420,5.514,Candace Sara,CANDACE SARA
53743,13935,62.9519,Wendy Munoz,WENDY MUNOZ
53744,15105,132.5779,Jill Blanco,JILL BLANCO
53745,15065,26.8184,Gina Blanco,GINA BLANCO
53746,14246,79.5269,Juan Sanders,JUAN SANDERS
53747,16597,114.3565,Angel Hill,ANGEL HILL
53748,14809,87.2729,Sheila Rowe,SHEILA ROWE
53750,12540,28.1554,Alejandro Sharma,ALEJANDRO SHARMA
53753,11173,38.675,Roy Serrano,ROY SERRANO
53754,13437,89.4608,Xavier Griffin,XAVIER GRIFFIN
53756,19110,668.4808,Megan Gray,MEGAN GRAY
53757,16237,2778.9977,Mason Baker,MASON BAKER
53758,13915,954.6869,Lucas Henderson,LUCAS HENDERSON
53759,12178,2602.2529,Anna Davis,ANNA DAVIS
53760,12142,2615.4687,Kelli Raji,KELLI RAJI
53761,12114,2570.1858,Kelli Lal,KELLI LAL
53762,12083,2668.564,Jessica Jones,JESSICA JONES
53765,11008,2673.0613,Joe Srini,JOE SRINI
53766,18716,2699.9018,Erika Blanco,ERIKA BLANCO
53768,11754,2563.589,Ross Arun,ROSS ARUN
53769,11917,2582.6834,Liz Anderson,LIZ ANDERSON
53772,18486,2699.9018,Brandi Dominguez,BRANDI DOMINGUEZ
53774,14858,207.7179,Sebastian Howard,SEBASTIAN HOWARD
53781,19103,46.3327,Derrick Moreno,DERRICK MORENO
53782,20042,2708.6865,Donald Raman,DONALD RAMAN
53785,13795,861.3254,Richard Foster,RICHARD FOSTER
53786,11196,2.5305,Morgan Clark,MORGAN CLARK
53787,11279,2.5305,Natalie Garcia,NATALIE GARCIA
53788,16731,93.8808,Martin Vance,MARTIN VANCE
53789,11262,32.034,Natalie Wilson,NATALIE WILSON
53790,12795,41.1834,Abigail Barnes,ABIGAIL BARNES
53791,12444,38.6529,Ashley Clark,ASHLEY CLARK
53793,19774,164.0594,Rachel Simmons,RACHEL SIMMONS
53794,20506,76.2119,Keith Andersen,KEITH ANDERSEN
53795,20278,77.339,Chloe Price,CHLOE PRICE
53796,20071,87.2729,Destiny Coleman,DESTINY COLEMAN
53797,20115,132.5779,Ronald Sai,RONALD SAI
53798,18534,60.7529,Leslie Serrano,LESLIE SERRANO
53799,18123,5.514,Abby Sanchez,ABBY SANCHEZ
53800,17590,5.514,Logan Williams,LOGAN WILLIAMS
53801,17437,65.1729,Thomas Garcia,THOMAS GARCIA
53802,16383,65.1729,James Carter,JAMES CARTER
53803,16002,68.4658,Kellie Navarro,KELLIE NAVARRO
53805,14579,138.114,Sheila Navarro,SHEILA NAVARRO
53807,14788,5.514,Nathaniel Cox,NATHANIEL COX
53808,15069,79.5048,Isaiah Murphy,ISAIAH MURPHY
53809,13813,82.8529,Marcus Bennett,MARCUS BENNETT
53810,15103,79.0959,Jill Vazquez,JILL VAZQUEZ
53811,16040,71.7919,Eric Turner,ERIC TURNER
53813,12259,30.6859,Emily Rodriguez,EMILY RODRIGUEZ
53816,17844,8.0444,Samuel Thomas,SAMUEL THOMAS
53817,17880,8.0444,David Wilson,DAVID WILSON
53818,11673,152.4458,Megan Brown,MEGAN BROWN
53819,12983,111.0083,Jaclyn Andersen,JACLYN ANDERSEN
53820,15556,650.8008,Pamela Mehta,PAMELA MEHTA
53821,13892,927.6254,Ian Gonzales,IAN GONZALES
53822,18694,2715.3497,Jacob Thomas,JACOB THOMAS
53824,11916,2658.0444,Tamara Chander,TAMARA CHANDER
53825,16225,612.1369,Tina Perez,TINA PEREZ
53826,16226,612.1369,Denise Suri,DENISE SURI
53828,12296,2688.5092,Hannah Garcia,HANNAH GARCIA
53830,18488,2738.5657,Daniel Thompson,DANIEL THOMPSON
53831,11889,8.7848,Tamara Tang,TAMARA TANG
53833,15593,98.3229,Ricky Navarro,RICKY NAVARRO
53834,11019,59.659,Joe Belson,JOE BELSON
53835,11300,101.1959,Marshall Shen,MARSHALL SHEN
53837,11651,71.7919,Pedro Prasad,PEDRO PRASAD
53838,11215,214.3479,Isabella Brown,ISABELLA BROWN
53840,19026,41.1834,Gary Munoz,GARY MUNOZ
53843,19879,77.339,Jasmine Diaz,JASMINE DIAZ
53844,20494,16.5529,Keith Luo,KEITH LUO
53845,20116,132.5779,Alyssa Reed,ALYSSA REED
53846,18593,77.339,Tyler Robinson,TYLER ROBINSON
53847,12753,41.1834,Omar Pal,OMAR PAL
53851,16208,132.5558,Elijah Baker,ELIJAH BAKER
53852,11208,145.7937,Isabella Johnson,ISABELLA JOHNSON
53853,15862,659.6408,Hunter Perez,HUNTER PEREZ
53854,20337,2709.8357,Chad Shan,CHAD SHAN
53855,12190,2555.0473,Abigail Long,ABIGAIL LONG
53856,12105,2668.564,Jessica Martin,JESSICA MARTIN
53857,12153,2607.7558,Taylor Martin,TAYLOR MARTIN
53858,12156,2587.8769,Dawn Liu,DAWN LIU
53859,12163,2614.9383,Dawn Zhou,DAWN ZHOU
53860,12381,830.2307,Samantha White,SAMANTHA WHITE
53862,18726,1918.2579,Erika Sanz,ERIKA SANZ
53863,20420,612.1369,Julia Foster,JULIA FOSTER
53864,20425,596.689,Peter Raje,PETER RAJE
53865,11768,2563.589,Ross Raman,ROSS RAMAN
53866,11915,2618.8058,Tamara Chande,TAMARA CHANDE
53873,12317,2659.7792,Madison Jones,MADISON JONES
53876,12130,2580.1419,Taylor Williams,TAYLOR WILLIAMS
53877,12621,2574.6279,Juan Vazquez,JUAN VAZQUEZ
53878,12299,2604.4408,Colleen Zeng,COLLEEN ZENG
53879,20618,23.7465,Kaitlyn Jenkins,KAITLYN JENKINS
53881,11463,8.7848,Nicole Martinez,NICOLE MARTINEZ
53882,19619,98.3119,Cassandra Madan,CASSANDRA MADAN
53883,19467,2745.8587,Kelvin He,KELVIN HE
53884,11521,2.5305,Alyssa Smith,ALYSSA SMITH
53886,11288,2.5305,Ruben Suarez,RUBEN SUAREZ
53889,20732,11.039,Amy Hu,AMY HU
53891,18577,77.339,Tyler Moore,TYLER MOORE
53893,16863,71.2394,Jesse Young,JESSE YOUNG
53894,17359,44.1779,José Jackson,JOSÉ JACKSON
53895,17130,109.3508,Mitchell Luo,MITCHELL LUO
53896,15496,44.1779,Timothy Cook,TIMOTHY COOK
53897,15869,15.4479,Allen Lopez,ALLEN LOPEZ
53898,14043,62.9519,Joy Alonso,JOY ALONSO
53900,13388,118.1908,Willie Kumar,WILLIE KUMAR
53901,16413,41.9127,Gabriel Carter,GABRIEL CARTER
53902,16574,5.514,Kara Becker,KARA BECKER
53903,17845,27.614,Samuel Jackson,SAMUEL JACKSON
53904,11408,38.0894,Christy Andersen,CHRISTY ANDERSEN
53906,12429,38.675,Jaime Moreno,JAIME MORENO
53907,12331,55.239,Madison Jackson,MADISON JACKSON
53908,12173,2597.8108,Anna Johnson,ANNA JOHNSON
53909,12122,2685.1169,Warren Ma,WARREN MA
53910,14128,1950.2808,Patrick Brooks,PATRICK BROOKS
53912,18724,2738.4552,Erika Suarez,ERIKA SUAREZ
53913,15831,659.9723,Sebastian Stewart,SEBASTIAN STEWART
53915,11765,2535.964,Ross Sara,ROSS SARA
53916,11899,2646.9723,Sarah Hall,SARAH HALL
53919,15101,2673.0613,Cole Murphy,COLE MURPHY
53922,11781,65.7254,Warren Zhang,WARREN ZHANG
53923,19106,24.2879,Megan Ward,MEGAN WARD
53924,19952,28.1554,Julie Lal,JULIE LAL
53927,11125,43.6144,Kaitlyn Miller,KAITLYN MILLER
53928,14311,82.3004,Kristy Ruiz,KRISTY RUIZ
53931,12065,55.239,Kelli Ye,KELLI YE
53940,20636,16.5529,Kaitlyn Foster,KAITLYN FOSTER
53941,19758,87.2729,Rachel Jenkins,RACHEL JENKINS
53942,13144,149.1529,Edwin Ye,EDWIN YE
53944,18591,132.5779,Kathleen Rubio,KATHLEEN RUBIO
53945,12055,5.514,Abigail Martin,ABIGAIL MARTIN
53946,20528,71.2394,Dwayne Torres,DWAYNE TORRES
53947,14623,71.2394,Clinton Navarro,CLINTON NAVARRO
53948,13831,38.675,Marcus Patterson,MARCUS PATTERSON
53949,14718,70.6869,Chase Richardson,CHASE RICHARDSON
53950,18030,71.7919,Brent Stone,BRENT STONE
53956,19383,132.5558,Shane Rana,SHANE RANA
53958,11718,41.2055,Pedro Vazquez,PEDRO VAZQUEZ
53959,12073,82.8529,Abigail Walker,ABIGAIL WALKER
53960,12908,94.4554,Jaclyn Yang,JACLYN YANG
53961,17482,85.0519,Jose Hall,JOSE HALL
53962,12977,79.5269,Jaclyn Sharma,JACLYN SHARMA
53963,17026,118.1908,Isaiah Hernandez,ISAIAH HERNANDEZ
53964,12986,2618.8169,Emily Barnes,EMILY BARNES
53965,12151,2560.2519,Taylor Harris,TAYLOR HARRIS
53966,14259,927.6254,Felicia Gomez,FELICIA GOMEZ
53969,18746,2825.2861,Michael Martinez,MICHAEL MARTINEZ
53970,18696,2841.2865,Jacob White,JACOB WHITE
53971,11099,2612.1758,Jennifer Harris,JENNIFER HARRIS
53972,11963,2535.964,Kayla Thomas,KAYLA THOMAS
53974,14790,2699.0067,Roberto Hernandez,ROBERTO HERNANDEZ
53975,12634,2673.0613,Sarah Flores,SARAH FLORES
53976,12318,2634.3974,Madison Brown,MADISON BROWN
53978,11489,2607.2033,Destiny Wilson,DESTINY WILSON
53979,11491,2574.6279,Jenny Luo,JENNY LUO
53980,11938,8.7848,Alisha Wang,ALISHA WANG
53981,11789,38.664,Olivia Walker,OLIVIA WALKER
53982,16739,34.5534,Jason Green,JASON GREEN
53983,19575,26.2769,Holly Vance,HOLLY VANCE
53985,17297,41.1834,Bethany Nath,BETHANY NATH
53987,17237,69.5929,Terry Pal,TERRY PAL
53988,14221,55.239,Krista Romero,KRISTA ROMERO
53989,11148,59.659,Kaitlyn Robinson,KAITLYN ROBINSON
53990,16711,69.5929,Melody Martin,MELODY MARTIN
53991,11681,69.5929,Megan Anderson,MEGAN ANDERSON
53993,11078,13.1937,Joe Sanz,JOE SANZ
53994,11530,27.614,Jenny Raji,JENNY RAJI
53996,17337,96.0798,Alan Zheng,ALAN ZHENG
53997,11740,218.6574,Brianna Lee,BRIANNA LEE
54000,12444,87.2729,Ashley Clark,ASHLEY CLARK
54001,17419,44.1779,Austin Thompson,AUSTIN THOMPSON
54002,17379,138.114,Jose Thompson,JOSE THOMPSON
54003,15487,99.4169,Rachael Suri,RACHAEL SURI
54004,14629,5.514,Jeremy Rivera,JEREMY RIVERA
54005,14694,87.2729,Walter Munoz,WALTER MUNOZ
54006,13942,62.9519,Wendy Navarro,WENDY NAVARRO
54007,15356,132.5779,Isaiah Rogers,ISAIAH ROGERS
54010,11566,23.7465,Barbara Zhu,BARBARA ZHU
54013,16050,44.1779,Alex Turner,ALEX TURNER
54014,12564,40.0784,Alejandro Goel,ALEJANDRO GOEL
54017,11651,38.675,Pedro Prasad,PEDRO PRASAD
54018,14282,82.8529,Felicia Gutierrez,FELICIA GUTIERREZ
54019,11891,82.8529,Tamara Xu,TAMARA XU
54020,13053,85.0519,Louis Guo,LOUIS GUO
54021,16959,94.4554,Angel Young,ANGEL YOUNG
54022,16894,1949.1869,Jack Adams,JACK ADAMS
54023,12171,2658.0444,Dawn Lu,DAWN LU
54024,12152,2607.2033,Dawn Chen,DAWN CHEN
54025,12177,2656.9283,Dawn Sun,DAWN SUN
54027,12287,1417.5161,Hannah Thomas,HANNAH THOMAS
54028,16696,1025.9815,Francisco Madan,FRANCISCO MADAN
54030,16678,820.2968,Francisco Suri,FRANCISCO SURI
54031,11907,2538.4944,Tamara Andersen,TAMARA ANDERSEN
54037,15116,2682.9953,Devin Murphy,DEVIN MURPHY
54039,12510,2535.964,Madison Griffin,MADISON GRIFFIN
54040,11572,2628.7398,Barbara Liang,BARBARA LIANG
54041,15728,32.0229,Billy Ruiz,BILLY RUIZ
54042,13983,160.6891,Seth Gonzales,SETH GONZALES
54045,18898,82.8529,Andrew Rodriguez,ANDREW RODRIGUEZ
54048,19502,2834.2366,Brett Arun,BRETT ARUN
54049,12318,2624.3529,Madison Brown,MADISON BROWN
54050,11686,59.659,Megan Harris,MEGAN HARRIS
54051,11331,86.7204,Grace Lee,GRACE LEE
54053,16958,79.0959,Carl Shan,CARL SHAN
54055,11506,134.7327,Carol Martinez,CAROL MARTINEZ
54056,18966,87.2729,Joseph Lee,JOSEPH LEE
54057,20344,132.5779,Judith Reed,JUDITH REED
54058,18424,5.514,Larry Moreno,LARRY MORENO
54059,19214,5.514,Brianna Torres,BRIANNA TORRES
54060,18671,77.339,Diana Serrano,DIANA SERRANO
54061,18584,136.9979,Kathleen Serrano,KATHLEEN SERRANO
54062,18640,44.1779,Diana Ruiz,DIANA RUIZ
54063,17683,5.514,Logan Davis,LOGAN DAVIS
54064,16001,8.0444,Bobby Sai,BOBBY SAI
54065,14463,75.0627,Carlos Gray,CARLOS GRAY
54066,18170,44.1779,Randy Gao,RANDY GAO
54067,14842,110.4337,Lance Ruiz,LANCE RUIZ
54069,14535,104.4004,Mathew Gill,MATHEW GILL
54070,14814,104.4004,Marcus Cox,MARCUS COX
54071,14938,87.2729,Alex Morgan,ALEX MORGAN
54072,12798,16.5529,Abigail Coleman,ABIGAIL COLEMAN
54073,19460,32.5754,Raymond Sai,RAYMOND SAI
54074,12595,34.5644,Clayton Lu,CLAYTON LU
54077,13776,37.5479,Monique Dominguez,MONIQUE DOMINGUEZ
54078,11706,38.675,Pedro Gutierrez,PEDRO GUTIERREZ
54079,11738,46.7194,Ross Suri,ROSS SURI
54080,11843,46.7194,Gerald Srini,GERALD SRINI
54081,13213,24.2879,Edwin Goel,EDWIN GOEL
54082,16358,44.189,Adam Nelson,ADAM NELSON
54083,14271,24.2879,Felicia Munoz,FELICIA MUNOZ
54084,12481,9.934,Alejandro Lin,ALEJANDRO LIN
54085,15881,624.314,Johnathan Suri,JOHNATHAN SURI
54086,15834,596.689,Cole Stewart,COLE STEWART
54087,15900,773.4669,Jordan Perez,JORDAN PEREZ
54088,19023,640.8669,Lauren Bennett,LAUREN BENNETT
54089,13925,859.0712,Lucas Hughes,LUCAS HUGHES
54090,12206,2574.6279,Dawn Xie,DAWN XIE
54091,12170,2574.639,Taylor Hall,TAYLOR HALL
54092,12186,2580.1419,Dawn Ma,DAWN MA
54093,12104,2574.6279,Kelli Tang,KELLI TANG
54094,12160,2615.4908,Dawn Huang,DAWN HUANG
54095,11439,858.9607,Jenny Yang,JENNY YANG
54096,16744,2754.0136,Luis Green,LUIS GREEN
54097,11900,2624.3529,Tamara Sharma,TAMARA SHARMA
54099,19538,1276.8054,Monica Vance,MONICA VANCE
54100,11401,635.3529,Jasmine Jackson,JASMINE JACKSON
54104,12607,2566.1194,Clayton Gao,CLAYTON GAO
54105,12328,2591.1808,Warren Shen,WARREN SHEN
54106,14217,98.8533,Krista Moreno,KRISTA MORENO
54108,16619,74.687,Timothy Lopez,TIMOTHY LOPEZ
54109,17109,1954.7008,Aaron King,AARON KING
54110,18621,651.9279,Orlando Martin,ORLANDO MARTIN
54111,12124,2585.6669,Taylor Smith,TAYLOR SMITH
54112,11330,32.0229,Grace Lewis,GRACE LEWIS
54113,11091,64.6094,Jennifer Taylor,JENNIFER TAYLOR
54114,16331,42.9624,Katrina Xu,KATRINA XU
54116,11176,38.5535,Morgan Miller,MORGAN MILLER
54117,11711,43.0729,Brianna Jones,BRIANNA JONES
54118,11712,11.039,Pedro Dominguez,PEDRO DOMINGUEZ
54119,17723,71.7919,Jonathan Lee,JONATHAN LEE
54120,17189,51.3494,Isaiah Wright,ISAIAH WRIGHT
54124,19463,5.514,Raymond Srini,RAYMOND SRINI
54126,14540,40.0784,Mathew Serrano,MATHEW SERRANO
54129,11049,82.8529,Julia Anderson,JULIA ANDERSON
54130,12161,219.884,Dawn Wu,DAWN WU
54131,13939,997.2183,Lucas Griffin,LUCAS GRIFFIN
54132,13984,927.6254,Joanna Torres,JOANNA TORRES
54133,12200,2604.7944,Dawn Zeng,DAWN ZENG
54134,12284,1352.3432,Colleen Liang,COLLEEN LIANG
54137,20426,620.4354,Peter Chander,PETER CHANDER
54139,18708,2738.4552,Jacob Rodriguez,JACOB RODRIGUEZ
54140,12013,607.7279,Warren Lu,WARREN LU
54142,16354,635.3529,Gloria Alvarez,GLORIA ALVAREZ
54143,19545,1303.3144,Monica Smith,MONICA SMITH
54144,18570,1297.8004,Kathleen Navarro,KATHLEEN NAVARRO
54146,12300,2644.3313,Colleen She,COLLEEN SHE
54147,15084,2673.0613,Timothy Murphy,TIMOTHY MURPHY
54148,18494,2717.8801,Tyler Williams,TYLER WILLIAMS
54149,11431,2613.3029,Jenny Wagner,JENNY WAGNER
54150,15579,27.614,Angel Parker,ANGEL PARKER
54151,17062,41.1834,Sean Hernandez,SEAN HERNANDEZ
54156,18364,138.114,Jésus Martin,JÉSUS MARTIN
54157,20739,87.2729,Crystal Wang,CRYSTAL WANG
54158,17275,5.514,Bethany Lal,BETHANY LAL
54159,15423,5.514,Jesse Reed,JESSE REED
54160,16760,75.1069,Martin Martinez,MARTIN MARTINEZ
54162,14935,33.0727,Angel Morgan,ANGEL MORGAN
54163,19291,32.0229,Erik Blanco,ERIK BLANCO
54164,14982,130.9094,Randall Ramos,RANDALL RAMOS
54165,19462,32.5754,Raymond Madan,RAYMOND MADAN
54166,12262,66.8194,Emily Walker,EMILY WALKER
54168,16314,44.1779,James Nelson,JAMES NELSON
54170,11973,82.8529,Alisha Liang,ALISHA LIANG
54171,13416,118.1908,Willie Black,WILLIE BLACK
54172,16889,1911.6169,Kyle Baker,KYLE BAKER
54173,12188,2602.2529,Juha-Pekka Posti,JUHA-PEKKA POSTI
54174,12141,2653.0498,Taylor Moore,TAYLOR MOORE
54176,18729,1939.2529,Erika Ortega,ERIKA ORTEGA
54179,19550,1402.7644,Monica Schmidt,MONICA SCHMIDT
54180,19679,1276.8054,Grace Diaz,GRACE DIAZ
54181,19386,1276.8054,Shane Subram,SHANE SUBRAM
54184,13257,596.689,Carson Butler,CARSON BUTLER
54189,11561,2535.964,Alyssa Lee,ALYSSA LEE
54190,12125,2618.8058,Kelli Pal,KELLI PAL
54192,16605,30.1444,Evan Lopez,EVAN LOPEZ
54193,15791,27.614,Troy Patel,TROY PATEL
54194,17908,39.4706,Dennis Xu,DENNIS XU
54195,18714,24.2879,Michael Smith,MICHAEL SMITH
54196,14318,70.6869,Jeremy Ward,JEREMY WARD
54200,11059,16.5529,Julia Thompson,JULIA THOMPSON
54202,13003,6.9394,Emily Flores,EMILY FLORES
54203,17717,727.5873,Jonathan Rodriguez,JONATHAN RODRIGUEZ
54204,16444,915.4594,Misty Deng,MISTY DENG
54205,11200,65.7254,Morgan Lewis,MORGAN LEWIS
54206,11632,2.5305,Lauren Taylor,LAUREN TAYLOR
54207,11212,32.5754,Marshall Cai,MARSHALL CAI
54208,11709,23.7465,Brianna Williams,BRIANNA WILLIAMS
54212,14897,79.0959,Albert Alvarez,ALBERT ALVAREZ
54214,11078,62.9408,Joe Sanz,JOE SANZ
54217,15878,77.3169,Jason Perez,JASON PEREZ
54218,11262,114.8758,Natalie Wilson,NATALIE WILSON
54219,17585,87.2729,James Williams,JAMES WILLIAMS
54220,19218,146.9319,Brianna Peterson,BRIANNA PETERSON
54221,12183,5.514,Anna Taylor,ANNA TAYLOR
54222,18754,77.339,Michael Lewis,MICHAEL LEWIS
54224,13843,34.2219,Marcus Simmons,MARCUS SIMMONS
54225,13490,62.9519,Colin Yuan,COLIN YUAN
54227,16398,59.0844,Latoya Chander,LATOYA CHANDER
54230,11685,52.9737,Pedro Ruiz,PEDRO RUIZ
54231,11634,41.2055,Pedro Suri,PEDRO SURI
54232,11790,123.7158,Olivia Hall,OLIVIA HALL
54233,16361,2778.9977,Katrina Becker,KATRINA BECKER
54234,12187,2574.6279,Anna Anderson,ANNA ANDERSON
54235,14260,987.2844,Charles Sanders,CHARLES SANDERS
54236,14127,1945.3194,Lori Ramos,LORI RAMOS
54238,18740,2738.5657,Michael Martin,MICHAEL MARTIN
54239,18908,2776.1136,Whitney Mehta,WHITNEY MEHTA
54240,11767,2735.9469,Ross Rana,ROSS RANA
54241,11952,2647.5358,Kayla Miller,KAYLA MILLER
54242,11976,2562.7823,Alisha He,ALISHA HE
54245,19472,1276.8054,Victoria Alexander,VICTORIA ALEXANDER
54247,19421,1268.2859,Douglas Madan,DOUGLAS MADAN
54250,12129,2604.4298,Taylor Johnson,TAYLOR JOHNSON
54251,11578,2580.1419,Barbara Zheng,BARBARA ZHENG
54252,12292,2668.564,Hannah Harris,HANNAH HARRIS
54253,11577,2535.964,Chloe Wilson,CHLOE WILSON
54254,14062,1352.3432,Jesse Watson,JESSE WATSON
54255,12398,2563.589,Lacey Cai,LACEY CAI
54256,11546,2639.8008,Barbara Huang,BARBARA HUANG
54257,12715,71.7919,Kayla Long,KAYLA LONG
54258,13183,132.6,Edwin Tang,EDWIN TANG
54262,16610,36.023,Isaac Lopez,ISAAC LOPEZ
54263,15019,9.934,Renee Gill,RENEE GILL
54264,17722,1879.594,Margaret Zhu,MARGARET ZHU
54265,19471,2738.5657,Raymond Raman,RAYMOND RAMAN
54266,13555,2579.5783,Jon Sun,JON SUN
54267,11604,2590.0758,Anna Garcia,ANNA GARCIA
54268,11078,27.614,Joe Sanz,JOE SANZ
54269,11505,26.2769,Destiny Garcia,DESTINY GARCIA
54273,18883,33.139,Whitney Patel,WHITNEY PATEL
54277,11510,43.6144,Destiny Clark,DESTINY CLARK
54278,19552,77.339,Emma Patterson,EMMA PATTERSON
54279,17449,5.514,Naomi Dominguez,NAOMI DOMINGUEZ
54281,16860,5.514,Russell Jai,RUSSELL JAI
54282,16978,5.514,Carl Beck,CARL BECK
54283,17380,44.1779,Thomas Davis,THOMAS DAVIS
54284,15485,44.1779,Nancy Sanchez,NANCY SANCHEZ
54286,20714,207.7179,Morgan Coleman,MORGAN COLEMAN
54287,15706,38.675,Marc Dominguez,MARC DOMINGUEZ
54288,14953,147.5065,Randall Alvarez,RANDALL ALVAREZ
54289,17102,35.6584,Timothy King,TIMOTHY KING
54290,19334,70.6869,Olivia Kelly,OLIVIA KELLY
54291,11419,201.9719,Christy Nara,CHRISTY NARA
54292,11253,38.675,Natalie Johnson,NATALIE JOHNSON
54293,11179,68.4769,Roy Sullivan,ROY SULLIVAN
54294,12421,82.8529,Ashley Taylor,ASHLEY TAYLOR
54295,13198,44.189,Antonio Jenkins,ANTONIO JENKINS
54296,15244,46.7194,Heidi Patel,HEIDI PATEL
54297,20297,2725.2836,Shannon Ortega,SHANNON ORTEGA
54298,12181,2630.4194,Anna Moore,ANNA MOORE
54299,12072,2622.0656,Kelli Xu,KELLI XU
54300,12286,884.3426,Hannah Anderson,HANNAH ANDERSON
54301,11238,1381.0732,Ruben Martin,RUBEN MARTIN
54302,11761,2603.8662,Ross Prasad,ROSS PRASAD
54303,11762,2640.9058,Olivia Taylor,OLIVIA TAYLOR
54304,11766,2673.5033,Olivia Jackson,OLIVIA JACKSON
54306,11910,2563.589,Elizabeth Miller,ELIZABETH MILLER
54307,11111,2562.4508,Jennifer Walker,JENNIFER WALKER
54309,19539,1238.1415,Emma Ross,EMMA ROSS
54310,19548,1307.7344,Emma Jenkins,EMMA JENKINS
54312,19423,1276.8054,Douglas Srini,DOUGLAS SRINI
54316,16516,1276.8054,Kelsey Pal,KELSEY PAL
54317,14063,1381.0732,Sean Watson,SEAN WATSON
54318,11428,2628.7398,Christy Raji,CHRISTY RAJI
54319,11519,8.7848,Jenny Nath,JENNY NATH
54320,13155,93.3394,Spencer Hughes,SPENCER HUGHES
54321,12679,27.614,Elizabeth West,ELIZABETH WEST
54322,20265,35.6694,Shannon Sanz,SHANNON SANZ
54325,14060,55.239,Melinda Romero,MELINDA ROMERO
54327,17099,1879.594,Shaun Pal,SHAUN PAL
54329,16738,15.4479,Robert Scott,ROBERT SCOTT
54330,11829,59.659,Gerald Suri,GERALD SURI
54331,11331,38.664,Grace Lee,GRACE LEE
54332,11019,53.0069,Joe Belson,JOE BELSON
54334,11631,32.0229,Lauren Moore,LAUREN MOORE
54337,18826,77.339,Dana Gomez,DANA GOMEZ
54338,19227,77.339,Brianna Brooks,BRIANNA BROOKS
54340,14519,89.4608,Ian Gray,IAN GRAY
54341,14924,44.1779,Albert Ramos,ALBERT RAMOS
54342,19060,33.0727,Craig Munoz,CRAIG MUNOZ
54343,14717,38.675,Hector Navarro,HECTOR NAVARRO
54344,19332,91.6819,Olivia Watson,OLIVIA WATSON
54345,15683,99.4279,Kevin Edwards,KEVIN EDWARDS
54346,17193,82.8529,Tony Chander,TONY CHANDER
54347,19520,97.2069,Byron Gomez,BYRON GOMEZ
54348,20580,40.8077,Kristin Shan,KRISTIN SHAN
54350,14194,76.2119,Jared Kelly,JARED KELLY
54354,11511,38.675,Jenny Chande,JENNY CHANDE
54355,11194,46.7194,Ruben Vance,RUBEN VANCE
54356,13310,33.0727,Gavin Russell,GAVIN RUSSELL
54357,13313,85.0519,Gavin Diaz,GAVIN DIAZ
54358,12167,2648.6408,Taylor Lee,TAYLOR LEE
54359,12282,820.2968,Warren She,WARREN SHE
54361,16691,987.2844,Carlos Adams,CARLOS ADAMS
54364,11464,2579.5783,Jenny Guo,JENNY GUO
54365,11893,2563.589,Tamara Yuan,TAMARA YUAN
54366,11968,2535.964,Damien Luo,DAMIEN LUO
54367,11110,2535.964,Jennifer Lee,JENNIFER LEE
54371,19670,1253.5894,Grace Bryant,GRACE BRYANT
54376,11570,2563.589,Barbara Ma,BARBARA MA
54377,13541,2648.6187,Miguel Wood,MIGUEL WOOD
54378,12315,2580.1419,Madison Williams,MADISON WILLIAMS
54379,11200,25.3819,Morgan Lewis,MORGAN LEWIS
54380,12101,55.239,Jessica White,JESSICA WHITE
54381,13116,35.6584,Louis Anand,LOUIS ANAND
54382,12344,35.6584,Madison Robinson,MADISON ROBINSON
54383,18330,38.6529,Jorge She,JORGE SHE
54384,19764,14.2987,Rachel Long,RACHEL LONG
54385,13982,38.664,Joanna Gutierrez,JOANNA GUTIERREZ
54386,14926,679.5308,Dalton Cook,DALTON COOK
54387,13559,2574.6279,Jon Gao,JON GAO
54388,11300,82.8529,Marshall Shen,MARSHALL SHEN
54389,11632,30.1444,Lauren Taylor,LAUREN TAYLOR
54391,11091,14.2987,Jennifer Taylor,JENNIFER TAYLOR
54395,12919,104.3783,Jaclyn Lin,JACLYN LIN
54396,15866,42.9624,Robert Perez,ROBERT PEREZ
54397,18919,214.3479,Whitney Gonzalez,WHITNEY GONZALEZ
54398,19001,77.3169,Orlando Suarez,ORLANDO SUAREZ
54399,19025,132.5779,Gary Moreno,GARY MORENO
54400,16767,66.2779,Sean Adams,SEAN ADAMS
54401,18777,32.5754,Natasha Oliver,NATASHA OLIVER
54402,14985,33.1279,Randall Sanz,RANDALL SANZ
54403,16592,82.8529,Nichole Luo,NICHOLE LUO
54412,11220,44.189,Ruben Garcia,RUBEN GARCIA
54413,11802,54.1229,Ross Alvarez,ROSS ALVAREZ
54414,12182,41.2055,Dawn Gao,DAWN GAO
54415,12562,65.1508,Ashley Wood,ASHLEY WOOD
54416,16890,1998.3373,Jordan Adams,JORDAN ADAMS
54417,12154,2629.3144,Dawn Li,DAWN LI
54418,14697,857.8447,Alex Richardson,ALEX RICHARDSON
54419,17651,862.8061,Cameron Moore,CAMERON MOORE
54422,16742,2725.2836,Jose Scott,JOSE SCOTT
54423,11903,2535.964,Warren Wu,WARREN WU
54426,19682,1276.8054,Patricia Gonzalez,PATRICIA GONZALEZ
54427,12291,1297.8004,Colleen Zheng,COLLEEN ZHENG
54431,12620,2577.1694,Sarah Coleman,SARAH COLEMAN
54432,13640,35.6584,Edward Powell,EDWARD POWELL
54433,11116,30.1444,Roy Rana,ROY RANA
54436,11079,11.039,Jennifer Johnson,JENNIFER JOHNSON
54438,17095,1944.7669,Shaun Jai,SHAUN JAI
54439,11293,11.3152,Lacey Jai,LACEY JAI
54440,11519,15.7242,Jenny Nath,JENNY NATH
54441,11640,83.4054,Pedro Patel,PEDRO PATEL
54443,11277,98.3119,Ruben Vazquez,RUBEN VAZQUEZ
54444,11185,42.9624,Morgan Jackson,MORGAN JACKSON
54446,16772,16.5529,Candice Hu,CANDICE HU
54447,14371,55.2169,Anne Navarro,ANNE NAVARRO
54448,17366,44.1779,Krystal Zimmerman,KRYSTAL ZIMMERMAN
54449,15509,44.1779,Rachael Raman,RACHAEL RAMAN
54451,13945,62.9519,Wendy Gutierrez,WENDY GUTIERREZ
54452,14532,24.2879,Mathew Dominguez,MATHEW DOMINGUEZ
54453,11567,59.659,Chloe Williams,CHLOE WILLIAMS
54455,20559,82.8529,April Goel,APRIL GOEL
54456,14863,35.6694,Bryan Howard,BRYAN HOWARD
54462,17442,83.9469,Connor Hall,CONNOR HALL
54463,14002,94.4554,Joanna Sanz,JOANNA SANZ
54464,12420,46.7194,Lacey Yuan,LACEY YUAN
54465,12925,24.2879,Jaclyn Zhao,JACLYN ZHAO
54466,12392,55.239,Lacey Guo,LACEY GUO
54467,11574,38.664,Marshall Raje,MARSHALL RAJE
54468,11535,2586.7387,Alyssa Ashe,ALYSSA ASHE
54469,12076,2535.964,Jessica Smith,JESSICA SMITH
54474,19717,1256.8602,Kristina Rodriguez,KRISTINA RODRIGUEZ
54475,19482,1276.8054,Raymond Martinez,RAYMOND MARTINEZ
54477,11550,2668.564,Barbara Zhou,BARBARA ZHOU
54478,11439,2591.1808,Jenny Yang,JENNY YANG
54480,11059,27.614,Julia Thompson,JULIA THOMPSON
54481,18257,118.1908,Christopher Lewis,CHRISTOPHER LEWIS
54483,19571,37.5479,Emma Foster,EMMA FOSTER
54484,16489,97.7483,Connor Mitchell,CONNOR MITCHELL
54488,15340,82.2783,Jillian Gonzalez,JILLIAN GONZALEZ
54489,18893,77.339,Whitney Madan,WHITNEY MADAN
54490,20279,159.6394,Bradley Shen,BRADLEY SHEN
54491,12165,14.2987,Dawn Ye,DAWN YE
54492,16885,44.1779,Jerry Xie,JERRY XIE
54493,15880,146.8987,Luis Perez,LUIS PEREZ
54495,14749,109.3508,Ian Richardson,IAN RICHARDSON
54496,16399,35.6584,Thomas Carter,THOMAS CARTER
54497,20280,34.2219,Chloe Bennett,CHLOE BENNETT
54498,15824,83.9469,Chase Stewart,CHASE STEWART
54499,15285,44.1779,Lucas Sanchez,LUCAS SANCHEZ
54500,12471,92.7869,Jon Alonso,JON ALONSO
54501,13776,40.432,Monique Dominguez,MONIQUE DOMINGUEZ
54502,16301,80.6208,Alex Gonzalez,ALEX GONZALEZ
54503,11581,6.9394,Barbara Zeng,BARBARA ZENG
54504,20148,6.9394,Ronald Perez,RONALD PEREZ
54505,14821,33.139,Xavier Cox,XAVIER COX
54508,11012,82.8529,Chloe Thompson,CHLOE THOMPSON
54509,11731,95.5383,Pedro Suarez,PEDRO SUAREZ
54510,14353,82.8529,Anne Martin,ANNE MARTIN
54511,11347,15.4479,Rachel Taylor,RACHEL TAYLOR
54512,16896,1895.0419,Jason Young,JASON YOUNG
54513,14083,1934.8329,Melinda Carlson,MELINDA CARLSON
54514,14103,866.8394,Lori Munoz,LORI MUNOZ
54515,20424,612.1369,Peter Pal,PETER PAL
54519,11097,2547.0029,Roy Malhotra,ROY MALHOTRA
54524,12630,2673.0613,Clayton Xie,CLAYTON XIE
54526,11050,944.7419,Julia Thomas,JULIA THOMAS
54528,12133,2698.3327,Taylor Brown,TAYLOR BROWN
54529,14099,30.1444,Ian Watson,IAN WATSON
54530,13181,142.534,Antonio Price,ANTONIO PRICE
54532,13641,129.7933,Javier Dominguez,JAVIER DOMINGUEZ
54533,14059,82.3004,Joy Romero,JOY ROMERO
54534,13627,74.0019,Edward Price,EDWARD PRICE
54537,11180,43.0729,Morgan Taylor,MORGAN TAYLOR
54548,11740,41.1834,Brianna Lee,BRIANNA LEE
54549,18554,77.3169,Anthony Johnson,ANTHONY JOHNSON
54550,11185,77.3169,Morgan Jackson,MORGAN JACKSON
54552,13185,77.3169,Edwin Xu,EDWIN XU
54554,19852,77.339,Jill Perry,JILL PERRY
54555,18523,142.5119,Leslie Romero,LESLIE ROMERO
54556,18552,5.514,Tyler Miller,TYLER MILLER
54557,18374,14.2987,Jésus Hernandez,JÉSUS HERNANDEZ
54558,17431,5.514,Karen Zeng,KAREN ZENG
54559,17488,5.514,Valerie Liu,VALERIE LIU
54560,16044,75.6815,Andre Chandra,ANDRE CHANDRA
54561,16295,152.9873,Carlos Gonzalez,CARLOS GONZALEZ
54562,13764,82.8529,Monique Munoz,MONIQUE MUNOZ
54563,14811,40.8077,Richard Cox,RICHARD COX
54565,14535,32.034,Mathew Gill,MATHEW GILL
54570,12568,64.6094,Alejandro Anand,ALEJANDRO ANAND
54571,15860,596.689,Allen Subram,ALLEN SUBRAM
54572,13938,982.8423,Wendy Romero,WENDY ROMERO
54573,12189,2621.0158,Dawn Guo,DAWN GUO
54574,12710,2602.2529,Kayla Coleman,KAYLA COLEMAN
54575,18739,1981.7844,Michael Harris,MICHAEL HARRIS
54577,18737,2699.9018,Michael White,MICHAEL WHITE
54578,18747,2775.0086,Michael Robinson,MICHAEL ROBINSON
54579,18710,2784.9426,Erika Gill,ERIKA GILL
54581,16754,835.7447,Jesse Adams,JESSE ADAMS
54582,11906,2643.0937,Tamara Pal,TAMARA PAL
54585,18495,2699.9018,Zachary Anderson,ZACHARY ANDERSON
54586,18496,2810.5012,Brandi Serrano,BRANDI SERRANO
54587,16515,1276.8054,Kelsey Jai,KELSEY JAI
54589,11575,2535.964,Barbara He,BARBARA HE
54590,11564,2563.589,Chloe Smith,CHLOE SMITH
54593,11071,16.5529,Joe Serrano,JOE SERRANO
54594,11114,8.7848,Jennifer Hall,JENNIFER HALL
54596,12036,2.5305,Warren Xu,WARREN XU
54597,14312,175.695,Ian Ward,IAN WARD
54599,17635,1889.5279,Sandra Zhang,SANDRA ZHANG
54600,14956,626.8334,Sebastian Morgan,SEBASTIAN MORGAN
54602,12323,2763.9476,Colleen Sharma,COLLEEN SHARMA
54603,11603,2563.589,Barbara Sharma,BARBARA SHARMA
54604,13560,2580.1419,Jon Ma,JON MA
54605,11199,6.9394,Ruben Sai,RUBEN SAI
54607,12064,82.3004,Abigail Robinson,ABIGAIL ROBINSON
54609,19223,23.7465,Brianna James,BRIANNA JAMES
54610,11502,130.3458,Jenny Pal,JENNY PAL
54611,19836,43.0729,Lindsay Andersen,LINDSAY ANDERSEN
54612,11824,77.3169,Victoria Garcia,VICTORIA GARCIA
54614,19015,104.3783,Lauren Brooks,LAUREN BROOKS
54617,14502,16.5529,Jonathon Carlson,JONATHON CARLSON
54618,14725,77.3169,Hector Gill,HECTOR GILL
54619,20308,77.339,Chloe Hughes,CHLOE HUGHES
54620,20121,77.339,Alyssa Morgan,ALYSSA MORGAN
54621,18521,132.5779,Dylan Martinez,DYLAN MARTINEZ
54622,18601,77.339,Stacy Diaz,STACY DIAZ
54624,16965,44.1779,Carl Chande,CARL CHANDE
54625,15406,8.0444,Lucas Rogers,LUCAS ROGERS
54627,18919,118.1908,Whitney Gonzalez,WHITNEY GONZALEZ
54628,16059,162.4019,Sean Turner,SEAN TURNER
54629,20086,62.9519,Joel Subram,JOEL SUBRAM
54630,17631,108.2458,Stacey Zeng,STACEY ZENG
54631,12490,65.1729,Sarah Rodriguez,SARAH RODRIGUEZ
54633,14546,32.034,Timothy Ramirez,TIMOTHY RAMIREZ
54634,16190,8.0444,Evan Campbell,EVAN CAMPBELL
54635,12828,60.7529,Trevor Powell,TREVOR POWELL
54636,11845,46.7194,Victoria Hall,VICTORIA HALL
54637,12531,24.2879,Samantha Powell,SAMANTHA POWELL
54638,13070,62.9519,Madison Wood,MADISON WOOD
54639,20664,1950.2808,Lindsey Jai,LINDSEY JAI
54640,12765,1934.8329,Omar Nara,OMAR NARA
54641,13066,651.9058,Hannah Hayes,HANNAH HAYES
54642,19021,679.5308,Gary Alvarez,GARY ALVAREZ
54643,13890,884.5083,Theresa Alvarez,THERESA ALVAREZ
54644,12169,2618.8169,Dawn Zhao,DAWN ZHAO
54645,12172,2598.9158,Dawn Xu,DAWN XU
54646,12184,2538.4944,Damien Yuan,DAMIEN YUAN
54647,12112,2598.9158,Jessica Clark,JESSICA CLARK
54648,11888,2626.5408,Emma Lee,EMMA LEE
54649,18693,2699.9018,Jacob Anderson,JACOB ANDERSON
54653,19549,1307.7344,Emma Perry,EMMA PERRY
54654,14735,1276.8054,Hector Carlson,HECTOR CARLSON
54655,13148,1256.8602,Spencer Perry,SPENCER PERRY
54656,15114,2674.4757,Jill Suarez,JILL SUAREZ
54657,18487,2699.9018,Brandi Gill,BRANDI GILL
54658,18493,2708.6865,Brandi Blanco,BRANDI BLANCO
54659,12805,2602.264,Oscar Bryant,OSCAR BRYANT
54660,12316,2590.0758,Colleen Yuan,COLLEEN YUAN
54661,11176,15.4479,Morgan Miller,MORGAN MILLER
54662,11300,8.7848,Marshall Shen,MARSHALL SHEN
54664,13046,33.1279,Hannah Flores,HANNAH FLORES
54665,16488,132.5448,Misty Raji,MISTY RAJI
54666,18704,34.2219,Jacob Robinson,JACOB ROBINSON
54667,17078,69.5929,Shaun She,SHAUN SHE
54668,15139,38.664,Evan Bailey,EVAN BAILEY
54669,18287,38.5535,Jorge Li,JORGE LI
54670,14952,635.3529,Paula Ashe,PAULA ASHE
54671,16408,2775.0086,Latoya Raji,LATOYA RAJI
54672,20052,2778.9977,Donald Fernandez,DONALD FERNANDEZ
54673,11609,2618.8169,Anna Rodriguez,ANNA RODRIGUEZ
54674,11211,59.659,Ruben Prasad,RUBEN PRASAD
54675,11520,82.3004,Destiny Hall,DESTINY HALL
54678,12928,37.5479,Jaclyn Lu,JACLYN LU
54682,18391,87.2729,Brandon Thompson,BRANDON THOMPSON
54684,17169,5.514,Robert Moore,ROBERT MOORE
54685,13989,51.3494,Seth Russell,SETH RUSSELL
54686,14205,36.023,Krista Diaz,KRISTA DIAZ
54687,12868,36.023,Tristan Jenkins,TRISTAN JENKINS
54688,17842,41.1834,Dana Ortega,DANA ORTEGA
54693,17101,104.9419,Jason King,JASON KING
54694,11140,44.189,Roy Perez,ROY PEREZ
54695,15478,142.5119,Nancy Fernandez,NANCY FERNANDEZ
54696,12137,46.7194,Taylor Miller,TAYLOR MILLER
54697,12907,156.8879,Aidan Jenkins,AIDAN JENKINS
54698,12466,65.1729,Sarah Moore,SARAH MOORE
54699,11430,93.9029,Jenny Zhang,JENNY ZHANG
54700,16895,1945.3194,Jerry Sharma,JERRY SHARMA
54701,16363,2742.4111,Jackson Nelson,JACKSON NELSON
54702,14107,905.5033,Dalton Watson,DALTON WATSON
54703,12143,2668.564,Taylor Taylor,TAYLOR TAYLOR
54704,18722,1939.2529,Erika Carlson,ERIKA CARLSON
54705,11007,2673.0613,Marshall Xu,MARSHALL XU
54706,11011,2694.0563,Joe Rana,JOE RANA
54710,19547,1303.8669,Emma Coleman,EMMA COLEMAN
54711,18571,1238.1415,Zachary Garcia,ZACHARY GARCIA
54714,15100,2673.0613,Jill Dominguez,JILL DOMINGUEZ
54717,13627,30.1444,Edward Price,EDWARD PRICE
54718,15021,33.139,Sebastian Bell,SEBASTIAN BELL
54721,17306,38.664,Alan Huang,ALAN HUANG
54722,18190,9.934,Alexander Rodriguez,ALEXANDER RODRIGUEZ
54723,15264,9.934,Heidi Raman,HEIDI RAMAN
54724,11571,2562.7823,Chloe Brown,CHLOE BROWN
54729,11869,41.1834,Warren Yang,WARREN YANG
54731,16005,35.6694,Jonathan Turner,JONATHAN TURNER
54732,15943,171.2529,Robert Roberts,ROBERT ROBERTS
54733,17026,98.8533,Isaiah Hernandez,ISAIAH HERNANDEZ
54735,14723,16.5529,Cole Richardson,COLE RICHARDSON
54737,17260,44.1779,Bethany Deng,BETHANY DENG
54738,17485,85.0408,Valerie Chen,VALERIE CHEN
54740,15281,44.1779,Heidi Gonzalez,HEIDI GONZALEZ
54741,16355,99.4169,Katrina Nara,KATRINA NARA
54742,14351,62.9519,Kristy Ortega,KRISTY ORTEGA
54743,14553,87.2729,Bryce Ramirez,BRYCE RAMIREZ
54744,16437,44.1779,Tracy Nath,TRACY NATH
54745,13832,26.8184,Linda Carlson,LINDA CARLSON
54746,17785,30.1444,Zachary Walker,ZACHARY WALKER
54748,14530,40.432,Sheila Alonso,SHEILA ALONSO
54750,15452,27.614,Steven Reed,STEVEN REED
54751,12489,44.1779,Sarah Clark,SARAH CLARK
54754,11304,132.5116,Lacey Chande,LACEY CHANDE
54755,13266,33.0727,Robyn Suarez,ROBYN SUAREZ
54756,13927,927.6254,Wendy Hernandez,WENDY HERNANDEZ
54757,12017,2585.6669,Alexis Martinez,ALEXIS MARTINEZ
54759,16701,937.5594,Francisco Sara,FRANCISCO SARA
54760,16741,2738.5657,Martin Madan,MARTIN MADAN
54761,18731,2735.748,Natasha Martin,NATASHA MARTIN
54762,18718,2715.3497,Erika Serrano,ERIKA SERRANO
54765,19725,1303.8669,Cynthia Patel,CYNTHIA PATEL
54766,19537,1276.8054,Monica Patel,MONICA PATEL
54769,13968,874.4086,Seth Patterson,SETH PATTERSON
54770,12754,2560.2519,Alexis Jenkins,ALEXIS JENKINS
54771,14123,32.0229,Sean Brooks,SEAN BROOKS
54772,16613,38.5535,Sean Lopez,SEAN LOPEZ
54773,15148,65.7254,Brian Bailey,BRIAN BAILEY
54775,11718,69.5929,Pedro Vazquez,PEDRO VAZQUEZ
54783,17483,35.6694,Valerie Wang,VALERIE WANG
54786,16991,44.1779,Ricardo Xie,RICARDO XIE
54788,16750,8.0444,Martin Rana,MARTIN RANA
54790,15759,99.4169,Jason Collins,JASON COLLINS
54791,14443,24.2879,Lawrence Alonso,LAWRENCE ALONSO
54792,13550,77.339,Jon Lu,JON LU
54793,17783,27.614,Susan Zeng,SUSAN ZENG
54794,13610,49.7029,Blake Foster,BLAKE FOSTER
54795,20178,4.409,Phillip Gonzalez,PHILLIP GONZALEZ
54796,19182,44.1779,Brianna Stewart,BRIANNA STEWART
54797,12431,104.9529,Ashley Harris,ASHLEY HARRIS
54798,18314,62.9519,Jorge Zhu,JORGE ZHU
54799,17468,79.5048,Leah Ma,LEAH MA
54800,20323,2754.0136,Chloe Alexander,CHLOE ALEXANDER
54801,11540,2629.8006,Alyssa Jackson,ALYSSA JACKSON
54802,11536,2582.6834,Barbara Wang,BARBARA WANG
54803,12103,2673.5033,Jessica Harris,JESSICA HARRIS
54804,18691,2754.0136,Jacob Taylor,JACOB TAYLOR
54805,20423,662.4144,Julia Bryant,JULIA BRYANT
54807,18736,2715.3497,Natasha Ruiz,NATASHA RUIZ
54808,16745,2699.9018,Martin Prasad,MARTIN PRASAD
54809,11465,2563.589,Nicole Robinson,NICOLE ROBINSON
54810,11759,2535.964,Ross Srini,ROSS SRINI
54815,19678,1238.1415,Byron Navarro,BYRON NAVARRO
54816,19496,1276.8054,Emma Bradley,EMMA BRADLEY
54819,12328,2649.8453,Warren Shen,WARREN SHEN
54820,14773,2673.0613,Isaac Cox,ISAAC COX
54821,16517,1238.1415,Kelsey Raje,KELSEY RAJE
54822,12128,2696.189,Kelli Chande,KELLI CHANDE
54823,12372,98.8533,Lacey Ye,LACEY YE
54824,15154,93.9029,Kendra Gutierrez,KENDRA GUTIERREZ
54825,15034,9.934,Cody Bell,CODY BELL
54826,17323,9.934,Alan Gao,ALAN GAO
54827,12335,2618.8058,Colleen Chavez,COLLEEN CHAVEZ
54828,11631,65.7254,Lauren Moore,LAUREN MOORE
54831,11091,82.3004,Jennifer Taylor,JENNIFER TAYLOR
54834,11498,5.514,Jenny Shan,JENNY SHAN
54836,11223,101.7484,Isabella Moore,ISABELLA MOORE
54837,12760,40.0784,Omar Chande,OMAR CHANDE
54841,12939,86.1016,Jaclyn Ma,JACLYN MA
54842,18064,65.1729,Justin Taylor,JUSTIN TAYLOR
54843,17519,65.1729,Naomi Serrano,NAOMI SERRANO
54844,18752,132.5779,Michael Rodriguez,MICHAEL RODRIGUEZ
54845,17158,44.1779,Caleb Wright,CALEB WRIGHT
54846,13222,15.4479,Roger Zhang,ROGER ZHANG
54847,18097,44.1779,Justin Lewis,JUSTIN LEWIS
54848,15910,44.1779,Johnathan Perez,JOHNATHAN PEREZ
54849,19078,35.6584,Megan Morris,MEGAN MORRIS
54853,13262,86.1458,Carson Foster,CARSON FOSTER
54856,13603,92.7869,Walter Gill,WALTER GILL
54857,14953,76.2119,Randall Alvarez,RANDALL ALVAREZ
54858,13814,135.8708,Linda Navarro,LINDA NAVARRO
54859,12144,46.7194,Taylor Anderson,TAYLOR ANDERSON
54860,13430,34.2219,Colin Yang,COLIN YANG
54861,13166,79.5269,Edwin Guo,EDWIN GUO
54862,12635,55.239,Sarah Washington,SARAH WASHINGTON
54863,12174,2535.964,Anna Williams,ANNA WILLIAMS
54864,12116,2602.2529,Jessica Lewis,JESSICA LEWIS
54866,18738,2775.0086,Natasha Diaz,NATASHA DIAZ
54867,18706,2742.8642,Jacob Clark,JACOB CLARK
54868,11751,2686.2108,Ross Vance,ROSS VANCE
54869,11914,2574.6279,Elizabeth Taylor,ELIZABETH TAYLOR
54870,11895,2602.264,Emma Hall,EMMA HALL
54872,19701,1308.8283,Rachel Blue,RACHEL BLUE
54875,15931,635.3529,Manuel Sara,MANUEL SARA
54879,12335,2755.3617,Colleen Chavez,COLLEEN CHAVEZ
54880,15080,2659.7792,Jesse Murphy,JESSE MURPHY
54881,11582,2574.6279,Chloe Moore,CHLOE MOORE
54882,11576,2668.564,Chloe Miller,CHLOE MILLER
54883,15760,4.409,Luis Collins,LUIS COLLINS
54884,11959,38.664,Alisha Xu,ALISHA XU
54885,11783,38.664,Ross Rodriguez,ROSS RODRIGUEZ
54886,19606,92.7869,Cassandra Kapoor,CASSANDRA KAPOOR
54892,11073,114.8758,Joe Ramos,JOE RAMOS
54893,11074,55.2169,Joe Carlson,JOE CARLSON
54894,15794,98.3229,Troy Malhotra,TROY MALHOTRA
54895,12992,40.0784,Robyn Munoz,ROBYN MUNOZ
54896,19500,2738.5657,Emma Rivera,EMMA RIVERA
54898,11014,43.0729,Chloe Garcia,CHLOE GARCIA
54899,11200,30.1444,Morgan Lewis,MORGAN LEWIS
54902,18984,104.4004,Nicholas Brown,NICHOLAS BROWN
54903,20413,55.2169,Peter Luo,PETER LUO
54904,19684,87.2729,Patricia Perez,PATRICIA PEREZ
54905,17138,66.2779,Mitchell Shan,MITCHELL SHAN
54907,17663,8.0444,Jonathan Taylor,JONATHAN TAYLOR
54908,20691,44.1779,Morgan Peterson,MORGAN PETERSON
54909,18151,85.0519,Benjamin Smith,BENJAMIN SMITH
54910,15352,77.339,Carlos Rogers,CARLOS ROGERS
54913,13495,47.4819,Colin Shan,COLIN SHAN
54914,16200,44.1779,Tina Sara,TINA SARA
54916,17709,54.1119,Nathan Lewis,NATHAN LEWIS
54917,12832,44.1779,Rafael Cai,RAFAEL CAI
54918,12235,38.664,Dawn Nara,DAWN NARA
54919,12512,9.934,Madison Hayes,MADISON HAYES
54920,15763,668.4808,Billy Serrano,BILLY SERRANO
54921,13906,927.6254,Ian Hayes,IAN HAYES
54922,13986,987.2844,Joanna Dominguez,JOANNA DOMINGUEZ
54927,11969,2563.589,Warren Ye,WARREN YE
54928,11100,2651.4144,Roy Sai,ROY SAI
54930,19680,1293.3804,Patricia Lopez,PATRICIA LOPEZ
54934,12317,2591.1808,Madison Jones,MADISON JONES
54939,18932,2.5305,Chelsea Weber,CHELSEA WEBER
54941,11598,2737.3944,Anna White,ANNA WHITE
54942,11836,38.664,Gerald Vance,GERALD VANCE
54948,18522,77.339,Leslie Ferrier,LESLIE FERRIER
54949,18681,77.339,Diana Rubio,DIANA RUBIO
54951,13868,34.2219,Ian Ross,IAN ROSS
54952,19933,5.514,Nicole James,NICOLE JAMES
54953,16194,54.6754,Tina Madan,TINA MADAN
54954,15709,104.9529,Angel Edwards,ANGEL EDWARDS
54955,16558,27.614,Jason Scott,JASON SCOTT
54956,16319,30.1444,Samuel Nelson,SAMUEL NELSON
54957,19516,4.409,Emma Peterson,EMMA PETERSON
54961,11322,46.7194,Lacey Anand,LACEY ANAND
54962,18811,34.2219,Meghan Blanco,MEGHAN BLANCO
54964,16920,1879.594,Logan Young,LOGAN YOUNG
54966,20302,2708.6865,Chloe Long,CHLOE LONG
54967,20303,2776.1136,Bradley Raje,BRADLEY RAJE
54968,11537,2535.964,Barbara Chen,BARBARA CHEN
54969,14702,858.9607,Hector Diaz,HECTOR DIAZ
54970,11244,896.5086,Isabella Lewis,ISABELLA LEWIS
54972,18709,2784.8984,Jacob Lewis,JACOB LEWIS
54975,13256,685.6083,Carson Washington,CARSON WASHINGTON
54977,12678,98.8533,Omar Li,OMAR LI
54980,17230,59.659,Naomi Ruiz,NAOMI RUIZ
54981,15234,38.664,Sabrina Martin,SABRINA MARTIN
54983,17741,1960.2148,Susan Zhang,SUSAN ZHANG
54984,19973,25.3819,Julie Anand,JULIE ANAND
54985,11203,59.659,Morgan Walker,MORGAN WALKER
54986,14328,69.5929,Jesse Torres,JESSE TORRES
54987,11209,2.5305,Isabella Williams,ISABELLA WILLIAMS
54988,11305,2.5305,Grace Miller,GRACE MILLER
54998,18423,5.514,Janelle Raman,JANELLE RAMAN
55000,18349,44.1779,Frank Blanco,FRANK BLANCO
55001,20679,71.2394,Morgan Richardson,MORGAN RICHARDSON
55003,16449,44.1779,Gloria Navarro,GLORIA NAVARRO
55004,12844,62.9519,Trevor Gonzales,TREVOR GONZALES
55005,16292,35.6694,Eric Gonzalez,ERIC GONZALEZ
55006,19064,35.6584,Lauren Bryant,LAUREN BRYANT
55012,11960,44.189,Alisha Sun,ALISHA SUN
55013,13031,24.2879,Tamara Ye,TAMARA YE
55014,12439,138.0919,Jon Raje,JON RAJE
55015,19024,773.4669,Orlando Sanz,ORLANDO SANZ
55016,19013,703.2773,Gary Ruiz,GARY RUIZ
55017,16140,2793.8047,Molly Srini,MOLLY SRINI
55018,11539,2673.5033,Alyssa Thomas,ALYSSA THOMAS
55019,12162,2580.1419,Dawn Lin,DAWN LIN
55020,12082,2580.1419,Kelli Liang,KELLI LIANG
55021,14525,858.9607,Mathew Romero,MATHEW ROMERO
55022,16393,1397.6482,Noah Carter,NOAH CARTER
55025,18695,2708.6865,Erika Alvarez,ERIKA ALVAREZ
55026,11909,2538.4944,Elizabeth Davis,ELIZABETH DAVIS
55027,14886,596.689,Albert Martin,ALBERT MARTIN
55030,18490,2708.6865,Brandi Vazquez,BRANDI VAZQUEZ
55032,16518,1238.1415,Caleb Mitchell,CALEB MITCHELL
55033,11427,2602.2529,Jasmine Hall,JASMINE HALL
55034,12776,54.1119,Omar Raji,OMAR RAJI
55035,12370,35.6584,Samantha Davis,SAMANTHA DAVIS
55036,15731,27.614,Billy Diaz,BILLY DIAZ
55037,15426,118.1577,Sean Reed,SEAN REED
55040,15584,38.664,Evan Parker,EVAN PARKER
55041,13137,4.409,Spencer Bennett,SPENCER BENNETT
55042,15632,982.8423,Jordan Evans,JORDAN EVANS
55044,11808,206.3809,Victoria Taylor,VICTORIA TAYLOR
55045,11711,5.514,Brianna Jones,BRIANNA JONES
55046,11203,5.514,Morgan Walker,MORGAN WALKER
55047,11223,79.0959,Isabella Moore,ISABELLA MOORE
55049,12984,77.3169,Emily Bennett,EMILY BENNETT
55054,20512,11.039,Keith Chander,KEITH CHANDER
55055,20117,87.2729,Kelvin Zeng,KELVIN ZENG
55056,18063,60.7529,Jeffery Liang,JEFFERY LIANG
55057,18105,44.1779,David Martin,DAVID MARTIN
55058,15156,138.114,Kendra Dominguez,KENDRA DOMINGUEZ
55059,18755,62.9519,Natasha Torres,NATASHA TORRES
55061,15107,77.339,Garrett Murphy,GARRETT MURPHY
55062,18169,8.0444,Janelle Suri,JANELLE SURI
55063,15615,46.7194,Kyle Evans,KYLE EVANS
55064,15353,144.2688,Brenda Van,BRENDA VAN
55065,14865,33.139,Garrett Howard,GARRETT HOWARD
55066,16557,34.5534,Nathan Perez,NATHAN PEREZ
55067,19275,15.4479,Brianna Bryant,BRIANNA BRYANT
55068,17740,43.0729,Clarence Liu,CLARENCE LIU
55069,13493,37.5479,Jeremy Wood,JEREMY WOOD
55073,12944,44.189,Dakota Ross,DAKOTA ROSS
55074,15008,82.8529,Jesse Bell,JESSE BELL
55075,16898,1934.8329,Jerry Shan,JERRY SHAN
55076,13990,987.2844,Seth Griffin,SETH GRIFFIN
55077,12155,2598.9158,Taylor Garcia,TAYLOR GARCIA
55081,18725,2725.2836,Michael Wilson,MICHAEL WILSON
55082,15792,634.2479,Troy Kovar,TROY KOVAR
55083,11964,2574.639,Alisha Zhu,ALISHA ZHU
55084,11904,2646.9723,Tamara Johnston,TAMARA JOHNSTON
55085,11905,2616.5627,Elizabeth Jones,ELIZABETH JONES
55089,19671,1293.3804,Patricia Raman,PATRICIA RAMAN
55090,19501,1238.1415,Byron Martin,BYRON MARTIN
55093,11549,2552.5169,Alyssa Garcia,ALYSSA GARCIA
55094,11858,55.239,Emma Moore,EMMA MOORE
55095,11150,158.5123,Roy Alvarez,ROY ALVAREZ
55096,19603,28.1554,Grace Rivera,GRACE RIVERA
55097,19567,83.9469,Miguel Sanchez,MIGUEL SANCHEZ
55101,11498,66.2779,Jenny Shan,JENNY SHAN
55102,11501,6.9394,Destiny Martin,DESTINY MARTIN
55104,11505,30.1444,Destiny Garcia,DESTINY GARCIA
55105,13762,40.432,Eduardo Griffin,EDUARDO GRIFFIN
55106,18755,33.139,Natasha Torres,NATASHA TORRES
55107,11501,101.6048,Destiny Martin,DESTINY MARTIN
55109,17027,103.2733,Ricardo Black,RICARDO BLACK
55110,18807,132.5779,Joshua Walker,JOSHUA WALKER
55112,18836,142.5119,Dana Muñoz,DANA MUÑOZ
55113,17161,66.2779,Tony She,TONY SHE
55114,18321,14.2987,Brandon Harris,BRANDON HARRIS
55115,14711,79.5269,Hector Muñoz,HECTOR MUÑOZ
55116,16458,27.614,Jesse Carter,JESSE CARTER
55118,17083,57.4158,Shaun Tang,SHAUN TANG
55119,16455,32.0229,Mason Carter,MASON CARTER
55121,13676,40.0784,Joan Vazquez,JOAN VAZQUEZ
55124,13432,62.9519,Xavier Bryant,XAVIER BRYANT
55125,13296,24.2879,Roger Lal,ROGER LAL
55126,11440,86.7204,Nicole Miller,NICOLE MILLER
55127,18078,79.5269,Jeffery Zeng,JEFFERY ZENG
55128,15827,702.7027,Kellie Martin,KELLIE MARTIN
55129,15913,787.0584,Manuel Suri,MANUEL SURI
55130,20339,2793.8047,Julia Morris,JULIA MORRIS
55131,18923,888.9504,Whitney Sanchez,WHITNEY SANCHEZ
55132,11026,2651.4144,Joe Martinez,JOE MARTINEZ
55133,11967,2606.6619,Alisha Gao,ALISHA GAO
55134,11898,2646.4419,Sarah Walker,SARAH WALKER
55140,11999,1445.6826,Alisha Xu,ALISHA XU
55141,11548,2684.5533,Barbara Lin,BARBARA LIN
55142,11433,2566.1194,Jenny Chen,JENNY CHEN
55143,13170,132.6,Spencer Alexander,SPENCER ALEXANDER
55144,20317,65.1729,Chloe Butler,CHLOE BUTLER
55146,12750,2552.5169,Omar Shan,OMAR SHAN
55148,11213,2.5305,Ruben Sara,RUBEN SARA
55151,11215,44.1779,Isabella Brown,ISABELLA BROWN
55153,20746,71.7919,Francis Gomez,FRANCIS GOMEZ
55154,16959,38.5535,Angel Young,ANGEL YOUNG
55157,18686,77.3169,Joan Martin,JOAN MARTIN
55158,11498,87.2729,Jenny Shan,JENNY SHAN
55159,19896,77.339,Christine Beck,CHRISTINE BECK
55160,20014,87.2729,Destiny Murphy,DESTINY MURPHY
55161,16115,8.0444,Kristopher Garcia,KRISTOPHER GARCIA
55162,18327,15.4479,John Moore,JOHN MOORE
55164,14531,79.0959,Mathew Torres,MATHEW TORRES
55166,16474,27.614,Noah Mitchell,NOAH MITCHELL
55167,18036,27.614,Jeffery Chen,JEFFERY CHEN
55169,19515,6.9394,Emma Torres,EMMA TORRES
55171,11566,30.6859,Barbara Zhu,BARBARA ZHU
55172,13183,83.9469,Edwin Tang,EDWIN TANG
55173,13979,927.6254,Seth Simmons,SETH SIMMONS
55174,18721,1939.2529,Michael Davis,MICHAEL DAVIS
55175,11764,2591.1808,Olivia Thomas,OLIVIA THOMAS
55176,11892,2580.1419,Tamara Luo,TAMARA LUO
55177,16340,672.9008,Katrina Shan,KATRINA SHAN
55179,18491,2738.5657,Dylan Anderson,DYLAN ANDERSON
55180,11362,30.1444,Rachel Martin,RACHEL MARTIN
55181,15236,41.9569,Evan Sanchez,EVAN SANCHEZ
55182,17238,103.3065,José Lopez,JOSÉ LOPEZ
55183,16168,49.9681,Kelvin Chen,KELVIN CHEN
55184,18712,24.2879,Jacob Walker,JACOB WALKER
55185,12249,55.239,Emily Thompson,EMILY THOMPSON
55186,17325,9.934,Alan Ma,ALAN MA
55187,14925,596.689,Xavier Cook,XAVIER COOK
55189,11153,74.5765,Marshall He,MARSHALL HE
55190,11253,98.3119,Natalie Johnson,NATALIE JOHNSON
55191,11177,6.9394,Roy Carlson,ROY CARLSON
55193,11215,109.9144,Isabella Brown,ISABELLA BROWN
55194,15816,40.432,Timothy Stewart,TIMOTHY STEWART
55195,17387,41.1834,Austin Martin,AUSTIN MARTIN
55196,20513,82.2783,Dwayne Gutierrez,DWAYNE GUTIERREZ
55197,12363,55.2169,Lacey Huang,LACEY HUANG
55198,19881,87.2729,Christine Andersen,CHRISTINE ANDERSEN
55199,20766,16.5529,Crystal Xu,CRYSTAL XU
55200,20520,16.5529,Keith Becker,KEITH BECKER
55201,18574,44.1779,Zachary Martinez,ZACHARY MARTINEZ
55203,15871,44.1779,Allen Martinez,ALLEN MARTINEZ
55205,19870,44.1779,Christine Yuan,CHRISTINE YUAN
55206,16306,24.2879,Casey Chande,CASEY CHANDE
55207,20596,35.6584,Kaitlyn Sanders,KAITLYN SANDERS
55208,17721,77.3169,Margaret Sun,MARGARET SUN
55209,17104,5.514,Shaun Raje,SHAUN RAJE
55212,11392,32.034,Marshall Luo,MARSHALL LUO
55213,12309,26.2769,Colleen Xu,COLLEEN XU
55214,15701,8.0444,Jack Edwards,JACK EDWARDS
55215,11153,46.7194,Marshall He,MARSHALL HE
55216,12185,46.7194,Warren He,WARREN HE
55217,11890,78.4108,Emma Walker,EMMA WALKER
55218,12951,34.2219,Dakota Powell,DAKOTA POWELL
55219,20324,2810.5012,Chad Xie,CHAD XIE
55220,12193,2646.4419,Abigail Hughes,ABIGAIL HUGHES
55221,14157,858.9607,Louis Wu,LOUIS WU
55222,18703,1918.2579,Jacob Martinez,JACOB MARTINEZ
55225,16743,2754.0136,Martin Srini,MARTIN SRINI
55226,18909,2715.3497,Joseph Johnson,JOSEPH JOHNSON
55227,15830,672.9008,Troy Perez,TROY PEREZ
55228,11896,2587.8769,Tamara Lal,TAMARA LAL
55231,19716,1276.8054,Rachel Howard,RACHEL HOWARD
55333,12640,2552.5169,Sarah Gonzales,SARAH GONZALES
55335,11458,26.4869,Nicole Martin,NICOLE MARTIN
55336,14232,55.239,Krista Gill,KRISTA GILL
55337,11758,27.0615,Ross Madan,ROSS MADAN
55338,14061,55.239,Isaac Watson,ISAAC WATSON
55339,19604,163.4848,Grace Cooper,GRACE COOPER
55340,19625,32.034,Cassandra Sara,CASSANDRA SARA
55341,14930,596.689,Albert Suarez,ALBERT SUAREZ
55342,11287,16.8292,Ruben Carlson,RUBEN CARLSON
55349,19880,77.339,Christine Pal,CHRISTINE PAL
55351,17693,15.4479,Jonathan White,JONATHAN WHITE
55352,15307,44.1779,Jesse Morris,JESSE MORRIS
55353,18637,101.6048,Tyler Rodriguez,TYLER RODRIGUEZ
55354,20594,47.4377,Kaitlyn Brooks,KAITLYN BROOKS
55355,12838,40.8408,Trevor Washington,TREVOR WASHINGTON
55356,19929,70.6869,Kathryn Becker,KATHRYN BECKER
55359,19252,104.9419,Victor Ramos,VICTOR RAMOS
55363,20731,47.4819,Morgan Flores,MORGAN FLORES
55364,12465,36.9402,Sarah Wilson,SARAH WILSON
55366,13788,37.5479,Richard Flores,RICHARD FLORES
55367,17642,30.8958,Jonathan Wilson,JONATHAN WILSON
55368,12896,49.6256,Aidan Wood,AIDAN WOOD
55369,12433,82.8529,Jon Shan,JON SHAN
55370,11566,15.4479,Barbara Zhu,BARBARA ZHU
55371,14131,1918.2579,Nathaniel Brooks,NATHANIEL BROOKS
55374,12341,2535.964,Colleen Nath,COLLEEN NATH
55378,20062,1341.9783,Destiny Wood,DESTINY WOOD
55379,11484,606.6229,Destiny Davis,DESTINY DAVIS
55382,15626,2676.9067,Aaron Evans,AARON EVANS
55383,15357,2673.0613,Brenda Sai,BRENDA SAI
55384,12637,2626.5408,Sarah Simmons,SARAH SIMMONS
55385,11331,75.1069,Grace Lee,GRACE LEE
55386,12345,44.4431,Colleen Goel,COLLEEN GOEL
55387,15603,27.614,Ricky Vazquez,RICKY VAZQUEZ
55388,16679,38.6529,Mason Hill,MASON HILL
55389,15807,27.614,Troy Sara,TROY SARA
55392,17063,69.5929,Johnny Raje,JOHNNY RAJE
55393,15186,65.7254,Xavier Bailey,XAVIER BAILEY
55394,11760,27.0615,Marshall Ashe,MARSHALL ASHE
55395,17742,1939.2529,Susan Wang,SUSAN WANG
55396,15700,1918.2579,Jordan Edwards,JORDAN EDWARDS
55397,12314,2598.9158,Madison Johnson,MADISON JOHNSON
55398,17743,676.2158,Susan Li,SUSAN LI
55399,15652,888.9394,Jimmy Dominguez,JIMMY DOMINGUEZ
55400,11255,43.0729,Ruben Jimenez,RUBEN JIMENEZ
55401,11631,55.239,Lauren Moore,LAUREN MOORE
55405,14353,42.9624,Anne Martin,ANNE MARTIN
55413,16331,55.2169,Katrina Xu,KATRINA XU
55414,16992,5.514,Ricardo Tang,RICARDO TANG
55415,16214,16.8292,Aaron Baker,AARON BAKER
55416,14469,71.2394,Alex Gray,ALEX GRAY
55417,13373,79.5048,Oscar Coleman,OSCAR COLEMAN
55418,17110,8.0444,Caleb King,CALEB KING
55419,19345,77.3169,Olivia Henderson,OLIVIA HENDERSON
55420,14974,44.189,Randall Dominguez,RANDALL DOMINGUEZ
55421,19369,70.6869,Olivia Bryant,OLIVIA BRYANT
55428,11520,82.8529,Destiny Hall,DESTINY HALL
55429,11698,38.675,Megan Robinson,MEGAN ROBINSON
55430,11226,38.675,Ruben Gonzalez,RUBEN GONZALEZ
55431,14328,46.7194,Jesse Torres,JESSE TORRES
55432,11771,38.675,Olivia Harris,OLIVIA HARRIS
55433,11405,59.659,Christy Pal,CHRISTY PAL
55434,11348,75.1069,Christy McDonald,CHRISTY MCDONALD
55435,12661,55.2169,Juan Serrano,JUAN SERRANO
55436,12262,65.1729,Emily Walker,EMILY WALKER
55437,20340,2699.9018,Chad Jai,CHAD JAI
55438,16976,1973.4969,Carl Goel,CARL GOEL
55439,14017,937.5594,Tanya Moreno,TANYA MORENO
55440,12080,2602.264,Kelli Ma,KELLI MA
55441,11628,2538.4944,Barbara Beck,BARBARA BECK
55442,12364,2563.589,Samantha Jones,SAMANTHA JONES
55443,14846,858.9607,Paula Martin,PAULA MARTIN
55445,19093,2715.3497,Craig Ortega,CRAIG ORTEGA
55446,12349,2574.6279,Madison Lewis,MADISON LEWIS
55447,12355,2597.8108,Lacey Wang,LACEY WANG
55448,12668,2574.6279,Elizabeth Powell,ELIZABETH POWELL
55449,12003,2651.4144,Alisha Kumar,ALISHA KUMAR
55452,16521,1238.1415,Carlos Hill,CARLOS HILL
55453,12385,2547.0029,Samantha Martin,SAMANTHA MARTIN
55454,12213,2618.8058,Abigail Diaz,ABIGAIL DIAZ
55455,12365,15.4479,Jaime Hernandez,JAIME HERNANDEZ
55456,13628,35.6584,Edward Wood,EDWARD WOOD
55457,18285,77.3169,Jorge Chen,JORGE CHEN
55460,19629,66.8194,Grace Brooks,GRACE BROOKS
55461,17318,9.934,Noah Martinez,NOAH MARTINEZ
55462,11505,126.4783,Destiny Garcia,DESTINY GARCIA
55463,11211,74.0019,Ruben Prasad,RUBEN PRASAD
55472,20705,76.7644,Morgan Bennett,MORGAN BENNETT
55473,18809,132.5779,Meghan Vazquez,MEGHAN VAZQUEZ
55474,14502,77.339,Jonathon Carlson,JONATHON CARLSON
55475,14654,8.0444,Damien Rai,DAMIEN RAI
55477,14849,62.9519,Lance Jimenez,LANCE JIMENEZ
55478,15618,27.614,Gabriel Evans,GABRIEL EVANS
55479,17970,30.1444,Vincent Guo,VINCENT GUO
55480,18042,33.1279,Jeffery Liu,JEFFERY LIU
55481,18024,165.7279,Ryan Walker,RYAN WALKER
55482,17746,33.1279,Susan Yang,SUSAN YANG
55483,17788,71.7919,Candice Zhang,CANDICE ZHANG
55484,17840,208.8229,Nathan Martin,NATHAN MARTIN
55487,12065,46.7194,Kelli Ye,KELLI YE
55488,11725,77.2616,Brianna Harris,BRIANNA HARRIS
55489,15157,82.8529,Cole Bailey,COLE BAILEY
55490,14104,982.8644,Lucas Watson,LUCAS WATSON
55491,13220,2763.5719,Antonio Alexander,ANTONIO ALEXANDER
55493,11387,1357.8572,Jasmine Jones,JASMINE JONES
55499,12676,2596.7279,Elizabeth Hughes,ELIZABETH HUGHES
55502,19999,1268.2859,Destiny Sanchez,DESTINY SANCHEZ
55504,12647,2738.2342,Sarah Russell,SARAH RUSSELL
55505,12302,2624.3529,Colleen Deng,COLLEEN DENG
55506,13793,927.6254,Richard Simmons,RICHARD SIMMONS
55507,17729,122.0583,Margaret Guo,MARGARET GUO
55509,11760,135.3404,Marshall Ashe,MARSHALL ASHE
55511,16930,8.7848,Jerry Ferrier,JERRY FERRIER
55512,12345,27.0615,Colleen Goel,COLLEEN GOEL
55513,13807,1025.9815,Linda Munoz,LINDA MUNOZ
55519,11253,27.614,Natalie Johnson,NATALIE JOHNSON
55521,12939,35.6694,Jaclyn Ma,JACLYN MA
55523,18541,77.339,Leslie Suarez,LESLIE SUAREZ
55524,18312,16.8292,John Clark,JOHN CLARK
55525,17526,5.514,Valerie Zeng,VALERIE ZENG
55527,16963,44.1779,Carl Raje,CARL RAJE
55528,18104,15.4479,Wesley Zhao,WESLEY ZHAO
55529,14454,35.3269,Lawrence Dominguez,LAWRENCE DOMINGUEZ
55536,13330,82.8529,Julian Perry,JULIAN PERRY
55537,14036,927.6254,Tanya Vazquez,TANYA VAZQUEZ
55538,17047,850.2865,Melody Browning,MELODY BROWNING
55539,18769,1907.2079,Natasha Carlson,NATASHA CARLSON
55541,19588,2738.5657,Holly Subram,HOLLY SUBRAM
55542,19586,2738.5657,Grace Morris,GRACE MORRIS
55543,12039,2645.8783,Alisha Raji,ALISHA RAJI
55548,19986,1314.3533,Nicole Foster,NICOLE FOSTER
55551,11402,650.8008,Jasmine White,JASMINE WHITE
55553,12645,2673.0613,Clayton Shan,CLAYTON SHAN
55555,13768,2587.8769,Monique Romero,MONIQUE ROMERO
55556,12281,2588.9266,Colleen Gao,COLLEEN GAO
55558,16174,102.1904,Molly Perez,MOLLY PEREZ
55559,18743,62.9519,Michael Thompson,MICHAEL THOMPSON
55560,16609,286.2945,Nichole Pal,NICHOLE PAL
55561,20045,659.6408,Destiny James,DESTINY JAMES
55562,11828,59.659,Ross Rubio,ROSS RUBIO
55563,11187,74.5765,Morgan Harris,MORGAN HARRIS
55566,11802,30.6859,Ross Alvarez,ROSS ALVAREZ
55569,17387,59.6148,Austin Martin,AUSTIN MARTIN
55571,11200,30.1444,Morgan Lewis,MORGAN LEWIS
55572,11091,42.9624,Jennifer Taylor,JENNIFER TAYLOR
55574,16958,16.5529,Carl Shan,CARL SHAN
55575,18786,132.5779,Joshua White,JOSHUA WHITE
55576,18387,5.514,William Williams,WILLIAM WILLIAMS
55577,17392,15.4479,Jose Garcia,JOSE GARCIA
55578,16003,5.514,Bob Alan,BOB ALAN
55579,15963,99.4169,Luis Roberts,LUIS ROBERTS
55580,18554,94.4554,Anthony Johnson,ANTHONY JOHNSON
55581,13759,111.0083,Briana Carlson,BRIANA CARLSON
55582,15441,41.2055,Cole Reed,COLE REED
55587,11566,8.0444,Barbara Zhu,BARBARA ZHU
55588,11566,44.1779,Barbara Zhu,BARBARA ZHU
55589,14982,37.5479,Randall Ramos,RANDALL RAMOS
55590,17702,32.5754,Clarence Chen,CLARENCE CHEN
55591,12757,118.1908,Alexis Powell,ALEXIS POWELL
55593,19129,706.5923,Derrick Carlson,DERRICK CARLSON
55594,16951,1918.2579,Jack Young,JACK YOUNG
55595,19121,725.9187,Megan Sanders,MEGAN SANDERS
55596,19122,650.8008,Warren Jai,WARREN JAI
55597,13284,2623.7894,Roger Xie,ROGER XIE
55598,12941,2624.3529,Dakota Wood,DAKOTA WOOD
55599,11040,2597.8108,Joe Hernandez,JOE HERNANDEZ
55600,13101,2598.9158,Louis Andersen,LOUIS ANDERSEN
55601,14771,835.7447,Evan Cox,EVAN COX
55602,12385,820.2968,Samantha Martin,SAMANTHA MARTIN
55605,19094,2699.9018,Derrick Martin,DERRICK MARTIN
55606,17280,2775.0086,Bethany Jai,BETHANY JAI
55607,11977,2597.8108,Kayla Garcia,KAYLA GARCIA
55610,19745,1297.8004,Cynthia Mehta,CYNTHIA MEHTA
55613,15577,92.7869,Ricky Diaz,RICKY DIAZ
55614,19584,30.6859,Holly Rana,HOLLY RANA
55621,13041,98.3229,Louis Lu,LOUIS LU
55622,19580,59.659,Emma Griffin,EMMA GRIFFIN
55623,11241,782.8262,Isabella Clark,ISABELLA CLARK
55624,17982,927.6033,Ryan Davis,RYAN DAVIS
55625,11203,8.0444,Morgan Walker,MORGAN WALKER
55626,11091,30.6859,Jennifer Taylor,JENNIFER TAYLOR
55627,11506,23.7465,Carol Martinez,CAROL MARTINEZ
55631,20505,71.7919,Keith Pal,KEITH PAL
55632,20129,132.5779,Ronald Rana,RONALD RANA
55633,15494,132.5779,Rachael Sai,RACHAEL SAI
55634,18799,132.5779,Meghan Gutierrez,MEGHAN GUTIERREZ
55635,15883,99.3948,Aaron Perez,AARON PEREZ
55636,15384,8.0444,Brenda Martinez,BRENDA MARTINEZ
55637,17342,44.1779,Jose Anderson,JOSE ANDERSON
55639,19645,44.1779,Cassandra Gonzalez,CASSANDRA GONZALEZ
55640,15260,50.7748,Sebastian Sanchez,SEBASTIAN SANCHEZ
55641,16396,35.6584,Jose Carter,JOSE CARTER
55642,16459,44.1779,Sean Carter,SEAN CARTER
55645,11490,59.659,Destiny Moore,DESTINY MOORE
55646,17704,35.6584,Nathan Rodriguez,NATHAN RODRIGUEZ
55647,19490,69.5819,Brett Patel,BRETT PATEL
55650,14184,40.0784,Nathaniel Kelly,NATHANIEL KELLY
55651,14423,101.5937,Lee Carlson,LEE CARLSON
55652,18149,16.8292,Abby Perez,ABBY PEREZ
55654,17839,5.514,Dana Rubio,DANA RUBIO
55656,12457,26.8184,Jon Becker,JON BECKER
55657,16948,62.9519,Jordan Young,JORDAN YOUNG
55658,12796,79.5269,Abigail Ross,ABIGAIL ROSS
55659,16372,2742.8642,Mason Nelson,MASON NELSON
55660,12764,850.2865,Alexis Flores,ALEXIS FLORES
55661,12980,2619.9108,Emily Price,EMILY PRICE
55662,12926,2598.9158,Aidan Bryant,AIDAN BRYANT
55663,12289,1366.6419,Carol White,CAROL WHITE
55664,14303,934.2333,Felicia Rubio,FELICIA RUBIO
55666,12353,2552.5169,Madison Walker,MADISON WALKER
55667,12680,2618.8169,Juan Ramos,JUAN RAMOS
55668,12347,2619.9108,Warren Xie,WARREN XIE
55669,12010,2635.3808,Alexis White,ALEXIS WHITE
55670,11988,2552.5169,Kayla Hall,KAYLA HALL
55676,18603,1332.0444,Stacy Hernandez,STACY HERNANDEZ
55677,19865,1276.8054,Jasmine Butler,JASMINE BUTLER
55678,19981,1276.8054,Tara Sutton,TARA SUTTON
55679,19998,1276.8054,Tara Jai,TARA JAI
55681,12308,2676.9067,Hannah Lee,HANNAH LEE
55682,11614,2639.8008,Barbara Chande,BARBARA CHANDE
55683,17727,24.2879,Margaret Liang,MARGARET LIANG
55685,12993,44.1779,Jaclyn Rai,JACLYN RAI
55686,17253,59.659,Terry Black,TERRY BLACK
55687,17633,1914.1473,Stacey She,STACEY SHE
55689,11532,2.5305,Alyssa Moore,ALYSSA MOORE
55690,11649,59.659,Marshall Rai,MARSHALL RAI
55691,11176,55.239,Morgan Miller,MORGAN MILLER
55694,11677,23.7465,Megan Wilson,MEGAN WILSON
55695,11276,33.1279,Natalie Martin,NATALIE MARTIN
55697,11501,5.514,Destiny Martin,DESTINY MARTIN
55699,18322,106.5552,Anthony Garcia,ANTHONY GARCIA
55700,14626,36.023,Xavier Rivera,XAVIER RIVERA
55703,14353,16.5529,Anne Martin,ANNE MARTIN
55705,17122,65.1729,Jonathan Wright,JONATHAN WRIGHT
55707,15894,99.4169,Johnathan Prasad,JOHNATHAN PRASAD
55709,14511,99.4169,Devin Gray,DEVIN GRAY
55710,17556,5.514,Jason Allen,JASON ALLEN
55711,19047,79.5048,Lauren Long,LAUREN LONG
55713,13694,79.0959,Rodney Vazquez,RODNEY VAZQUEZ
55716,11936,46.7194,Elizabeth Walker,ELIZABETH WALKER
55717,12410,44.189,Jaime Jimenez,JAIME JIMENEZ
55718,18391,24.2879,Brandon Thompson,BRANDON THOMPSON
55719,12865,86.1458,Tristan Henderson,TRISTAN HENDERSON
55720,14024,997.2183,Tanya Romero,TANYA ROMERO
55721,13202,2626.5408,Antonio Powell,ANTONIO POWELL
55722,13032,2538.4944,Louis Zhou,LOUIS ZHOU
55724,14712,820.2968,Hector Alonso,HECTOR ALONSO
55725,11247,914.1997,Isabella Walker,ISABELLA WALKER
55731,16504,650.8008,Connor Lopez,CONNOR LOPEZ
55732,19775,1307.7344,Marco Tanara,MARCO TANARA
55733,20166,1308.8283,Phillip Rana,PHILLIP RANA
55736,16520,1270.1644,Kelsey Chande,KELSEY CHANDE
55738,16523,1238.1415,Angel Mitchell,ANGEL MITCHELL
55739,13255,2604.4298,Carson Flores,CARSON FLORES
55740,13558,2632.0658,Miguel Patterson,MIGUEL PATTERSON
55741,14065,1342.4093,Melinda Navarro,MELINDA NAVARRO
55742,11211,65.1729,Ruben Prasad,RUBEN PRASAD
55743,11203,98.3229,Morgan Walker,MORGAN WALKER
55744,16610,38.6529,Isaac Lopez,ISAAC LOPEZ
55745,16171,35.6694,Molly Sanchez,MOLLY SANCHEZ
55748,12372,8.0444,Lacey Ye,LACEY YE
55749,15811,42.9624,Troy Raman,TROY RAMAN
55750,18192,38.664,Christian Thompson,CHRISTIAN THOMPSON
55751,15639,2.5305,Jimmy Munoz,JIMMY MUNOZ
55752,13121,60.764,Fernando Butler,FERNANDO BUTLER
55753,18719,59.659,Michael Jones,MICHAEL JONES
55755,11632,93.8808,Lauren Taylor,LAUREN TAYLOR
55756,11287,27.614,Ruben Carlson,RUBEN CARLSON
55759,11661,77.3169,Lauren Lewis,LAUREN LEWIS
55764,15879,77.339,Allen Perez,ALLEN PEREZ
55765,19135,77.339,Casey Martin,CASEY MARTIN
55766,16884,44.1779,Luke Adams,LUKE ADAMS
55767,15368,8.0444,Sean Rogers,SEAN ROGERS
55768,14445,111.0083,Richard Peterson,RICHARD PETERSON
55769,14243,79.5269,Nathaniel Sanders,NATHANIEL SANDERS
55770,15273,114.3454,Cody Sanchez,CODY SANCHEZ
55771,18407,34.2219,Tyler White,TYLER WHITE
55772,19926,44.1779,Nicole Peterson,NICOLE PETERSON
55773,14422,42.9624,Nathaniel Peterson,NATHANIEL PETERSON
55774,14943,40.8408,Randall Ruiz,RANDALL RUIZ
55775,18014,103.3065,Ryan Clark,RYAN CLARK
55780,12603,119.8483,Ashley Griffin,ASHLEY GRIFFIN
55782,11499,77.2616,Destiny White,DESTINY WHITE
55783,16643,62.9519,Alison Luo,ALISON LUO
55784,16506,34.2219,Luis Mitchell,LUIS MITCHELL
55785,15863,112.1133,Kellie Ruiz,KELLIE RUIZ
55786,12960,46.7194,Jaclyn Shen,JACLYN SHEN
55787,12722,43.6144,Omar Zeng,OMAR ZENG
55788,17119,24.2879,Shaun Anand,SHAUN ANAND
55789,13069,607.7279,Madison Bennett,MADISON BENNETT
55790,19111,673.9948,Derrick Romero,DERRICK ROMERO
55791,13068,700.5258,Louis She,LOUIS SHE
55792,13993,888.9504,Joanna Blanco,JOANNA BLANCO
55793,14080,937.5594,Joy Navarro,JOY NAVARRO
55794,13203,2552.5169,Antonio Long,ANTONIO LONG
55795,12438,2563.589,Jon Andersen,JON ANDERSEN
55796,16707,883.4254,Francisco Garcia,FRANCISCO GARCIA
55797,14304,850.2865,Devin Ward,DEVIN WARD
55800,19559,2738.5657,Emma Washington,EMMA WASHINGTON
55801,19084,2778.9977,Megan Morgan,MEGAN MORGAN
55802,15832,596.689,Allen Suri,ALLEN SURI
55806,18641,1238.1415,Tyler Lewis,TYLER LEWIS
55807,19993,1308.8283,Nicole Griffin,NICOLE GRIFFIN
55811,12301,2755.3617,Hannah Clark,HANNAH CLARK
55812,14276,901.4701,Xavier Sanders,XAVIER SANDERS
55813,12282,2563.589,Warren She,WARREN SHE
55814,14064,1440.7322,Timothy Watson,TIMOTHY WATSON
55815,11711,15.4479,Brianna Jones,BRIANNA JONES
55816,11094,33.1279,Jennifer Thomas,JENNIFER THOMAS
55817,14237,34.5534,Krista Ramos,KRISTA RAMOS
55818,20419,5.514,Julia Simmons,JULIA SIMMONS
55819,15216,82.2783,Teresa Vazquez,TERESA VAZQUEZ
55820,15810,38.5535,Troy Rana,TROY RANA
55821,13149,38.664,Spencer Powell,SPENCER POWELL
55823,20150,2834.2366,Phillip Kapoor,PHILLIP KAPOOR
55824,13799,915.4594,Richard Bryant,RICHARD BRYANT
55825,15653,937.5373,Mason Evans,MASON EVANS
55826,11223,59.659,Isabella Moore,ISABELLA MOORE
55827,11221,4.409,Ruben Fernandez,RUBEN FERNANDEZ
55834,13920,79.0959,Lucas Perry,LUCAS PERRY
55839,20634,11.039,Katie Nath,KATIE NATH
55840,13197,55.2169,Edwin Pal,EDWIN PAL
55841,19152,87.2729,Megan Hughes,MEGAN HUGHES
55842,16382,66.2779,Latoya Lal,LATOYA LAL
55843,19873,8.0444,Jasmine Bryant,JASMINE BRYANT
55844,14568,60.7308,Adrian Ramirez,ADRIAN RAMIREZ
55845,14554,77.339,Nathaniel Ramirez,NATHANIEL RAMIREZ
55846,15057,82.8529,Gina Gutierrez,GINA GUTIERREZ
55847,14961,167.1534,Garrett Morgan,GARRETT MORGAN
55848,12737,49.7029,Kayla Griffin,KAYLA GRIFFIN
55852,12728,66.2779,Kayla Simmons,KAYLA SIMMONS
55854,14887,96.0798,Dalton Howard,DALTON HOWARD
55855,11617,2604.7944,Lauren Johnson,LAUREN JOHNSON
55856,11626,2630.4194,Barbara Goel,BARBARA GOEL
55859,12342,2618.8058,Madison Garcia,MADISON GARCIA
55860,11112,2763.5719,Marshall Liang,MARSHALL LIANG
55863,11328,2649.8453,Grace Rodriguez,GRACE RODRIGUEZ
55866,15685,2682.9953,Marc Alvarez,MARC ALVAREZ
55867,16522,1238.1415,Carlos Mitchell,CARLOS MITCHELL
55868,11583,2552.5169,Chloe Taylor,CHLOE TAYLOR
55869,12272,2560.2519,Hannah Jones,HANNAH JONES
55870,12210,2580.1419,Gail Russell,GAIL RUSSELL
55871,15261,59.0844,Heidi Sara,HEIDI SARA
55874,16615,42.9624,Nichole Chander,NICHOLE CHANDER
55875,18271,9.934,Curtis He,CURTIS HE
55876,14683,60.764,Jamie Rubio,JAMIE RUBIO
55877,11619,86.7204,Lauren Jones,LAUREN JONES
55878,11622,2.5305,Barbara Rai,BARBARA RAI
55879,11749,27.614,Olivia Jones,OLIVIA JONES
55880,11277,43.0729,Ruben Vazquez,RUBEN VAZQUEZ
55883,16721,26.2769,Francisco Sanchez,FRANCISCO SANCHEZ
55885,11519,66.8194,Jenny Nath,JENNY NATH
55887,11519,41.1834,Jenny Nath,JENNY NATH
55888,14641,55.2169,Clinton Sandberg,CLINTON SANDBERG
55889,13330,5.514,Julian Perry,JULIAN PERRY
55890,17367,75.6815,Jose White,JOSE WHITE
55891,14655,77.339,Sheila Gill,SHEILA GILL
55892,15875,16.8292,Kevin Perez,KEVIN PEREZ
55893,15774,138.114,Hector Martin,HECTOR MARTIN
55894,16716,30.8516,Kevin Green,KEVIN GREEN
55895,15315,5.514,Brian Morris,BRIAN MORRIS
55896,19184,27.614,Philip Hernandez,PHILIP HERNANDEZ
55897,12126,59.659,Kelli Andersen,KELLI ANDERSEN
55898,17852,96.0798,Carrie Diaz,CARRIE DIAZ
55899,16510,30.1444,Kelsey Lal,KELSEY LAL
55906,11850,109.9144,Emma Williams,EMMA WILLIAMS
55907,12454,79.5048,Ashley Hall,ASHLEY HALL
55908,13097,24.2879,Fernando Wood,FERNANDO WOOD
55909,13336,118.1908,Julian Patterson,JULIAN PATTERSON
55910,20348,2775.0086,Judith Murphy,JUDITH MURPHY
55911,14108,927.6254,Jeremy Watson,JEREMY WATSON
55912,11671,2643.1158,Megan Jones,MEGAN JONES
55913,13102,2637.5687,Louis Raje,LOUIS RAJE
55915,12669,2605.5127,Clayton Beck,CLAYTON BECK
55917,12337,2590.0758,Madison Martin,MADISON MARTIN
55919,19985,1297.8004,Tara Luo,TARA LUO
55922,16519,1297.8004,Jackson Mitchell,JACKSON MITCHELL
55923,12216,2687.3048,Emily Smith,EMILY SMITH
55924,11587,2752.8644,Barbara Xie,BARBARA XIE
55925,13770,2552.5169,Monique Navarro,MONIQUE NAVARRO
55926,12007,1418.6211,Alexis Taylor,ALEXIS TAYLOR
55927,11981,85.6154,Alisha Hu,ALISHA HU
55928,18278,136.9758,Brandon Thomas,BRANDON THOMAS
55929,19625,26.2769,Cassandra Sara,CASSANDRA SARA
55930,19572,26.2769,Holly Chandra,HOLLY CHANDRA
55931,15024,77.3169,Paula Alonso,PAULA ALONSO
55932,11412,1928.1919,Christy Raje,CHRISTY RAJE
55933,15638,891.4698,Jimmy Moreno,JIMMY MORENO
55939,20290,136.9979,Bradley Kumar,BRADLEY KUMAR
55940,20120,132.5779,Alyssa Cook,ALYSSA COOK
55941,19233,77.339,Victor Jimenez,VICTOR JIMENEZ
55942,17031,15.4479,Jason Wright,JASON WRIGHT
55943,16238,14.2987,Denise Arun,DENISE ARUN
55944,18182,5.514,Alexander Brown,ALEXANDER BROWN
55945,16326,27.614,Katrina Deng,KATRINA DENG
55947,14172,40.0784,Alex Kelly,ALEX KELLY
55948,11695,82.8529,Pedro Moreno,PEDRO MORENO
55949,13533,76.2119,Jeremiah Griffin,JEREMIAH GRIFFIN
55950,13195,79.5269,Antonio Henderson,ANTONIO HENDERSON
55951,11581,59.659,Barbara Zeng,BARBARA ZENG
55952,11426,38.664,Jasmine Walker,JASMINE WALKER
55953,16925,1950.2808,Nathan Young,NATHAN YOUNG
55955,16974,1911.6169,Isaiah King,ISAIAH KING
55956,13174,2626.5408,Edwin She,EDWIN SHE
55957,11132,2620.9937,Kaitlyn Anderson,KAITLYN ANDERSON
55958,17985,1384.9186,Ryan Miller,RYAN MILLER
55960,19095,2738.5657,Derrick Gomez,DERRICK GOMEZ
55961,12000,2552.5169,Alisha Luo,ALISHA LUO
55962,12002,2604.7944,Alexis Miller,ALEXIS MILLER
55968,12215,2604.7944,Dawn Kumar,DAWN KUMAR
55969,13256,2618.8058,Carson Washington,CARSON WASHINGTON
55970,11610,2560.2519,Barbara Andersen,BARBARA ANDERSEN
55971,11880,8.7848,Tamara Zeng,TAMARA ZENG
55972,13639,71.7919,Javier Torres,JAVIER TORRES
55973,11045,71.7919,Julia Miller,JULIA MILLER
55974,16692,27.614,Sean Hill,SEAN HILL
55975,20602,88.9194,Kelvin Shen,KELVIN SHEN
55976,13045,38.664,Louis Zhu,LOUIS ZHU
55977,17254,59.659,Hunter Walker,HUNTER WALKER
55978,16390,2735.9248,Samuel Carter,SAMUEL CARTER
55980,12332,2742.8642,Madison White,MADISON WHITE
55981,11127,4.409,Kaitlyn Wilson,KAITLYN WILSON
55982,11176,70.6869,Morgan Miller,MORGAN MILLER
55987,12196,55.2169,Gail Butler,GAIL BUTLER
55988,20410,55.2169,Julia Flores,JULIA FLORES
55990,18602,132.5779,Anthony Davis,ANTHONY DAVIS
55991,18657,5.514,Daniel Williams,DANIEL WILLIAMS
55992,18358,44.1779,John Martin,JOHN MARTIN
55993,17339,5.514,Thomas Johnson,THOMAS JOHNSON
55995,13923,62.9519,Theresa Schmidt,THERESA SCHMIDT
55997,15673,71.7919,Jimmy Ortega,JIMMY ORTEGA
55998,19512,95.3173,Brett Subram,BRETT SUBRAM
56002,12733,37.5479,Kayla Alexander,KAYLA ALEXANDER
56003,16453,8.0444,Evan Carter,EVAN CARTER
56004,12741,44.1779,Alexis Price,ALEXIS PRICE
56005,12319,82.3004,Colleen Kumar,COLLEEN KUMAR
56006,13249,2604.7944,Carson Long,CARSON LONG
56007,12934,2618.8169,Aidan Diaz,AIDAN DIAZ
56008,17279,2699.9018,Noah Johnson,NOAH JOHNSON
56009,19561,2699.9018,Emma Butler,EMMA BUTLER
56010,11989,2630.4194,Alisha Deng,ALISHA DENG
56013,19743,1320.4419,Cynthia Subram,CYNTHIA SUBRAM
56014,20162,1307.7344,Phillip Smith,PHILLIP SMITH
56015,19426,1276.8054,Douglas Sara,DOUGLAS SARA
56016,12384,639.1983,Lacey Zhu,LACEY ZHU
56019,12037,1381.0732,Alisha Beck,ALISHA BECK
56021,12298,2667.9673,Hannah Robinson,HANNAH ROBINSON
56022,12366,15.4479,Lacey Wu,LACEY WU
56024,13043,98.3229,Hannah Patterson,HANNAH PATTERSON
56025,14067,55.239,Brian Watson,BRIAN WATSON
56026,19589,69.5929,Gloria Reed,GLORIA REED
56027,20054,2916.0287,Destiny Price,DESTINY PRICE
56029,11215,59.659,Isabella Brown,ISABELLA BROWN
56032,11215,5.514,Isabella Brown,ISABELLA BROWN
56033,16717,42.9624,Francisco Gonzalez,FRANCISCO GONZALEZ
56036,11808,77.3169,Victoria Taylor,VICTORIA TAYLOR
56037,11203,41.1834,Morgan Walker,MORGAN WALKER
56039,11651,38.6529,Pedro Prasad,PEDRO PRASAD
56040,17481,77.3169,Valerie Zhang,VALERIE ZHANG
56042,14633,26.4869,Angel Cooper,ANGEL COOPER
56043,20438,77.3169,Jennifer Stewart,JENNIFER STEWART
56044,11200,86.1016,Morgan Lewis,MORGAN LEWIS
56045,16980,44.1779,Timothy Young,TIMOTHY YOUNG
56046,18165,46.7194,Austin Williams,AUSTIN WILLIAMS
56048,13267,82.8529,Roger Holt,ROGER HOLT
56049,12099,38.675,Jessica Thomas,JESSICA THOMAS
56050,11694,82.8529,Megan Garcia,MEGAN GARCIA
56051,12507,9.934,Alejandro Guo,ALEJANDRO GUO
56052,20667,1962.4469,Lindsey Raje,LINDSEY RAJE
56053,16763,1879.594,Eric Scott,ERIC SCOTT
56054,16956,1879.594,Jackson Young,JACKSON YOUNG
56055,15886,706.6144,Johnathan Patel,JOHNATHAN PATEL
56056,14095,885.9559,Lori Hernandez,LORI HERNANDEZ
56057,14105,866.8394,Seth Watson,SETH WATSON
56058,13208,2618.8169,Antonio Flores,ANTONIO FLORES
56059,12207,2538.4944,Dawn Tang,DAWN TANG
56062,19083,2699.9018,Craig Carlson,CRAIG CARLSON
56064,12339,2624.3529,Colleen Nara,COLLEEN NARA
56067,15625,2634.3974,Jimmy Ruiz,JIMMY RUIZ
56068,12192,132.6,Dawn He,DAWN HE
56069,18733,24.2879,Natasha Gomez,NATASHA GOMEZ
56071,14307,5.514,Kristy Martin,KRISTY MARTIN
56072,15798,38.664,Troy Sai,TROY SAI
56073,16023,107.0966,Bob Fernandez,BOB FERNANDEZ
56077,11641,77.3169,Pedro Vance,PEDRO VANCE
56083,19886,87.2729,Christine Chander,CHRISTINE CHANDER
56084,11505,136.9979,Destiny Garcia,DESTINY GARCIA
56085,20127,77.339,Alyssa Bailey,ALYSSA BAILEY
56086,19833,77.339,Jasmine Kelly,JASMINE KELLY
56087,11641,159.6394,Pedro Vance,PEDRO VANCE
56089,14399,5.514,Evan Peterson,EVAN PETERSON
56090,14696,46.7194,Walter Alonso,WALTER ALONSO
56091,14143,100.0909,Steven Brooks,STEVEN BROOKS
56099,11784,82.8529,Ross Sanchez,ROSS SANCHEZ
56100,11687,38.675,Pedro Diaz,PEDRO DIAZ
56101,16970,1939.2529,Carl Nara,CARL NARA
56102,16972,1939.2529,Angel King,ANGEL KING
56103,20345,2785.5172,Chad Raje,CHAD RAJE
56104,13992,885.9559,Seth Diaz,SETH DIAZ
56105,14098,934.2333,Marcus Watson,MARCUS WATSON
56106,12918,2563.589,Aidan Butler,AIDAN BUTLER
56111,19594,2699.9018,Byron Jiménez,BYRON JIMÉNEZ
56112,19595,2781.0751,Holly Fernandez,HOLLY FERNANDEZ
56113,12348,2678.4648,Colleen Beck,COLLEEN BECK
56114,12670,2598.9158,Elizabeth Long,ELIZABETH LONG
56122,18617,1268.2859,Stacy Dominguez,STACY DOMINGUEZ
56126,11615,2604.4298,Deb Wagner,DEB WAGNER
56127,12648,2570.1858,Clayton Pal,CLAYTON PAL
56128,14070,1381.0732,Melinda Torres,MELINDA TORRES
56129,15795,97.7483,Isaac Collins,ISAAC COLLINS
56130,14686,66.2779,Walter Hernandez,WALTER HERNANDEZ
56132,15212,5.514,Juan Rivera,JUAN RIVERA
56133,11249,1944.7669,Ruben Diaz,RUBEN DIAZ
56135,11670,69.5929,Pedro Martinez,PEDRO MARTINEZ
56136,11081,74.0019,Jennifer Williams,JENNIFER WILLIAMS
56137,11013,43.0729,Joe Raman,JOE RAMAN
56147,11331,30.1444,Grace Lee,GRACE LEE
56150,12964,33.139,Dakota Simmons,DAKOTA SIMMONS
56151,20676,16.5529,Lindsey Goel,LINDSEY GOEL
56152,18546,32.5754,Kathleen Martin,KATHLEEN MARTIN
56153,17033,32.5754,Ricardo Anand,RICARDO ANAND
56155,19641,75.6815,Cassandra Lopez,CASSANDRA LOPEZ
56157,13899,24.2879,Ian Alexander,IAN ALEXANDER
56158,20299,62.9519,Chloe Perry,CHLOE PERRY
56159,16055,73.4162,Andre Arun,ANDRE ARUN
56160,18186,94.4554,Todd Zhang,TODD ZHANG
56161,14545,87.2729,Sean Ramirez,SEAN RAMIREZ
56162,14529,216.127,Angel Ramirez,ANGEL RAMIREZ
56163,13814,118.3234,Linda Navarro,LINDA NAVARRO
56164,19921,70.6869,Kathryn Raje,KATHRYN RAJE
56167,11807,109.9144,Ross Munoz,ROSS MUNOZ
56168,13860,44.189,Joy Martin,JOY MARTIN
56169,11744,41.2055,Brianna Hall,BRIANNA HALL
56170,12533,219.884,Samantha Long,SAMANTHA LONG
56171,14196,76.2119,Bryan Kelly,BRYAN KELLY
56172,11399,15.4479,Jasmine Anderson,JASMINE ANDERSON
56173,19128,710.4156,Megan Price,MEGAN PRICE
56174,13328,2552.5169,Julian Jenkins,JULIAN JENKINS
56175,12942,2563.589,Jaclyn Liang,JACLYN LIANG
56176,11541,2646.4419,Alyssa White,ALYSSA WHITE
56177,12707,2618.8058,Omar Ma,OMAR MA
56178,17984,1381.0732,Brent Zhang,BRENT ZHANG
56185,18580,1293.3804,Daniel Garcia,DANIEL GARCIA
56186,15117,2649.8453,Jill Sandoval,JILL SANDOVAL
56187,13973,844.5294,Seth Washington,SETH WASHINGTON
56188,12645,2604.7944,Clayton Shan,CLAYTON SHAN
56189,19587,23.7465,Holly Raman,HOLLY RAMAN
56191,14099,15.4479,Ian Watson,IAN WATSON
56193,20173,2742.8642,Phillip Garcia,PHILLIP GARCIA
56195,11195,6.9394,Morgan Robinson,MORGAN ROBINSON
56197,11277,16.8292,Ruben Vazquez,RUBEN VAZQUEZ
56199,14723,36.023,Cole Richardson,COLE RICHARDSON
56201,18675,142.5119,Jacob Johnson,JACOB JOHNSON
56203,17170,15.4479,Tony Tang,TONY TANG
56204,15385,8.0444,Jared Rogers,JARED ROGERS
56205,14903,68.4658,Sean Ward,SEAN WARD
56206,14828,83.9469,Roberto Suarez,ROBERTO SUAREZ
56207,17895,33.1279,Hunter Brown,HUNTER BROWN
56208,19328,30.1444,Cory Arun,CORY ARUN
56210,17879,60.7529,Hunter Smith,HUNTER SMITH
56211,13227,79.5269,Antonio Griffin,ANTONIO GRIFFIN
56213,15865,700.5258,Noah Perez,NOAH PEREZ
56214,13189,2566.1194,Edwin Yuan,EDWIN YUAN
56216,19556,2715.3497,Monica Subram,MONICA SUBRAM
56218,12340,2562.4508,Colleen Rai,COLLEEN RAI
56225,12658,2612.1869,Elizabeth Ross,ELIZABETH ROSS
56226,12132,2535.964,Taylor Jones,TAYLOR JONES
56227,11616,2649.7348,Anna Hall,ANNA HALL
56228,12185,8.7848,Warren He,WARREN HE
56229,17289,48.5869,Bethany Raje,BETHANY RAJE
56231,18300,38.5535,Brandon White,BRANDON WHITE
56232,16389,2715.3497,Nathan Carter,NATHAN CARTER
56233,11256,43.0729,Natalie Jones,NATALIE JONES
56238,15511,40.432,Sebastian Cook,SEBASTIAN COOK
56242,13179,86.1016,Spencer Hayes,SPENCER HAYES
56244,15543,87.2729,Pamela Srini,PAMELA SRINI
56245,11712,8.0444,Pedro Dominguez,PEDRO DOMINGUEZ
56246,16788,44.1779,Isaac Scott,ISAAC SCOTT
56247,16143,29.8019,Molly Prasad,MOLLY PRASAD
56248,18128,94.4554,David Jones,DAVID JONES
56249,19946,96.0798,Nicole Price,NICOLE PRICE
56252,11374,76.2119,Christy Hu,CHRISTY HU
56253,11566,8.0444,Barbara Zhu,BARBARA ZHU
56254,12202,46.7194,Abigail Gonzales,ABIGAIL GONZALES
56255,11971,82.8529,Kayla Harrison,KAYLA HARRISON
56256,15882,651.3644,Johnathan Kapoor,JOHNATHAN KAPOOR
56258,16712,927.6254,Francisco Fernandez,FRANCISCO FERNANDEZ
56259,14129,1879.594,Brian Brooks,BRIAN BROOKS
56260,19557,1966.8669,Emma Flores,EMMA FLORES
56265,19560,2806.0591,Monica Garcia,MONICA GARCIA
56266,19576,2740.3337,Holly Malhotra,HOLLY MALHOTRA
56267,18929,2708.6865,Joseph Thomas,JOSEPH THOMAS
56268,11472,2566.1194,Jenny Hu,JENNY HU
56269,11151,2562.7823,Kaitlyn Rodriguez,KAITLYN RODRIGUEZ
56270,12346,2602.2529,Madison Clark,MADISON CLARK
56272,19891,1297.8004,Connie Rai,CONNIE RAI
56273,16346,6.9394,Katrina Andersen,KATRINA ANDERSEN
56277,12672,175.695,Clayton Anand,CLAYTON ANAND
56278,17720,672.9119,Jonathan Lewis,JONATHAN LEWIS
56279,12333,2745.8587,Colleen Andersen,COLLEEN ANDERSEN
56280,11653,59.659,Pedro Sara,PEDRO SARA
56281,11277,75.0627,Ruben Vazquez,RUBEN VAZQUEZ
56282,11520,70.1344,Destiny Hall,DESTINY HALL
56283,11530,43.0729,Jenny Raji,JENNY RAJI
56284,11507,70.6869,Marshall Jai,MARSHALL JAI
56286,11698,54.6754,Megan Robinson,MEGAN ROBINSON
56290,19839,77.3169,Lindsay Raje,LINDSAY RAJE
56291,15856,87.2729,Allen Schmidt,ALLEN SCHMIDT
56292,20352,87.2729,Julia Cooper,JULIA COOPER
56293,11808,104.4004,Victoria Taylor,VICTORIA TAYLOR
56294,18520,87.2729,Leslie Munoz,LESLIE MUNOZ
56295,20748,136.9979,Morgan Diaz,MORGAN DIAZ
56298,14122,34.2219,Lori Blanco,LORI BLANCO
56299,16048,44.1779,Isaiah Turner,ISAIAH TURNER
56300,19317,5.514,Frank Alvarez,FRANK ALVAREZ
56301,16469,70.6869,Misty Jai,MISTY JAI
56302,19375,133.1083,Shane Madan,SHANE MADAN
56308,12191,138.6444,Abigail Patterson,ABIGAIL PATTERSON
56309,12659,81.7369,Clayton Nara,CLAYTON NARA
56310,12268,55.239,Colleen Zhou,COLLEEN ZHOU
56311,11580,38.664,Barbara Cai,BARBARA CAI
56312,16947,1918.2579,Adam Hernandez,ADAM HERNANDEZ
56313,16973,2053.0016,Carl Nath,CARL NATH
56314,16373,2849.1652,Latoya Shen,LATOYA SHEN
56315,13178,2560.2519,Edwin Shen,EDWIN SHEN
56316,12208,2625.4248,Gail Alexander,GAIL ALEXANDER
56317,14843,858.9607,Patrick Howard,PATRICK HOWARD
56319,19555,2798.2247,Emma Hughes,EMMA HUGHES
56320,13524,2715.3497,Jeremiah Gonzales,JEREMIAH GONZALES
56321,18931,2742.8642,Chelsea Patel,CHELSEA PATEL
56322,11750,2596.7279,Olivia Brown,OLIVIA BROWN
56323,12671,2563.589,Clayton Raji,CLAYTON RAJI
56324,12673,2580.1419,Omar Zhang,OMAR ZHANG
56327,12001,2562.4508,Alisha Yuan,ALISHA YUAN
56329,11739,2649.8453,Brianna Lewis,BRIANNA LEWIS
56331,20163,1238.1415,Phillip Prasad,PHILLIP PRASAD
56334,12657,2587.8769,Elizabeth Barnes,ELIZABETH BARNES
56335,12330,2579.5783,Madison Thomas,MADISON THOMAS
56336,11612,2571.2908,Marshall Chander,MARSHALL CHANDER
56337,13686,2624.3529,Wyatt Washington,WYATT WASHINGTON
56338,12005,1342.4093,Alexis Wilson,ALEXIS WILSON
56339,15128,30.1444,Dalton Murphy,DALTON MURPHY
56340,17057,35.6694,Luis Hernandez,LUIS HERNANDEZ
56341,20417,75.1069,Julia Butler,JULIA BUTLER
56345,11123,41.9127,Kaitlyn Brown,KAITLYN BROWN
56347,14566,216.127,Micheal Munoz,MICHEAL MUNOZ
56349,13732,76.2119,Eduardo Henderson,EDUARDO HENDERSON
56352,20503,16.5529,Keith Jai,KEITH JAI
56354,15344,5.514,Xavier Mohamed,XAVIER MOHAMED
56355,14475,8.0444,Jonathon Hernandez,JONATHON HERNANDEZ
56356,18179,5.514,Randy Hu,RANDY HU
56357,16255,207.7179,Robert Gonzalez,ROBERT GONZALEZ
56358,13496,40.432,Colin Jai,COLIN JAI
56359,20570,127.0308,Kristin Xie,KRISTIN XIE
56360,19388,49.9681,Victoria Cook,VICTORIA COOK
56361,15418,46.7194,Alex Reed,ALEX REED
56362,19127,640.8669,Derrick Ramos,DERRICK RAMOS
56363,14089,987.2844,Adrian Watson,ADRIAN WATSON
56364,13100,2626.5408,Fernando Ross,FERNANDO ROSS
56369,12356,2587.8769,Madison Hall,MADISON HALL
56371,11990,2618.8058,Alexis Smith,ALEXIS SMITH
56376,12644,2673.0613,Sarah Alexander,SARAH ALEXANDER
56377,12381,2584.5619,Samantha White,SAMANTHA WHITE
56378,12286,2658.0444,Hannah Anderson,HANNAH ANDERSON
56380,20250,41.1834,Chloe Bailey,CHLOE BAILEY
56381,16640,77.3169,Alison Tang,ALISON TANG
56382,16919,62.9519,Jonathan Young,JONATHAN YOUNG
56385,14860,44.1779,Lance Dominguez,LANCE DOMINGUEZ
56386,13617,69.5487,Walter Sanz,WALTER SANZ
56387,16635,42.9624,Kevin Hill,KEVIN HILL
56388,13779,973.9912,Briana Suarez,BRIANA SUAREZ
56390,11519,8.0444,Jenny Nath,JENNY NATH
56392,11500,5.514,Destiny Harris,DESTINY HARRIS
56395,12530,77.3169,Alejandro Xu,ALEJANDRO XU
56399,14244,77.339,Krista Suarez,KRISTA SUAREZ
56400,17605,44.1779,Austin Walker,AUSTIN WALKER
56402,15935,8.0444,Manuel Mehta,MANUEL MEHTA
56404,14135,96.0908,Sebastian Brooks,SEBASTIAN BROOKS
56405,16036,24.2879,Bobby Perez,BOBBY PEREZ
56406,15092,40.432,Nathaniel Murphy,NATHANIEL MURPHY
56407,17936,71.7919,Vincent Zhang,VINCENT ZHANG
56408,17997,77.3169,Brent Huang,BRENT HUANG
56409,13809,125.9258,Richard Hayes,RICHARD HAYES
56410,17820,4.409,Dana Navarro,DANA NAVARRO
56412,17821,6.9394,Dana Gutierrez,DANA GUTIERREZ
56413,12489,43.0729,Sarah Clark,SARAH CLARK
56415,11311,82.8529,Grace Thomas,GRACE THOMAS
56416,12046,38.675,Abigail Anderson,ABIGAIL ANDERSON
56417,12194,82.8529,Dawn Zheng,DAWN ZHENG
56418,13350,44.189,Willie Zhao,WILLIE ZHAO
56419,12953,90.0133,Dakota Long,DAKOTA LONG
56420,13495,16.5529,Colin Shan,COLIN SHAN
56421,16362,2742.8642,Katrina Raji,KATRINA RAJI
56422,11629,2598.9158,Barbara Raji,BARBARA RAJI
56423,11135,2580.1419,Roy Gonzalez,ROY GONZALEZ
56425,19099,2718.6205,Megan Richardson,MEGAN RICHARDSON
56431,14344,70.6869,Sebastian Torres,SEBASTIAN TORRES
56432,15147,41.9569,Patrick Bailey,PATRICK BAILEY
56433,15026,27.614,Cole Bell,COLE BELL
56434,17291,35.6694,Bethany Chande,BETHANY CHANDE
56435,18896,82.8529,Andrew Clark,ANDREW CLARK
56436,12035,15.4479,Abigail Williams,ABIGAIL WILLIAMS
56437,19677,65.1729,Grace Griffin,GRACE GRIFFIN
56438,15599,55.2169,Ricky Torres,RICKY TORRES
56439,16178,42.9624,Tina Kapoor,TINA KAPOOR
56440,11753,8.7848,Ross Sai,ROSS SAI
56442,17750,781.2019,Samuel Johnston,SAMUEL JOHNSTON
56444,16416,2793.8047,Tracy Yuan,TRACY YUAN
56445,16412,2738.4552,Tracy Simpson,TRACY SIMPSON
56446,15657,927.6033,Jimmy Vazquez,JIMMY VAZQUEZ
56448,11091,44.1779,Jennifer Taylor,JENNIFER TAYLOR
56449,11078,76.2119,Joe Sanz,JOE SANZ
56450,11507,98.8533,Marshall Jai,MARSHALL JAI
56453,20353,87.2729,Chad Rai,CHAD RAI
56454,20758,142.5119,Isabella Rogers,ISABELLA ROGERS
56455,19019,87.2729,Lauren Sanders,LAUREN SANDERS
56456,17694,5.514,Margaret Wang,MARGARET WANG
56457,12061,14.2987,Abigail Garcia,ABIGAIL GARCIA
56458,14920,5.514,Albert Blanco,ALBERT BLANCO
56459,13900,24.2879,Ian Russell,IAN RUSSELL
56460,17713,77.3169,Jonathan Clark,JONATHAN CLARK
56461,11478,59.659,Jenny She,JENNY SHE
56462,13503,40.0784,Colin Chavez,COLIN CHAVEZ
56464,13507,32.034,Colin Nath,COLIN NATH
56465,11828,44.189,Ross Rubio,ROSS RUBIO
56466,16846,62.9519,Kevin Adams,KEVIN ADAMS
56467,15815,62.9519,Sean Stewart,SEAN STEWART
56468,13544,43.6144,Jon Ye,JON YE
56469,13309,24.2879,Roger Raje,ROGER RAJE
56470,20671,1918.2579,Lindsey Chander,LINDSEY CHANDER
56471,13173,2670.1773,Spencer Russell,SPENCER RUSSELL
56472,12917,2563.589,Aidan Washington,AIDAN WASHINGTON
56475,19558,2708.6865,Monica Mehta,MONICA MEHTA
56476,12358,2538.4944,Lacey Chen,LACEY CHEN
56478,19820,1276.8054,Jasmine Torres,JASMINE TORRES
56483,12644,2618.8058,Sarah Alexander,SARAH ALEXANDER
56484,12647,2607.2033,Sarah Russell,SARAH RUSSELL
56485,13685,2614.3748,Wyatt Flores,WYATT FLORES
56486,13697,2588.9266,Devin Coleman,DEVIN COLEMAN
56487,11300,38.664,Marshall Shen,MARSHALL SHEN
56488,11142,65.7254,Kaitlyn Thompson,KAITLYN THOMPSON
56489,17052,47.4377,Isaac Hernandez,ISAAC HERNANDEZ
56490,19600,104.3783,Holly Martinez,HOLLY MARTINEZ
56491,19574,66.8194,Emma Bryant,EMMA BRYANT
56492,20266,66.8194,Derek Nara,DEREK NARA
56495,13669,104.4004,Wyatt Bennett,WYATT BENNETT
56498,11875,23.7465,Tamara He,TAMARA HE
56500,13144,76.2119,Edwin Ye,EDWIN YE
56502,14582,51.7472,Xavier Ramirez,XAVIER RAMIREZ
56505,20502,71.8029,Keith Shan,KEITH SHAN
56506,18964,77.339,Joseph Lewis,JOSEPH LEWIS
56507,12430,87.2729,Jon Lal,JON LAL
56509,15777,44.1779,Adam Collins,ADAM COLLINS
56510,14280,62.9519,Devin Price,DEVIN PRICE
56511,13748,79.5269,Robin Ramos,ROBIN RAMOS
56512,14492,8.0444,Sheila Moreno,SHEILA MORENO
56513,17226,77.339,Robert Garcia,ROBERT GARCIA
56515,19178,27.614,Philip Ruiz,PHILIP RUIZ
56518,19350,26.2769,Olivia Jenkins,OLIVIA JENKINS
56521,19642,62.9519,Grace Henderson,GRACE HENDERSON
56522,16949,1977.9169,Melody Harrison,MELODY HARRISON
56523,20346,2834.2366,Julia Morgan,JULIA MORGAN
56524,20347,2699.9018,Julia Bell,JULIA BELL
56525,11515,2598.9158,Destiny Lewis,DESTINY LEWIS
56526,17045,997.2183,Johnny Yuan,JOHNNY YUAN
56527,18767,1918.2579,Natasha Ramos,NATASHA RAMOS
56530,12675,2604.7944,Omar Wang,OMAR WANG
56532,11443,2697.2498,Nicole Taylor,NICOLE TAYLOR
56533,11986,2643.381,Kayla Lee,KAYLA LEE
56536,16500,650.8008,Jason Mitchell,JASON MITCHELL
56539,15684,2699.0067,Marc Hernandez,MARC HERNANDEZ
56540,12222,2687.3048,Emily Jones,EMILY JONES
56541,14071,1379.9572,Nathaniel Watson,NATHANIEL WATSON
56542,13556,2574.6279,Jon Zhu,JON ZHU
56543,11785,38.664,Olivia Rodriguez,OLIVIA RODRIGUEZ
56544,18295,156.8879,Jorge Lin,JORGE LIN
56546,17244,59.659,Robert Martinez,ROBERT MARTINEZ
56547,11113,8.7848,Roy Saunders,ROY SAUNDERS
56548,18195,9.934,Benjamin Martinez,BENJAMIN MARTINEZ
56549,18304,2.5305,Alexander Martin,ALEXANDER MARTIN
56550,17484,116.0029,Thomas Hall,THOMAS HALL
56551,16625,40.432,Nichole Black,NICHOLE BLACK
56554,11211,5.514,Ruben Prasad,RUBEN PRASAD
56559,18106,5.514,Wesley Lu,WESLEY LU
56561,15951,44.1779,Henry Suri,HENRY SURI
56562,14908,44.1779,Bryce Ward,BRYCE WARD
56563,14878,138.6333,Marcus Howard,MARCUS HOWARD
56564,20380,8.0444,Shawn Shan,SHAWN SHAN
56565,15305,16.8292,Jillian Arthur,JILLIAN ARTHUR
56566,18090,24.2879,Wesley Liu,WESLEY LIU
56567,14608,44.1779,Charles Rivera,CHARLES RIVERA
56568,15173,50.7748,Kendra Sanz,KENDRA SANZ
56569,19352,15.4479,Olivia Powell,OLIVIA POWELL
56574,11643,99.4279,Lauren White,LAUREN WHITE
56575,13980,62.9519,Seth Foster,SETH FOSTER
56576,13290,82.8529,Gavin Powell,GAVIN POWELL
56577,12627,9.934,Sarah Long,SARAH LONG
56578,12467,65.1729,Alejandro Wang,ALEJANDRO WANG
56579,12379,55.239,Samantha Jackson,SAMANTHA JACKSON
56580,11424,48.5979,Christy Beck,CHRISTY BECK
56581,16924,1961.8944,Jerry Becker,JERRY BECKER
56582,13176,2552.5169,Spencer Griffin,SPENCER GRIFFIN
56583,13177,2560.2519,Spencer Diaz,SPENCER DIAZ
56584,13205,2607.7669,Edwin Nara,EDWIN NARA
56585,12935,2597.8108,Jaclyn Zhu,JACLYN ZHU
56586,12209,2574.6279,Dawn Luo,DAWN LUO
56587,12362,2570.1858,Samantha Williams,SAMANTHA WILLIAMS
56590,16668,671.7958,Alison Rai,ALISON RAI
56592,19768,1263.5233,Rachel Hughes,RACHEL HUGHES
56594,11481,612.1369,Destiny Jones,DESTINY JONES
56599,12214,2577.1694,Roger Harui,ROGER HARUI
56600,15641,104.3783,Jackson Evans,JACKSON EVANS
56601,20251,65.7144,Chloe Rivera,CHLOE RIVERA
56602,17495,62.9519,Jason Hall,JASON HALL
56603,18206,62.9519,Alexander Lee,ALEXANDER LEE
56605,20603,26.2769,Dwayne Serrano,DWAYNE SERRANO
56606,14315,82.3004,Dennis Ware,DENNIS WARE
56607,17634,1918.2579,James Garcia,JAMES GARCIA
56608,19962,17.9784,Julie Raje,JULIE RAJE
56609,11304,2.5305,Lacey Chande,LACEY CHANDE
56610,11142,32.034,Kaitlyn Thompson,KAITLYN THOMPSON
56611,11276,66.8194,Natalie Martin,NATALIE MARTIN
56612,11223,44.1779,Isabella Moore,ISABELLA MOORE
56614,11820,35.6584,Ross Vazquez,ROSS VAZQUEZ
56615,12159,77.3169,Taylor Robinson,TAYLOR ROBINSON
56618,19857,77.339,Jill Patterson,JILL PATTERSON
56619,13486,44.1779,Colin Xu,COLIN XU
56620,19809,77.339,Alícia Anand,ALÍCIA ANAND
56621,19219,87.2729,Philip Ortega,PHILIP ORTEGA
56622,18845,77.339,Brandy Arun,BRANDY ARUN
56623,20270,87.2729,Chloe Watson,CHLOE WATSON
56624,15946,114.3454,Manuel Rodriguez,MANUEL RODRIGUEZ
56625,15294,66.2779,Angel Morris,ANGEL MORRIS
56626,13985,34.2219,Seth Bryant,SETH BRYANT
56627,14806,136.9979,Charles Cox,CHARLES COX
56628,19351,5.514,Olivia Perry,OLIVIA PERRY
56633,11836,38.675,Gerald Vance,GERALD VANCE
56634,12015,68.4769,Alexis Thompson,ALEXIS THOMPSON
56635,11859,41.2055,Gerald Subram,GERALD SUBRAM
56636,15859,26.8184,Allen Raman,ALLEN RAMAN
56637,12930,2577.1694,Aidan Russell,AIDAN RUSSELL
56640,18930,2715.3497,Chelsea Chandra,CHELSEA CHANDRA
56641,19983,1238.1415,Tara Xu,TARA XU
56643,14791,2676.9067,Roberto Alvarez,ROBERTO ALVAREZ
56647,16032,76.2119,Connor Turner,CONNOR TURNER
56648,12678,175.695,Omar Li,OMAR LI
56650,17747,620.9769,Samuel Robinson,SAMUEL ROBINSON
56651,11658,69.5929,Pedro Subram,PEDRO SUBRAM
56653,11530,5.514,Jenny Raji,JENNY RAJI
56654,11502,70.6869,Jenny Pal,JENNY PAL
56655,11498,23.7465,Jenny Shan,JENNY SHAN
56658,20489,55.2169,Keith Stone,KEITH STONE
56659,18354,146.8987,Frank Suarez,FRANK SUAREZ
56660,17335,5.514,Robert Walker,ROBERT WALKER
56661,15331,8.0444,Cody Morris,CODY MORRIS
56662,20500,75.6815,Keith Sharma,KEITH SHARMA
56663,14441,156.8879,Charles Peterson,CHARLES PETERSON
56664,18054,40.8408,Justin Miller,JUSTIN MILLER
56665,16302,27.614,Evan Gonzalez,EVAN GONZALEZ
56666,19259,32.0229,Brianna Hughes,BRIANNA HUGHES
56668,11475,76.7533,Nicole Hall,NICOLE HALL
56669,17652,15.7242,Sandra Wu,SANDRA WU
56672,16454,8.0444,Misty Xu,MISTY XU
56673,13816,237.8513,Linda Gutierrez,LINDA GUTIERREZ
56674,11649,41.2055,Marshall Rai,MARSHALL RAI
56676,14075,62.9519,Sebastian Watson,SEBASTIAN WATSON
56677,11805,82.8529,Ross Johnsen,ROSS JOHNSEN
56678,16364,2742.8642,Carlos Nelson,CARLOS NELSON
56679,14110,905.5033,Carlos Brooks,CARLOS BROOKS
56680,14037,992.7983,Tanya Blanco,TANYA BLANCO
56681,11625,2580.1529,Lauren Miller,LAUREN MILLER
56682,13093,2580.1529,Wyatt Hayes,WYATT HAYES
56683,11126,877.1048,Roy Fernandez,ROY FERNANDEZ
56687,19089,2778.9977,Craig Rubio,CRAIG RUBIO
56688,12674,2563.589,Elizabeth Patterson,ELIZABETH PATTERSON
56691,19849,1268.2859,Jasmine Jenkins,JASMINE JENKINS
56692,12634,2538.4944,Sarah Flores,SARAH FLORES
56693,11613,2552.5169,Anna Lee,ANNA LEE
56694,12297,2674.0448,Hannah Martinez,HANNAH MARTINEZ
56695,13522,27.614,Jon Wang,JON WANG
56696,12691,54.6754,Omar Ye,OMAR YE
56697,15139,27.614,Evan Bailey,EVAN BAILEY
56698,18319,66.8194,Jorge Liang,JORGE LIANG
56700,20218,30.6859,Alyssa Russell,ALYSSA RUSSELL
56703,19591,46.3327,Grace Cook,GRACE COOK
56704,15641,2.5305,Jackson Evans,JACKSON EVANS
56705,16415,2748.4997,Elijah Carter,ELIJAH CARTER
56706,11701,59.659,Megan Lewis,MEGAN LEWIS
56707,12067,65.1729,Abigail Rodriguez,ABIGAIL RODRIGUEZ
56708,11500,34.5534,Destiny Harris,DESTINY HARRIS
56713,12136,30.1444,Kelli Nath,KELLI NATH
56714,16876,38.5535,Mason Allen,MASON ALLEN
56716,13231,33.139,Roger Yang,ROGER YANG
56722,18888,136.9979,Whitney Malhotra,WHITNEY MALHOTRA
56723,20286,87.2729,Bradley Yuan,BRADLEY YUAN
56724,14119,5.514,Isaac Brooks,ISAAC BROOKS
56725,20741,132.5779,Morgan Bryant,MORGAN BRYANT
56726,16299,5.514,Gloria Ruiz,GLORIA RUIZ
56727,17200,24.2879,Evan Wright,EVAN WRIGHT
56728,16200,62.9519,Tina Sara,TINA SARA
56730,20041,14.3429,Destiny Gray,DESTINY GRAY
56734,11686,82.8529,Megan Harris,MEGAN HARRIS
56735,14085,40.8408,Melinda Suarez,MELINDA SUAREZ
56736,13170,122.6108,Spencer Alexander,SPENCER ALEXANDER
56737,13493,16.5529,Jeremy Wood,JEREMY WOOD
56738,13221,2598.9158,Edwin Ferrier,EDWIN FERRIER
56739,11654,2626.5408,Pedro Rana,PEDRO RANA
56740,11624,2563.589,Kirk Nason,KIRK NASON
56741,13016,2618.8169,Emily Diaz,EMILY DIAZ
56742,13083,2597.8108,Madison Long,MADISON LONG
56743,12709,2602.2529,Kayla Henderson,KAYLA HENDERSON
56744,14770,852.3307,Danny Blanco,DANNY BLANCO
56745,14778,829.0815,Sean Cox,SEAN COX
56750,18928,2781.0751,Chelsea Jordan,CHELSEA JORDAN
56751,12677,2535.964,Omar Chen,OMAR CHEN
56752,11994,2624.3529,Alisha Shen,ALISHA SHEN
56754,19875,1325.4033,Jasmine Russell,JASMINE RUSSELL
56755,20001,1276.8054,Tara Pal,TARA PAL
56758,12218,2653.0498,Dawn Sharma,DAWN SHARMA
56759,12943,9.934,Dakota Barnes,DAKOTA BARNES
56760,20605,93.8808,Karen Wood,KAREN WOOD
56763,19504,662.9779,Emma Cooper,EMMA COOPER
56765,12073,65.1729,Abigail Walker,ABIGAIL WALKER
56771,11640,136.9648,Pedro Patel,PEDRO PATEL
56772,11698,132.5779,Megan Robinson,MEGAN ROBINSON
56773,11709,77.339,Brianna Williams,BRIANNA WILLIAMS
56774,18071,75.6815,Jeffery Zheng,JEFFERY ZHENG
56775,17616,5.514,Stacey Gao,STACEY GAO
56776,14294,90.0133,Joy Suarez,JOY SUAREZ
56777,12504,67.4934,Alejandro Ma,ALEJANDRO MA
56781,13507,16.5529,Colin Nath,COLIN NATH
56782,18322,24.2879,Anthony Garcia,ANTHONY GARCIA
56783,12981,2614.9383,Jaclyn Jai,JACLYN JAI
56785,16708,915.4594,Logan Scott,LOGAN SCOTT
56786,19596,2738.5657,Grace Bell,GRACE BELL
56787,19096,2776.1136,Derrick Ruiz,DERRICK RUIZ
56788,12009,2625.9773,Alexis Thomas,ALEXIS THOMAS
56789,12338,2692.8519,Madison Thompson,MADISON THOMPSON
56794,15693,2682.9953,Aaron Edwards,AARON EDWARDS
56795,12307,2676.9067,Colleen Tang,COLLEEN TANG
56797,12630,2580.1529,Clayton Xie,CLAYTON XIE
56798,11519,9.934,Jenny Nath,JENNY NATH
56799,16674,41.1834,Alison Raji,ALISON RAJI
56801,17318,38.6529,Noah Martinez,NOAH MARTINEZ
56802,13614,87.2729,Briana Torres,BRIANA TORRES
56804,15787,114.8758,Alex Collins,ALEX COLLINS
56805,19627,15.4479,Kelvin Zheng,KELVIN ZHENG
56806,20710,2715.3497,Amy Lin,AMY LIN
56807,11634,2.5305,Pedro Suri,PEDRO SURI
56813,20184,136.9979,George Kapoor,GEORGE KAPOOR
56814,11719,104.4004,Brianna Taylor,BRIANNA TAYLOR
56815,18853,77.339,Brandy Saunders,BRANDY SAUNDERS
56816,11091,5.514,Jennifer Taylor,JENNIFER TAYLOR
56817,16134,15.4479,Molly Malhotra,MOLLY MALHOTRA
56818,15431,8.0444,Patrick Reed,PATRICK REED
56819,14094,24.2879,Eduardo Watson,EDUARDO WATSON
56821,13914,79.5269,Theresa Serrano,THERESA SERRANO
56822,16193,94.4554,Isaac Campbell,ISAAC CAMPBELL
56824,16438,27.614,Tracy Goel,TRACY GOEL
56828,14553,76.2119,Bryce Ramirez,BRYCE RAMIREZ
56829,15444,60.7529,Bryan Reed,BRYAN REED
56830,11505,82.8529,Destiny Garcia,DESTINY GARCIA
56831,12932,44.189,Jaclyn Sun,JACLYN SUN
56832,16241,62.9519,Denise Prasad,DENISE PRASAD
56833,12234,38.664,Emily Moore,EMILY MOORE
56834,20376,2735.9248,Shawn Lal,SHAWN LAL
56835,11690,2570.1858,Marshall Goel,MARSHALL GOEL
56836,11623,2618.8169,Lauren Davis,LAUREN DAVIS
56837,11388,1402.0682,Jasmine Brown,JASMINE BROWN
56838,16404,1352.3432,Latoya Nath,LATOYA NATH
56842,19105,2738.5657,Derrick Munoz,DERRICK MUNOZ
56843,19568,2742.8642,Monica Perez,MONICA PEREZ
56844,19577,2717.8801,Holly Sai,HOLLY SAI
56848,19984,1307.7344,Nicole Simmons,NICOLE SIMMONS
56849,19518,1320.4419,Brett Garcia,BRETT GARCIA
56855,14087,147.5065,Miguel Sanz,MIGUEL SANZ
56856,16185,4.409,Angel Campbell,ANGEL CAMPBELL
56857,13614,8.7848,Briana Torres,BRIANA TORRES
56859,19961,9.934,Julie Andersen,JULIE ANDERSEN
56861,11164,6.9394,Morgan Smith,MORGAN SMITH
56862,11632,55.239,Lauren Taylor,LAUREN TAYLOR
56868,16358,37.5479,Adam Nelson,ADAM NELSON
56869,11501,27.614,Destiny Martin,DESTINY MARTIN
56873,16012,77.339,Bobby Ray,BOBBY RAY
56874,11922,66.2779,Elizabeth Harris,ELIZABETH HARRIS
56875,17357,5.514,Thomas Jones,THOMAS JONES
56876,15269,8.0444,Garrett Sanchez,GARRETT SANCHEZ
56877,15519,24.2879,Rachael Martinez,RACHAEL MARTINEZ
56878,13308,33.0727,Gavin Alexander,GAVIN ALEXANDER
56879,17217,89.4608,Robert Martin,ROBERT MARTIN
56880,19075,71.7919,Megan Sanchez,MEGAN SANCHEZ
56882,17886,43.0619,Hunter Williams,HUNTER WILLIAMS
56883,20554,38.6529,April Nara,APRIL NARA
56888,12927,109.9144,Aidan Alexander,AIDAN ALEXANDER
56889,11855,44.189,Emma Davis,EMMA DAVIS
56890,13421,26.8184,Joan Hernandez,JOAN HERNANDEZ
56891,11866,38.675,Tamara Zhu,TAMARA ZHU
56892,13586,9.934,Blake Barnes,BLAKE BARNES
56893,20668,1934.8329,Morgan Blue,MORGAN BLUE
56894,15885,679.5308,Johnathan Chapman,JOHNATHAN CHAPMAN
56895,11630,2602.264,Barbara Ashe,BARBARA ASHE
56896,12929,2626.5408,Jaclyn Xu,JACLYN XU
56899,17051,2742.8642,Mason Hernandez,MASON HERNANDEZ
56900,12350,2563.589,Madison Lee,MADISON LEE
56902,12004,2563.589,Alisha Lal,ALISHA LAL
56903,11120,2645.8783,Kaitlyn Williams,KAITLYN WILLIAMS
56906,12640,2644.3313,Sarah Gonzales,SARAH GONZALES
56907,16524,1276.8054,Gloria Gill,GLORIA GILL
56908,12653,2639.2373,Clayton Raje,CLAYTON RAJE
56909,12131,2602.2529,Kelli Chander,KELLI CHANDER
56910,11019,9.934,Joe Belson,JOE BELSON
56914,13037,38.664,Hannah Powell,HANNAH POWELL
56915,14124,36.023,Joy Torres,JOY TORRES
56916,17744,645.2869,Logan Moore,LOGAN MOORE
56920,11212,26.2769,Marshall Cai,MARSHALL CAI
56924,14274,11.039,Felicia Alonso,FELICIA ALONSO
56925,11769,87.2729,Olivia White,OLIVIA WHITE
56926,20326,142.5119,Chloe Russell,CHLOE RUSSELL
56927,19242,77.339,Victor Torres,VICTOR TORRES
56928,15544,123.7048,Pamela Prasad,PAMELA PRASAD
56929,14594,181.209,Micheal Serrano,MICHEAL SERRANO
56930,19862,5.514,Jasmine Washington,JASMINE WASHINGTON
56931,14202,36.023,Krista Ruiz,KRISTA RUIZ
56932,16192,79.5269,Mason Campbell,MASON CAMPBELL
56933,17843,103.3065,Nathan Garcia,NATHAN GARCIA
56934,12295,44.1779,Colleen Cai,COLLEEN CAI
56936,12814,32.5754,Trevor Price,TREVOR PRICE
56937,17881,66.2779,Carrie Schmidt,CARRIE SCHMIDT
56938,11789,41.2055,Olivia Walker,OLIVIA WALKER
56939,11846,38.675,Gerald Prasad,GERALD PRASAD
56940,14106,927.6033,Xavier Watson,XAVIER WATSON
56942,17046,982.8644,Evan Hernandez,EVAN HERNANDEZ
56943,18768,1918.2579,Joshua Miller,JOSHUA MILLER
56944,14130,1950.2808,Bryce Brooks,BRYCE BROOKS
56946,19102,2708.6865,Nelson Ruiz,NELSON RUIZ
56947,17515,624.314,Cameron Thompson,CAMERON THOMPSON
56948,12354,2552.5169,Lacey Zhang,LACEY ZHANG
56949,12360,2535.964,Lacey Liu,LACEY LIU
56950,12667,2591.1808,Elizabeth Perry,ELIZABETH PERRY
56954,19892,1276.8054,Nicole Reed,NICOLE REED
56957,13258,620.9216,Roger Ma,ROGER MA
56960,13251,2566.1194,Roger Sun,ROGER SUN
56961,13771,2628.7508,Richard Blue,RICHARD BLUE
56962,17227,27.614,Terry Yuan,TERRY YUAN
56966,16734,55.239,Mason Adams,MASON ADAMS
56967,15795,48.5979,Isaac Collins,ISAAC COLLINS
56968,14228,55.239,Krista Torres,KRISTA TORRES
56972,17119,127.0308,Shaun Anand,SHAUN ANAND
56975,14363,16.5529,Devin Torres,DEVIN TORRES
56976,20458,55.2169,Corey Luo,COREY LUO
56978,19216,60.7529,Philip Sanz,PHILIP SANZ
56981,16249,15.4479,Logan Gonzalez,LOGAN GONZALEZ
56982,17486,99.4169,Kyle Hall,KYLE HALL
56983,15405,16.8292,Candace Sai,CANDACE SAI
56985,15838,62.9519,Garrett Stewart,GARRETT STEWART
56986,14804,77.339,Cody Cox,CODY COX
56988,20574,43.0729,Kristin Luo,KRISTIN LUO
56989,12865,40.0784,Tristan Henderson,TRISTAN HENDERSON
56990,13785,91.6598,Richard Patterson,RICHARD PATTERSON
56992,12107,38.675,Jessica Thompson,JESSICA THOMPSON
56993,11932,46.7194,Elizabeth Rodriguez,ELIZABETH RODRIGUEZ
56994,12227,48.5979,Dawn Andersen,DAWN ANDERSEN
56995,13067,680.6358,Madison Price,MADISON PRICE
56997,11696,2535.964,Pedro Muñoz,PEDRO MUÑOZ
56998,13190,2563.589,Antonio Ross,ANTONIO ROSS
56999,14833,852.3307,Mason Howard,MASON HOWARD
57004,11147,2626.5408,Roy Hernandez,ROY HERNANDEZ
57007,19744,1303.3144,Rachel Blue,RACHEL BLUE
57008,19867,1276.8054,Carol Xu,CAROL XU
57010,13259,728.6812,Roger Liang,ROGER LIANG
57011,12637,2673.0613,Sarah Simmons,SARAH SIMMONS
57192,11183,6.9394,Morgan Thomas,MORGAN THOMAS
57193,16338,122.6108,Jason Nelson,JASON NELSON
57196,19610,76.2119,Cassandra Van,CASSANDRA VAN
57197,11068,42.5094,Joe Blanco,JOE BLANCO
57198,11200,59.659,Morgan Lewis,MORGAN LEWIS
57199,11619,9.934,Lauren Jones,LAUREN JONES
57201,11840,55.239,Victoria Lee,VICTORIA LEE
57202,11331,2.5305,Grace Lee,GRACE LEE
57203,20106,27.614,Ronald Suri,RONALD SURI
57205,13701,40.432,Rodney Serrano,RODNEY SERRANO
57206,12970,62.9408,Jaclyn Luo,JACLYN LUO
57207,15376,16.5529,Brenda Garcia,BRENDA GARCIA
57209,16950,26.4869,Carl Kumar,CARL KUMAR
57210,20530,114.8758,Jennifer Butler,JENNIFER BUTLER
57215,14919,8.0444,Albert Vazquez,ALBERT VAZQUEZ
57217,16304,54.6754,Casey Andersen,CASEY ANDERSEN
57218,19923,27.614,Kathryn Chapman,KATHRYN CHAPMAN
57222,11014,109.9144,Chloe Garcia,CHLOE GARCIA
57223,14090,94.4554,Melinda Ortega,MELINDA ORTEGA
57224,13187,33.0727,Antonio Barnes,ANTONIO BARNES
57225,20382,2742.8642,Shawn Jai,SHAWN JAI
57226,19162,623.1758,Casey Vazquez,CASEY VAZQUEZ
57227,14118,2566.1194,Mason Brooks,MASON BROOKS
57228,11773,2658.0444,Ross Fernandez,ROSS FERNANDEZ
57229,19563,1939.2529,Monica Martinez,MONICA MARTINEZ
57233,19787,2735.9248,Alicia Sharma,ALICIA SHARMA
57234,19789,2740.3337,Alicia Shan,ALICIA SHAN
57238,20024,1276.8054,Donald Kapoor,DONALD KAPOOR
57240,11238,622.0708,Ruben Martin,RUBEN MARTIN
57241,14976,2673.0613,Randall Gill,RANDALL GILL
57242,12307,2591.1808,Colleen Tang,COLLEEN TANG
57243,12301,2566.1194,Hannah Clark,HANNAH CLARK
57244,11505,25.3819,Destiny Garcia,DESTINY GARCIA
57245,15640,35.6694,Jimmy Alonso,JIMMY ALONSO
57246,15434,33.139,Brian Reed,BRIAN REED
57249,13963,82.3004,Joy Alvarez,JOY ALVAREZ
57250,17479,69.5487,Leah She,LEAH SHE
57251,12632,2735.9248,Clayton Tang,CLAYTON TANG
57252,18004,905.5254,Brent Ye,BRENT YE
57253,11223,38.664,Isabella Moore,ISABELLA MOORE
57254,11504,2.5305,Jenny Andersen,JENNY ANDERSEN
57255,11163,4.409,Roy Torres,ROY TORRES
57258,11215,5.514,Isabella Brown,ISABELLA BROWN
57260,11185,33.1279,Morgan Jackson,MORGAN JACKSON
57266,20509,11.039,Jennifer Jenkins,JENNIFER JENKINS
57267,20487,11.039,Jennifer Price,JENNIFER PRICE
57268,20306,77.339,Bradley Carson,BRADLEY CARSON
57269,18510,5.514,Leslie Diaz,LESLIE DIAZ
57270,19543,147.5065,Monica Arun,MONICA ARUN
57272,17162,44.1779,Luke Wright,LUKE WRIGHT
57273,15400,5.514,Eduardo Rogers,EDUARDO ROGERS
57274,13549,104.4004,Briana Romero,BRIANA ROMERO
57275,16464,5.514,Jonathan Mitchell,JONATHAN MITCHELL
57276,18006,43.0729,Brent Lu,BRENT LU
57279,16058,8.0444,Andre Smith,ANDRE SMITH
57280,16251,5.514,Denise Subram,DENISE SUBRAM
57281,11078,38.675,Joe Sanz,JOE SANZ
57282,12149,82.8529,Taylor White,TAYLOR WHITE
57283,13599,16.5529,Walter Dominguez,WALTER DOMINGUEZ
57284,11352,15.4479,Rachel Jackson,RACHEL JACKSON
57285,19161,646.3145,Casey Gill,CASEY GILL
57286,14343,927.6254,Kristy Suarez,KRISTY SUAREZ
57287,13237,2580.1419,Carson Barnes,CARSON BARNES
57288,13277,2560.2519,Gavin Wood,GAVIN WOOD
57289,13377,2563.589,Oscar Long,OSCAR LONG
57290,13460,2535.964,Dalton Perry,DALTON PERRY
57291,12391,858.9607,Lacey Liang,LACEY LIANG
57292,14306,927.6033,Eduardo Ward,EDUARDO WARD
57293,11004,2673.0613,Chloe Harris,CHLOE HARRIS
57294,11029,2661.9119,Joe Gonzalez,JOE GONZALEZ
57295,12688,2626.5408,Omar Zhou,OMAR ZHOU
57299,12648,2699.0067,Clayton Pal,CLAYTON PAL
57300,15926,2681.8792,Manuel Madan,MANUEL MADAN
57307,12226,2562.4508,Dawn Pal,DAWN PAL
57308,11530,8.7848,Jenny Raji,JENNY RAJI
57309,14068,30.1444,Melinda Gutierrez,MELINDA GUTIERREZ
57310,15828,55.2058,Troy Rodriguez,TROY RODRIGUEZ
57313,13155,147.5065,Spencer Hughes,SPENCER HUGHES
57314,16411,2738.5657,Tracy Deng,TRACY DENG
57316,11725,59.659,Brianna Harris,BRIANNA HARRIS
57317,12092,9.934,Kelli She,KELLI SHE
57318,11519,55.239,Jenny Nath,JENNY NATH
57319,11200,66.8194,Morgan Lewis,MORGAN LEWIS
57323,11331,38.5535,Grace Lee,GRACE LEE
57324,11619,71.7919,Lauren Jones,LAUREN JONES
57329,19732,87.2729,Cynthia Arun,CYNTHIA ARUN
57330,19244,147.5065,Brianna Henderson,BRIANNA HENDERSON
57331,17455,8.0444,Leah Ye,LEAH YE
57332,17695,75.0627,Jonathan Harris,JONATHAN HARRIS
57334,16248,44.1779,Denise Raman,DENISE RAMAN
57335,19399,90.0133,Victoria Richardson,VICTORIA RICHARDSON
57336,18978,90.0133,Veronica Madan,VERONICA MADAN
57339,11284,49.9902,Natalie Rodriguez,NATALIE RODRIGUEZ
57340,11197,46.7194,Ruben Malhotra,RUBEN MALHOTRA
57341,12095,52.9737,Jessica Taylor,JESSICA TAYLOR
57342,14661,82.8529,Jamie Torres,JAMIE TORRES
57343,11508,82.8529,Jenny Raje,JENNY RAJE
57344,12047,38.675,Abhijit Thakur,ABHIJIT THAKUR
57345,13074,62.9519,Louis Shen,LOUIS SHEN
57346,12306,38.664,Colleen Xie,COLLEEN XIE
57347,13344,89.4608,Julian Bryant,JULIAN BRYANT
57348,19141,640.8669,Megan Coleman,MEGAN COLEMAN
57349,17043,1945.3194,Johnny Luo,JOHNNY LUO
57350,16784,1918.2579,Mario Shen,MARIO SHEN
57351,17020,1895.0419,Mason King,MASON KING
57352,14387,992.7983,Jeremiah Townsend,JEREMIAH TOWNSEND
57353,13299,2643.1048,Gavin Washington,GAVIN WASHINGTON
57354,13417,2618.8169,Willie Raji,WILLIE RAJI
57355,13346,2560.2519,Julian Alexander,JULIAN ALEXANDER
57356,13378,2586.7387,Willie Shen,WILLIE SHEN
57361,11005,2634.3974,Joe Madan,JOE MADAN
57362,19791,2740.3337,Jasmine Stewart,JASMINE STEWART
57367,18841,1265.7554,Matthew Harris,MATTHEW HARRIS
57368,14210,1342.4093,Marcus Kelly,MARCUS KELLY
57369,14286,895.4036,Felicia Dominguez,FELICIA DOMINGUEZ
57370,11212,55.239,Marshall Cai,MARSHALL CAI
57371,12247,30.1444,Colleen Zhang,COLLEEN ZHANG
57372,15829,27.614,Troy Sanchez,TROY SANCHEZ
57373,15137,70.6869,Kendra Alvarez,KENDRA ALVAREZ
57374,17290,33.139,Noah Jones,NOAH JONES
57375,20233,77.3169,Derek Shen,DEREK SHEN
57376,20277,5.514,Chloe Sanders,CHLOE SANDERS
57379,20218,84.9966,Alyssa Russell,ALYSSA RUSSELL
57380,11212,2.5305,Marshall Cai,MARSHALL CAI
57382,13099,132.6,Louis Pal,LOUIS PAL
57383,11172,43.0729,Roy Blanco,ROY BLANCO
57387,13941,42.9624,Lucas Hayes,LUCAS HAYES
57392,11868,16.5529,Emma White,EMMA WHITE
57393,20358,136.9979,Chad Raji,CHAD RAJI
57395,19136,87.2729,Megan Ross,MEGAN ROSS
57396,17418,44.1779,Samuel Allen,SAMUEL ALLEN
57398,17015,5.514,Evan King,EVAN KING
57399,15013,29.8019,Brian Bell,BRIAN BELL
57400,19928,5.514,Nicole Gray,NICOLE GRAY
57401,19071,128.1248,Lauren Griffin,LAUREN GRIFFIN
57404,11792,38.675,Ross Martin,ROSS MARTIN
57405,13231,82.8529,Roger Yang,ROGER YANG
57406,11504,46.7194,Jenny Andersen,JENNY ANDERSEN
57407,14076,79.5269,Melinda Gill,MELINDA GILL
57408,13303,46.7194,Gavin Stone,GAVIN STONE
57409,17481,62.9519,Valerie Zhang,VALERIE ZHANG
57410,13280,2626.5408,Mason Bendixen,MASON BENDIXEN
57411,12447,2576.8048,Ashley Lewis,ASHLEY LEWIS
57412,13367,2580.1419,Willie Zheng,WILLIE ZHENG
57413,14928,830.2307,Paula Hernandez,PAULA HERNANDEZ
57414,11432,1418.6211,Nicole Williams,NICOLE WILLIAMS
57415,14134,1973.4969,Lori Suarez,LORI SUAREZ
57418,11000,2770.2682,Mary Young,MARY YOUNG
57419,15833,596.689,Allen Kapoor,ALLEN KAPOOR
57420,12689,2576.8048,Elizabeth Bryant,ELIZABETH BRYANT
57424,20097,1238.1415,Destiny Bryant,DESTINY BRYANT
57425,20108,1276.8054,Ronald Kapoor,RONALD KAPOOR
57427,13974,879.9557,Joanna Moreno,JOANNA MORENO
57428,14969,596.689,Devin Morgan,DEVIN MORGAN
57429,11926,8.7848,Elizabeth Garcia,ELIZABETH GARCIA
57430,18734,24.2879,Michael Thomas,MICHAEL THOMAS
57434,12038,2.5305,Abigail Jones,ABIGAIL JONES
57436,11520,27.614,Destiny Hall,DESTINY HALL
57438,11506,70.6869,Carol Martinez,CAROL MARTINEZ
57445,19648,40.432,Cassandra Sanchez,CASSANDRA SANCHEZ
57446,20139,77.339,Ronald Garcia,RONALD GARCIA
57447,17698,76.2119,Margaret Li,MARGARET LI
57448,16857,60.7529,Russell Shan,RUSSELL SHAN
57449,15981,138.114,Eric Roberts,ERIC ROBERTS
57450,14758,44.1779,Danny Navarro,DANNY NAVARRO
57451,20103,114.3454,Shannon Gutierrez,SHANNON GUTIERREZ
57452,20140,33.139,Shannon Dominguez,SHANNON DOMINGUEZ
57453,15689,38.675,Marc Moreno,MARC MORENO
57458,14084,38.675,Garrett Watson,GARRETT WATSON
57459,11701,82.8529,Megan Lewis,MEGAN LEWIS
57460,11840,41.2055,Victoria Lee,VICTORIA LEE
57461,12721,16.5529,Juan Suarez,JUAN SUAREZ
57462,13305,79.5269,Gavin Bryant,GAVIN BRYANT
57463,12543,9.934,Sam Foster,SAM FOSTER
57464,19130,734.7698,Megan Bennett,MEGAN BENNETT
57465,11727,2634.2869,Brianna Martin,BRIANNA MARTIN
57466,13419,2535.964,Xavier Flores,XAVIER FLORES
57467,13420,2602.2529,Colin Wang,COLIN WANG
57468,14041,2598.9158,Tanya Ramos,TANYA RAMOS
57469,11745,2618.8058,Olivia Smith,OLIVIA SMITH
57470,13315,2607.7669,Roger Chander,ROGER CHANDER
57473,13012,2755.8479,Tamara Chen,TAMARA CHEN
57474,11897,2574.6279,Grace Smith,GRACE SMITH
57477,20029,1248.0754,Donald McDonald,DONALD MCDONALD
57478,20093,1303.8669,Joel Fernandez,JOEL FERNANDEZ
57481,15224,40.8077,Paula Ramos,PAULA RAMOS
57485,12006,102.7319,Alexis Moore,ALEXIS MOORE
57486,12344,13.1937,Madison Robinson,MADISON ROBINSON
57487,13981,98.3229,Joy Jimenez,JOY JIMENEZ
57488,17714,1918.2579,Margaret Ye,MARGARET YE
57489,17375,27.0615,Krystal Gao,KRYSTAL GAO
57491,13829,885.9559,Linda Ramos,LINDA RAMOS
57492,12119,132.6,Jessica Walker,JESSICA WALKER
57494,11091,6.9394,Jennifer Taylor,JENNIFER TAYLOR
57498,19155,87.2729,Megan Washington,MEGAN WASHINGTON
57499,12196,5.514,Gail Butler,GAIL BUTLER
57500,18676,132.5779,Jacob Williams,JACOB WILLIAMS
57501,14604,87.2729,Jesse James,JESSE JAMES
57502,13926,62.9519,Lucas Flores,LUCAS FLORES
57503,15250,62.9519,Heidi Sai,HEIDI SAI
57504,14570,44.1779,Micheal Romero,MICHEAL ROMERO
57505,15068,89.4387,Gina Serrano,GINA SERRANO
57506,14983,38.675,Randall Carlson,RANDALL CARLSON
57507,13674,164.0594,Wyatt Coleman,WYATT COLEMAN
57509,18032,159.6173,Jeffery Zhang,JEFFERY ZHANG
57514,13052,34.2219,Carol Simmons,CAROL SIMMONS
57515,20412,2793.8047,Peter Xu,PETER XU
57516,13418,2574.639,Willie Anand,WILLIE ANAND
57517,13278,2648.6408,Roger She,ROGER SHE
57518,13909,2591.1808,Lucas Wood,LUCAS WOOD
57519,14133,1895.0419,Juan Brooks,JUAN BROOKS
57521,11756,2552.5169,Olivia Wilson,OLIVIA WILSON
57522,19621,2699.9018,Grace Ramirez,GRACE RAMIREZ
57523,19782,2775.0086,Alicia Yuan,ALICIA YUAN
57524,12687,2596.7279,Elizabeth Gonzales,ELIZABETH GONZALES
57530,11416,606.6229,Christy Chander,CHRISTY CHANDER
57533,16525,1297.8004,Kelsey Nara,KELSEY NARA
57534,13411,2602.2529,Xavier Long,XAVIER LONG
57535,13260,2618.8058,Roger Guo,ROGER GUO
57536,11074,38.9292,Joe Carlson,JOE CARLSON
57537,14013,114.3233,Cole James,COLE JAMES
57538,15806,70.6869,Alex Stewart,ALEX STEWART
57543,14213,65.1729,Seth Kelly,SETH KELLY
57544,13137,120.4229,Spencer Bennett,SPENCER BENNETT
57547,15251,76.2119,Timothy Sanchez,TIMOTHY SANCHEZ
57550,13944,79.0959,Joy Hernandez,JOY HERNANDEZ
57553,20368,77.339,Julia Ramirez,JULIA RAMIREZ
57554,11287,26.4869,Ruben Carlson,RUBEN CARLSON
57555,17505,8.0444,Valerie Lu,VALERIE LU
57556,20312,5.514,Bradley Beck,BRADLEY BECK
57557,15839,26.8184,Allen Patel,ALLEN PATEL
57558,15091,44.1779,Jill Munoz,JILL MUNOZ
57560,19342,34.5534,Cory Subram,CORY SUBRAM
57563,16198,32.5754,Tina Prasad,TINA PRASAD
57565,11662,41.2055,Lauren Lee,LAUREN LEE
57566,11210,46.7194,Isabella Jones,ISABELLA JONES
57567,11502,78.4108,Jenny Pal,JENNY PAL
57568,13285,118.1798,Roger Tang,ROGER TANG
57569,12803,110.4558,Rafael Zhou,RAFAEL ZHOU
57570,13014,82.8529,Tamara Li,TAMARA LI
57571,13703,82.8529,Devin Powell,DEVIN POWELL
57572,15498,165.1533,Patrick Cook,PATRICK COOK
57573,11600,38.664,Barbara Lal,BARBARA LAL
57574,20672,1934.8329,Morgan Bailey,MORGAN BAILEY
57575,17030,1879.594,Kyle Hernandez,KYLE HERNANDEZ
57576,17039,1988.4254,Gabriel Hernandez,GABRIEL HERNANDEZ
57577,16020,658.5358,Bob Garcia,BOB GARCIA
57578,13250,2563.589,Roger Xu,ROGER XU
57579,13343,2562.7823,Willie Liu,WILLIE LIU
57580,13414,2563.589,Willie Goel,WILLIE GOEL
57582,13001,2577.1694,Emily Hughes,EMILY HUGHES
57583,12989,2618.8169,Jaclyn Chander,JACLYN CHANDER
57584,19607,2735.9248,Cassandra Chandra,CASSANDRA CHANDRA
57585,12685,2670.7298,Omar Huang,OMAR HUANG
57587,11984,2652.3757,Alisha Zeng,ALISHA ZENG
57591,20171,1276.8054,Alyssa Price,ALYSSA PRICE
57595,14719,2658.0444,Juan Richardson,JUAN RICHARDSON
57598,11749,16.5529,Olivia Jones,OLIVIA JONES
57599,16431,2859.5632,Jordan Carter,JORDAN CARTER
57600,15660,927.6033,Timothy Evans,TIMOTHY EVANS
57601,13474,76.2119,Colin Zeng,COLIN ZENG
57609,11502,77.339,Jenny Pal,JENNY PAL
57611,17274,15.4479,Robert Rodriguez,ROBERT RODRIGUEZ
57612,15884,44.1779,Kellie Diaz,KELLIE DIAZ
57613,17710,71.7919,Margaret Lin,MARGARET LIN
57614,14113,24.2879,Isaiah Brooks,ISAIAH BROOKS
57615,13891,94.4554,Theresa Jimenez,THERESA JIMENEZ
57618,12809,44.1779,Oscar Griffin,OSCAR GRIFFIN
57619,11181,41.2055,Roy Sanz,ROY SANZ
57620,11313,46.7194,Grace White,GRACE WHITE
57621,12197,44.189,Dawn Hu,DAWN HU
57622,12557,55.2169,Alejandro Nara,ALEJANDRO NARA
57623,14285,888.9504,Felicia Townsend,FELICIA TOWNSEND
57624,13908,2535.964,Lucas Bradley,LUCAS BRADLEY
57625,19948,2699.9018,Kelvin Cai,KELVIN CAI
57627,13075,2535.964,Madison Henderson,MADISON HENDERSON
57630,20009,1308.8283,Destiny Morgan,DESTINY MORGAN
57632,13251,2732.7092,Roger Sun,ROGER SUN
57633,12343,1352.3432,Madison Martinez,MADISON MARTINEZ
57634,11262,15.4479,Natalie Wilson,NATALIE WILSON
57635,13003,71.7919,Emily Flores,EMILY FLORES
57637,13015,132.6,Emily Griffin,EMILY GRIFFIN
57638,11043,14.3429,Joe Jimenez,JOE JIMENEZ
57639,11019,8.0444,Joe Belson,JOE BELSON
57643,11223,32.034,Isabella Moore,ISABELLA MOORE
57644,11660,41.1834,Pedro Mehta,PEDRO MEHTA
57645,17509,41.1834,Valerie Sun,VALERIE SUN
57646,17686,35.6694,Jonathan Thomas,JONATHAN THOMAS
57647,15864,11.039,Allen Garcia,ALLEN GARCIA
57648,20369,71.7919,Shawn Tang,SHAWN TANG
57649,20370,55.2169,Julia James,JULIA JAMES
57650,17407,60.7529,Karen Lu,KAREN LU
57651,18877,77.339,Whitney Kapoor,WHITNEY KAPOOR
57652,17390,44.1779,Karen Wang,KAREN WANG
57653,13185,5.514,Edwin Xu,EDWIN XU
57654,13652,34.2219,Damien Andersen,DAMIEN ANDERSEN
57658,15612,5.514,Ricky Suarez,RICKY SUAREZ
57659,11223,44.189,Isabella Moore,ISABELLA MOORE
57660,13216,106.5883,Antonio Gonzales,ANTONIO GONZALES
57661,11555,38.664,Alyssa Clark,ALYSSA CLARK
57662,13098,79.5269,Fernando Barnes,FERNANDO BARNES
57663,11554,38.664,Barbara Ye,BARBARA YE
57664,20386,2742.8642,Shawn Andersen,SHAWN ANDERSEN
57665,16977,1889.5279,Jackson Hernandez,JACKSON HERNANDEZ
57666,17011,1934.8329,Kevin Wright,KEVIN WRIGHT
57667,12081,2615.4908,Jessica Williams,JESSICA WILLIAMS
57668,12090,2597.8108,Jessica Wilson,JESSICA WILSON
57669,14281,2570.1858,Felicia Moyer,FELICIA MOYER
57670,13351,2535.964,Briana Martin,BRIANA MARTIN
57673,11240,1367.7911,Isabella Robinson,ISABELLA ROBINSON
57674,19793,2738.5657,Alicia Pal,ALICIA PAL
57675,11918,2665.1937,Elizabeth Thomas,ELIZABETH THOMAS
57676,13080,2610.3084,Louis Xu,LOUIS XU
57677,19628,2715.3497,Cassandra Rana,CASSANDRA RANA
57679,11979,2720.0128,Alisha Zheng,ALISHA ZHENG
57682,20073,1293.3804,Joel Malhotra,JOEL MALHOTRA
57683,18795,1324.8619,Meghan Alonso,MEGHAN ALONSO
57684,12738,596.689,Omar Kumar,OMAR KUMAR
57686,12321,2682.9953,Madison Miller,MADISON MILLER
57688,13254,2644.3313,Roger Zhu,ROGER ZHU
57690,13264,2618.8058,Roger Zheng,ROGER ZHENG
57691,12194,8.7848,Dawn Zheng,DAWN ZHENG
57692,12135,55.239,Taylor Davis,TAYLOR DAVIS
57693,13642,33.1279,Javier Gill,JAVIER GILL
57694,15727,109.9144,Diane Carlson,DIANE CARLSON
57695,16489,26.8184,Connor Mitchell,CONNOR MITCHELL
57697,16183,6.9394,Carlos Campbell,CARLOS CAMPBELL
57699,16699,36.023,Angel Adams,ANGEL ADAMS
57700,17765,1928.1919,Logan White,LOGAN WHITE
57701,17762,1939.2529,Logan Jackson,LOGAN JACKSON
57702,14056,27.0615,Evan Watson,EVAN WATSON
57703,17790,658.5358,Sam Wilson,SAM WILSON
57704,16430,2715.3497,Tracy Chande,TRACY CHANDE
57705,18148,905.5254,David Walker,DAVID WALKER
57706,11659,71.7919,Lauren Rodriguez,LAUREN RODRIGUEZ
57707,11262,5.514,Natalie Wilson,NATALIE WILSON
57713,13222,82.2783,Roger Zhang,ROGER ZHANG
57714,20421,131.4619,Julia Gonzales,JULIA GONZALES
57715,17018,103.8369,Jose King,JOSE KING
57716,15317,60.7529,Bryce Morris,BRYCE MORRIS
57718,15247,8.0444,Jesse Sanchez,JESSE SANCHEZ
57719,18677,34.2219,Diana Carlson,DIANA CARLSON
57720,14180,36.023,Timothy Kelly,TIMOTHY KELLY
57722,14717,87.2508,Hector Navarro,HECTOR NAVARRO
57723,11661,38.675,Lauren Lewis,LAUREN LEWIS
57724,13186,24.2879,Edwin Luo,EDWIN LUO
57725,11788,222.4144,Ross Perez,ROSS PEREZ
57726,13322,94.4554,Roger Nath,ROGER NATH
57727,17024,1962.4469,Ricardo Nath,RICARDO NATH
57728,13230,2720.4769,Antonio Hayes,ANTONIO HAYES
57729,13274,2645.8783,Gavin Price,GAVIN PRICE
57730,13426,2560.2519,Xavier Simmons,XAVIER SIMMONS
57731,13354,2560.2519,Julian Diaz,JULIAN DIAZ
57732,13324,2591.4681,Julian Henderson,JULIAN HENDERSON
57733,19949,2735.9248,Julie Kumar,JULIE KUMAR
57734,14132,1939.2529,Chase Brooks,CHASE BROOKS
57736,11009,2673.0613,Joe Prasad,JOE PRASAD
57737,13000,2535.964,Emily Patterson,EMILY PATTERSON
57738,19614,2916.0287,Grace Howard,GRACE HOWARD
57739,19786,2699.9018,Alicia Lal,ALICIA LAL
57743,20066,1293.3804,Joel Chapman,JOEL CHAPMAN
57744,12462,690.5919,Sarah Davis,SARAH DAVIS
57745,16587,2743.7482,Nichole Xie,NICHOLE XIE
57746,13252,2673.0613,Carson Patterson,CARSON PATTERSON
57747,12619,2563.589,Clayton Cai,CLAYTON CAI
57748,11853,55.239,Emma Brown,EMMA BROWN
57749,13670,33.1279,Wyatt Barnes,WYATT BARNES
57752,16171,79.0959,Molly Sanchez,MOLLY SANCHEZ
57753,15128,55.239,Dalton Murphy,DALTON MURPHY
57754,12695,175.695,Elizabeth Diaz,ELIZABETH DIAZ
57756,11277,167.1534,Ruben Vazquez,RUBEN VAZQUEZ
57758,19647,44.1779,Grace Perry,GRACE PERRY
57759,12916,76.2119,Aidan Flores,AIDAN FLORES
57763,18599,87.2729,Anthony Brown,ANTHONY BROWN
57764,19107,77.339,Megan Torres,MEGAN TORRES
57765,14467,44.1779,Lawrence Sanz,LAWRENCE SANZ
57766,19015,34.2219,Lauren Brooks,LAUREN BROOKS
57767,20550,27.614,Karen Sanchez,KAREN SANCHEZ
57768,18180,14.2987,Benjamin Martin,BENJAMIN MARTIN
57769,17653,44.1779,Cameron Taylor,CAMERON TAYLOR
57770,13467,24.2879,Colin Zheng,COLIN ZHENG
57776,17204,44.1779,Robert Jackson,ROBERT JACKSON
57777,14655,38.675,Sheila Gill,SHEILA GILL
57778,12157,38.675,Taylor Martinez,TAYLOR MARTINEZ
57779,14021,24.2879,Tanya Alonso,TANYA ALONSO
57780,12376,55.239,Samantha Anderson,SAMANTHA ANDERSON
57781,19140,624.3029,Megan Henderson,MEGAN HENDERSON
57782,13393,2598.9158,Xavier Barnes,XAVIER BARNES
57783,11003,2674.4757,Jenna Young,JENNA YOUNG
57786,18842,1276.8054,Brandy Sai,BRANDY SAI
57789,13576,2574.6279,Miguel Russell,MIGUEL RUSSELL
57790,12283,2552.5169,Colleen Ma,COLLEEN MA
57791,12137,55.239,Taylor Miller,TAYLOR MILLER
57792,11330,8.7848,Grace Lewis,GRACE LEWIS
57793,14212,35.6584,Lucas Kelly,LUCAS KELLY
57794,12993,30.1444,Jaclyn Rai,JACLYN RAI
57795,18253,40.8408,Christopher Robinson,CHRISTOPHER ROBINSON
57796,17322,94.4554,Jose Taylor,JOSE TAYLOR
57800,14677,55.239,Jamie Suarez,JAMIE SUAREZ
57801,19574,40.0784,Emma Bryant,EMMA BRYANT
57802,19510,2708.6865,Brett Rana,BRETT RANA
57803,16409,2742.4111,Latoya Anand,LATOYA ANAND
57804,16470,927.6254,Gloria Gutierrez,GLORIA GUTIERREZ
57807,19648,8.0444,Cassandra Sanchez,CASSANDRA SANCHEZ
57809,18659,87.2729,Daniel Jones,DANIEL JONES
57811,15560,5.514,Caleb Parker,CALEB PARKER
57812,17628,109.3508,James Thompson,JAMES THOMPSON
57813,14544,44.1779,Mathew Carlson,MATHEW CARLSON
57814,15679,71.7919,Thomas Edwards,THOMAS EDWARDS
57815,11542,38.0894,Alyssa Harris,ALYSSA HARRIS
57817,12519,23.7465,Samantha Barnes,SAMANTHA BARNES
57819,14970,98.3119,Randall Navarro,RANDALL NAVARRO
57820,14153,54.1119,Eduardo Brooks,EDUARDO BROOKS
57821,11740,38.675,Brianna Lee,BRIANNA LEE
57822,11206,82.8529,Isabella Smith,ISABELLA SMITH
57823,11783,82.8529,Ross Rodriguez,ROSS RODRIGUEZ
57824,11730,109.9144,Brianna Garcia,BRIANNA GARCIA
57825,12553,11.039,Alejandro Chavez,ALEJANDRO CHAVEZ
57826,14270,877.1048,Felicia Moreno,FELICIA MORENO
57827,13428,2560.2519,Xavier Gonzales,XAVIER GONZALES
57828,13316,2646.4419,Gavin Hayes,GAVIN HAYES
57829,18005,1381.0732,Brent Zhao,BRENT ZHAO
57831,17064,1025.9815,Jesse Wright,JESSE WRIGHT
57833,12706,2576.8048,Omar Gao,OMAR GAO
57834,12987,2535.964,Jaclyn Chande,JACLYN CHANDE
57840,20031,1276.8054,Destiny Howard,DESTINY HOWARD
57841,20040,1276.8054,Donald Sara,DONALD SARA
57842,15697,2719.4382,Marc Romero,MARC ROMERO
57844,13261,2585.6669,Carson Simmons,CARSON SIMMONS
57845,11592,2538.4944,Barbara Luo,BARBARA LUO
57846,12308,2585.6669,Hannah Lee,HANNAH LEE
57847,11588,2563.589,Chloe Jackson,CHLOE JACKSON
57848,12787,17.9784,Julian Price,JULIAN PRICE
57849,14074,30.1444,Juan Watson,JUAN WATSON
57850,14232,30.1444,Krista Gill,KRISTA GILL
57851,18294,83.9469,Jorge Wu,JORGE WU
57852,19106,47.4819,Megan Ward,MEGAN WARD
57853,18295,2.5305,Jorge Lin,JORGE LIN
57854,12696,175.695,Oscar Lu,OSCAR LU
57857,11505,27.614,Destiny Garcia,DESTINY GARCIA
57858,14091,27.614,Cody West,CODY WEST
57861,11176,40.0784,Morgan Miller,MORGAN MILLER
57863,11510,35.6584,Destiny Clark,DESTINY CLARK
57865,11223,45.957,Isabella Moore,ISABELLA MOORE
57868,20637,11.039,Kaitlyn Gonzales,KAITLYN GONZALES
57870,18572,15.4479,Janelle Rodriguez,JANELLE RODRIGUEZ
57872,14876,14.2987,Lance Sanz,LANCE SANZ
57873,20478,106.5883,Corey Beck,COREY BECK
57874,14799,77.339,Garrett Cox,GARRETT COX
57875,16601,87.2729,Isaiah Hill,ISAIAH HILL
57876,17844,208.8229,Samuel Thomas,SAMUEL THOMAS
57878,12664,76.2119,Elizabeth Coleman,ELIZABETH COLEMAN
57884,11200,38.675,Morgan Lewis,MORGAN LEWIS
57885,11842,44.189,Gerald Madan,GERALD MADAN
57886,12605,11.039,Clayton Zhu,CLAYTON ZHU
57887,16999,1918.2579,Ricardo Yuan,RICARDO YUAN
57888,14334,937.5594,Brian Torres,BRIAN TORRES
57889,13440,2630.4194,Colin Zhou,COLIN ZHOU
57890,13394,2562.4508,Willie Sharma,WILLIE SHARMA
57891,11241,896.5086,Isabella Clark,ISABELLA CLARK
57892,19947,2738.4552,Julie Yuan,JULIE YUAN
57893,12995,2605.5127,Emily Perry,EMILY PERRY
57894,19788,2738.5657,Rachel Griffin,RACHEL GRIFFIN
57899,14931,2674.4757,Albert Sanz,ALBERT SANZ
57903,12239,2654.1548,Emily Anderson,EMILY ANDERSON
57904,16183,27.614,Carlos Campbell,CARLOS CAMPBELL
57905,15639,35.6694,Jimmy Munoz,JIMMY MUNOZ
57907,16926,25.3819,Melody Nicholls,MELODY NICHOLLS
57908,17768,1906.6554,Logan Martin,LOGAN MARTIN
57909,17755,648.6019,Logan Anderson,LOGAN ANDERSON
57910,17772,734.2062,Susan Ma,SUSAN MA
57911,11506,69.5929,Carol Martinez,CAROL MARTINEZ
57912,14084,38.9292,Garrett Watson,GARRETT WATSON
57913,20745,54.6754,Morgan Griffin,MORGAN GRIFFIN
57914,12880,41.1834,Tristan Butler,TRISTAN BUTLER
57917,20769,27.8681,Crystal Zhu,CRYSTAL ZHU
57918,19238,77.339,Brianna Wood,BRIANNA WOOD
57919,16643,77.339,Alison Luo,ALISON LUO
57921,15817,71.2394,Troy Garcia,TROY GARCIA
57922,14622,32.0008,Sheila Torres,SHEILA TORRES
57923,16043,24.2879,Kellie Torres,KELLIE TORRES
57924,19919,5.514,Shannon Gomez,SHANNON GOMEZ
57925,13573,132.5779,Miguel Bryant,MIGUEL BRYANT
57931,16282,44.1779,Casey Xu,CASEY XU
57932,15635,44.1779,Jimmy Ashe,JIMMY ASHE
57934,11769,138.6444,Olivia White,OLIVIA WHITE
57935,15009,40.8408,Renee Navarro,RENEE NAVARRO
57936,16921,1939.2529,Jerry Nath,JERRY NATH
57937,14362,934.2333,Anne Jiménez,ANNE JIMÉNEZ
57938,14337,900.2546,Kristy Gill,KRISTY GILL
57940,19592,1987.8508,Holly Garcia,HOLLY GARCIA
57943,11028,2604.7944,Julia Smith,JULIA SMITH
57944,19784,2699.9018,Byron Serrano,BYRON SERRANO
57945,12021,711.0344,Alisha Raje,ALISHA RAJE
57950,20072,1276.8054,Destiny Jenkins,DESTINY JENKINS
57953,11240,639.1983,Isabella Robinson,ISABELLA ROBINSON
57956,12658,2682.9953,Elizabeth Ross,ELIZABETH ROSS
57958,11277,38.664,Ruben Vazquez,RUBEN VAZQUEZ
57959,14522,80.6208,Seth Gray,SETH GRAY
57961,19953,28.1554,Nicole Blue,NICOLE BLUE
57962,12035,2.5305,Abigail Williams,ABIGAIL WILLIAMS
57963,17764,1895.0419,Susan Xu,SUSAN XU
57964,19511,2788.9316,Brett Raman,BRETT RAMAN
57965,16512,905.5254,Adam Mitchell,ADAM MITCHELL
57966,11533,2.5305,Alyssa Taylor,ALYSSA TAYLOR
57967,11508,2.5305,Jenny Raje,JENNY RAJE
57969,11078,65.1729,Joe Sanz,JOE SANZ
57970,11660,26.2769,Pedro Mehta,PEDRO MEHTA
57971,17348,93.8808,Krystal Zhang,KRYSTAL ZHANG
57980,15847,132.5779,Kellie Gomez,KELLIE GOMEZ
57981,20411,76.7644,Peter Tang,PETER TANG
57985,16107,44.1779,Kristopher Sara,KRISTOPHER SARA
57986,17786,54.6754,Susan She,SUSAN SHE
57987,19934,213.7512,Nicole Watson,NICOLE WATSON
57992,11273,123.6937,Natalie Weisman,NATALIE WEISMAN
57993,11861,46.7194,Tamara Lu,TAMARA LU
57994,13180,90.0133,Edwin Xie,EDWIN XIE
57995,11714,44.189,Marshall Black,MARSHALL BLACK
57996,12309,86.7204,Colleen Xu,COLLEEN XU
57997,14355,888.9504,Anne Gomez,ANNE GOMEZ
57998,14330,891.4698,Kristy Navarro,KRISTY NAVARRO
57999,14336,987.2844,Nathaniel Torres,NATHANIEL TORRES
58000,13273,2735.9469,Carson Hayes,CARSON HAYES
58001,13403,2648.6408,Xavier Coleman,XAVIER COLEMAN
58002,12086,2535.964,Jessica Davis,JESSICA DAVIS
58003,14847,858.9607,Lance Alvarez,LANCE ALVAREZ
58005,17050,1014.3458,Johnny Lal,JOHNNY LAL
58007,11006,2634.3974,Chloe Martin,CHLOE MARTIN
58008,19613,2778.9977,Cassandra Sai,CASSANDRA SAI
58009,19783,2699.9018,Kelvin Hu,KELVIN HU
58015,14737,1297.8004,Hector Sanz,HECTOR SANZ
58016,20030,1276.8054,Destiny Cox,DESTINY COX
58017,12323,2666.4313,Colleen Sharma,COLLEEN SHARMA
58019,12225,2552.5169,Emily Brown,EMILY BROWN
58020,12323,2590.4073,Colleen Sharma,COLLEEN SHARMA
58021,15823,32.0229,Bryce Stewart,BRYCE STEWART
58022,13996,34.5534,Joanna Ramos,JOANNA RAMOS
58023,18763,77.3169,Joshua Jones,JOSHUA JONES
58024,18932,62.9519,Chelsea Weber,CHELSEA WEBER
58026,13642,55.239,Javier Gill,JAVIER GILL
58028,13995,38.664,Seth Hayes,SETH HAYES
58029,17355,27.0615,Krystal Liu,KRYSTAL LIU
58035,13800,905.5254,Briana Sandoval,BRIANA SANDOVAL
58038,12969,40.0784,Dakota Bryant,DAKOTA BRYANT
58039,11498,27.614,Jenny Shan,JENNY SHAN
58042,13756,79.0959,Monique Hernandez,MONIQUE HERNANDEZ
58045,15967,5.514,Henry Prasad,HENRY PRASAD
58046,17876,32.0229,Ethan Rodriguez,ETHAN RODRIGUEZ
58047,12493,77.339,Alejandro Xu,ALEJANDRO XU
58048,15446,35.6584,Warren Sharma,WARREN SHARMA
58049,14423,55.2169,Lee Carlson,LEE CARLSON
58050,17838,27.614,Nathan Harris,NATHAN HARRIS
58052,17763,14.2987,Samuel Brown,SAMUEL BROWN
58053,12957,38.675,Deb Hughes,DEB HUGHES
58054,12642,9.934,Josue Blanco,JOSUE BLANCO
58055,13364,62.9519,Willie Guo,WILLIE GUO
58056,20442,2742.8642,Jennifer Rogers,JENNIFER ROGERS
58057,16375,2738.5657,Jesse Nelson,JESSE NELSON
58058,20385,2793.8047,Shawn Pal,SHAWN PAL
58059,16984,1944.7669,Alex King,ALEX KING
58060,15996,624.314,Bob Kapoor,BOB KAPOOR
58061,11772,2580.1419,Ross Mehta,ROSS MEHTA
58064,12703,2706.1008,Kayla Wood,KAYLA WOOD
58065,12705,2626.5408,Kayla Barnes,KAYLA BARNES
58066,12694,2598.9158,Elizabeth Griffin,ELIZABETH GRIFFIN
58070,12631,2649.8453,Sarah Hughes,SARAH HUGHES
58071,12263,2569.0366,Emily Hall,EMILY HALL
58072,13254,2606.6619,Roger Zhu,ROGER ZHU
58073,11506,25.3819,Carol Martinez,CAROL MARTINEZ
58074,11862,184.4798,Emma Anderson,EMMA ANDERSON
58077,17716,1879.594,Margaret Lu,MARGARET LU
58078,17641,1918.2579,Sandra Chen,SANDRA CHEN
58081,11277,59.659,Ruben Vazquez,RUBEN VAZQUEZ
58082,11141,43.0729,Kaitlyn Martin,KAITLYN MARTIN
58083,11331,132.6,Grace Lee,GRACE LEE
58084,11330,70.6869,Grace Lewis,GRACE LEWIS
58086,16950,110.5995,Carl Kumar,CARL KUMAR
58094,12944,15.4479,Dakota Ross,DAKOTA ROSS
58095,16874,5.514,Russell Rai,RUSSELL RAI
58096,16074,44.1779,Andre Garcia,ANDRE GARCIA
58097,14483,44.1779,Jonathon Romero,JONATHON ROMERO
58099,16600,138.0919,Nichole Kumar,NICHOLE KUMAR
58100,19363,5.514,Olivia Simmons,OLIVIA SIMMONS
58101,19522,70.6869,Emma James,EMMA JAMES
58102,12812,55.2169,Rafael Xu,RAFAEL XU
58105,18031,27.614,Justin Williams,JUSTIN WILLIAMS
58107,13787,66.2779,Monique Ramos,MONIQUE RAMOS
58108,13422,90.0133,Colin Chen,COLIN CHEN
58110,13283,2560.2519,Gavin Henderson,GAVIN HENDERSON
58111,11743,2563.589,Ross Jordan,ROSS JORDAN
58112,17986,1381.0732,Brent Wang,BRENT WANG
58113,19792,2738.5657,Alicia Jai,ALICIA JAI
58116,12700,2618.8058,Kayla Bennett,KAYLA BENNETT
58117,12996,2624.3529,Emily Powell,EMILY POWELL
58126,20005,1263.5233,Destiny Reed,DESTINY REED
58130,14714,2629.8669,Sheila Serrano,SHEILA SERRANO
58131,13823,2624.3529,Marcus Coleman,MARCUS COLEMAN
58132,12244,71.7919,Dawn Raji,DAWN RAJI
58133,14682,97.7483,Xavier Cooper,XAVIER COOPER
58136,18447,23.7465,Larry Vazquez,LARRY VAZQUEZ
58137,14229,55.239,Evan Sanders,EVAN SANDERS
58138,16698,218.6574,Thomas Green,THOMAS GREEN
58141,13257,2656.3758,Carson Butler,CARSON BUTLER
58142,11702,59.659,Pedro Romero,PEDRO ROMERO
58143,11312,2.5305,Grace Jackson,GRACE JACKSON
58144,11507,14.3429,Marshall Jai,MARSHALL JAI
58145,20764,54.6754,Crystal Lu,CRYSTAL LU
58146,11185,47.4819,Morgan Jackson,MORGAN JACKSON
58147,18925,49.9681,Joseph Taylor,JOSEPH TAYLOR
58148,19751,35.6694,Rachel Henderson,RACHEL HENDERSON
58151,13474,16.5529,Colin Zeng,COLIN ZENG
58152,12945,55.2169,Jaclyn Guo,JACLYN GUO
58153,20761,25.3377,Isabella Morgan,ISABELLA MORGAN
58154,19655,142.5119,Patricia Chapman,PATRICIA CHAPMAN
58155,16796,60.7529,Mario Luo,MARIO LUO
58157,16503,5.514,Kelsey Luo,KELSEY LUO
58158,19014,34.2219,Lauren Watson,LAUREN WATSON
58159,17875,27.614,Carrie Carlson,CARRIE CARLSON
58160,17877,207.7179,David Miller,DAVID MILLER
58161,11471,59.659,Nicole Lee,NICOLE LEE
58162,19523,34.5534,Brett Lopez,BRETT LOPEZ
58164,17751,103.3065,Samuel Williams,SAMUEL WILLIAMS
58166,13509,37.5479,Jeremiah Jenkins,JEREMIAH JENKINS
58167,13501,44.1779,Colin Andersen,COLIN ANDERSEN
58168,11644,44.189,Pedro Sai,PEDRO SAI
58169,14091,46.7194,Cody West,CODY WEST
58170,12970,156.8658,Jaclyn Luo,JACLYN LUO
58171,11720,70.6758,Brianna Anderson,BRIANNA ANDERSON
58172,12656,9.934,Elizabeth Wood,ELIZABETH WOOD
58173,13717,82.8529,Devin Bryant,DEVIN BRYANT
58174,19142,683.9729,Casey Diaz,CASEY DIAZ
58175,19164,696.1058,Megan Stone,MEGAN STONE
58176,14338,915.7577,Kristy Vazquez,KRISTY VAZQUEZ
58177,13287,2563.589,Gavin Jenkins,GAVIN JENKINS
58178,14436,2604.4298,Steven Peterson,STEVEN PETERSON
58179,13314,2664.0887,Robyn Rubio,ROBYN RUBIO
58180,20722,857.8447,Amy Liang,AMY LIANG
58181,17049,850.2865,Jesse King,JESSE KING
58183,13078,2607.7779,Madison Coleman,MADISON COLEMAN
58184,19207,874.4086,Philip Blanco,PHILIP BLANCO
58187,20109,1276.8054,Ronald Chandra,RONALD CHANDRA
58189,16580,663.5083,Jack Lopez,JACK LOPEZ
58190,15932,2644.3313,Manuel Rana,MANUEL RANA
58193,13408,2596.7058,Willie Nara,WILLIE NARA
58194,12271,2588.9266,Colleen Zhao,COLLEEN ZHAO
58195,13259,2653.0277,Roger Liang,ROGER LIANG
58196,13252,2574.6279,Carson Patterson,CARSON PATTERSON
58197,17346,62.9519,Alan She,ALAN SHE
58199,19583,108.2458,Grace Stewart,GRACE STEWART
58200,19566,76.2119,Byron Hernandez,BYRON HERNANDEZ
58202,11287,71.7919,Ruben Carlson,RUBEN CARLSON
58208,12430,77.3169,Jon Lal,JON LAL
58214,20776,25.3377,Crystal Zheng,CRYSTAL ZHENG
58216,20327,77.339,Chad Xu,CHAD XU
58217,17611,44.1779,James Anderson,JAMES ANDERSON
58218,14503,44.1779,Garrett Gray,GARRETT GRAY
58219,15870,8.0444,Thomas Perez,THOMAS PEREZ
58220,15274,126.4783,Charles Sanchez,CHARLES SANCHEZ
58221,17224,73.9908,Jose Williams,JOSE WILLIAMS
58228,13494,44.1779,Colin Lal,COLIN LAL
58229,13708,44.189,Rodney Rubio,RODNEY RUBIO
58230,11823,70.6758,Ross Ramos,ROSS RAMOS
58231,12954,46.7194,Dakota Patterson,DAKOTA PATTERSON
58232,13439,62.9519,Xavier Hayes,XAVIER HAYES
58233,13146,34.2219,Edwin Zhao,EDWIN ZHAO
58234,20405,2832.5018,Julia Long,JULIA LONG
58235,16998,1918.2579,Samuel Hernandez,SAMUEL HERNANDEZ
58236,13298,2574.6279,Gavin Hughes,GAVIN HUGHES
58238,19795,2725.2836,Alicia Andersen,ALICIA ANDERSEN
58239,19562,1918.2579,Monica Lopez,MONICA LOPEZ
58241,13011,2560.2519,Emily Alexander,EMILY ALEXANDER
58242,12699,2613.2808,Omar Xu,OMAR XU
58243,11901,2624.3529,Elizabeth Johnson,ELIZABETH JOHNSON
58244,12701,2602.264,Jose Carlson,JOSE CARLSON
58245,12988,2742.9084,Emily Ross,EMILY ROSS
58246,19772,2709.8357,Alicia Xie,ALICIA XIE
58247,11835,2710.6092,Victoria Rodriguez,VICTORIA RODRIGUEZ
58250,14716,2535.964,Nathaniel Richardson,NATHANIEL RICHARDSON
58251,12300,2563.589,Colleen She,COLLEEN SHE
58252,11276,15.4479,Natalie Martin,NATALIE MARTIN
58253,13125,116.0029,Fernando Gonzales,FERNANDO GONZALES
58254,17646,1934.8329,Cameron Miller,CAMERON MILLER
58255,11691,59.659,Pedro Alvarez,PEDRO ALVAREZ
58256,18759,83.3944,Joshua Johnson,JOSHUA JOHNSON
58261,15868,82.2783,José Perez,JOSÉ PEREZ
58263,19859,77.339,Jasmine Hughes,JASMINE HUGHES
58264,14079,86.7204,Melinda Serrano,MELINDA SERRANO
58265,18773,87.2729,Orlando Muñoz,ORLANDO MUÑOZ
58267,15504,44.1779,Rachael Prasad,RACHAEL PRASAD
58268,14562,8.0444,Jared Ramirez,JARED RAMIREZ
58269,16593,104.4004,Nathan Green,NATHAN GREEN
58271,19465,5.514,Raymond Sara,RAYMOND SARA
58273,17776,8.0444,Susan Guo,SUSAN GUO
58274,16490,2738.5657,Luke Mitchell,LUKE MITCHELL
58275,16997,1949.1869,Kyle Wright,KYLE WRIGHT
58276,19412,683.4094,Victoria Gray,VICTORIA GRAY
58277,12380,1352.3432,Lacey Xu,LACEY XU
58278,13076,2684.0119,Louis Xie,LOUIS XIE
58279,13082,2633.1377,Madison Powell,MADISON POWELL
58285,18855,1276.8054,Brandy Raman,BRANDY RAMAN
58288,12492,2585.6669,Alejandro Lu,ALEJANDRO LU
58289,16185,27.614,Angel Campbell,ANGEL CAMPBELL
58290,15812,87.2508,Jesse Stewart,JESSE STEWART
58291,16626,38.6529,Nichole Raji,NICHOLE RAJI
58292,18325,77.3169,Jorge Zheng,JORGE ZHENG
58294,16738,34.2219,Robert Scott,ROBERT SCOTT
58295,20212,26.2769,George Garcia,GEORGE GARCIA
58296,19676,75.1069,Grace Russell,GRACE RUSSELL
58298,14014,38.664,Jared James,JARED JAMES
58300,11519,6.9394,Jenny Nath,JENNY NATH
58307,15418,77.3169,Alex Reed,ALEX REED
58308,14897,82.2783,Albert Alvarez,ALBERT ALVAREZ
58309,11841,77.339,Gerald Arun,GERALD ARUN
58310,17343,44.1779,Naomi Munoz,NAOMI MUNOZ
58312,13471,34.2219,Dalton Simmons,DALTON SIMMONS
58313,13480,90.0133,Colin Deng,COLIN DENG
58314,15705,77.339,Jackson Edwards,JACKSON EDWARDS
58315,12490,42.9624,Sarah Rodriguez,SARAH RODRIGUEZ
58316,17954,38.6529,Ryan Martin,RYAN MARTIN
58317,19466,70.6869,Victoria Gonzales,VICTORIA GONZALES
58318,16330,34.5534,Thomas Nelson,THOMAS NELSON
58319,18043,38.6529,Jeffery Yang,JEFFERY YANG
58320,11315,44.189,Grace Harris,GRACE HARRIS
58321,14724,71.0073,Jared Richardson,JARED RICHARDSON
58322,11822,41.2055,Ross Serrano,ROSS SERRANO
58323,12453,24.2879,Jon Nath,JON NATH
58324,19693,79.5048,Rachel Rogers,RACHEL ROGERS
58325,12409,38.675,Ashley Williams,ASHLEY WILLIAMS
58326,12045,62.9629,Rakesh Tangirala,RAKESH TANGIRALA
58327,12616,16.5529,Sarah Barnes,SARAH BARNES
58328,16089,199.9829,Kristopher Kapoor,KRISTOPHER KAPOOR
58329,17028,1949.1869,Melody Vazquez,MELODY VAZQUEZ
58330,14416,850.2865,Lee Vazquez,LEE VAZQUEZ
58331,14284,850.2865,Devin Wood,DEVIN WOOD
58332,14342,888.9504,Kristy Carlson,KRISTY CARLSON
58333,13340,2613.2808,Julian Flores,JULIAN FLORES
58334,13660,2598.9158,Edward Russell,EDWARD RUSSELL
58335,13326,2574.639,Julian Coleman,JULIAN COLEMAN
58336,17048,888.9504,Johnny Kumar,JOHNNY KUMAR
58337,17055,850.2865,Sean King,SEAN KING
58338,13525,2802.0701,Briana Alonso,BRIANA ALONSO
58340,13006,2563.589,Emily Simmons,EMILY SIMMONS
58341,19773,2738.5657,Rachel Butler,RACHEL BUTLER
58344,20026,1340.3319,Donald Patel,DONALD PATEL
58352,12228,2574.6279,Dawn Raje,DAWN RAJE
58353,12284,2574.639,Colleen Liang,COLLEEN LIANG
58354,11507,54.1119,Marshall Jai,MARSHALL JAI
58357,17761,1944.7669,Susan Lu,SUSAN LU
58360,17753,703.8187,Logan Taylor,LOGAN TAYLOR
58362,13801,905.5254,Linda Alvarez,LINDA ALVAREZ
58363,11322,2.5305,Lacey Anand,LACEY ANAND
58365,11300,97.7483,Marshall Shen,MARSHALL SHEN
58366,11258,15.7242,Marshall She,MARSHALL SHE
58370,11300,42.9624,Marshall Shen,MARSHALL SHEN
58371,12760,55.2058,Omar Chande,OMAR CHANDE
58372,12097,77.3169,Warren Gao,WARREN GAO
58374,19781,43.0729,Rachel Alexander,RACHEL ALEXANDER
58375,18090,47.4377,Wesley Liu,WESLEY LIU
58376,19702,77.339,Rachel Murphy,RACHEL MURPHY
58377,18509,66.2779,Leslie Ruiz,LESLIE RUIZ
58378,19139,77.339,Casey Rowe,CASEY ROWE
58379,12972,32.5754,Dakota Alexander,DAKOTA ALEXANDER
58380,16088,8.0444,Kristopher Suri,KRISTOPHER SURI
58381,15779,99.9694,Eric Collins,ERIC COLLINS
58382,15524,8.0444,Rachael Perez,RACHAEL PEREZ
58383,16564,138.114,Kara Pal,KARA PAL
58384,15633,75.6815,Jack Evans,JACK EVANS
58385,18034,70.6869,Jeffery Wang,JEFFERY WANG
58386,19389,152.9873,Victoria Morgan,VICTORIA MORGAN
58389,15711,60.7529,Diane Ramos,DIANE RAMOS
58390,15511,101.6269,Sebastian Cook,SEBASTIAN COOK
58391,19143,668.7571,Casey Hernandez,CASEY HERNANDEZ
58392,17041,1879.594,Johnny Tang,JOHNNY TANG
58393,16764,1945.3194,Melody Diaz,MELODY DIAZ
58394,17021,1879.594,Ricardo Nara,RICARDO NARA
58395,19144,679.5308,Megan Jenkins,MEGAN JENKINS
58396,13288,2643.0937,Gavin Perry,GAVIN PERRY
58397,13427,2535.964,Xavier Foster,XAVIER FOSTER
58398,13319,2724.8748,Julian Wood,JULIAN WOOD
58399,19794,2784.9426,Jasmine Rogers,JASMINE ROGERS
58402,11057,2644.3313,Julia Martin,JULIA MARTIN
58404,12702,2639.8008,Omar Sun,OMAR SUN
58405,12999,2596.7279,Jaclyn Raji,JACLYN RAJI
58406,19609,2778.9977,Grace Richardson,GRACE RICHARDSON
58407,12681,2587.8769,Omar Liu,OMAR LIU
58408,12684,2664.0887,Elizabeth Simmons,ELIZABETH SIMMONS
58410,20067,1276.8054,Shannon Romero,SHANNON ROMERO
58411,20719,1286.7394,Amy Zhu,AMY ZHU
58413,12461,650.8008,Sarah Brown,SARAH BROWN
58414,14279,830.2307,Felicia Romero,FELICIA ROMERO
58415,12289,2607.7779,Carol White,CAROL WHITE
58416,12321,2562.4508,Madison Miller,MADISON MILLER
58417,11520,8.7848,Destiny Hall,DESTINY HALL
58418,11790,38.664,Olivia Hall,OLIVIA HALL
58419,18194,85.0519,Todd Li,TODD LI
58420,20243,66.8194,Chloe Cook,CHLOE COOK
58421,16182,65.1729,Tina Chandra,TINA CHANDRA
58422,15124,107.6823,Kendra Gomez,KENDRA GOMEZ
58424,11287,2.5305,Ruben Carlson,RUBEN CARLSON
58425,11466,35.6584,Nicole Clark,NICOLE CLARK
58429,11078,33.1279,Joe Sanz,JOE SANZ
58431,20086,79.0959,Joel Subram,JOEL SUBRAM
58437,12928,104.4004,Jaclyn Lu,JACLYN LU
58440,17430,5.514,Hunter Allen,HUNTER ALLEN
58441,18590,132.5779,Janelle Sanchez,JANELLE SANCHEZ
58443,14401,16.8292,Lee Moreno,LEE MORENO
58444,16195,102.1904,Jesse Campbell,JESSE CAMPBELL
58445,12845,83.9469,Rafael Xie,RAFAEL XIE
58446,11436,59.659,Jenny Li,JENNY LI
58447,17899,33.139,Hunter Wilson,HUNTER WILSON
58448,12294,59.659,Hannah Thompson,HANNAH THOMPSON
58449,12329,76.2119,Colleen Jai,COLLEEN JAI
58450,13503,71.8029,Colin Chavez,COLIN CHAVEZ
58451,17120,1918.2579,Mitchell Stone,MITCHELL STONE
58452,17127,1965.2094,Nathan Wright,NATHAN WRIGHT
58453,17128,1918.2579,Jordan King,JORDAN KING
58454,14088,1939.2529,Melinda Rubio,MELINDA RUBIO
58455,13345,2560.2519,Willie Huang,WILLIE HUANG
58456,11742,2582.6834,Marshall Raji,MARSHALL RAJI
58457,12382,1342.4093,Lacey Sun,LACEY SUN
58458,17056,927.6254,Johnny Shan,JOHNNY SHAN
58460,12990,2563.589,Jaclyn Nara,JACLYN NARA
58461,12683,2560.2519,Elizabeth Butler,ELIZABETH BUTLER
58462,12693,2574.639,Omar Zhao,OMAR ZHAO
58466,15928,2673.0613,Manuel Srini,MANUEL SRINI
58467,12998,1381.0732,Emily Long,EMILY LONG
58469,12229,2590.4073,Emily Davis,EMILY DAVIS
58470,12463,2639.2373,Sarah Miller,SARAH MILLER
58471,13407,2626.5408,Willie Chander,WILLIE CHANDER
58472,11591,2560.2519,Barbara Xu,BARBARA XU
58473,13253,2547.0029,Carson Hughes,CARSON HUGHES
58474,11590,2580.1419,Marshall Chavez,MARSHALL CHAVEZ
58475,12195,8.7848,Arthur Washington,ARTHUR WASHINGTON
58476,13042,27.614,Louis Xu,LOUIS XU
58477,15124,27.614,Kendra Gomez,KENDRA GOMEZ
58478,17053,77.3169,Jesse Hernandez,JESSE HERNANDEZ
58479,20231,66.8194,Chloe Morris,CHLOE MORRIS
58480,19630,28.1554,Cassandra Raman,CASSANDRA RAMAN
58482,13523,38.664,Jeremiah Simmons,JEREMIAH SIMMONS
58483,19567,32.034,Miguel Sanchez,MIGUEL SANCHEZ
58484,17297,69.5929,Bethany Nath,BETHANY NATH
58486,12631,2738.4552,Sarah Hughes,SARAH HUGHES
58487,13808,915.4594,Richard Diaz,RICHARD DIAZ
58488,11631,43.3381,Lauren Moore,LAUREN MOORE
58489,11507,38.664,Marshall Jai,MARSHALL JAI
58490,11078,82.8529,Joe Sanz,JOE SANZ
58492,11273,178.2255,Natalie Weisman,NATALIE WEISMAN
58495,20084,42.9624,Carol Patterson,CAROL PATTERSON
58499,11331,33.139,Grace Lee,GRACE LEE
58502,12984,26.4869,Emily Bennett,EMILY BENNETT
58503,20301,77.339,Bradley Andersen,BRADLEY ANDERSEN
58504,15958,75.6815,Henry Vance,HENRY VANCE
58505,14450,199.9829,Lucas Peterson,LUCAS PETERSON
58506,14136,79.5048,Lori Sanz,LORI SANZ
58507,14193,40.432,Sabrina Sanz,SABRINA SANZ
58508,14981,38.675,Ian Morgan,IAN MORGAN
58510,15613,30.1444,Thomas Evans,THOMAS EVANS
58514,14981,40.0784,Ian Morgan,IAN MORGAN
58515,13936,38.675,Lucas Bryant,LUCAS BRYANT
58516,19224,79.5269,Nelson Alonso,NELSON ALONSO
58517,16902,156.8879,Eric Adams,ERIC ADAMS
58518,16670,2738.5657,Alison Goel,ALISON GOEL
58519,17129,1918.2579,Mitchell Xu,MITCHELL XU
58520,16791,1911.6169,James Baker,JAMES BAKER
58521,15993,659.9723,Henry Perez,HENRY PEREZ
58522,15890,654.4584,Johnathan Arthur,JOHNATHAN ARTHUR
58523,14283,883.4254,Devin Bennett,DEVIN BENNETT
58524,13224,2601.6894,Robyn Ramos,ROBYN RAMOS
58525,13279,2598.9158,Roger Deng,ROGER DENG
58526,13329,2612.1758,Roger Raji,ROGER RAJI
58527,13348,2688.9844,Willie Lin,WILLIE LIN
58528,13382,2590.4073,Willie Xu,WILLIE XU
58529,13304,2686.1998,Gavin Gonzales,GAVIN GONZALES
58533,11010,2644.3313,Joe Schmidt,JOE SCHMIDT
58535,19612,2708.6865,Grace Cox,GRACE COX
58536,11027,2666.3208,Chloe Hall,CHLOE HALL
58538,17118,622.0708,James Wright,JAMES WRIGHT
58542,12526,2574.6279,Samantha Jenkins,SAMANTHA JENKINS
58543,12296,2535.964,Hannah Garcia,HANNAH GARCIA
58544,17306,91.6819,Alan Huang,ALAN HUANG
58545,17234,59.659,Robert Lopez,ROBERT LOPEZ
58546,13669,8.7848,Wyatt Bennett,WYATT BENNETT
58547,18705,2.5305,Erika Torres,ERIKA TORRES
58548,17494,60.764,Valerie Wu,VALERIE WU
58550,11287,75.0627,Ruben Carlson,RUBEN CARLSON
58552,11215,207.7179,Isabella Brown,ISABELLA BROWN
58556,11330,79.0959,Grace Lewis,GRACE LEWIS
58557,11330,42.9624,Grace Lewis,GRACE LEWIS
58559,16358,11.039,Adam Nelson,ADAM NELSON
58560,16840,132.5779,Nathan Adams,NATHAN ADAMS
58563,18161,8.0444,Benjamin Jackson,BENJAMIN JACKSON
58567,13239,109.9144,Carson Henderson,CARSON HENDERSON
58568,19163,596.689,Casey Browning,CASEY BROWNING
58569,11707,2703.8798,Brianna Smith,BRIANNA SMITH
58570,13424,2612.1758,Xavier Butler,XAVIER BUTLER
58571,19797,2699.9018,Jasmine Cook,JASMINE COOK
58573,12994,2613.2808,Emily Jenkins,EMILY JENKINS
58574,11912,2563.589,Elizabeth Wilson,ELIZABETH WILSON
58575,19790,2775.0086,Rachel Diaz,RACHEL DIAZ
58580,20720,1276.8054,Amy Gao,AMY GAO
58581,11479,612.1369,Destiny Johnson,DESTINY JOHNSON
58582,12397,650.8008,Samantha Clark,SAMANTHA CLARK
58585,12404,2645.3258,Lacey She,LACEY SHE
58586,12277,2604.7944,Colleen Sun,COLLEEN SUN
58587,13258,2610.3084,Roger Ma,ROGER MA
58588,12264,2618.8058,Warren Zeng,WARREN ZENG
58589,11970,38.664,Alisha Ma,ALISHA MA
58591,19266,46.7194,Erik Ruiz,ERIK RUIZ
58594,14857,9.934,Lance Navarro,LANCE NAVARRO
58595,19630,54.1119,Cassandra Raman,CASSANDRA RAMAN
58596,14967,680.6358,Randall Romero,RANDALL ROMERO
58597,11717,59.659,Brianna Moore,BRIANNA MOORE
58598,11165,74.5765,Morgan Johnson,MORGAN JOHNSON
58599,11632,132.6,Lauren Taylor,LAUREN TAYLOR
58600,11019,164.6229,Joe Belson,JOE BELSON
58603,12944,35.6694,Dakota Ross,DAKOTA ROSS
58606,20733,26.4869,Morgan Washington,MORGAN WASHINGTON
58608,20384,142.5119,Dwayne Hernandez,DWAYNE HERNANDEZ
58611,12525,132.5779,Alejandro Shen,ALEJANDRO SHEN
58612,14173,42.9624,Evan Kelly,EVAN KELLY
58613,19189,32.5754,Philip Moreno,PHILIP MORENO
58615,16449,8.0444,Gloria Navarro,GLORIA NAVARRO
58616,15119,40.0784,Eduardo Murphy,EDUARDO MURPHY
58617,17855,44.1779,Carrie Alvarez,CARRIE ALVAREZ
58618,11657,138.0919,Lauren Clark,LAUREN CLARK
58619,11712,52.9737,Pedro Dominguez,PEDRO DOMINGUEZ
58620,13291,90.0133,Roger Luo,ROGER LUO
58621,15559,94.4554,Punya Palit,PUNYA PALIT
58622,12489,9.934,Sarah Clark,SARAH CLARK
58623,17012,1934.8329,José Hernandez,JOSÉ HERNANDEZ
58624,13425,2615.4908,Colin Li,COLIN LI
58627,11239,1342.4093,Isabella Martinez,ISABELLA MARTINEZ
58630,13051,2610.3084,Louis Liang,LOUIS LIANG
58631,13079,2552.5169,Madison Jenkins,MADISON JENKINS
58632,13081,2574.639,Madison Perry,MADISON PERRY
58633,12686,2602.2529,Omar Lin,OMAR LIN
58637,13407,2738.2342,Willie Chander,WILLIE CHANDER
58638,12332,2673.0613,Madison White,MADISON WHITE
58639,13404,2644.3313,Xavier Jenkins,XAVIER JENKINS
58640,13581,2580.1419,Blake Price,BLAKE PRICE
58641,12287,2639.2373,Hannah Thomas,HANNAH THOMAS
58644,17300,59.659,Noah Davis,NOAH DAVIS
58645,19976,17.9784,Tara Deng,TARA DENG
58646,11242,635.3529,Ruben Gomez,RUBEN GOMEZ
58647,19506,2740.3337,Brett Srini,BRETT SRINI
58648,20711,2715.3497,Morgan Ross,MORGAN ROSS
58649,11169,43.0729,Roy Gill,ROY GILL
58650,18758,93.8808,Natasha Gill,NATASHA GILL
58652,11498,41.9127,Jenny Shan,JENNY SHAN
58656,16096,118.3234,Aaron Phillips,AARON PHILLIPS
58658,18573,41.1834,Kathleen Gutierrez,KATHLEEN GUTIERREZ
58659,20440,11.039,Jennifer Sanchez,JENNIFER SANCHEZ
58661,19760,142.5119,Rachel Perry,RACHEL PERRY
58663,18342,44.1779,Frank Gutierrez,FRANK GUTIERREZ
58664,15776,5.514,Jack Collins,JACK COLLINS
58665,14642,8.0444,Clinton Rubio,CLINTON RUBIO
58666,14491,140.6444,Chase Gray,CHASE GRAY
58668,16537,27.614,Gabriel Scott,GABRIEL SCOTT
58671,18181,54.1119,Randy Zeng,RANDY ZENG
58673,13185,46.7194,Edwin Xu,EDWIN XU
58674,11178,46.7194,Morgan Wilson,MORGAN WILSON
58675,11503,65.7365,Destiny Thompson,DESTINY THOMPSON
58676,16479,40.8408,Misty Chander,MISTY CHANDER
58677,12758,82.8529,Omar Raje,OMAR RAJE
58678,17040,1945.3194,Alex Hernandez,ALEX HERNANDEZ
58679,17142,1909.7384,Mitchell Pal,MITCHELL PAL
58680,16834,1934.8329,Mario Raji,MARIO RAJI
58681,13286,2580.1419,Gavin Coleman,GAVIN COLEMAN
58682,13292,2538.4944,Robyn Sanz,ROBYN SANZ
58683,13366,2574.6279,Oscar Blue,OSCAR BLUE
58684,13415,2570.1858,Begoña Hurtado,BEGOÑA HURTADO
58687,19564,1895.0419,Monica Gonzalez,MONICA GONZALEZ
58689,13077,2535.964,Louis Tang,LOUIS TANG
58690,11919,2580.1529,Elizabeth Jackson,ELIZABETH JACKSON
58691,11920,2610.3084,Tamara Nath,TAMARA NATH
58692,18189,596.689,Alexander Davis,ALEXANDER DAVIS
58695,13719,1248.0754,Devin Russell,DEVIN RUSSELL
58696,20092,1270.1644,Destiny Butler,DESTINY BUTLER
58698,12390,620.4354,Samantha Garcia,SAMANTHA GARCIA
58699,15627,2649.8453,Caleb Evans,CALEB EVANS
58700,12333,2644.3313,Colleen Andersen,COLLEEN ANDERSEN
58701,14277,889.8897,Dalton Sanders,DALTON SANDERS
58704,13404,2618.8058,Xavier Jenkins,XAVIER JENKINS
58705,12402,2643.1158,Samantha Lee,SAMANTHA LEE
58706,13769,2602.264,Richard Wood,RICHARD WOOD
58708,11276,38.664,Natalie Martin,NATALIE MARTIN
58709,12414,132.6,Ashley Davis,ASHLEY DAVIS
58710,17494,62.9519,Valerie Wu,VALERIE WU
58715,12678,102.7319,Omar Li,OMAR LI
58717,11074,9.934,Joe Carlson,JOE CARLSON
58718,14074,36.023,Juan Watson,JUAN WATSON
58720,12960,9.934,Jaclyn Shen,JACLYN SHEN
58722,13267,5.514,Roger Holt,ROGER HOLT
58727,17360,38.9292,Krystal Holt,KRYSTAL HOLT
58732,20698,26.4869,Morgan Brooks,MORGAN BROOKS
58733,12760,132.5779,Omar Chande,OMAR CHANDE
58734,17397,44.1779,Thomas Miller,THOMAS MILLER
58736,16006,44.1779,Logan Turner,LOGAN TURNER
58737,15514,138.114,Jared Cook,JARED COOK
58738,14659,44.1779,Cole Cooper,COLE COOPER
58739,14587,8.0444,Jeremy Ramirez,JEREMY RAMIREZ
58740,15246,24.2879,Heidi Vance,HEIDI VANCE
58741,20354,35.6031,Chad Nath,CHAD NATH
58742,19045,54.1119,Gary Carlson,GARY CARLSON
58743,18154,73.4162,Christian Jackson,CHRISTIAN JACKSON
58744,15447,27.614,Damien Raji,DAMIEN RAJI
58749,17810,15.4479,Abby Sai,ABBY SAI
58750,18674,24.2879,Diana Ramos,DIANA RAMOS
58751,14872,79.5269,Lance Carlson,LANCE CARLSON
58752,15943,90.0133,Robert Roberts,ROBERT ROBERTS
58753,12538,9.934,Jaime Gutierrez,JAIME GUTIERREZ
58754,20377,2699.9018,Julia Kelly,JULIA KELLY
58755,17042,1918.2579,Johnny Xu,JOHNNY XU
58756,17144,2089.8423,Robert Brown,ROBERT BROWN
58757,17029,1944.7669,Ricardo Raji,RICARDO RAJI
58758,11705,2610.3084,Megan Hall,MEGAN HALL
58759,13243,2574.6279,Carson Perry,CARSON PERRY
58760,13369,2580.1529,Willie Cai,WILLIE CAI
58761,13325,2626.5408,Roger Goel,ROGER GOEL
58762,14305,891.4698,Felicia Ortega,FELICIA ORTEGA
58766,11052,2673.0613,Joe Romero,JOE ROMERO
58767,19785,2760.6657,Rachel Russell,RACHEL RUSSELL
58769,20032,1238.1415,Shannon Munoz,SHANNON MUNOZ
58770,20068,1238.1415,Joel Patel,JOEL PATEL
58772,13408,2644.3313,Willie Nara,WILLIE NARA
58774,13253,2649.8453,Carson Hughes,CARSON HUGHES
58775,15927,2673.0613,James Roberts,JAMES ROBERTS
58776,12991,1367.7911,Emily Coleman,EMILY COLEMAN
58777,11887,8.7848,Emma Lewis,EMMA LEWIS
58778,17054,33.139,Johnny Sharma,JOHNNY SHARMA
58781,13048,92.7869,Louis Gao,LOUIS GAO
58782,12993,32.034,Jaclyn Rai,JACLYN RAI
58783,11421,1879.594,Christy Nath,CHRISTY NATH
58785,16414,2735.9248,Tracy Xu,TRACY XU
58787,13806,987.8037,Linda Moreno,LINDA MORENO
58788,13071,32.034,Madison Barnes,MADISON BARNES
58794,20457,81.7258,Jennifer Cooper,JENNIFER COOPER
58795,20524,76.2119,Keith Anand,KEITH ANAND
58796,15970,44.1779,Brian Albrecht,BRIAN ALBRECHT
58797,20734,8.0444,Amy Cai,AMY CAI
58798,14508,60.7529,Charles Gray,CHARLES GRAY
58799,19232,24.2879,Brianna Sandberg,BRIANNA SANDBERG
58800,14295,62.9519,Felicia Blanco,FELICIA BLANCO
58801,14296,50.7748,Felicia Ramos,FELICIA RAMOS
58802,14388,90.0133,Anne Carlson,ANNE CARLSON
58804,20568,32.0229,Kaitlyn Rivera,KAITLYN RIVERA
58806,11566,5.514,Barbara Zhu,BARBARA ZHU
58807,11530,72.8969,Jenny Raji,JENNY RAJI
58808,11321,38.675,Grace Garcia,GRACE GARCIA
58809,15564,96.0908,Luke Parker,LUKE PARKER
58810,17121,1918.2579,Mitchell Deng,MITCHELL DENG
58811,13238,2574.6279,Roger Zhou,ROGER ZHOU
58812,11708,2574.9042,Brianna Johnson,BRIANNA JOHNSON
58813,13355,2626.5519,Willie Xu,WILLIE XU
58815,19565,1911.6169,Monica Rodriguez,MONICA RODRIGUEZ
58816,19593,1909.7384,Grace Morgan,GRACE MORGAN
58819,19611,2735.9248,Cassandra Malhotra,CASSANDRA MALHOTRA
58830,20028,1297.8004,Donald Kovár,DONALD KOVÁR
58831,11403,622.9659,Christy Shan,CHRISTY SHAN
58833,11239,627.3748,Isabella Martinez,ISABELLA MARTINEZ
58836,12653,2676.9067,Clayton Raje,CLAYTON RAJE
58837,14211,1352.3432,Ian Kelly,IAN KELLY
58839,12391,2535.964,Lacey Liang,LACEY LIANG
58840,11804,65.1729,Warren Wang,WARREN WANG
58841,16683,41.1834,Jackson Hill,JACKSON HILL
58842,11463,16.5529,Nicole Martinez,NICOLE MARTINEZ
58844,20047,679.5529,Destiny Watson,DESTINY WATSON
58845,20046,764.5606,Donald Mehta,DONALD MEHTA
58846,16447,905.5033,Angel Carter,ANGEL CARTER
58847,11699,69.5929,Megan Clark,MEGAN CLARK
58848,11215,43.0729,Isabella Brown,ISABELLA BROWN
58850,11619,30.1444,Lauren Jones,LAUREN JONES
58851,11268,6.9394,Natalie Anderson,NATALIE ANDERSON
58854,15244,91.6598,Heidi Patel,HEIDI PATEL
58857,18642,77.3169,Daniel Martinez,DANIEL MARTINEZ
58859,15748,132.5558,Jose Collins,JOSE COLLINS
58861,19759,87.2729,Brandy Suri,BRANDY SURI
58862,20331,147.5065,Dwayne Gomez,DWAYNE GOMEZ
58863,20125,132.5779,Alyssa Murphy,ALYSSA MURPHY
58864,19660,132.5779,Grace Washington,GRACE WASHINGTON
58865,17489,65.1729,Valerie Yang,VALERIE YANG
58867,19647,51.3494,Grace Perry,GRACE PERRY
58868,12848,81.7258,Rafael Tang,RAFAEL TANG
58870,20586,27.614,Kristin Carson,KRISTIN CARSON
58871,13805,32.0229,Richard Griffin,RICHARD GRIFFIN
58872,14812,70.6869,Roberto Navarro,ROBERTO NAVARRO
58875,11566,44.1779,Barbara Zhu,BARBARA ZHU
58878,11283,46.7194,Natalie Clark,NATALIE CLARK
58879,16841,62.9519,Alex Allen,ALEX ALLEN
58880,11871,38.675,Tamara Liang,TAMARA LIANG
58881,12729,9.934,Kayla Foster,KAYLA FOSTER
58882,16952,1918.2579,Adam Young,ADAM YOUNG
58883,17022,1949.1869,Thomas Hernandez,THOMAS HERNANDEZ
58884,19165,700.5258,Mary Foster,MARY FOSTER
58885,14335,888.9504,Bryce Torres,BRYCE TORRES
58886,13396,2610.3084,Willie Shan,WILLIE SHAN
58887,18019,1342.4093,Christopher Brown,CHRISTOPHER BROWN
58889,12698,2535.964,Kayla Price,KAYLA PRICE
58890,19602,2778.9977,Holly Perez,HOLLY PEREZ
58891,12014,607.7279,Alisha Holt,ALISHA HOLT
58897,20006,1276.8054,Destiny Cook,DESTINY COOK
59077,14830,2580.1419,Alex Howard,ALEX HOWARD
59078,14424,2607.7669,Chase Peterson,CHASE PETERSON
59079,13583,2656.3758,Jon Xu,JON XU
59080,16553,905.5254,Jonathan Perez,JONATHAN PEREZ
59082,18199,100.4998,Todd Huang,TODD HUANG
59089,16045,905.5254,Carlos Turner,CARLOS TURNER
59090,11674,59.659,Megan Davis,MEGAN DAVIS
59092,11206,2.5305,Isabella Smith,ISABELLA SMITH
59095,11922,40.432,Elizabeth Harris,ELIZABETH HARRIS
59097,19894,77.339,Nicole Cook,NICOLE COOK
59098,17541,5.514,James Wilson,JAMES WILSON
59101,14249,106.5883,Sebastian Sanders,SEBASTIAN SANDERS
59102,14994,33.1279,Renee Gomez,RENEE GOMEZ
59104,19909,70.6869,Kathryn Luo,KATHRYN LUO
59105,17805,35.6694,Candice Lu,CANDICE LU
59109,16149,94.4554,Molly Rana,MOLLY RANA
59110,13163,34.2219,Spencer Foster,SPENCER FOSTER
59111,18077,90.0133,Benjamin Thomas,BENJAMIN THOMAS
59112,12604,26.4869,Ashley Diaz,ASHLEY DIAZ
59113,19687,654.4584,Kristina Kapoor,KRISTINA KAPOOR
59115,13912,2614.9383,Theresa Blanco,THERESA BLANCO
59116,11796,2670.7077,Victoria Jones,VICTORIA JONES
59117,13456,2653.0498,Colin Gao,COLIN GAO
59118,14949,858.9607,Brian Morgan,BRIAN MORGAN
59122,20228,2778.9977,Chloe Sanchez,CHLOE SANCHEZ
59123,19977,2725.2836,Tara Simpson,TARA SIMPSON
59127,11054,2673.0613,Julia Jackson,JULIA JACKSON
59132,20296,1265.7554,Bradley Jai,BRADLEY JAI
59133,20110,1238.1415,Alyssa Sanchez,ALYSSA SANCHEZ
59134,17262,1918.2579,Bethany Shen,BETHANY SHEN
59136,12297,1276.8054,Hannah Martinez,HANNAH MARTINEZ
59138,16830,2649.8453,Mario Black,MARIO BLACK
59141,13411,2644.3313,Xavier Long,XAVIER LONG
59143,11755,33.1279,Olivia Miller,OLIVIA MILLER
59144,15206,70.6869,Teresa Gutierrez,TERESA GUTIERREZ
59148,17799,1907.2079,Logan Clark,LOGAN CLARK
59149,17756,1895.0419,Clarence Yang,CLARENCE YANG
59150,17824,2089.8423,Dana Torres,DANA TORRES
59151,15095,2563.589,Jill Navarro,JILL NAVARRO
59152,12051,55.239,Julian Isla,JULIAN ISLA
59153,11530,27.614,Jenny Raji,JENNY RAJI
59155,15760,40.0784,Luis Collins,LUIS COLLINS
59160,16497,16.5529,Kelsey Xie,KELSEY XIE
59163,20114,87.2729,Ronald Vance,RONALD VANCE
59164,19856,159.6394,Jasmine Long,JASMINE LONG
59165,17036,132.5779,Johnny Deng,JOHNNY DENG
59166,12107,132.5779,Jessica Thompson,JESSICA THOMPSON
59167,17428,44.1779,Thomas Harris,THOMAS HARRIS
59168,18776,75.1069,Joshua Taylor,JOSHUA TAYLOR
59169,18600,24.2879,Stacy Ruiz,STACY RUIZ
59170,16590,132.5779,Robert Hill,ROBERT HILL
59171,12508,146.9319,Madison Alexander,MADISON ALEXANDER
59172,17703,87.2508,Margaret Huang,MARGARET HUANG
59173,20058,34.5534,Donald Gonzalez,DONALD GONZALEZ
59174,16536,30.1444,Kara She,KARA SHE
59177,12566,98.3119,Ashley Ross,ASHLEY ROSS
59178,11066,46.7194,Julia Robinson,JULIA ROBINSON
59179,12636,44.1779,Sarah Butler,SARAH BUTLER
59180,13569,54.1119,Miguel Simmons,MIGUEL SIMMONS
59181,11716,46.7194,Brianna Miller,BRIANNA MILLER
59182,11928,44.189,Tamara Black,TAMARA BLACK
59183,11838,55.5042,Gerald Malhotra,GERALD MALHOTRA
59184,12895,94.9637,Rafael Raji,RAFAEL RAJI
59185,16727,2708.6865,Jordan Green,JORDAN GREEN
59186,14379,944.1894,Sheila Gomez,SHEILA GOMEZ
59187,15904,676.2158,Johnathan McDonald,JOHNATHAN MCDONALD
59188,14374,2610.3084,Anne Dominguez,ANNE DOMINGUEZ
59189,13452,2604.4298,Colin Sun,COLIN SUN
59190,20219,2725.2836,George Gonzalez,GEORGE GONZALEZ
59194,11056,2673.0613,Julia Harris,JULIA HARRIS
59200,20374,1238.1415,Julia Brooks,JULIA BROOKS
59201,17443,1939.2529,Leah Li,LEAH LI
59202,15925,1238.1415,Manuel Arun,MANUEL ARUN
59204,13595,2673.0613,Walter Gutierrez,WALTER GUTIERREZ
59205,13007,1381.0732,Tamara Wang,TAMARA WANG
59207,11447,2644.3313,Jenny Lin,JENNY LIN
59208,11455,2703.9903,Jenny Lu,JENNY LU
59209,11456,2688.5092,Jenny Xu,JENNY XU
59210,12560,2612.1758,Alejandro Nath,ALEJANDRO NATH
59211,12599,2595.6008,Ashley Russell,ASHLEY RUSSELL
59212,13600,2674.0448,Blake Long,BLAKE LONG
59213,13579,2574.6279,Miguel Diaz,MIGUEL DIAZ
59215,11911,14.3429,Tamara Raje,TAMARA RAJE
59216,17803,640.3033,Logan Rodriguez,LOGAN RODRIGUEZ
59219,15082,2666.8954,Jill Hernandez,JILL HERNANDEZ
59226,12183,77.3169,Anna Taylor,ANNA TAYLOR
59228,12969,41.1834,Dakota Bryant,DAKOTA BRYANT
59229,20689,86.7204,Dwayne Rubio,DWAYNE RUBIO
59231,13867,62.9519,Desiree Vazquez,DESIREE VAZQUEZ
59232,14768,118.1908,Alex Cox,ALEX COX
59233,13448,24.2879,Dalton Wood,DALTON WOOD
59234,20179,27.614,Phillip Rodriguez,PHILLIP RODRIGUEZ
59235,12293,69.5929,Colleen Hu,COLLEEN HU
59238,14839,40.0784,Lance Gomez,LANCE GOMEZ
59239,11161,60.7419,Karen Walker,KAREN WALKER
59240,20461,2754.0136,Corey Lal,COREY LAL
59241,14497,888.9504,Cole Gray,COLE GRAY
59242,14560,927.6254,Sebastian Ramirez,SEBASTIAN RAMIREZ
59243,14378,893.9008,Anne Vazquez,ANNE VAZQUEZ
59244,19691,629.8169,Kristina Kovar,KRISTINA KOVAR
59245,14005,2562.4508,Bryce James,BRYCE JAMES
59246,13895,2626.5408,Theresa Munoz,THERESA MUNOZ
59247,13903,2574.6279,Joy Ruiz,JOY RUIZ
59248,12016,2580.1419,Alisha Oliver,ALISHA OLIVER
59249,11956,2535.964,Alisha Zhao,ALISHA ZHAO
59250,12026,2650.3094,Alexis Walker,ALEXIS WALKER
59251,20211,1939.2529,George Mehta,GEORGE MEHTA
59259,12113,2699.0067,Kelli Kumar,KELLI KUMAR
59262,17676,666.8565,Nathan Martinez,NATHAN MARTINEZ
59263,18459,650.8008,Larry Suarez,LARRY SUAREZ
59266,19414,1265.7554,Victoria Ramirez,VICTORIA RAMIREZ
59267,19473,1253.5894,Raymond Subram,RAYMOND SUBRAM
59268,20726,1280.6508,Morgan Powell,MORGAN POWELL
59269,16603,2688.5092,Alex Lopez,ALEX LOPEZ
59270,14049,968.3447,Tanya Rubio,TANYA RUBIO
59271,11457,2736.5657,Jenny Sun,JENNY SUN
59272,12237,2650.8619,Dawn Nath,DAWN NATH
59273,12622,2580.1419,Clayton Zeng,CLAYTON ZENG
59274,13782,2591.1808,Richard Long,RICHARD LONG
59275,12682,71.7919,Omar Yang,OMAR YANG
59276,12370,29.8019,Samantha Davis,SAMANTHA DAVIS
59277,16173,13.1937,Luke Campbell,LUKE CAMPBELL
59278,17245,59.659,Terry Nara,TERRY NARA
59279,15236,98.3229,Evan Sanchez,EVAN SANCHEZ
59280,15583,38.664,Alex Parker,ALEX PARKER
59281,13844,859.0712,Desiree Jimenez,DESIREE JIMENEZ
59282,17770,1895.0419,Logan Thompson,LOGAN THOMPSON
59283,11417,656.3258,Jasmine Clark,JASMINE CLARK
59284,14979,668.4808,Randall Blanco,RANDALL BLANCO
59285,14960,687.2658,Bryan Morgan,BRYAN MORGAN
59286,14944,659.6408,Sean Morgan,SEAN MORGAN
59288,16433,2778.9977,Gloria Romero,GLORIA ROMERO
59289,13812,905.5254,Linda Romero,LINDA ROMERO
59290,11520,15.4479,Destiny Hall,DESTINY HALL
59292,11331,30.6859,Grace Lee,GRACE LEE
59296,12140,35.6694,Kelli Becker,KELLI BECKER
59298,15816,77.3169,Timothy Stewart,TIMOTHY STEWART
59299,11277,87.2508,Ruben Vazquez,RUBEN VAZQUEZ
59300,19851,136.9979,Lindsay Becker,LINDSAY BECKER
59301,19707,87.2729,Kristina Subram,KRISTINA SUBRAM
59302,19692,104.4004,Kristina Malhotra,KRISTINA MALHOTRA
59303,19153,77.339,Casey Alonso,CASEY ALONSO
59305,16234,15.4479,Denise Vance,DENISE VANCE
59307,14592,5.514,Micheal Blanco,MICHEAL BLANCO
59308,17706,41.9127,Jonathan Garcia,JONATHAN GARCIA
59309,11473,69.5929,Jenny Cai,JENNY CAI
59310,16434,77.3169,Sriniwa Narayanan,SRINIWA NARAYANAN
59311,19519,43.0729,Emma Ramirez,EMMA RAMIREZ
59312,17737,33.139,Margaret Zeng,MARGARET ZENG
59315,18628,142.4898,Stacy Ramos,STACY RAMOS
59316,12835,44.1779,Trevor Hughes,TREVOR HUGHES
59317,15441,44.1779,Cole Reed,COLE REED
59318,11312,44.189,Grace Jackson,GRACE JACKSON
59319,20476,2786.0476,Jennifer James,JENNIFER JAMES
59320,19696,659.9723,Kristina Arun,KRISTINA ARUN
59321,15901,656.3479,Jack Perez,JACK PEREZ
59322,13885,2653.6023,Joy Gomez,JOY GOMEZ
59323,14239,2535.964,Patrick Sanders,PATRICK SANDERS
59324,14006,2535.964,Joanna Ortega,JOANNA ORTEGA
59325,12402,858.9607,Samantha Lee,SAMANTHA LEE
59326,12459,1381.0732,Sarah Williams,SARAH WILLIAMS
59332,11444,2634.3974,Jenny Huang,JENNY HUANG
59336,20195,1297.8004,George Arun,GEORGE ARUN
59337,19116,1307.7344,Derrick Dominguez,DERRICK DOMINGUEZ
59338,17269,1909.7384,Bethany Xu,BETHANY XU
59343,12036,30.1444,Warren Xu,WARREN XU
59346,16177,42.9624,Jack Campbell,JACK CAMPBELL
59347,17769,1909.7384,Susan Zhu,SUSAN ZHU
59348,14138,956.8748,Lori Rubio,LORI RUBIO
59349,11850,55.239,Emma Williams,EMMA WILLIAMS
59351,11505,8.0444,Destiny Garcia,DESTINY GARCIA
59353,12431,30.1444,Ashley Harris,ASHLEY HARRIS
59355,11827,77.3169,Ross Sanz,ROSS SANZ
59361,18365,44.1779,John Rodriguez,JOHN RODRIGUEZ
59362,13850,62.9519,Desiree Romero,DESIREE ROMERO
59363,14971,44.1779,Randall Gutierrez,RANDALL GUTIERREZ
59364,18187,49.6256,Christian Martin,CHRISTIAN MARTIN
59365,16535,41.9569,Mason Mitchell,MASON MITCHELL
59366,13781,77.3169,Richard Powell,RICHARD POWELL
59368,20730,76.2119,Morgan Hughes,MORGAN HUGHES
59370,12092,46.7194,Kelli She,KELLI SHE
59371,17347,24.2879,Robert Smith,ROBERT SMITH
59372,14199,55.2169,Krista Martin,KRISTA MARTIN
59373,16085,62.9519,Kevin Phillips,KEVIN PHILLIPS
59374,14413,982.8644,Lee Dominguez,LEE DOMINGUEZ
59375,18936,927.6254,Joseph White,JOSEPH WHITE
59376,14559,937.5594,Micheal Alvarez,MICHEAL ALVAREZ
59377,12763,651.9058,Alexis Hughes,ALEXIS HUGHES
59378,15304,2618.8058,Isaac Morris,ISAAC MORRIS
59379,13907,2668.564,Lucas Price,LUCAS PRICE
59380,13484,2618.8169,Colin Tang,COLIN TANG
59381,14112,2608.8498,Lori Navarro,LORI NAVARRO
59382,14242,2597.8108,Bryce Sanders,BRYCE SANDERS
59383,11776,2763.5719,Olivia Garcia,OLIVIA GARCIA
59384,14598,2702.7637,Isaac James,ISAAC JAMES
59385,11775,2580.1529,Ross Lopez,ROSS LOPEZ
59386,12404,868.8947,Lacey She,LACEY SHE
59387,19631,1879.594,Grace Kelly,GRACE KELLY
59388,14523,1918.2579,Xavier Gray,XAVIER GRAY
59389,17329,2699.9018,Noah Lewis,NOAH LEWIS
59390,17286,2708.6865,Robert Lewis,ROBERT LEWIS
59391,17726,1263.5233,Margaret Ma,MARGARET MA
59392,12240,624.314,Warren Cai,WARREN CAI
59396,19526,1303.3144,Brett Gonzalez,BRETT GONZALEZ
59397,20111,1292.2533,Alyssa Morris,ALYSSA MORRIS
59398,19436,1281.4796,Douglas Garcia,DOUGLAS GARCIA
59403,15085,2673.0613,Jill Ashe,JILL ASHE
59404,12655,2673.0613,Elizabeth Bradley,ELIZABETH BRADLEY
59407,14164,2591.1808,Xavier Brooks,XAVIER BROOKS
59408,12394,2621.0158,Lacey He,LACEY HE
59409,13406,2618.8058,Briana Diaz,BRIANA DIAZ
59410,14160,2626.5408,Sabrina Hernandez,SABRINA HERNANDEZ
59412,14015,27.614,Bryan James,BRYAN JAMES
59413,18744,24.2879,Michael Garcia,MICHAEL GARCIA
59414,11149,8.0444,Kaitlyn Clark,KAITLYN CLARK
59415,17300,44.4542,Noah Davis,NOAH DAVIS
59417,15237,38.664,Sabrina Ruiz,SABRINA RUIZ
59418,14223,55.239,Angel Sanders,ANGEL SANDERS
59421,11215,23.7465,Isabella Brown,ISABELLA BROWN
59422,11330,44.1779,Grace Lewis,GRACE LEWIS
59424,11287,42.9624,Ruben Carlson,RUBEN CARLSON
59427,11091,35.6584,Jennifer Taylor,JENNIFER TAYLOR
59428,11253,41.1834,Natalie Johnson,NATALIE JOHNSON
59433,19243,77.339,Victor Dominguez,VICTOR DOMINGUEZ
59434,17467,5.514,Noah Hall,NOAH HALL
59436,16333,62.9519,Kevin Nelson,KEVIN NELSON
59437,15449,46.7194,Nancy Chapman,NANCY CHAPMAN
59438,14810,44.189,Roberto Romero,ROBERTO ROMERO
59439,12376,28.1554,Samantha Anderson,SAMANTHA ANDERSON
59440,14694,86.1458,Walter Munoz,WALTER MUNOZ
59442,17105,48.0233,Shaun Carson,SHAUN CARSON
59443,14658,41.2055,Sebastian Cooper,SEBASTIAN COOPER
59444,11867,82.8529,Tamara Gao,TAMARA GAO
59445,13307,90.0133,Roger Andersen,ROGER ANDERSEN
59446,16106,111.5387,Jack Phillips,JACK PHILLIPS
59447,12427,44.189,Ashley Jackson,ASHLEY JACKSON
59448,17027,94.4554,Ricardo Black,RICARDO BLACK
59449,11589,16.5529,Barbara Tang,BARBARA TANG
59450,14496,888.9504,Sebastian Gray,SEBASTIAN GRAY
59451,19690,632.3473,Kristina Patel,KRISTINA PATEL
59452,13478,2712.7419,Dalton Alexander,DALTON ALEXANDER
59453,14044,2604.7944,Tanya Carlson,TANYA CARLSON
59454,13436,2560.2519,Colin Lin,COLIN LIN
59457,19298,1342.4093,Erik Suarez,ERIK SUAREZ
59458,15015,1939.2529,Bryce Bell,BRYCE BELL
59459,20216,1945.3194,Alyssa Alexander,ALYSSA ALEXANDER
59460,20217,2775.0086,George Martinez,GEORGE MARTINEZ
59464,11058,2732.7203,Joe Gutierrez,JOE GUTIERREZ
59465,11069,2634.3974,Julia Rodriguez,JULIA RODRIGUEZ
59467,16758,820.2968,Kyle Scott,KYLE SCOTT
59475,17664,690.5698,James Walker,JAMES WALKER
59482,15082,2732.7092,Jill Hernandez,JILL HERNANDEZ
59485,11356,997.7929,Rachel White,RACHEL WHITE
59486,13010,1450.6661,Emily Bryant,EMILY BRYANT
59488,12854,2561.3016,Rafael Yuan,RAFAEL YUAN
59489,14775,2659.6798,Danny Carlson,DANNY CARLSON
59490,12333,2622.1098,Colleen Andersen,COLLEEN ANDERSEN
59491,19622,28.1554,Cassandra Srini,CASSANDRA SRINI
59492,19623,66.8194,Grace James,GRACE JAMES
59493,17479,111.0083,Leah She,LEAH SHE
59498,12692,6.9394,Elizabeth Russell,ELIZABETH RUSSELL
59499,11466,55.2169,Nicole Clark,NICOLE CLARK
59500,14052,65.1729,Melinda Alvarez,MELINDA ALVAREZ
59504,17775,1981.7844,Zachary Lee,ZACHARY LEE
59506,17813,637.5298,Candice Zhu,CANDICE ZHU
59507,20728,783.7323,Morgan Patterson,MORGAN PATTERSON
59508,19310,915.4594,Olivia Rivera,OLIVIA RIVERA
59509,16053,915.4594,Sunil Uppal,SUNIL UPPAL
59510,11330,32.5754,Grace Lewis,GRACE LEWIS
59516,14661,106.1574,Jamie Torres,JAMIE TORRES
59517,17337,16.5529,Alan Zheng,ALAN ZHENG
59518,19147,104.3783,Megan Powell,MEGAN POWELL
59520,14760,11.039,Jeremy Richardson,JEREMY RICHARDSON
59521,13486,71.8029,Colin Xu,COLIN XU
59522,11091,77.339,Jennifer Taylor,JENNIFER TAYLOR
59524,18837,104.4004,Dana Alonso,DANA ALONSO
59527,16385,71.2394,Jonathan Carter,JONATHAN CARTER
59528,13659,72.8858,Javier Sanz,JAVIER SANZ
59529,18129,106.5883,Christian Anderson,CHRISTIAN ANDERSON
59530,13791,79.0959,Monique Sanz,MONIQUE SANZ
59531,12821,82.8529,Rafael Ma,RAFAEL MA
59535,17226,44.1779,Robert Garcia,ROBERT GARCIA
59536,11165,38.675,Morgan Johnson,MORGAN JOHNSON
59537,12115,44.189,Jessica Rodriguez,JESSICA RODRIGUEZ
59538,13169,79.5269,Edwin Zheng,EDWIN ZHENG
59539,13347,79.5269,Julian Russell,JULIAN RUSSELL
59540,20465,2778.9977,Corey Pal,COREY PAL
59541,17159,1918.2579,Mitchell Anand,MITCHELL ANAND
59542,14418,1025.9815,Bryce Peterson,BRYCE PETERSON
59543,12766,927.6033,Alexis Washington,ALEXIS WASHINGTON
59544,18924,927.6254,Whitney Perez,WHITNEY PEREZ
59545,15902,679.5308,Johnathan Fernandez,JOHNATHAN FERNANDEZ
59546,15903,651.9058,Adam Perez,ADAM PEREZ
59547,15176,2552.5169,Richard Bailey,RICHARD BAILEY
59548,13653,2613.5792,Briana Gill,BRIANA GILL
59549,14941,868.8947,Isaac Morgan,ISAAC MORGAN
59552,19653,1918.2579,Grace Long,GRACE LONG
59553,20226,2750.2677,Cory Kapoor,CORY KAPOOR
59554,17310,2708.6865,Alan Zhou,ALAN ZHOU
59555,20213,2708.6865,George Fernandez,GEORGE FERNANDEZ
59561,11105,2653.1161,Jennifer Clark,JENNIFER CLARK
59567,17670,596.689,Jonathan Smith,JONATHAN SMITH
59570,19118,1238.1415,Megan Brooks,MEGAN BROOKS
59571,17389,1966.3144,Karen Zhang,KAREN ZHANG
59576,13577,2674.4757,Miguel Griffin,MIGUEL GRIFFIN
59577,13038,1342.4093,Hannah Long,HANNAH LONG
59578,11451,2743.2288,Jenny Ye,JENNY YE
59579,14200,2580.1419,Krista Gomez,KRISTA GOMEZ
59580,12382,2563.589,Lacey Sun,LACEY SUN
59581,11864,8.7848,Emma Thomas,EMMA THOMAS
59582,17243,33.139,Terry Chander,TERRY CHANDER
59585,19969,33.6804,Nicole Long,NICOLE LONG
59587,12679,4.409,Elizabeth West,ELIZABETH WEST
59588,17235,59.659,Terry Sharma,TERRY SHARMA
59589,17777,1918.2579,Abby Kovár,ABBY KOVÁR
59590,19172,672.9119,Megan Gonzales,MEGAN GONZALES
59593,19223,42.9624,Brianna James,BRIANNA JAMES
59596,19776,104.4004,Rachel Foster,RACHEL FOSTER
59597,18823,104.4004,Meghan Ortega,MEGHAN ORTEGA
59599,18975,99.4169,Veronica Sai,VERONICA SAI
59603,15912,103.8369,Angel Perez,ANGEL PEREZ
59604,18181,151.3298,Randy Zeng,RANDY ZENG
59611,11711,41.2055,Brianna Jones,BRIANNA JONES
59612,11935,38.675,Tamara Anand,TAMARA ANAND
59613,13147,82.8529,Spencer Jenkins,SPENCER JENKINS
59614,15879,62.9519,Allen Perez,ALLEN PEREZ
59615,14332,38.675,Patrick Torres,PATRICK TORRES
59616,13171,79.5269,Giorgio Veronesi,GIORGIO VERONESI
59617,12365,44.189,Jaime Hernandez,JAIME HERNANDEZ
59618,18390,24.2879,Jésus Gill,JÉSUS GILL
59619,13337,199.9829,Julian Hughes,JULIAN HUGHES
59620,12101,46.7194,Jessica White,JESSICA WHITE
59621,15413,82.8529,Candace Madan,CANDACE MADAN
59622,11873,2591.1808,Tamara Guo,TAMARA GUO
59623,13896,2577.1694,Theresa Alonso,THERESA ALONSO
59624,13657,2625.4248,Edward Bryant,EDWARD BRYANT
59625,14356,2598.9158,Adrian Torres,ADRIAN TORRES
59626,14377,2563.589,Ian Torres,IAN TORRES
59627,14950,857.8447,Bryce Morgan,BRYCE MORGAN
59628,12463,820.2968,Sarah Miller,SARAH MILLER
59629,14316,948.6094,Kristy Diaz,KRISTY DIAZ
59631,20220,2742.8642,George Rodriguez,GEORGE RODRIGUEZ
59633,17478,1303.8669,Robert Hall,ROBERT HALL
59636,11103,2673.0613,Roy Arun,ROY ARUN
59643,17361,1944.7669,Thomas Brown,THOMAS BROWN
59645,11242,596.689,Ruben Gomez,RUBEN GOMEZ
59646,13583,2644.3313,Jon Xu,JON XU
59647,14215,1381.0732,Xavier Kelly,XAVIER KELLY
59648,11601,2601.1148,Anna Martin,ANNA MARTIN
59649,12631,2591.1808,Sarah Hughes,SARAH HUGHES
59650,12655,2701.6808,Elizabeth Bradley,ELIZABETH BRADLEY
59651,13584,2574.6279,Blake Bennett,BLAKE BENNETT
59652,13641,30.1444,Javier Dominguez,JAVIER DOMINGUEZ
59653,13034,38.9292,Hannah Jenkins,HANNAH JENKINS
59654,15148,34.5534,Brian Bailey,BRIAN BAILEY
59655,14675,207.7179,Devin Cooper,DEVIN COOPER
59657,16343,40.0784,Mohamed Pal,MOHAMED PAL
59658,17331,9.934,Alan Guo,ALAN GUO
59659,20222,15.4479,Alyssa Diaz,ALYSSA DIAZ
59660,14198,2538.4944,Steven Kelly,STEVEN KELLY
59667,11748,38.6529,Olivia Williams,OLIVIA WILLIAMS
59668,14332,11.039,Patrick Torres,PATRICK TORRES
59669,20359,87.2729,Julia Howard,JULIA HOWARD
59671,18912,77.339,Joseph Jones,JOSEPH JONES
59672,18683,87.2729,Jacob Davis,JACOB DAVIS
59673,20088,5.514,Joel Mehta,JOEL MEHTA
59674,16246,14.2987,Timothy Baker,TIMOTHY BAKER
59675,14987,27.614,Randall Rubio,RANDALL RUBIO
59680,13505,76.2119,Colin Chander,COLIN CHANDER
59681,11566,76.2119,Barbara Zhu,BARBARA ZHU
59682,11820,38.675,Ross Vazquez,ROSS VAZQUEZ
59683,13509,16.5529,Jeremiah Jenkins,JEREMIAH JENKINS
59684,13410,16.5529,Xavier Powell,XAVIER POWELL
59685,13065,1879.594,Louis Zeng,LOUIS ZENG
59686,13704,613.2419,Devin Long,DEVIN LONG
59687,14520,888.9504,Lucas Gray,LUCAS GRAY
59688,13866,2716.0348,Desiree Gill,DESIREE GILL
59689,13450,2574.6279,Dalton Barnes,DALTON BARNES
59690,20215,1879.594,George Lopez,GEORGE LOPEZ
59691,17309,2709.8357,Jose Walker,JOSE WALKER
59692,19966,2699.9018,Shannon Hernandez,SHANNON HERNANDEZ
59695,11055,2649.8453,Judith White,JUDITH WHITE
59701,20320,1276.8054,Chad Deng,CHAD DENG
59702,15924,1293.3804,Timothy Perez,TIMOTHY PEREZ
59705,12742,753.5216,Juan Sanz,JUAN SANZ
59706,16821,2688.5092,Sean Green,SEAN GREEN
59707,13049,1352.3432,Louis Ma,LOUIS MA
59709,14203,2674.0558,Cody Kelly,CODY KELLY
59710,16487,26.8184,Gloria Torres,GLORIA TORRES
59714,14212,55.239,Lucas Kelly,LUCAS KELLY
59715,13590,2574.6279,Briana Gutierrez,BRIANA GUTIERREZ
59716,11233,31.4704,Isabella Harris,ISABELLA HARRIS
59718,11711,32.034,Brianna Jones,BRIANNA JONES
59719,11841,77.3169,Gerald Arun,GERALD ARUN
59723,11502,77.3169,Jenny Pal,JENNY PAL
59724,19757,35.6694,Cynthia Perez,CYNTHIA PEREZ
59725,18314,38.6529,Jorge Zhu,JORGE ZHU
59726,12972,76.2119,Dakota Alexander,DAKOTA ALEXANDER
59729,18689,87.2729,Erika Ruiz,ERIKA RUIZ
59730,20124,77.339,Alyssa Bradley,ALYSSA BRADLEY
59733,11861,65.1729,Tamara Lu,TAMARA LU
59734,17376,5.514,Krystal Ma,KRYSTAL MA
59735,18178,24.2879,Randy Zheng,RANDY ZHENG
59736,13750,79.5269,Robin Carlson,ROBIN CARLSON
59737,14839,132.5779,Lance Gomez,LANCE GOMEZ
59738,19191,82.8529,Brianna Rogers,BRIANNA ROGERS
59739,17089,71.7919,Shaun Kumar,SHAUN KUMAR
59740,19425,34.5534,Victoria Price,VICTORIA PRICE
59741,20583,77.3169,Kristin Pal,KRISTIN PAL
59742,15108,98.3119,Jill Serrano,JILL SERRANO
59743,12306,44.1779,Colleen Xie,COLLEEN XIE
59744,12775,24.2879,Omar Black,OMAR BLACK
59745,15310,46.7194,Jillian Prasad,JILLIAN PRASAD
59746,14406,940.2998,Sean Peterson,SEAN PETERSON
59747,11513,954.6648,Jenny Chander,JENNY CHANDER
59748,13865,2598.9158,Ian Barnes,IAN BARNES
59749,14121,2562.7823,Jesse Brooks,JESSE BROOKS
59752,12460,1381.0732,Sarah Jones,SARAH JONES
59753,13103,2646.9723,Fernando Coleman,FERNANDO COLEMAN
59755,17445,1911.6169,Thomas Martinez,THOMAS MARTINEZ
59756,17463,1960.2148,Cameron Jackson,CAMERON JACKSON
59759,14048,820.2968,Carlos Watson,CARLOS WATSON
59760,11093,2673.0613,Jennifer Anderson,JENNIFER ANDERSON
59761,14976,2696.189,Randall Gill,RANDALL GILL
59762,12839,2588.9266,Rafael Deng,RAFAEL DENG
59763,11150,44.1779,Roy Alvarez,ROY ALVAREZ
59764,17227,65.1729,Terry Yuan,TERRY YUAN
59765,20712,2738.5657,Amy Ye,AMY YE
59769,11301,2.5305,Lacey Raje,LACEY RAJE
59776,20398,76.2119,Shawn Goel,SHAWN GOEL
59778,20307,132.5779,Bradley Nara,BRADLEY NARA
59779,17578,8.0444,James Smith,JAMES SMITH
59780,12202,8.0444,Abigail Gonzales,ABIGAIL GONZALES
59781,15955,44.1779,Kellie Munoz,KELLIE MUNOZ
59782,17168,5.514,Tony Xie,TONY XIE
59783,14487,44.1779,Jonathon Gutierrez,JONATHON GUTIERREZ
59784,16353,118.1908,Kelvin Li,KELVIN LI
59785,20106,118.1908,Ronald Suri,RONALD SURI
59786,14835,89.4608,Isaac Howard,ISAAC HOWARD
59787,14808,132.5779,Eduardo Cox,EDUARDO COX
59795,16571,44.1779,Jordan Lopez,JORDAN LOPEZ
59796,11732,82.8529,Brianna Martinez,BRIANNA MARTINEZ
59797,11700,82.8529,Megan Rodriguez,MEGAN RODRIGUEZ
59798,12967,24.2879,Jaclyn Xu,JACLYN XU
59799,20462,2776.1136,Corey Sharma,COREY SHARMA
59800,16728,2699.9018,Melody Gomez,MELODY GOMEZ
59801,14494,850.2865,Jonathon Vazquez,JONATHON VAZQUEZ
59802,14367,927.6254,Eduardo Torres,EDUARDO TORRES
59803,13085,714.3273,Madison Patterson,MADISON PATTERSON
59804,13897,2560.2519,Theresa Romero,THERESA ROMERO
59805,11799,2588.9266,Victoria Davis,VICTORIA DAVIS
59806,13473,2562.4508,Dalton Foster,DALTON FOSTER
59807,14115,2538.4944,Evan Brooks,EVAN BROOKS
59808,14478,2587.8769,Jesse Gray,JESSE GRAY
59809,14937,858.9607,Randall Martin,RANDALL MARTIN
59811,19620,1879.594,Grace Gray,GRACE GRAY
59812,14855,1889.5279,Juan Howard,JUAN HOWARD
59813,19968,2699.9018,Julie Goel,JULIE GOEL
59825,16219,612.1369,Jack Baker,JACK BAKER
59827,13084,1987.8508,Louis Luo,LOUIS LUO
59829,11243,650.8008,Isabella Rodriguez,ISABELLA RODRIGUEZ
59830,13581,2720.0128,Blake Price,BLAKE PRICE
59831,11358,937.5594,Christy Zhu,CHRISTY ZHU
59832,11607,2580.1419,Barbara Jai,BARBARA JAI
59833,12266,2574.6279,Colleen Lin,COLLEEN LIN
59834,14189,2563.589,Sabrina Ramos,SABRINA RAMOS
59835,14163,2547.0029,Seth Brooks,SETH BROOKS
59836,13585,2619.9108,Y. Yong,Y. YONG
59837,12559,2580.1419,Alejandro Rai,ALEJANDRO RAI
59838,14161,2628.7398,Lucas Brooks,LUCAS BROOKS
59839,12232,2547.0029,Dawn Chande,DAWN CHANDE
59840,15798,70.6869,Troy Sai,TROY SAI
59841,11073,71.7919,Joe Ramos,JOE RAMOS
59842,12008,6.9394,Alexis Ashe,ALEXIS ASHE
59845,11631,44.1779,Lauren Moore,LAUREN MOORE
59846,11719,77.3169,Brianna Taylor,BRIANNA TAYLOR
59848,11723,55.2169,Brianna Jackson,BRIANNA JACKSON
59849,20475,16.5529,Jennifer Ramirez,JENNIFER RAMIREZ
59850,13756,76.2119,Monique Hernandez,MONIQUE HERNANDEZ
59851,18112,71.2394,Wesley Gao,WESLEY GAO
59852,11631,77.339,Lauren Moore,LAUREN MOORE
59853,18099,5.514,Justin Lee,JUSTIN LEE
59854,17610,44.1779,Stacey Sun,STACEY SUN
59857,14176,134.3349,Isaac Kelly,ISAAC KELLY
59858,16256,85.0519,Jose Gonzalez,JOSE GONZALEZ
59859,17745,35.6584,Susan Liu,SUSAN LIU
59860,15654,27.614,Jimmy Gill,JIMMY GILL
59861,20597,132.5558,Katie She,KATIE SHE
59862,20132,77.3169,Alyssa Cooper,ALYSSA COOPER
59864,12836,32.034,Trevor Flores,TREVOR FLORES
59866,13612,37.5479,Walter Ramos,WALTER RAMOS
59867,11566,40.0784,Barbara Zhu,BARBARA ZHU
59868,12760,74.0019,Omar Chande,OMAR CHANDE
59869,12419,38.675,Ashley Moore,ASHLEY MOORE
59870,15488,55.5042,Isaac Cook,ISAAC COOK
59871,13603,55.2169,Walter Gill,WALTER GILL
59872,17149,1918.2579,Mitchell Carson,MITCHELL CARSON
59873,19708,624.314,Kristina Mehta,KRISTINA MEHTA
59874,19542,640.8669,Emma Henderson,EMMA HENDERSON
59875,13898,2643.0937,Theresa Navarro,THERESA NAVARRO
59876,11809,2597.8108,Victoria Anderson,VICTORIA ANDERSON
59877,14256,2587.8769,Adrian Sanders,ADRIAN SANDERS
59878,11934,2670.1773,Elizabeth Lee,ELIZABETH LEE
59879,13455,2596.6616,Dalton Coleman,DALTON COLEMAN
59880,13433,2598.9158,Xavier Alexander,XAVIER ALEXANDER
59881,12449,2598.9158,Ashley Lee,ASHLEY LEE
59882,19652,1918.2579,Patricia Kapoor,PATRICIA KAPOOR
59883,15029,1939.2529,Renee Suarez,RENEE SUAREZ
59884,19978,2742.8642,Nicole Washington,NICOLE WASHINGTON
59887,16931,1314.3533,Henry Young,HENRY YOUNG
59896,20321,1276.8054,Chloe Bryant,CHLOE BRYANT
59897,20193,1238.1415,Alyssa Powell,ALYSSA POWELL
59898,17271,1907.2079,Bethany Luo,BETHANY LUO
59900,12806,596.689,Rafael Ye,RAFAEL YE
59901,17079,927.6254,Shaun Deng,SHAUN DENG
59902,11460,2699.0067,Nicole Thompson,NICOLE THOMPSON
59904,14425,2580.1419,Juan Peterson,JUAN PETERSON
59905,12855,2588.9266,Tristan Price,TRISTAN PRICE
59906,14162,2587.3133,Sabrina Alvarez,SABRINA ALVAREZ
59907,16734,87.2729,Mason Adams,MASON ADAMS
59908,17059,77.3169,Johnny Pal,JOHNNY PAL
59909,17231,33.139,Terry Kumar,TERRY KUMAR
59912,18445,23.7465,Brandon Moore,BRANDON MOORE
59916,15829,180.104,Troy Sanchez,TROY SANCHEZ
59918,15238,38.664,Heidi Suri,HEIDI SURI
59919,19597,37.5479,Holly Lopez,HOLLY LOPEZ
59920,17251,59.659,Hunter Lee,HUNTER LEE
59922,17115,913.2383,Melody Suarez,MELODY SUAREZ
59923,11728,38.664,Pedro Ramos,PEDRO RAMOS
59924,11498,59.659,Jenny Shan,JENNY SHAN
59925,11506,20.9619,Carol Martinez,CAROL MARTINEZ
59927,14096,27.614,Richard Watson,RICHARD WATSON
59928,11262,40.432,Natalie Wilson,NATALIE WILSON
59929,11641,33.1279,Pedro Vance,PEDRO VANCE
59931,11738,77.3169,Ross Suri,ROSS SURI
59933,19399,77.3169,Victoria Richardson,VICTORIA RICHARDSON
59934,11748,16.5529,Olivia Williams,OLIVIA WILLIAMS
59935,15392,44.1779,Brenda Perez,BRENDA PEREZ
59936,14372,26.8184,Anne Gutierrez,ANNE GUTIERREZ
59939,13901,73.9908,Ian Griffin,IAN GRIFFIN
59940,15636,87.2508,Eric Evans,ERIC EVANS
59941,16463,66.2006,James Mitchell,JAMES MITCHELL
59945,20177,6.9394,Phillip Martinez,PHILLIP MARTINEZ
59947,17759,41.1834,Samuel Jones,SAMUEL JONES
59949,12201,55.5042,Dawn Stone,DAWN STONE
59950,14558,916.0119,Juan Ramirez,JUAN RAMIREZ
59951,13887,2563.589,Theresa Hernandez,THERESA HERNANDEZ
59952,11798,2624.3529,Ross Diaz,ROSS DIAZ
59953,14255,2629.3144,Krista Ortega,KRISTA ORTEGA
59954,14357,2582.6834,Anne Ruiz,ANNE RUIZ
59955,14253,2645.8783,Garrett Sanders,GARRETT SANDERS
59956,13429,2658.0444,Colin Liu,COLIN LIU
59957,13438,2563.589,Xavier Diaz,XAVIER DIAZ
59959,19615,1879.594,Grace Ward,GRACE WARD
59960,17285,2778.9977,Bethany Pal,BETHANY PAL
59961,16526,1303.8669,Isaiah Mitchell,ISAIAH MITCHELL
59963,17370,1286.7394,Jose Martin,JOSE MARTIN
59965,12242,634.2479,Emily Thomas,EMILY THOMAS
59967,12122,2634.3974,Warren Ma,WARREN MA
59971,16995,1918.2579,Ricardo Luo,RICARDO LUO
59972,20044,1276.8054,Donald Subram,DONALD SUBRAM
59979,15675,2682.9953,Noah Edwards,NOAH EDWARDS
59981,14345,937.5594,Cole Torres,COLE TORRES
59982,13975,875.5357,Joanna Munoz,JOANNA MUNOZ
59983,13605,2535.964,Blake Washington,BLAKE WASHINGTON
59984,11599,2628.7398,Anna Harris,ANNA HARRIS
59985,12632,2563.589,Clayton Tang,CLAYTON TANG
59986,12650,2622.1098,Sarah Diaz,SARAH DIAZ
59987,13606,2580.1419,Blake Butler,BLAKE BUTLER
59988,18310,23.7465,Alexander Robinson,ALEXANDER ROBINSON
59991,14100,175.695,Lori Jimenez,LORI JIMENEZ
59997,11262,95.6709,Natalie Wilson,NATALIE WILSON
59998,11632,77.3169,Lauren Taylor,LAUREN TAYLOR
60000,15377,25.3377,Brenda Fernandez,BRENDA FERNANDEZ
60003,19861,87.2729,Jasmine Flores,JASMINE FLORES
60004,17456,5.514,James Hall,JAMES HALL
60005,11833,15.4479,Victoria Clark,VICTORIA CLARK
60006,15295,8.0444,Jillian Kapoor,JILLIAN KAPOOR
60008,14040,35.3269,Tanya Serrano,TANYA SERRANO
60009,13488,156.8879,Colin Luo,COLIN LUO
60010,16284,8.0444,Casey Luo,CASEY LUO
60011,17791,71.7919,Candice Chow,CANDICE CHOW
60014,16437,8.0444,Tracy Nath,TRACY NATH
60015,12940,109.9144,Dakota Bradley,DAKOTA BRADLEY
60016,12720,55.2169,Kayla Hughes,KAYLA HUGHES
60017,11839,2626.5408,Gerald Sai,GERALD SAI
60018,14289,2625.9773,Sebastian Ward,SEBASTIAN WARD
60019,14382,2622.6844,Anne Serrano,ANNE SERRANO
60020,13443,2602.2529,Warren Lal,WARREN LAL
60023,19616,1879.594,Grace Torres,GRACE TORRES
60024,15014,1977.3423,Renee Torres,RENEE TORRES
60025,19601,1918.2579,Holly Sanchez,HOLLY SANCHEZ
60026,13089,2552.5169,Madison Flores,MADISON FLORES
60031,20372,1308.8283,Julia West,JULIA WEST
60032,19394,1276.8054,Shane Lopez,SHANE LOPEZ
60034,20205,1308.8283,Alyssa Butler,ALYSSA BUTLER
60035,20207,1253.5894,Alyssa Foster,ALYSSA FOSTER
60036,17023,1918.2579,Elijah Wright,ELIJAH WRIGHT
60042,11077,2673.0613,Jennifer Smith,JENNIFER SMITH
60043,11452,2644.3313,Nicole Jackson,NICOLE JACKSON
60044,12612,2585.6669,Sarah Bennett,SARAH BENNETT
60045,12856,2639.8008,Tristan Bennett,TRISTAN BENNETT
60046,13822,2618.8058,Linda Gill,LINDA GILL
60049,13048,30.1444,Louis Gao,LOUIS GAO
60050,17287,35.6694,Bethany Andersen,BETHANY ANDERSEN
60051,20230,35.6694,Kenneth Anand,KENNETH ANAND
60052,20232,101.6048,Derek She,DEREK SHE
60057,17796,1922.1033,Ethan Johnson,ETHAN JOHNSON
60065,11176,51.7472,Morgan Miller,MORGAN MILLER
60066,13760,19.0834,Monique Jimenez,MONIQUE JIMENEZ
60067,18992,132.5779,Nicholas Moore,NICHOLAS MOORE
60068,17531,15.4479,Brittney Zhang,BRITTNEY ZHANG
60069,17444,138.114,Thomas Lee,THOMAS LEE
60071,15849,8.0444,Allen Arthur,ALLEN ARTHUR
60072,15854,46.3548,Allen Smith,ALLEN SMITH
60073,14899,5.514,Mason Ward,MASON WARD
60074,15109,132.5779,Jill Ramos,JILL RAMOS
60075,14829,99.9694,Isaiah Howard,ISAIAH HOWARD
60076,16037,44.1779,Jack Turner,JACK TURNER
60077,13817,38.675,Marcus Barnes,MARCUS BARNES
60078,15099,100.0909,Sebastian Murphy,SEBASTIAN MURPHY
60079,20563,38.6529,April Raji,APRIL RAJI
60083,12550,30.6859,Samantha Griffin,SAMANTHA GRIFFIN
60084,14806,131.4508,Charles Cox,CHARLES COX
60086,12334,48.8631,Colleen Raje,COLLEEN RAJE
60087,13682,16.8292,Rodney Navarro,RODNEY NAVARRO
60089,11183,44.189,Morgan Thomas,MORGAN THOMAS
60090,12106,41.2055,Kelli Xu,KELLI XU
60091,12877,33.0727,Rafael Raje,RAFAEL RAJE
60092,12524,9.934,Samantha Coleman,SAMANTHA COLEMAN
60093,13910,2591.1808,Lucas Barnes,LUCAS BARNES
60094,13873,2566.1194,Ian Jenkins,IAN JENKINS
60095,12025,2577.1694,Alisha Chande,ALISHA CHANDE
60096,14117,2598.9158,Lori Dominguez,LORI DOMINGUEZ
60097,13449,2591.1808,Colin Xu,COLIN XU
60098,13431,2664.0887,Colin Huang,COLIN HUANG
60099,11774,2566.1194,Olivia Thompson,OLIVIA THOMPSON
60102,20242,2751.6489,Don Lal,DON LAL
60103,20244,2699.9018,Chloe Morgan,CHLOE MORGAN
60104,19963,2735.9248,Nicole Jenkins,NICOLE JENKINS
60105,17725,1238.1415,Margaret Gao,MARGARET GAO
60107,12245,626.8334,Emily White,EMILY WHITE
60109,17124,622.0708,Luke King,LUKE KING
60110,17671,624.8444,Jonathan Johnson,JONATHAN JOHNSON
60111,17672,596.689,Sandra Ma,SANDRA MA
60113,20198,1297.8004,Alyssa Patterson,ALYSSA PATTERSON
60114,20295,1297.8004,Bradley Sharma,BRADLEY SHARMA
60115,17384,1945.3194,Krystal Hu,KRYSTAL HU
60116,17386,1918.2579,Krystal Zeng,KRYSTAL ZENG
60117,19517,1276.8054,Emma Gray,EMMA GRAY
60119,19458,1297.8004,Raymond Malhotra,RAYMOND MALHOTRA
60120,19427,1308.8283,Victoria Bennett,VICTORIA BENNETT
60123,14171,2650.3204,Sabrina Alonso,SABRINA ALONSO
60124,12230,2598.9158,Emily Miller,EMILY MILLER
60127,14946,659.6408,Timothy Morgan,TIMOTHY MORGAN
60128,16046,859.0712,Angel Turner,ANGEL TURNER
60129,19194,891.4698,Brianna Cook,BRIANNA COOK
60130,11300,9.934,Marshall Shen,MARSHALL SHEN
60133,11711,76.2119,Brianna Jones,BRIANNA JONES
60142,12056,76.2119,Kelli Yang,KELLI YANG
60143,20507,55.2169,Keith Raje,KEITH RAJE
60144,16847,146.9319,Isaac Young,ISAAC YOUNG
60145,11875,87.2729,Tamara He,TAMARA HE
60146,11868,5.514,Emma White,EMMA WHITE
60148,19077,44.1779,Craig Blanco,CRAIG BLANCO
60149,20087,94.4554,Destiny Hughes,DESTINY HUGHES
60150,19914,34.5534,Nicole Howard,NICOLE HOWARD
60152,15611,59.9463,Ricky Carlson,RICKY CARLSON
60156,11660,55.5042,Pedro Mehta,PEDRO MEHTA
60157,19553,35.3269,Byron Diaz,BYRON DIAZ
60158,14890,24.2879,Angel Ward,ANGEL WARD
60159,18821,24.2879,Matthew Brown,MATTHEW BROWN
60160,13454,2590.4073,Colin Zhu,COLIN ZHU
60161,14459,2626.5408,Lawrence Blanco,LAWRENCE BLANCO
60163,12394,1342.4093,Lacey He,LACEY HE
60164,19960,2808.7332,Julie Pal,JULIE PAL
60168,11061,2634.3974,Joe Torres,JOE TORRES
60174,19546,1297.8004,Monica Prasad,MONICA PRASAD
60175,20319,1276.8054,Chloe Gonzales,CHLOE GONZALES
60176,20192,1276.8054,George Sai,GEORGE SAI
60177,17358,1909.7384,Robert Jones,ROBERT JONES
60178,11357,913.2383,Christy Sun,CHRISTY SUN
60179,12954,9.934,Dakota Patterson,DAKOTA PATTERSON
60180,12672,66.2779,Clayton Anand,CLAYTON ANAND
60183,18901,38.675,Andrew Lewis,ANDREW LEWIS
60186,18306,2.5305,Alexander Garcia,ALEXANDER GARCIA
60187,19954,15.4479,Nicole Ross,NICOLE ROSS
60188,17739,1918.2579,Logan Wilson,LOGAN WILSON
60189,17754,1939.2529,Susan Zhou,SUSAN ZHOU
60192,17794,623.5073,Candice Liu,CANDICE LIU
60193,17085,888.9394,Shaun Xu,SHAUN XU
60194,15094,2612.1758,Chase Murphy,CHASE MURPHY
60196,11721,69.5929,Pedro Blanco,PEDRO BLANCO
60197,11320,2.5305,Grace Thompson,GRACE THOMPSON
60198,11176,2.5305,Morgan Miller,MORGAN MILLER
60200,11330,64.6094,Grace Lewis,GRACE LEWIS
60201,11287,26.2769,Ruben Carlson,RUBEN CARLSON
60205,19729,35.6694,Cynthia Sai,CYNTHIA SAI
60207,20315,146.9319,Chloe Washington,CHLOE WASHINGTON
60208,20018,77.339,Tara Black,TARA BLACK
60209,19834,132.5779,Byron Suarez,BYRON SUAREZ
60210,19633,66.2779,Cassandra Mehta,CASSANDRA MEHTA
60211,18678,87.2729,Diana Suarez,DIANA SUAREZ
60212,16774,60.7529,Adam Green,ADAM GREEN
60213,16371,60.7529,Evan Nelson,EVAN NELSON
60214,16736,66.2779,Jordan Scott,JORDAN SCOTT
60215,16460,8.0444,Misty Yuan,MISTY YUAN
60216,11434,54.1119,Nicole Jones,NICOLE JONES
60222,14526,32.5754,Jeremiah Gray,JEREMIAH GRAY
60224,11622,145.2633,Barbara Rai,BARBARA RAI
60225,13760,82.8529,Monique Jimenez,MONIQUE JIMENEZ
60226,11143,46.7194,Roy Martin,ROY MARTIN
60227,12541,9.934,Alejandro Shan,ALEJANDRO SHAN
60228,17154,1950.2808,Mitchell Nath,MITCHELL NATH
60229,19689,752.4387,Byron Gutierrez,BYRON GUTIERREZ
60230,14364,987.2844,Sheila Martin,SHEILA MARTIN
60231,13976,2574.6279,Seth Butler,SETH BUTLER
60232,15175,2725.2173,Kendra Rubio,KENDRA RUBIO
60233,11854,2659.6577,Gerald Raman,GERALD RAMAN
60234,13461,2535.964,Dalton Powell,DALTON POWELL
60236,19196,1429.1297,Brianna Morgan,BRIANNA MORGAN
60237,20221,2715.3497,George Sanchez,GEORGE SANCHEZ
60238,19971,2738.5657,Nicole Patterson,NICOLE PATTERSON
60239,19957,2715.3497,Julie Jai,JULIE JAI
60240,11072,2649.8453,Julia Lee,JULIA LEE
60241,11104,2694.0563,Jennifer Robinson,JENNIFER ROBINSON
60242,11106,2634.3974,Jennifer Rodriguez,JENNIFER RODRIGUEZ
60244,20371,1297.8004,Shawn Xu,SHAWN XU
60245,17477,1879.594,Leah Zeng,LEAH ZENG
60246,16996,1939.2529,Nathan Hernandez,NATHAN HERNANDEZ
60249,14426,2604.4408,Lee Suarez,LEE SUAREZ
60250,12608,2626.5408,Sarah Price,SARAH PRICE
60251,13263,2607.2033,Carson Gonzales,CARSON GONZALES
60252,12199,132.6,Abigail Foster,ABIGAIL FOSTER
60253,12006,30.1444,Alexis Moore,ALEXIS MOORE
60254,19566,106.0137,Byron Hernandez,BYRON HERNANDEZ
60255,20402,5.514,Shawn Raji,SHAWN RAJI
60256,12459,2538.4944,Sarah Williams,SARAH WILLIAMS
60258,14957,691.1444,Cole Morgan,COLE MORGAN
60262,17626,905.5254,James Martin,JAMES MARTIN
60264,11851,55.239,Gerald Rana,GERALD RANA
60266,11331,32.034,Grace Lee,GRACE LEE
60268,19642,44.1779,Grace Henderson,GRACE HENDERSON
60272,14119,76.2119,Isaac Brooks,ISAAC BROOKS
60273,14291,77.339,Jared Ward,JARED WARD
60274,19825,77.339,Lindsay Kumar,LINDSAY KUMAR
60275,17538,5.514,Brittney Holt,BRITTNEY HOLT
60276,18093,15.4479,Justin Clark,JUSTIN CLARK
60277,16899,5.514,Jesse Allen,JESSE ALLEN
60279,16189,72.8858,Tina Sai,TINA SAI
60280,17802,96.0798,Candice Ye,CANDICE YE
60281,13675,55.2169,Wyatt Jenkins,WYATT JENKINS
60283,11958,82.8529,Alisha Lu,ALISHA LU
60284,12436,46.7194,Ashley Thompson,ASHLEY THOMPSON
60285,17167,1918.2579,Tony Shen,TONY SHEN
60286,19658,596.689,Grace Flores,GRACE FLORES
60287,19659,615.7723,Patricia Vance,PATRICIA VANCE
60288,14417,937.5594,Brian Peterson,BRIAN PETERSON
60290,13894,2615.4687,Theresa Moreno,THERESA MORENO
60291,13464,2563.589,Colin He,COLIN HE
60292,11516,2582.6834,Jenny Rai,JENNY RAI
60293,13435,2646.4419,Colin Wu,COLIN WU
60295,20225,2738.5657,Cory Suri,CORY SURI
60298,12246,632.3473,Emily Harris,EMILY HARRIS
60305,17123,622.0708,Logan Wright,LOGAN WRIGHT
60306,17498,624.8444,Luke Hall,LUKE HALL
60309,19400,1303.3144,Victoria Cox,VICTORIA COX
60310,20187,1303.8669,Alyssa Henderson,ALYSSA HENDERSON
60311,17272,1895.0419,Bethany Yuan,BETHANY YUAN
60315,12632,2673.0613,Clayton Tang,CLAYTON TANG
60316,14216,1381.0732,Krista Jimenez,KRISTA JIMENEZ
60318,14207,2612.1869,Eduardo Kelly,EDUARDO KELLY
60319,12609,2547.0029,Nuan Ma,NUAN MA
60320,14183,2596.7279,Brian Kelly,BRIAN KELLY
60321,14186,2696.189,Sabrina Blanco,SABRINA BLANCO
60322,13602,2628.7398,Blake Hughes,BLAKE HUGHES
60323,14790,2630.4194,Roberto Hernandez,ROBERTO HERNANDEZ
60324,12920,54.1119,Jaclyn Zhou,JACLYN ZHOU
60325,15721,92.7869,Marc Rubio,MARC RUBIO
60326,14223,117.0748,Angel Sanders,ANGEL SANDERS
60328,17313,47.4377,Alan Ye,ALAN YE
60329,12672,180.104,Clayton Anand,CLAYTON ANAND
60330,12682,4.409,Omar Yang,OMAR YANG
60331,11987,182.6344,Kayla Walker,KAYLA WALKER
60333,14948,668.4808,Patrick Morgan,PATRICK MORGAN
60334,14978,697.1887,Marcus Morgan,MARCUS MORGAN
60335,12655,2715.3497,Elizabeth Bradley,ELIZABETH BRADLEY
60337,11330,2.5305,Grace Lewis,GRACE LEWIS
60341,11223,26.2769,Isabella Moore,ISABELLA MOORE
60342,13758,216.127,Eduardo Russell,EDUARDO RUSSELL
60343,16800,16.5529,Gabriel Young,GABRIEL YOUNG
60344,18983,104.4004,Veronica Sara,VERONICA SARA
60347,14593,8.0444,Alex James,ALEX JAMES
60348,13476,83.9469,Dalton Bryant,DALTON BRYANT
60349,13785,42.9624,Richard Patterson,RICHARD PATTERSON
60350,19505,59.0844,Emma Richardson,EMMA RICHARDSON
60357,12513,201.9719,Alejandro Hu,ALEJANDRO HU
60358,17153,1928.1919,Mitchell Rai,MITCHELL RAI
60359,11886,2562.7823,Emma Rodriguez,EMMA RODRIGUEZ
60360,15362,2598.9158,Brenda Stone,BRENDA STONE
60361,11811,2563.589,Ross Navarro,ROSS NAVARRO
60362,14288,2597.8108,Felicia Gill,FELICIA GILL
60363,14381,2574.6279,Lucas Torres,LUCAS TORRES
60364,13447,2598.9158,Dalton Bennett,DALTON BENNETT
60365,13453,2646.4419,Dalton Henderson,DALTON HENDERSON
60366,19598,1914.1473,Grace Murphy,GRACE MURPHY
60370,13104,2646.4419,Louis Chande,LOUIS CHANDE
60373,17480,1907.2079,Naomi Vazquez,NAOMI VAZQUEZ
60377,14214,1564.4369,Krista Alvarez,KRISTA ALVAREZ
60380,11450,2682.9953,Marshall Lal,MARSHALL LAL
60382,17292,44.4542,Jose Lewis,JOSE LEWIS
60383,16700,43.0729,Francisco Prasad,FRANCISCO PRASAD
60384,18258,40.8408,Curtis Lu,CURTIS LU
60385,17330,24.2879,Noah Lee,NOAH LEE
60387,16174,53.0069,Molly Perez,MOLLY PEREZ
60388,15222,38.664,Garrett Rivera,GARRETT RIVERA
60389,19572,64.6094,Holly Chandra,HOLLY CHANDRA
60390,16682,40.432,Eric Hill,ERIC HILL
60391,17784,1889.5279,Logan Garcia,LOGAN GARCIA
60393,16432,2709.8357,Tracy Chapman,TRACY CHAPMAN
60395,11200,4.409,Morgan Lewis,MORGAN LEWIS
60399,17174,5.514,Tony Luo,TONY LUO
60400,16672,8.0444,Alison Beck,ALISON BECK
60402,20085,33.0727,Joel Raman,JOEL RAMAN
60403,15634,24.2879,Adam Evans,ADAM EVANS
60404,12753,147.5065,Omar Pal,OMAR PAL
60405,13781,44.189,Richard Powell,RICHARD POWELL
60406,13695,38.675,Wyatt Russell,WYATT RUSSELL
60407,16599,159.6394,Gloria Ramos,GLORIA RAMOS
60409,20064,43.0729,Destiny Barnes,DESTINY BARNES
60413,11926,44.189,Elizabeth Garcia,ELIZABETH GARCIA
60414,20495,2742.8642,Jennifer Wood,JENNIFER WOOD
60415,17150,1950.2808,Hunter Thompson,HUNTER THOMPSON
60416,16083,620.9769,Kellie Gill,KELLIE GILL
60417,19698,802.5284,Rachel Cook,RACHEL COOK
60418,13948,2630.4194,Wendy Dominguez,WENDY DOMINGUEZ
60419,11812,2566.1194,Ross Gutierrez,ROSS GUTIERREZ
60420,12781,2574.6279,Rafael Zhang,RAFAEL ZHANG
60421,11780,2646.4419,Damien Xu,DAMIEN XU
60422,11954,2577.1694,Kayla Wilson,KAYLA WILSON
60424,19197,1381.0732,Philip Navarro,PHILIP NAVARRO
60426,19950,2784.8984,Nicole Bennett,NICOLE BENNETT
60428,13526,2738.5657,Jon Chen,JON CHEN
60429,19964,2738.5657,Julie Chander,JULIE CHANDER
60430,16529,1297.8004,Kelsey Nath,KELSEY NATH
60432,16928,1238.1415,Caleb Young,CALEB YOUNG
60434,11124,2673.0613,Roy Garcia,ROY GARCIA
60435,16160,657.4419,Molly Fernandez,MOLLY FERNANDEZ
60443,19536,1238.1415,Monica Chandra,MONICA CHANDRA
60444,20281,1303.8669,Kelvin She,KELVIN SHE
60445,18859,1276.8054,Orlando Torres,ORLANDO TORRES
60450,17071,927.6254,Timothy Wright,TIMOTHY WRIGHT
60451,11454,2673.0613,Nicole Harris,NICOLE HARRIS
60452,11459,2673.0613,Jenny Zhu,JENNY ZHU
60453,14195,2591.1808,Sabrina Rubio,SABRINA RUBIO
60454,11593,2574.6279,Barbara Yuan,BARBARA YUAN
60455,12460,2629.8669,Sarah Jones,SARAH JONES
60456,12808,2563.589,Oscar Russell,OSCAR RUSSELL
60457,12380,2538.4944,Lacey Xu,LACEY XU
60458,11876,8.7848,Tamara Hu,TAMARA HU
60459,13137,71.7919,Spencer Bennett,SPENCER BENNETT
60460,13041,71.7919,Louis Lu,LOUIS LU
60463,13127,6.9394,Edwin Yang,EDWIN YANG
60464,19091,2.5305,Megan Bailey,MEGAN BAILEY
60465,17052,59.659,Isaac Hernandez,ISAAC HERNANDEZ
60467,13839,883.4254,Briana Ortega,BRIANA ORTEGA
60468,17627,927.6033,Stacey Hu,STACEY HU
60469,11128,59.6479,Roy Lopez,ROY LOPEZ
60473,11287,36.023,Ruben Carlson,RUBEN CARLSON
60474,18411,38.6529,Larry Gomez,LARRY GOMEZ
60475,16667,11.039,Connor Hill,CONNOR HILL
60477,19712,132.5779,Rachel Rivera,RACHEL RIVERA
60478,11784,77.339,Ross Sanchez,ROSS SANCHEZ
60479,20763,136.9979,Isabella Bell,ISABELLA BELL
60481,15971,44.1779,Henry Sara,HENRY SARA
60482,13893,24.2879,Ian Bryant,IAN BRYANT
60483,14609,5.514,Clinton Hernandez,CLINTON HERNANDEZ
60484,14825,67.9023,Sheila Ortega,SHEILA ORTEGA
60485,20147,41.9569,Alyssa Gray,ALYSSA GRAY
60486,17186,77.339,Angel Wright,ANGEL WRIGHT
60487,11436,30.6859,Jenny Li,JENNY LI
60488,17213,60.7529,Terry She,TERRY SHE
60490,12259,65.1729,Emily Rodriguez,EMILY RODRIGUEZ
60491,17261,1950.2808,Aaron McDonald,AARON MCDONALD
60492,11924,2562.4508,Elizabeth Thompson,ELIZABETH THOMPSON
60493,14606,2576.8048,Timothy James,TIMOTHY JAMES
60494,13468,2701.6808,Dalton Washington,DALTON WASHINGTON
60495,13487,2598.9158,Jeremy Price,JEREMY PRICE
60496,11925,2640.9058,Tamara Goldberg,TAMARA GOLDBERG
60497,11939,2650.3094,Elizabeth Hall,ELIZABETH HALL
60498,13446,2602.264,Colin Lu,COLIN LU
60500,19599,1879.594,Grace Bailey,GRACE BAILEY
60501,20239,2778.9977,Derek Yuan,DEREK YUAN
60502,19974,2699.9018,Nicole Flores,NICOLE FLORES
60505,13090,2590.4073,Wyatt Griffin,WYATT GRIFFIN
60506,12243,596.689,Emily Jackson,EMILY JACKSON
60508,12089,2644.3313,Jessica Miller,JESSICA MILLER
60513,20304,1293.3804,Bradley Chande,BRADLEY CHANDE
60514,20310,1270.1644,Chloe Flores,CHLOE FLORES
60517,13263,2743.7482,Carson Gonzales,CARSON GONZALES
60518,11453,2673.0613,Nicole White,NICOLE WHITE
60519,15688,2584.5619,Diane Serrano,DIANE SERRANO
60520,14774,2535.964,Danny Ramos,DANNY RAMOS
60521,13575,2650.8398,Miguel Alexander,MIGUEL ALEXANDER
60522,12413,132.6,Ashley Brown,ASHLEY BROWN
60523,15766,30.1444,Billy Carlson,BILLY CARLSON
60524,15604,30.1444,Diane Dominguez,DIANE DOMINGUEZ
60526,14314,65.1729,Seth Ward,SETH WARD
60527,18291,9.934,Jorge Yang,JORGE YANG
60528,15687,2547.0029,Elijah Edwards,ELIJAH EDWARDS
60530,14990,657.3866,Dalton Morgan,DALTON MORGAN
60531,11091,2.5305,Jennifer Taylor,JENNIFER TAYLOR
60534,17551,142.4898,James Allen,JAMES ALLEN
60535,13751,76.2119,Eduardo Foster,EDUARDO FOSTER
60536,20515,82.2783,Jennifer Long,JENNIFER LONG
60537,20357,77.339,Julia Cox,JULIA COX
60538,20759,86.1458,Isabella Reed,ISABELLA REED
60539,17492,93.3394,Gabriel Hall,GABRIEL HALL
60540,20517,85.0519,Keith Nath,KEITH NATH
60542,20729,86.1458,Amy Zheng,AMY ZHENG
60545,14723,44.189,Cole Richardson,COLE RICHARDSON
60546,11853,44.189,Emma Brown,EMMA BROWN
60547,17619,79.5269,Cameron Jones,CAMERON JONES
60548,15187,2547.0029,Teresa Diaz,TERESA DIAZ
60549,13886,2602.2529,Desiree Ortega,DESIREE ORTEGA
60550,12451,2616.5516,Jose Muñoz,JOSE MUÑOZ
60551,13442,2562.7823,Colin Zhao,COLIN ZHAO
60553,12241,651.3644,Dawn Beck,DAWN BECK
60556,20190,1330.9283,Alyssa Jenkins,ALYSSA JENKINS
60557,17405,1906.6554,Karen Zhao,KAREN ZHAO
60560,13592,2673.0613,Walter Navarro,WALTER NAVARRO
60561,12650,2673.0613,Sarah Diaz,SARAH DIAZ
60562,14192,2618.8058,Cole Kelly,COLE KELLY
60563,12085,9.934,Jessica Brown,JESSICA BROWN
60564,12115,55.239,Jessica Rodriguez,JESSICA RODRIGUEZ
60565,11200,82.3004,Morgan Lewis,MORGAN LEWIS
60567,15735,34.5534,Billy Alvarez,BILLY ALVAREZ
60569,13639,132.6,Javier Torres,JAVIER TORRES
60574,13842,913.2383,Desiree Alvarez,DESIREE ALVAREZ
60575,11734,108.8315,Pedro Sanz,PEDRO SANZ
60576,11687,69.5929,Pedro Diaz,PEDRO DIAZ
60577,11711,70.6869,Brianna Jones,BRIANNA JONES
60580,11619,33.139,Lauren Jones,LAUREN JONES
60581,19645,104.3783,Cassandra Gonzalez,CASSANDRA GONZALEZ
60583,15571,11.039,Adam Parker,ADAM PARKER
60585,11519,132.5779,Jenny Nath,JENNY NATH
60586,19800,77.339,Alicia Chapman,ALICIA CHAPMAN
60588,17434,5.514,Austin Garcia,AUSTIN GARCIA
60589,17562,15.4479,Joan Gao,JOAN GAO
60590,18844,136.9979,Orlando Gutierrez,ORLANDO GUTIERREZ
60591,18772,87.2729,Kelvin Gao,KELVIN GAO
60593,15486,44.1779,Nancy Perez,NANCY PEREZ
60594,14373,83.9469,Anne Torres,ANNE TORRES
60596,16556,96.0798,Kara Lal,KARA LAL
60601,11829,85.0298,Gerald Suri,GERALD SURI
60602,13352,62.9519,Willie Lu,WILLIE LU
60603,14385,859.0712,Xavier Torres,XAVIER TORRES
60604,14298,2613.5792,Adrian Ward,ADRIAN WARD
60605,14116,2560.2519,Lori Gutierrez,LORI GUTIERREZ
60606,17766,858.9607,Logan Harris,LOGAN HARRIS
60609,17315,2709.8357,Alan Lu,ALAN LU
60610,16528,1238.1415,Kelsey Rai,KELSEY RAI
60612,11107,2673.0613,Roy Madan,ROY MADAN
60613,11446,2742.6542,Jenny Wu,JENNY WU
60614,13091,2596.7279,Louis Lal,LOUIS LAL
60618,14880,1238.1415,Lance Rubio,LANCE RUBIO
60619,20118,1293.3804,Shannon Torres,SHANNON TORRES
60621,19480,1272.6948,Emma Sanchez,EMMA SANCHEZ
60624,16196,2709.5042,Tina Smith,TINA SMITH
60625,13576,2676.9067,Miguel Russell,MIGUEL RUSSELL
60628,11076,2634.3974,Julia Hall,JULIA HALL
60629,11092,2644.3313,Roy Patel,ROY PATEL
60630,11448,2694.0563,Nicole Thomas,NICOLE THOMAS
60631,14191,2584.5619,Sabrina Suarez,SABRINA SUAREZ
60632,13577,2547.0029,Miguel Griffin,MIGUEL GRIFFIN
60633,14791,2591.1808,Roberto Alvarez,ROBERTO ALVAREZ
60634,12231,2547.0029,Emily Wilson,EMILY WILSON
60635,11520,9.934,Destiny Hall,DESTINY HALL
60636,12933,9.934,Aidan Griffin,AIDAN GRIFFIN
60637,14665,34.5534,Steven Cooper,STEVEN COOPER
60638,11262,65.7254,Natalie Wilson,NATALIE WILSON
60639,13136,30.1444,Spencer Price,SPENCER PRICE
60640,13004,27.614,Emily Washington,EMILY WASHINGTON
60641,15602,32.0229,Samuel Evans,SAMUEL EVANS
60642,19097,24.2879,Derrick Diaz,DERRICK DIAZ
60643,19955,33.6804,Julie Sharma,JULIE SHARMA
60646,15822,15.7242,Brian Stewart,BRIAN STEWART
60648,15232,16.5529,Teresa Ortega,TERESA ORTEGA
60649,17789,1939.2529,Candice Wang,CANDICE WANG
60650,17798,679.5308,Candice Huang,CANDICE HUANG
60651,17815,751.8752,Nathan Taylor,NATHAN TAYLOR
60652,11225,2.5305,Isabella Anderson,ISABELLA ANDERSON
60653,16870,36.023,Melody Munoz,MELODY MUNOZ
60659,14724,19.0834,Jared Richardson,JARED RICHARDSON
60661,15403,44.1779,Marcus Rogers,MARCUS ROGERS
60662,15277,106.5662,Devin Sanchez,DEVIN SANCHEZ
60663,14989,35.6584,Randall Ortega,RANDALL ORTEGA
60664,14805,112.1133,Roberto Alonso,ROBERTO ALONSO
60665,13819,38.675,Marcus Ross,MARCUS ROSS
60667,17935,70.6869,Abby Rana,ABBY RANA
60668,19495,43.0729,Brett Malhotra,BRETT MALHOTRA
60670,12799,44.1779,Francisco Javier Castrejón,FRANCISCO JAVIER CASTREJÓN
60671,11279,46.7194,Natalie Garcia,NATALIE GARCIA
60672,13756,109.9144,Monique Hernandez,MONIQUE HERNANDEZ
60673,12097,62.9629,Warren Gao,WARREN GAO
60674,14567,55.5042,Micheal Alonso,MICHEAL ALONSO
60675,12204,107.1408,Warren Zheng,WARREN ZHENG
60676,16012,26.8184,Bobby Ray,BOBBY RAY
60677,17483,35.6031,Valerie Wang,VALERIE WANG
60678,12278,55.239,Hannah Wilson,HANNAH WILSON
60679,19657,835.6673,Patricia Patel,PATRICIA PATEL
60680,13978,2576.8048,Joanna Romero,JOANNA ROMERO
60681,13999,2535.964,Xavier Bennett,XAVIER BENNETT
60682,11777,2582.6723,Olivia Martinez,OLIVIA MARTINEZ
60683,19951,2699.9018,Nicole Wood,NICOLE WOOD
60685,20227,2735.9248,Cory Chandra,CORY CHANDRA
60686,19979,2776.1136,Shannon Alvarez,SHANNON ALVAREZ
60692,17669,690.5698,Sandra Gao,SANDRA GAO
60694,19113,1308.8283,Derrick Navarro,DERRICK NAVARRO
60695,17464,1972.3808,Kelvin Zhou,KELVIN ZHOU
60696,20673,1939.2529,Dwayne Sanz,DWAYNE SANZ
60697,17065,927.6254,Johnny Chavez,JOHNNY CHAVEZ
60698,13592,2602.2529,Walter Navarro,WALTER NAVARRO
60699,11142,76.2119,Kaitlyn Thompson,KAITLYN THOMPSON
60700,11814,65.1729,Ross Torres,ROSS TORRES
60701,12351,103.2954,Colleen Raji,COLLEEN RAJI
60702,17094,905.5254,Shaun Shan,SHAUN SHAN
60703,15661,927.6033,Jimmy Serrano,JIMMY SERRANO
60704,11192,43.0729,Morgan Thompson,MORGAN THOMPSON
60705,11260,43.0729,Ruben Muñoz,RUBEN MUÑOZ
60712,16964,16.5529,Isaiah Young,ISAIAH YOUNG
60713,19805,77.339,Jasmine Rivera,JASMINE RIVERA
60714,20464,25.3377,Dwayne Alonso,DWAYNE ALONSO
60715,12147,15.4479,Dawn Zhang,DAWN ZHANG
60716,15505,8.0444,Nathaniel Cook,NATHANIEL COOK
60717,16242,8.0444,Jesse Baker,JESSE BAKER
60718,15681,79.0959,Marc Diaz,MARC DIAZ
60724,16591,5.514,Aaron Scott,AARON SCOTT
60725,13566,15.4479,Miguel Butler,MIGUEL BUTLER
60726,14574,71.0073,Richard Ramirez,RICHARD RAMIREZ
60727,12797,62.9519,Abigail Henderson,ABIGAIL HENDERSON
60728,11407,59.659,Jill Martin,JILL MARTIN
60729,14495,927.6254,Juan Gray,JUAN GRAY
60730,14565,888.9504,Steven Ramirez,STEVEN RAMIREZ
60731,14386,1014.3458,Dalton Torres,DALTON TORRES
60732,15893,713.7748,Johnathan Srini,JOHNATHAN SRINI
60733,13977,2591.4681,Joanna Alonso,JOANNA ALONSO
60734,13658,2590.4073,Edward Alexander,EDWARD ALEXANDER
60735,11779,2535.964,Ross Martinez,ROSS MARTINEZ
60736,14290,2626.5408,Cole Ward,COLE WARD
60737,14929,820.2968,Albert Castro,ALBERT CASTRO
60738,14947,867.7786,Randall Hernandez,RANDALL HERNANDEZ
60739,18626,1424.7097,Anthony White,ANTHONY WHITE
60740,19311,1381.0732,Frank Diaz,FRANK DIAZ
60741,11134,850.2865,Marshall Guo,MARSHALL GUO
60742,20238,2699.9018,Chloe Reed,CHLOE REED
60743,19959,2738.5657,Nicole Coleman,NICOLE COLEMAN
60747,11108,2673.0613,Jennifer Lewis,JENNIFER LEWIS
60754,20194,1297.8004,Shannon Serrano,SHANNON SERRANO
60755,20197,1265.7554,George Srini,GEORGE SRINI
60756,20291,1272.6948,Chloe Henderson,CHLOE HENDERSON
60761,14218,1418.6211,Krista Munoz,KRISTA MUNOZ
60762,14012,858.9607,Tanya Jimenez,TANYA JIMENEZ
60763,14287,820.2968,Devin Ross,DEVIN ROSS
60764,11080,2728.3003,Joe Rubio,JOE RUBIO
60765,14713,2547.0029,Bryce Richardson,BRYCE RICHARDSON
60766,12473,2574.6279,Sarah Anderson,SARAH ANDERSON
60767,12332,2552.5169,Madison White,MADISON WHITE
60768,14860,30.1444,Lance Dominguez,LANCE DOMINGUEZ
60769,15235,80.5877,Alex Sanchez,ALEX SANCHEZ
60771,11366,55.239,Rachel Martinez,RACHEL MARTINEZ
60772,11121,8.7848,Kaitlyn Jones,KAITLYN JONES
60775,17795,596.689,Nathan Davis,NATHAN DAVIS
60776,13836,885.9559,Marcus Flores,MARCUS FLORES
60777,16562,905.5254,Luke Lopez,LUKE LOPEZ
60779,11203,168.2584,Morgan Walker,MORGAN WALKER
60780,19801,63.0845,Jill Murphy,JILL MURPHY
60784,18506,77.3169,Leslie Martin,LESLIE MARTIN
60789,19669,87.2729,Gloria Gonzales,GLORIA GONZALES
60790,17426,5.514,Karen Hu,KAREN HU
60791,16875,44.1779,Russell Nath,RUSSELL NATH
60792,17177,15.4479,Noah Anderson,NOAH ANDERSON
60793,15895,68.4658,Connor Perez,CONNOR PEREZ
60794,14444,34.2219,Eduardo Peterson,EDUARDO PETERSON
60795,13749,24.2879,Eduardo Simmons,EDUARDO SIMMONS
60796,13761,51.3494,Monique Moreno,MONIQUE MORENO
60806,11514,44.189,Jenny Nara,JENNY NARA
60807,15402,82.8529,Richard Rogers,RICHARD ROGERS
60808,12537,9.934,Alejandro Kumar,ALEJANDRO KUMAR
60809,12377,55.239,Samantha Thomas,SAMANTHA THOMAS
60811,13489,2538.4944,Briana Moreno,BRIANA MORENO
60812,11810,2646.4419,Victoria Thomas,VICTORIA THOMAS
60813,13472,2783.4729,Colin Cai,COLIN CAI
60815,19605,1918.2579,Cassandra Suri,CASSANDRA SURI
60816,16929,1276.8054,Luke Hernandez,LUKE HERNANDEZ
60818,11109,2644.3313,Roy Srini,ROY SRINI
60824,17557,596.689,Brittney Sun,BRITTNEY SUN
60825,17668,612.1369,Sandra Zhu,SANDRA ZHU
60826,17270,1918.2579,Noah White,NOAH WHITE
60830,16826,2698.4432,Mario Nath,MARIO NATH
60832,13405,2649.8453,Xavier Perry,XAVIER PERRY
60833,14219,1342.4093,Krista Alonso,KRISTA ALONSO
60835,11075,2649.8453,Julia Walker,JULIA WALKER
60836,11449,2644.3313,Jenny Zhou,JENNY ZHOU
60837,15093,2574.6279,Jill Alonso,JILL ALONSO
60838,13265,2618.8058,Carson Bryant,CARSON BRYANT
60840,17074,34.5534,Johnny Goel,JOHNNY GOEL
60842,13522,38.664,Jon Wang,JON WANG
60843,15149,38.664,Kendra Romero,KENDRA ROMERO
60844,17346,27.0615,Alan She,ALAN SHE
60845,15039,9.934,Gina Martin,GINA MARTIN
60846,17313,9.934,Alan Ye,ALAN YE
60847,16700,59.659,Francisco Prasad,FRANCISCO PRASAD
60848,16704,59.659,Francisco Raman,FRANCISCO RAMAN
60850,12650,2699.9018,Sarah Diaz,SARAH DIAZ
60851,11711,34.5534,Brianna Jones,BRIANNA JONES
60853,11331,40.0784,Grace Lee,GRACE LEE
60860,17601,77.3169,Stacey Zhou,STACEY ZHOU
60862,16971,71.2394,Evan Young,EVAN YOUNG
60863,16993,138.114,Jonathan Hernandez,JONATHAN HERNANDEZ
60864,13175,44.1779,Edwin Deng,EDWIN DENG
60867,19524,25.6581,Emma Watson,EMMA WATSON
60868,20053,40.0784,Destiny Sanders,DESTINY SANDERS
60870,14988,40.0784,Xavier Morgan,XAVIER MORGAN
60872,12727,16.5529,Kayla Butler,KAYLA BUTLER
60873,20482,2699.9018,Corey Anand,COREY ANAND
60874,11872,2618.8169,Emma Harris,EMMA HARRIS
60875,15201,2607.7779,Teresa Alonso,TERESA ALONSO
60876,13904,2563.589,Theresa Torres,THERESA TORRES
60877,14380,2574.639,Anne Blanco,ANNE BLANCO
60880,19956,2742.8642,Julie Shan,JULIE SHAN
60881,20214,1907.2079,Alyssa Bryant,ALYSSA BRYANT
60882,19967,2708.6865,Nicole Powell,NICOLE POWELL
60883,16527,1297.8004,Alex Mitchell,ALEX MITCHELL
60884,11060,2688.5092,Julia Garcia,JULIA GARCIA
60885,11095,2673.0613,Roy Vance,ROY VANCE
60886,11117,2673.0613,Kaitlyn Johnson,KAITLYN JOHNSON
60887,12060,2644.3313,Kelli Lin,KELLI LIN
60888,17518,596.689,Valerie Guo,VALERIE GUO
60889,15762,623.7504,Billy Blanco,BILLY BLANCO
60890,19434,1272.6948,Douglas Mehta,DOUGLAS MEHTA
60894,14299,820.2968,Felicia Suarez,FELICIA SUAREZ
60895,13607,2566.1194,Walter Vazquez,WALTER VAZQUEZ
60896,13405,2591.1808,Xavier Perry,XAVIER PERRY
60897,13523,35.6584,Jeremiah Simmons,JEREMIAH SIMMONS
60898,18714,2.5305,Michael Smith,MICHAEL SMITH
60899,11423,2011.0448,Jasmine Lewis,JASMINE LEWIS
60900,14139,905.5254,Jared Brooks,JARED BROOKS
60901,16033,905.5254,Bobby Sanchez,BOBBY SANCHEZ
60902,15172,70.6869,Charles Bailey,CHARLES BAILEY
60906,11652,38.6529,Lauren Martinez,LAUREN MARTINEZ
60908,12363,66.2779,Lacey Huang,LACEY HUANG
60909,15418,132.5779,Alex Reed,ALEX REED
60910,17459,66.2779,Leah Lu,LEAH LU
60911,15979,5.514,Adam Roberts,ADAM ROBERTS
60912,16091,44.1779,Elijah Phillips,ELIJAH PHILLIPS
60914,12847,27.614,Trevor Alexander,TREVOR ALEXANDER
60916,20055,91.6819,Donald Lopez,DONALD LOPEZ
60917,20161,43.0729,Alyssa Brooks,ALYSSA BROOKS
60918,12654,40.0784,Clayton Chavez,CLAYTON CHAVEZ
60920,16036,44.1779,Bobby Perez,BOBBY PEREZ
60922,11517,109.9144,Destiny Lee,DESTINY LEE
60923,12759,24.2879,Alexis Long,ALEXIS LONG
60924,11562,93.9029,Rohinton Wadia,ROHINTON WADIA
60925,19697,596.689,Kristina Madan,KRISTINA MADAN
60926,19706,682.8348,Rachel Bailey,RACHEL BAILEY
60927,13911,2615.4908,Theresa Vazquez,THERESA VAZQUEZ
60928,13947,2677.9454,Wendy Torres,WENDY TORRES
60929,13492,2562.4508,Jeremy Bennett,JEREMY BENNETT
60930,14292,2562.7823,Felicia Vazquez,FELICIA VAZQUEZ
60931,15395,2608.8608,Cody Rogers,CODY ROGERS
60932,15391,2646.4419,Garrett Rogers,GARRETT ROGERS
60934,15028,1939.2529,Bryan Bell,BRYAN BELL
60935,19965,2738.5657,Nicole Perry,NICOLE PERRY
60936,19970,2785.5172,Julie Becker,JULIE BECKER
60939,11070,2674.4757,Julia Lewis,JULIA LEWIS
60956,12853,2547.0029,Trevor Harrison,TREVOR HARRISON
60957,13591,2580.1419,Jon Yuan,JON YUAN
60958,13580,2602.2529,Miguel Hayes,MIGUEL HAYES
60959,13026,117.0748,Tamara Lin,TAMARA LIN
60960,17244,35.6694,Robert Martinez,ROBERT MARTINEZ
60961,18742,24.2879,Natasha Alvarez,NATASHA ALVAREZ
60962,19085,83.9469,Megan Blue,MEGAN BLUE
60966,13615,87.2729,Walter Carlson,WALTER CARLSON
60968,13623,4.409,Javier Alvarez,JAVIER ALVAREZ
60970,15662,944.7419,James Edwards,JAMES EDWARDS
60971,14939,2618.8169,Evan Morgan,EVAN MORGAN
60974,11530,6.9394,Jenny Raji,JENNY RAJI
60977,19640,168.623,Grace Ross,GRACE ROSS
60978,19217,36.023,Philip Rubio,PHILIP RUBIO
60980,13920,86.7204,Lucas Perry,LUCAS PERRY
60981,15748,132.5779,Jose Collins,JOSE COLLINS
60982,18666,65.1729,Christopher Winston,CHRISTOPHER WINSTON
60983,16990,66.2779,Melody Dominguez,MELODY DOMINGUEZ
60984,16082,44.1779,Andre Gonzalez,ANDRE GONZALEZ
60985,18315,8.0444,Jorge Gao,JORGE GAO
60986,15853,66.2779,Ian Stewart,IAN STEWART
60988,14762,5.514,Carlos Cox,CARLOS COX
60989,13672,132.5779,Wyatt Ross,WYATT ROSS
60990,17776,71.7919,Susan Guo,SUSAN GUO
60991,16281,70.6869,Casey Tang,CASEY TANG
60992,17804,81.7258,Candice Zhao,CANDICE ZHAO
60993,15696,219.884,Marc Ferrier,MARC FERRIER
60995,15445,71.7919,Nancy Kapoor,NANCY KAPOOR
60996,19449,49.9681,Raymond Kapoor,RAYMOND KAPOOR
60998,11024,46.7194,Chloe Walker,CHLOE WALKER
60999,15172,49.9902,Charles Bailey,CHARLES BAILEY
61000,11887,82.8529,Emma Lewis,EMMA LEWIS
61001,16840,62.9519,Nathan Adams,NATHAN ADAMS
61002,11419,54.1119,Christy Nara,CHRISTY NARA
61003,12592,9.934,Clayton Zhao,CLAYTON ZHAO
61004,12269,48.5979,Hannah Johnson,HANNAH JOHNSON
61005,20472,2742.8642,Corey Chander,COREY CHANDER
61006,17163,1914.1473,Jordan Wright,JORDAN WRIGHT
61007,16021,596.689,Jose Turner,JOSE TURNER
61008,14398,888.9504,Lee Jimenez,LEE JIMENEZ
61009,14415,850.2865,Sheila Diaz,SHEILA DIAZ
61010,14365,888.9504,Anne Moreno,ANNE MORENO
61011,14366,991.6712,Anne Munoz,ANNE MUNOZ
61012,15892,683.4094,Caleb Perez,CALEB PEREZ
61013,14605,2560.2519,Sean James,SEAN JAMES
61014,13477,2574.6279,Colin She,COLIN SHE
61015,11933,2602.264,Elizabeth Lewis,ELIZABETH LEWIS
61016,15363,2580.1419,Mason Rogers,MASON ROGERS
61017,14120,2625.9773,Lori Gill,LORI GILL
61018,14240,2641.9998,Krista Carlson,KRISTA CARLSON
61024,20196,1238.1415,George McDonald,GEORGE MCDONALD
61028,16824,2644.3313,Mario Rai,MARIO RAI
61029,13575,2674.4757,Miguel Alexander,MIGUEL ALEXANDER
61033,17069,937.5594,Sean Wright,SEAN WRIGHT
61034,14427,2734.8087,Lee Rubio,LEE RUBIO
61035,14181,2563.589,Patrick Kelly,PATRICK KELLY
61036,11606,2590.0758,Anna Robinson,ANNA ROBINSON
61037,14931,2628.7398,Albert Sanz,ALBERT SANZ
61038,12745,2626.5408,Alexis Wood,ALEXIS WOOD
61039,19591,23.7465,Grace Cook,GRACE COOK
61040,16480,83.9469,Misty Nara,MISTY NARA
61041,17752,1962.4469,Susan Lin,SUSAN LIN
61042,17773,1934.8329,Samuel Davis,SAMUEL DAVIS
61043,18627,645.2869,Anthony Harris,ANTHONY HARRIS
61044,20717,2715.3497,Morgan Jenkins,MORGAN JENKINS
61045,13811,905.5254,Linda Ferrier,LINDA FERRIER
61050,12530,76.2119,Alejandro Xu,ALEJANDRO XU
61053,15310,19.0834,Jillian Prasad,JILLIAN PRASAD
61054,15863,77.3169,Kellie Ruiz,KELLIE RUIZ
61055,11651,77.339,Pedro Prasad,PEDRO PRASAD
61056,19231,77.339,Brianna Kelly,BRIANNA KELLY
61059,13924,33.0727,Theresa Rubio,THERESA RUBIO
61060,18573,51.3494,Kathleen Gutierrez,KATHLEEN GUTIERREZ
61061,15612,82.8529,Ricky Suarez,RICKY SUAREZ
61062,12739,38.675,Kayla Diaz,KAYLA DIAZ
61065,19498,34.5534,Brett Sai,BRETT SAI
61071,11847,82.8529,Emma Johnson,EMMA JOHNSON
61072,12511,9.934,Alejandro Zheng,ALEJANDRO ZHENG
61073,14578,937.5594,Lucas Ramirez,LUCAS RAMIREZ
61074,11813,2624.3529,Victoria Jackson,VICTORIA JACKSON
61075,14297,2580.1529,Felicia Carlson,FELICIA CARLSON
61076,11955,2624.3529,Alisha Ye,ALISHA YE
61077,14597,2634.5963,Micheal Ramos,MICHEAL RAMOS
61078,11250,868.8947,Natalie Smith,NATALIE SMITH
61079,19958,2738.4552,Nicole Henderson,NICOLE HENDERSON
61081,11445,2644.3313,Nicole Anderson,NICOLE ANDERSON
61082,12114,2644.3313,Kelli Lal,KELLI LAL
61088,19527,1347.4923,Carol Brooks,CAROL BROOKS
61089,20191,1263.5233,Alyssa Perry,ALYSSA PERRY
61090,16955,1945.3194,Eric Young,ERIC YOUNG
61091,17465,1950.2808,Naomi Gill,NAOMI GILL
61093,11611,2535.964,Anna Lewis,ANNA LEWIS
61094,13595,2552.5169,Walter Gutierrez,WALTER GUTIERREZ
61095,14185,2591.1808,Chase Kelly,CHASE KELLY
61096,12486,2552.5169,Sarah Robinson,SARAH ROBINSON
61097,14773,2668.564,Isaac Cox,ISAAC COX
61098,16681,35.6694,Adam Hill,ADAM HILL
61099,16615,62.9408,Nichole Chander,NICHOLE CHANDER
61101,20631,79.5158,Kaitlyn Washington,KAITLYN WASHINGTON
61102,19976,30.6859,Tara Deng,TARA DENG
61103,20155,66.2779,Phillip Vance,PHILLIP VANCE
61104,17298,133.1083,José Miller,JOSÉ MILLER
61106,13613,77.339,Blake Bryant,BLAKE BRYANT
61107,17068,59.659,Johnny Nara,JOHNNY NARA
61108,12665,2.5305,Elizabeth Jenkins,ELIZABETH JENKINS
61109,16627,38.5535,Alex Hill,ALEX HILL
61110,17847,1879.594,Abby Arthur,ABBY ARTHUR
61111,17841,687.2658,Nathan Thompson,NATHAN THOMPSON
61113,14137,905.5254,Cole Brooks,COLE BROOKS
61114,12857,2580.1529,Tristan Wood,TRISTAN WOOD
61115,11519,93.9029,Jenny Nath,JENNY NATH
61116,11499,135.1305,Destiny White,DESTINY WHITE
61117,13072,132.6,Louis Deng,LOUIS DENG
61118,11262,32.5754,Natalie Wilson,NATALIE WILSON
61119,11719,66.8194,Brianna Taylor,BRIANNA TAYLOR
61120,11253,70.6869,Natalie Johnson,NATALIE JOHNSON
61121,11253,26.2769,Natalie Johnson,NATALIE JOHNSON
61122,11660,98.8533,Pedro Mehta,PEDRO MEHTA
61126,11520,103.3065,Destiny Hall,DESTINY HALL
61129,19654,87.2729,Grace Patterson,GRACE PATTERSON
61131,18652,15.4479,Diana Alonso,DIANA ALONSO
61132,14627,8.0444,Dalton Rivera,DALTON RIVERA
61133,16932,8.0444,Noah Young,NOAH YOUNG
61134,15459,38.5866,Richard Reed,RICHARD REED
61135,17857,27.614,Carrie Jiménez,CARRIE JIMÉNEZ
61136,16186,71.7919,Isaiah Campbell,ISAIAH CAMPBELL
61137,12498,44.189,Alejandro Zhu,ALEJANDRO ZHU
61138,19822,40.8408,Lindsay Luo,LINDSAY LUO
61139,16282,26.8184,Casey Xu,CASEY XU
61140,16042,27.614,Andre Kapoor,ANDRE KAPOOR
61143,13688,30.1444,Wyatt Simmons,WYATT SIMMONS
61144,19272,15.4479,Erik Jimenez,ERIK JIMENEZ
61145,18040,214.3479,Christian Wilson,CHRISTIAN WILSON
61146,12956,109.9144,Jaclyn Zeng,JACLYN ZENG
61147,12146,109.9144,Taylor Thomas,TAYLOR THOMAS
61148,12933,148.0258,Aidan Griffin,AIDAN GRIFFIN
61149,12416,44.189,Lacey Xu,LACEY XU
61150,16673,2725.2836,Gloria Rubio,GLORIA RUBIO
61152,14414,876.7733,Lee Gill,LEE GILL
61153,13949,2615.4908,Wendy Gill,WENDY GILL
61154,13905,2615.4908,Theresa Dominguez,THERESA DOMINGUEZ
61155,11797,2645.8783,Victoria Brown,VICTORIA BROWN
61156,11778,2535.964,Olivia Robinson,OLIVIA ROBINSON
61159,17308,2699.9018,Alan Lin,ALAN LIN
61160,19975,2738.5657,Tara She,TARA SHE
61165,11101,2676.9067,Jennifer Thompson,JENNIFER THOMPSON
61168,19123,1293.3804,Kelvin Liang,KELVIN LIANG
61171,11241,612.1369,Isabella Clark,ISABELLA CLARK
61269,11792,93.9029,Ross Martin,ROSS MARTIN
61270,18259,24.2879,Dylan Davis,DYLAN DAVIS
61271,20454,26.2769,Jennifer Bailey,JENNIFER BAILEY
61275,13996,38.664,Joanna Ramos,JOANNA RAMOS
61276,17252,69.5929,Elijah McDonald,ELIJAH MCDONALD
61277,15050,693.9069,Lucas Blue,LUCAS BLUE
61279,12859,2560.2519,Robyn Ruiz,ROBYN RUIZ
61280,11891,38.664,Tamara Xu,TAMARA XU
61282,11306,2.5305,Grace Wilson,GRACE WILSON
61286,11530,38.6529,Jenny Raji,JENNY RAJI
61287,15760,76.2119,Luis Collins,LUIS COLLINS
61288,19709,77.3169,Kristina Garcia,KRISTINA GARCIA
61291,19779,77.339,Alicia Luo,ALICIA LUO
61293,18083,99.4169,Wesley Wang,WESLEY WANG
61294,17396,14.2987,Karen Yang,KAREN YANG
61295,14751,8.0444,Danny Jiménez,DANNY JIMÉNEZ
61296,14996,24.2879,Isaiah Bell,ISAIAH BELL
61297,12627,112.6548,Sarah Long,SARAH LONG
61298,18155,54.1119,Randy Zhou,RANDY ZHOU
61299,12411,44.189,Lacey Simpson,LACEY SIMPSON
61300,13164,111.0083,Edwin Liang,EDWIN LIANG
61301,16747,2740.3337,Isaac Adams,ISAAC ADAMS
61302,14486,2552.5169,Jonathon Navarro,JONATHON NAVARRO
61303,13602,2673.0613,Blake Hughes,BLAKE HUGHES
61304,12473,1396.5211,Sarah Anderson,SARAH ANDERSON
61305,20236,1879.594,Chloe Rogers,CHLOE ROGERS
61307,20260,1918.2579,Chloe Ward,CHLOE WARD
61308,20246,2715.3497,Derek Sharma,DEREK SHARMA
61309,13625,2696.189,Blake Diaz,BLAKE DIAZ
61310,13541,620.4354,Miguel Wood,MIGUEL WOOD
61313,11427,1928.1919,Jasmine Hall,JASMINE HALL
61314,11211,132.6,Ruben Prasad,RUBEN PRASAD
61315,15146,140.2798,Timothy Bailey,TIMOTHY BAILEY
61317,17355,24.2879,Krystal Liu,KRYSTAL LIU
61318,18492,62.9519,Tyler Martin,TYLER MARTIN
61319,20262,30.6859,Chloe Peterson,CHLOE PETERSON
61321,14319,82.3004,Kristy Hernandez,KRISTY HERNANDEZ
61322,12371,135.1305,Samantha Miller,SAMANTHA MILLER
61323,17848,1918.2579,Carrie Gomez,CARRIE GOMEZ
61326,16422,2708.6865,Tracy Sharma,TRACY SHARMA
61327,15684,2584.5619,Marc Hernandez,MARC HERNANDEZ
61328,11684,59.659,Megan Jackson,MEGAN JACKSON
61331,11262,42.9624,Natalie Wilson,NATALIE WILSON
61333,11091,38.6529,Jennifer Taylor,JENNIFER TAYLOR
61335,19864,77.339,Christine Sutton,CHRISTINE SUTTON
61336,19876,87.2729,Jasmine Griffin,JASMINE GRIFFIN
61338,16720,44.1779,Hunter Scott,HUNTER SCOTT
61339,14409,94.4554,Lee Navarro,LEE NAVARRO
61340,13737,43.3713,Eduardo Powell,EDUARDO POWELL
61341,16300,79.5269,Casey Pal,CASEY PAL
61342,12497,46.7194,Alejandro Sun,ALEJANDRO SUN
61344,17816,41.1834,Candice Gao,CANDICE GAO
61345,20135,77.3169,Alyssa Cox,ALYSSA COX
61346,16293,5.514,Jackson Gonzalez,JACKSON GONZALEZ
61349,12563,76.2119,Ashley Barnes,ASHLEY BARNES
61350,11280,82.8529,Marshall Deng,MARSHALL DENG
61351,11201,101.6269,Morgan Lee,MORGAN LEE
61352,12135,38.675,Taylor Davis,TAYLOR DAVIS
61353,16717,133.1194,Francisco Gonzalez,FRANCISCO GONZALEZ
61354,12611,9.934,Clayton Guo,CLAYTON GUO
61355,12563,55.239,Ashley Barnes,ASHLEY BARNES
61356,14580,850.2865,Micheal Gutierrez,MICHEAL GUTIERREZ
61357,14581,954.6648,Seth Ramirez,SETH RAMIREZ
61358,14456,2658.0444,Sheila Alvarez,SHEILA ALVAREZ
61359,14420,2563.589,Lee Serrano,LEE SERRANO
61360,12041,2674.0558,Alisha Alan,ALISHA ALAN
61362,13648,2538.4944,Javier Browning,JAVIER BROWNING
61365,20683,1918.2579,Tiffany He,TIFFANY HE
61366,14185,2710.6092,Chase Kelly,CHASE KELLY
61367,11099,2709.5042,Jennifer Harris,JENNIFER HARRIS
61368,11904,2673.0613,Tamara Johnston,TAMARA JOHNSTON
61370,11464,2673.0613,Jenny Guo,JENNY GUO
61372,12139,8.7848,Taylor Wilson,TAYLOR WILSON
61373,11122,11.039,Roy Mehta,ROY MEHTA
61374,13046,38.664,Hannah Flores,HANNAH FLORES
61375,13150,38.664,Robyn Gill,ROBYN GILL
61376,13613,8.7848,Blake Bryant,BLAKE BRYANT
61377,18199,9.934,Todd Huang,TODD HUANG
61378,18270,9.934,Alexander Wilson,ALEXANDER WILSON
61379,16436,2778.9977,Jack Carter,JACK CARTER
61380,15927,2577.1694,James Roberts,JAMES ROBERTS
61381,12623,2574.639,Sarah Perry,SARAH PERRY
61382,15697,2576.8048,Marc Romero,MARC ROMERO
61383,14429,2648.6408,Lee Oliver,LEE OLIVER
61384,11086,59.6479,Roy Chandra,ROY CHANDRA
61385,11262,11.3152,Natalie Wilson,NATALIE WILSON
61388,14265,30.1444,Richard Sanders,RICHARD SANDERS
61391,16497,37.5479,Kelsey Xie,KELSEY XIE
61393,16085,79.0959,Kevin Phillips,KEVIN PHILLIPS
61394,16948,132.0033,Jordan Young,JORDAN YOUNG
61395,17699,75.0627,Jonathan Martin,JONATHAN MARTIN
61399,15939,44.1779,Samuel Roberts,SAMUEL ROBERTS
61400,14375,44.1779,Marcus Torres,MARCUS TORRES
61401,20740,89.4608,Morgan Gonzales,MORGAN GONZALES
61402,14254,90.0133,Steven Sanders,STEVEN SANDERS
61403,14942,5.514,Jesse Morgan,JESSE MORGAN
61404,16314,79.5269,James Nelson,JAMES NELSON
61405,16943,41.9127,Jose Young,JOSE YOUNG
61409,15155,2614.3748,Juan Bailey,JUAN BAILEY
61410,14648,2569.0366,Jamie Moreno,JAMIE MORENO
61411,14484,2591.1808,Timothy Gray,TIMOTHY GRAY
61412,12079,2685.0727,Jake Zukowski,JAKE ZUKOWSKI
61413,11937,2552.5169,Alisha Zhang,ALISHA ZHANG
61414,14449,2602.2529,Lawrence Navarro,LAWRENCE NAVARRO
61415,12782,2653.0498,Alexis Griffin,ALEXIS GRIFFIN
61416,17184,2688.5092,Tony Shan,TONY SHAN
61417,17734,1238.1415,Samuel Smith,SAMUEL SMITH
61420,13122,2630.9498,Robyn Dominguez,ROBYN DOMINGUEZ
61421,13284,2644.3313,Roger Xie,ROGER XIE
61422,12986,2710.6092,Emily Barnes,EMILY BARNES
61423,13559,663.5083,Jon Gao,JON GAO
61425,13050,1381.0732,Hannah Butler,HANNAH BUTLER
61428,20615,2742.8642,Kaitlyn Coleman,KAITLYN COLEMAN
61429,20616,2778.9977,Katie Shan,KATIE SHAN
61430,11253,38.664,Natalie Johnson,NATALIE JOHNSON
61431,14233,32.0229,Jesse Sanders,JESSE SANDERS
61432,16710,41.1834,Kelvin Yang,KELVIN YANG
61433,16625,49.9681,Nichole Black,NICHOLE BLACK
61435,17250,69.5929,Gabriel Lopez,GABRIEL LOPEZ
61436,16016,52.9958,Bobby Subram,BOBBY SUBRAM
61437,17896,664.5912,Dennis Wu,DENNIS WU
61440,14140,905.5254,Lori Ortega,LORI ORTEGA
61441,15923,2607.2033,Manuel Sai,MANUEL SAI
61442,15700,2574.639,Jordan Edwards,JORDAN EDWARDS
61443,11078,59.659,Joe Sanz,JOE SANZ
61444,11125,35.6584,Kaitlyn Miller,KAITLYN MILLER
61445,18314,26.2769,Jorge Zhu,JORGE ZHU
61446,16506,67.4934,Luis Mitchell,LUIS MITCHELL
61447,12203,48.5869,Dawn Deng,DAWN DENG
61449,11331,40.432,Grace Lee,GRACE LEE
61451,11642,159.6173,Pedro Malhotra,PEDRO MALHOTRA
61452,13144,35.6694,Edwin Ye,EDWIN YE
61453,15572,55.2169,Ricky Martin,RICKY MARTIN
61454,14265,77.3169,Richard Sanders,RICHARD SANDERS
61455,11215,104.4004,Isabella Brown,ISABELLA BROWN
61456,16986,75.6815,Ricardo Deng,RICARDO DENG
61457,15516,8.0444,Rachael Fernandez,RACHAEL FERNANDEZ
61459,14536,75.6815,Mathew Vazquez,MATHEW VAZQUEZ
61460,15442,103.2954,Nancy Suri,NANCY SURI
61461,12444,126.4894,Ashley Clark,ASHLEY CLARK
61462,14760,41.2055,Jeremy Richardson,JEREMY RICHARDSON
61463,11860,38.675,Emma Taylor,EMMA TAYLOR
61464,13229,24.2879,Antonio Diaz,ANTONIO DIAZ
61465,19719,729.2337,Kristina Perez,KRISTINA PEREZ
61466,14464,2604.7944,Lawrence Carlson,LAWRENCE CARLSON
61469,16424,1342.4093,Caleb Carter,CALEB CARTER
61470,13600,2720.5432,Blake Long,BLAKE LONG
61471,17730,1297.2258,Jonathan Walker,JONATHAN WALKER
61472,13123,2538.4944,Edwin Chen,EDWIN CHEN
61473,13135,2547.0029,Edwin Wu,EDWIN WU
61475,13366,2673.0613,Oscar Blue,OSCAR BLUE
61477,19987,1314.3533,Tara Yuan,TARA YUAN
61478,20394,1280.0983,Shawn Nara,SHAWN NARA
61479,17567,1889.5279,Luke Allen,LUKE ALLEN
61481,17233,850.2865,Terry Lal,TERRY LAL
61482,14059,35.6584,Joy Romero,JOY ROMERO
61483,19578,41.1834,Holly Arun,HOLLY ARUN
61487,14217,55.239,Krista Moreno,KRISTA MORENO
61489,13561,2590.4073,Jon Liang,JON LIANG
61490,15637,2650.8398,Jimmy Jimenez,JIMMY JIMENEZ
61491,15086,2618.8169,Patrick Murphy,PATRICK MURPHY
61492,15118,2535.964,Jill Rubio,JILL RUBIO
61493,11667,59.659,Pedro Fernandez,PEDRO FERNANDEZ
61494,11643,11.3152,Lauren White,LAUREN WHITE
61495,11506,55.239,Carol Martinez,CAROL MARTINEZ
61496,11498,34.5534,Jenny Shan,JENNY SHAN
61499,11277,123.1412,Ruben Vazquez,RUBEN VAZQUEZ
61502,18449,77.3169,Larry Blanco,LARRY BLANCO
61504,14574,82.2783,Richard Ramirez,RICHARD RAMIREZ
61505,20349,77.339,Julia Bailey,JULIA BAILEY
61506,19018,147.5065,Gary Hernandez,GARY HERNANDEZ
61508,19082,44.1779,Craig Ramos,CRAIG RAMOS
61510,20133,32.0229,Alyssa Richardson,ALYSSA RICHARDSON
61515,14784,40.0784,Sheila Sanz,SHEILA SANZ
61516,17186,8.0444,Angel Wright,ANGEL WRIGHT
61517,13071,38.675,Madison Barnes,MADISON BARNES
61518,11235,82.8529,Isabella Martin,ISABELLA MARTIN
61519,12180,2598.9158,Dawn Zhu,DAWN ZHU
61520,12078,2648.6408,Jessica Johnson,JESSICA JOHNSON
61521,15490,2645.8783,Rachael Kapoor,RACHAEL KAPOOR
61523,20609,2806.0591,Katie Luo,KATIE LUO
61525,13650,2580.1419,Javier Serrano,JAVIER SERRANO
61531,18476,681.6856,Dylan Taylor,DYLAN TAYLOR
61534,18475,681.6856,Brandi Jiménez,BRANDI JIMÉNEZ
61536,17521,1934.8329,Isaiah Hall,ISAIAH HALL
61538,14670,937.5594,Charles Cooper,CHARLES COOPER
61539,20282,41.1834,Bradley Xie,BRADLEY XIE
61542,12997,44.1779,Jaclyn Becker,JACLYN BECKER
61543,12690,6.9394,Elizabeth Alexander,ELIZABETH ALEXANDER
61545,11369,65.1729,Warren Kumar,WARREN KUMAR
61546,18206,9.934,Alexander Lee,ALEXANDER LEE
61547,17902,1895.0419,Greg Taylor,GREG TAYLOR
61548,12386,2625.4248,Lacey Gao,LACEY GAO
61549,13562,2563.589,Jon Guo,JON GUO
61550,15097,2582.6834,Jill Travers,JILL TRAVERS
61551,11890,65.7254,Emma Walker,EMMA WALKER
61552,11505,98.3119,Destiny Garcia,DESTINY GARCIA
61553,12068,65.1729,Abigail Lewis,ABIGAIL LEWIS
61555,11330,35.6584,Grace Lewis,GRACE LEWIS
61558,12165,41.1834,Dawn Ye,DAWN YE
61559,19224,106.1574,Nelson Alonso,NELSON ALONSO
61560,16213,55.2169,Tina Lopez,TINA LOPEZ
61561,18380,14.2987,Zachary Wilson,ZACHARY WILSON
61562,18944,62.9519,Joseph Harris,JOSEPH HARRIS
61563,16049,44.1779,Andre Kovár,ANDRE KOVÁR
61564,15680,5.514,Marc Ruiz,MARC RUIZ
61565,14543,46.7194,Jesse Ramirez,JESSE RAMIREZ
61566,15711,79.0959,Diane Ramos,DIANE RAMOS
61567,16266,70.6869,Denise Rodriguez,DENISE RODRIGUEZ
61568,17951,30.1444,Vincent Ye,VINCENT YE
61569,17711,77.3169,Margaret Zhou,MARGARET ZHOU
61570,17809,226.8123,Nathan Miller,NATHAN MILLER
61571,19373,99.4169,Olivia Griffin,OLIVIA GRIFFIN
61572,12134,38.0894,Kelli Rai,KELLI RAI
61573,16294,15.4479,Casey Shan,CASEY SHAN
61575,17371,79.5269,Luis Hall,LUIS HALL
61576,12978,55.5042,Dakota Diaz,DAKOTA DIAZ
61577,12788,62.9519,Rafael Li,RAFAEL LI
61578,11563,59.659,Alyssa Hall,ALYSSA HALL
61579,12966,118.1908,Deb Foster,DEB FOSTER
61580,15850,2624.3529,Richard Stone,RICHARD STONE
61581,14434,2647.5358,Sheila Hernandez,SHEILA HERNANDEZ
61582,15048,858.9607,Gina Alvarez,GINA ALVAREZ
61583,14192,2666.4313,Cole Kelly,COLE KELLY
61586,17728,1272.6948,Samuel Martinez,SAMUEL MARTINEZ
61587,13117,2590.4073,Fernando Flores,FERNANDO FLORES
61588,13130,2602.264,Fernando Russell,FERNANDO RUSSELL
61596,17232,850.2865,Hunter Rodriguez,HUNTER RODRIGUEZ
61600,15233,38.664,Isaiah Sanchez,ISAIAH SANCHEZ
61601,17831,1933.7058,Dana Ramos,DANA RAMOS
61603,13263,2708.6865,Carson Gonzales,CARSON GONZALES
61604,12615,2587.8769,Sarah Wood,SARAH WOOD
61605,11662,69.5929,Lauren Lee,LAUREN LEE
61607,11709,71.7919,Brianna Williams,BRIANNA WILLIAMS
61609,11506,43.0619,Carol Martinez,CAROL MARTINEZ
61611,11300,66.8194,Marshall Shen,MARSHALL SHEN
61612,14725,175.5624,Hector Gill,HECTOR GILL
61613,11185,42.9624,Morgan Jackson,MORGAN JACKSON
61614,11223,118.1577,Isabella Moore,ISABELLA MOORE
61615,15197,55.2169,Mason Rivera,MASON RIVERA
61618,19245,132.5779,Victor Gill,VICTOR GILL
61620,14743,71.2394,Danny Gomez,DANNY GOMEZ
61621,14369,51.3494,Richard Torres,RICHARD TORRES
61622,13864,24.2879,Ian Wood,IAN WOOD
61623,14699,87.2729,Mason Richardson,MASON RICHARDSON
61626,12752,4.409,Omar Jai,OMAR JAI
61628,12235,30.6859,Dawn Nara,DAWN NARA
61630,12327,5.514,Madison Anderson,MADISON ANDERSON
61631,13193,79.5269,Edwin Sharma,EDWIN SHARMA
61632,11385,15.4479,Jasmine Williams,JASMINE WILLIAMS
61633,20544,2715.3497,April Jai,APRIL JAI
61634,12440,2580.1529,Ashley Garcia,ASHLEY GARCIA
61635,14602,2708.8412,Micheal Saunders,MICHEAL SAUNDERS
61636,12914,2574.6279,Aidan Hughes,AIDAN HUGHES
61637,14412,2563.589,Lee Travers,LEE TRAVERS
61638,12486,1429.1297,Sarah Robinson,SARAH ROBINSON
61639,20612,2742.8642,Katie Kumar,KATIE KUMAR
61645,18647,662.4144,Diana Jimenez,DIANA JIMENEZ
61647,20529,1297.8004,April Xie,APRIL XIE
61648,20387,1320.4419,Julia Wood,JULIA WOOD
61649,20400,1238.1415,Julia Perry,JULIA PERRY
61650,20434,1293.3804,Peter Goel,PETER GOEL
61651,17143,1949.1869,Hunter Wright,HUNTER WRIGHT
61654,11894,2710.6092,Tamara Kumar,TAMARA KUMAR
61655,11905,2666.4313,Elizabeth Jones,ELIZABETH JONES
61656,11762,2694.0563,Olivia Taylor,OLIVIA TAYLOR
61657,19618,33.6804,Grace Peterson,GRACE PETERSON
61663,11367,65.1729,Rachel Robinson,RACHEL ROBINSON
61664,11911,27.0615,Tamara Raje,TAMARA RAJE
61665,19608,47.4819,Cassandra Patel,CASSANDRA PATEL
61667,15626,2679.5919,Aaron Evans,AARON EVANS
61668,15100,2598.9158,Jill Dominguez,JILL DOMINGUEZ
61669,12212,2563.589,Gail Griffin,GAIL GRIFFIN
61670,15354,2570.1858,Angel Rogers,ANGEL ROGERS
61671,12217,2535.964,Dawn Lal,DAWN LAL
61672,12861,2591.1808,Rafael Sharma,RAFAEL SHARMA
61673,11519,59.659,Jenny Nath,JENNY NATH
61674,11287,65.1729,Ruben Carlson,RUBEN CARLSON
61675,11632,70.6869,Lauren Taylor,LAUREN TAYLOR
61686,20477,76.2119,Corey Goel,COREY GOEL
61688,18927,62.9519,Chelsea Suri,CHELSEA SURI
61689,15297,44.1779,Alex Morris,ALEX MORRIS
61690,13880,79.5269,Ian Hughes,IAN HUGHES
61691,13245,51.3494,Carson Powell,CARSON POWELL
61693,17081,82.8529,Melody Ramos,MELODY RAMOS
61694,14537,46.7194,Evan Ramirez,EVAN RAMIREZ
61696,20566,30.1444,Kaitlyn Bailey,KAITLYN BAILEY
61702,11734,41.2055,Pedro Sanz,PEDRO SANZ
61703,11704,44.189,Pedro Navarro,PEDRO NAVARRO
61704,11692,44.189,Megan Thompson,MEGAN THOMPSON
61705,14096,46.7194,Richard Watson,RICHARD WATSON
61706,12057,41.2055,Abigail Thompson,ABIGAIL THOMPSON
61707,11713,142.5119,Brianna Davis,BRIANNA DAVIS
61708,12628,16.5529,Clayton Stone,CLAYTON STONE
61709,11397,42.5094,Christy Kumar,CHRISTY KUMAR
61710,14616,927.6254,Marcus Rivera,MARCUS RIVERA
61711,14613,997.2183,Clinton Moreno,CLINTON MORENO
61712,15006,2535.964,Paula Munoz,PAULA MUNOZ
61713,14433,2587.8769,Garrett Peterson,GARRETT PETERSON
61714,15566,2685.6362,Pamela Martinez,PAMELA MARTINEZ
61719,13651,2590.0758,Edward Butler,EDWARD BUTLER
61723,13328,2649.8453,Julian Jenkins,JULIAN JENKINS
61725,12193,2694.0563,Abigail Hughes,ABIGAIL HUGHES
61726,20541,1297.8004,Jennifer Griffin,JENNIFER GRIFFIN
61727,17564,1918.2579,Brittney Ma,BRITTNEY MA
61730,11764,2634.3974,Olivia Thomas,OLIVIA THOMAS
61732,14087,54.6754,Miguel Sanz,MIGUEL SANZ
61733,11752,8.7848,Ross Malhotra,ROSS MALHOTRA
61734,11425,635.3529,Jasmine Lee,JASMINE LEE
61735,15054,637.5298,Seth Bell,SETH BELL
61737,11185,6.9394,Morgan Jackson,MORGAN JACKSON
61740,12182,33.139,Dawn Gao,DAWN GAO
61743,13708,16.5529,Rodney Rubio,RODNEY RUBIO
61744,20485,16.5529,Keith She,KEITH SHE
61745,15942,77.339,Noah Roberts,NOAH ROBERTS
61746,18820,87.2729,Meghan Rowe,MEGHAN ROWE
61747,18542,136.9979,Dylan Lewis,DYLAN LEWIS
61748,19149,136.9979,Casey Moreno,CASEY MORENO
61749,17436,5.514,Leah Zhang,LEAH ZHANG
61750,11748,5.514,Olivia Williams,OLIVIA WILLIAMS
61751,16773,15.4479,Candice Cai,CANDICE CAI
61752,17682,75.6815,Sandra Hu,SANDRA HU
61754,14917,71.2394,Marcus Cook,MARCUS COOK
61755,15165,44.1779,Kendra Serrano,KENDRA SERRANO
61756,13913,118.1908,Lucas Ross,LUCAS ROSS
61757,13654,62.9519,Javier Ramos,JAVIER RAMOS
61758,14955,77.339,Juan Morgan,JUAN MORGAN
61759,19925,92.7869,Kathryn Nath,KATHRYN NATH
61762,12610,102.7208,Clayton Liang,CLAYTON LIANG
61763,16563,54.1119,Gloria Bradley,GLORIA BRADLEY
61765,15376,46.7194,Brenda Garcia,BRENDA GARCIA
61766,14599,2602.2529,Micheal Carlson,MICHEAL CARLSON
61767,12179,2580.1419,Anna Miller,ANNA MILLER
61768,14657,2626.5408,Juan Cooper,JUAN COOPER
61769,12108,2616.5627,Kelli Luo,KELLI LUO
61770,12903,2577.1694,Jaclyn Li,JACLYN LI
61771,14452,2626.5408,Lawrence Torres,LAWRENCE TORRES
61773,20448,2725.2836,Jennifer Morgan,JENNIFER MORGAN
61774,13132,2618.8169,Fernando Griffin,FERNANDO GRIFFIN
61780,20422,1253.5894,Peter Jai,PETER JAI
61781,11899,2673.0613,Sarah Hall,SARAH HALL
61783,13954,27.614,Seth Barnes,SETH BARNES
61784,18715,77.3169,Orlando Ashe,ORLANDO ASHE
61785,16165,49.9681,Jason Campbell,JASON CAMPBELL
61787,17077,55.239,Johnny Anand,JOHNNY ANAND
61789,17501,132.6,Valerie Zhao,VALERIE ZHAO
61790,16681,40.432,Adam Hill,ADAM HILL
61791,18305,40.432,Alexander Thompson,ALEXANDER THOMPSON
61794,15080,2563.589,Jesse Murphy,JESSE MURPHY
61795,15926,2618.8058,Manuel Madan,MANUEL MADAN
61796,15116,2587.3133,Devin Murphy,DEVIN MURPHY
61800,11330,88.3669,Grace Lewis,GRACE LEWIS
61801,12959,38.6529,Jaclyn She,JACLYN SHE
61803,18644,38.6529,Tyler Lee,TYLER LEE
61806,19688,132.5779,Kristina Chandra,KRISTINA CHANDRA
61807,17696,44.1779,Nathan Johnson,NATHAN JOHNSON
61808,17532,5.514,Brittney West,BRITTNEY WEST
61809,19208,109.3508,Brianna Richardson,BRIANNA RICHARDSON
61810,18753,136.9979,Natasha Gutierrez,NATASHA GUTIERREZ
61811,18504,142.5119,Brandi Rubio,BRANDI RUBIO
61813,15375,75.0627,Brenda Mehta,BRENDA MEHTA
61814,15011,99.4169,Patrick Blue,PATRICK BLUE
61815,20746,60.7529,Francis Gomez,FRANCIS GOMEZ
61816,16542,44.1779,Kara Shen,KARA SHEN
61818,20565,71.7919,Kristin She,KRISTIN SHE
61825,11581,75.1069,Barbara Zeng,BARBARA ZENG
61829,16935,60.7529,Carl Deng,CARL DENG
61830,11309,44.189,Grace Anderson,GRACE ANDERSON
61831,12183,114.3565,Anna Taylor,ANNA TAYLOR
61832,13289,41.2055,Roger Xu,ROGER XU
61833,12238,38.664,Dawn Goel,DAWN GOEL
61834,14591,885.9559,Micheal Vazquez,MICHEAL VAZQUEZ
61835,14577,891.4698,Micheal Navarro,MICHEAL NAVARRO
61836,19730,706.5923,Rachel Kelly,RACHEL KELLY
61837,12198,2642.5302,Abigail Simmons,ABIGAIL SIMMONS
61838,14498,2645.3148,Jared Gray,JARED GRAY
61839,17767,852.3307,Susan Sun,SUSAN SUN
61842,13626,2637.5687,Blake Hayes,BLAKE HAYES
61845,13345,2699.0067,Willie Huang,WILLIE HUANG
61851,19874,1292.2533,Jasmine Alexander,JASMINE ALEXANDER
61852,17559,1933.7058,Luis Allen,LUIS ALLEN
61853,20175,1341.9783,Alyssa Wood,ALYSSA WOOD
61855,11759,2634.3974,Ross Srini,ROSS SRINI
61856,11118,86.1016,Roy Raman,ROY RAMAN
61857,15783,38.664,Carlos Collins,CARLOS COLLINS
61858,14517,59.659,Mathew Moreno,MATHEW MORENO
61859,15920,1918.2579,Manuel Malhotra,MANUEL MALHOTRA
61862,12270,2658.0444,Hannah Williams,HANNAH WILLIAMS
61863,11846,55.239,Gerald Prasad,GERALD PRASAD
61866,11505,70.6869,Destiny Garcia,DESTINY GARCIA
61873,17374,86.1016,Krystal Zhu,KRYSTAL ZHU
61877,20449,11.039,Jennifer Bell,JENNIFER BELL
61878,18814,77.339,Mary Ramos,MARY RAMOS
61879,14455,132.5779,Damien Nara,DAMIEN NARA
61880,19246,77.339,Joan Coleman,JOAN COLEMAN
61881,18673,142.5119,Jacob Smith,JACOB SMITH
61882,14352,94.4554,Garrett Travers,GARRETT TRAVERS
61884,15115,104.4004,Charles Murphy,CHARLES MURPHY
61885,16198,94.4554,Tina Prasad,TINA PRASAD
61886,13773,46.7194,Monique Gutierrez,MONIQUE GUTIERREZ
61887,20595,77.3169,Kaitlyn Kelly,KAITLYN KELLY
61893,16579,30.8958,Kara Anand,KARA ANAND
61894,12111,82.8529,Jessica Robinson,JESSICA ROBINSON
61895,11869,41.2055,Warren Yang,WARREN YANG
61896,11852,82.8529,Emma Jones,EMMA JONES
61897,14341,123.7158,Kristy Ramos,KRISTY RAMOS
61898,15864,24.2879,Allen Garcia,ALLEN GARCIA
61899,12719,16.5529,Omar Cai,OMAR CAI
61900,11602,38.664,Anna Thompson,ANNA THOMPSON
61901,14636,927.6254,Clinton Serrano,CLINTON SERRANO
61902,15876,2597.8108,Gabriel Perez,GABRIEL PEREZ
61903,14470,2632.0658,Lawrence Rubio,LAWRENCE RUBIO
61904,14447,2635.3808,Marcus Peterson,MARCUS PETERSON
61905,13591,2698.4432,Jon Yuan,JON YUAN
61907,20450,2699.9018,Kelvin Deng,KELVIN DENG
61908,17353,2715.3497,Krystal Li,KRYSTAL LI
61909,12248,596.689,Emily Martin,EMILY MARTIN
61910,12250,624.314,Colleen West,COLLEEN WEST
61911,13618,2535.964,Blake Russell,BLAKE RUSSELL
61912,13629,2681.7798,Javier Muñoz,JAVIER MUÑOZ
61913,11991,2563.589,Alexis Johnson,ALEXIS JOHNSON
61916,20525,1276.8054,April She,APRIL SHE
61918,17116,1950.2808,Shaun Raji,SHAUN RAJI
61920,11766,2719.4382,Olivia Jackson,OLIVIA JACKSON
61922,19098,132.5448,Derrick Hernandez,DERRICK HERNANDEZ
61923,18270,94.4554,Alexander Wilson,ALEXANDER WILSON
61925,19324,905.5254,Olivia Peterson,OLIVIA PETERSON
61926,11253,59.659,Natalie Johnson,NATALIE JOHNSON
61927,11253,2.5305,Natalie Johnson,NATALIE JOHNSON
61928,11502,59.659,Jenny Pal,JENNY PAL
61929,11181,4.409,Roy Sanz,ROY SANZ
61932,13268,77.3169,Carson Alexander,CARSON ALEXANDER
61934,17410,159.6394,Karen Xu,KAREN XU
61935,20128,87.2729,Ronald Sara,RONALD SARA
61936,17432,5.514,Thomas Martin,THOMAS MARTIN
61937,16154,5.514,Robert Campbell,ROBERT CAMPBELL
61938,13876,24.2879,Ian Powell,IAN POWELL
61939,15712,36.023,Marc Blanco,MARC BLANCO
61945,12166,41.2055,Taylor Lewis,TAYLOR LEWIS
61946,17374,43.3713,Krystal Zhu,KRYSTAL ZHU
61947,12971,24.2879,Jaclyn Yuan,JACLYN YUAN
61948,14576,859.0712,Ian Ramirez,IAN RAMIREZ
61949,15906,2587.8769,Eric Perez,ERIC PEREZ
61950,14601,2626.5408,Sheila Gutierrez,SHEILA GUTIERREZ
61951,14471,2602.264,Evan Gray,EVAN GRAY
61952,14451,2610.3084,Lawrence Gutierrez,LAWRENCE GUTIERREZ
61953,15846,2758.3784,Allen Sai,ALLEN SAI
61956,20452,2849.1652,Corey Xie,COREY XIE
61957,20614,2715.3497,Katie Sharma,KATIE SHARMA
61965,20682,1918.2579,Lindsey Anand,LINDSEY ANAND
61968,11896,2653.1161,Tamara Lal,TAMARA LAL
61969,11900,2742.6542,Tamara Sharma,TAMARA SHARMA
61972,11882,8.7848,Tamara Shen,TAMARA SHEN
61973,16704,41.1834,Francisco Raman,FRANCISCO RAMAN
61974,16711,77.3169,Melody Martin,MELODY MARTIN
61976,12038,71.2394,Abigail Jones,ABIGAIL JONES
61977,11116,125.3844,Roy Rana,ROY RANA
61980,17632,905.5033,Cameron Brown,CAMERON BROWN
61981,16054,913.2383,Isaac Turner,ISAAC TURNER
61982,11501,66.2779,Destiny Martin,DESTINY MARTIN
61984,16247,38.5535,James Gonzalez,JAMES GONZALEZ
61990,13289,5.514,Roger Xu,ROGER XU
61993,13902,24.2879,Ian Diaz,IAN DIAZ
61994,18081,24.2879,Christian Lewis,CHRISTIAN LEWIS
61995,19507,6.9394,Emma Cox,EMMA COX
61997,11795,44.189,Ross Ruiz,ROSS RUIZ
61998,11858,38.675,Emma Moore,EMMA MOORE
61999,11342,54.1119,Christy Wu,CHRISTY WU
62000,13331,72.8858,Roger Anand,ROGER ANAND
62001,14867,927.6254,Steven Howard,STEVEN HOWARD
62002,15908,697.1887,Jackson Perez,JACKSON PEREZ
62003,14485,2555.0473,Patrick Gray,PATRICK GRAY
62004,15905,2763.5719,Johnathan Gonzalez,JOHNATHAN GONZALEZ
62005,12042,2648.6408,Kelli Zhang,KELLI ZHANG
62009,13647,2607.7779,Edward Flores,EDWARD FLORES
62010,13649,2618.8169,Edward Washington,EDWARD WASHINGTON
62015,20437,1276.8054,Peter Raji,PETER RAJI
62016,20145,1308.8283,Ronald Rodriguez,RONALD RODRIGUEZ
62017,12807,596.689,Oscar Alexander,OSCAR ALEXANDER
62018,11906,2634.3974,Tamara Pal,TAMARA PAL
62019,14224,1381.0732,Isaiah Sanders,ISAIAH SANDERS
62020,11767,2700.1228,Ross Rana,ROSS RANA
62022,11507,8.7848,Marshall Jai,MARSHALL JAI
62023,11370,33.1279,Damien Xie,DAMIEN XIE
62025,18727,59.659,Erika Rubio,ERIKA RUBIO
62026,17061,59.659,Johnny Andersen,JOHNNY ANDERSEN
62027,15146,38.664,Timothy Bailey,TIMOTHY BAILEY
62028,14665,55.239,Steven Cooper,STEVEN COOPER
62029,17327,9.934,Alan Liang,ALAN LIANG
62030,14516,59.659,Marcus Gray,MARCUS GRAY
62031,19626,15.4479,Grace Watson,GRACE WATSON
62033,15624,2602.2529,Diane Gill,DIANE GILL
62034,15085,2615.4908,Jill Ashe,JILL ASHE
62035,14428,2574.6279,Sebastian Peterson,SEBASTIAN PETERSON
62036,11142,70.6869,Kaitlyn Thompson,KAITLYN THOMPSON
62040,12196,77.3169,Gail Butler,GAIL BUTLER
62041,17371,71.7919,Luis Hall,LUIS HALL
62044,14370,16.5529,Anne Romero,ANNE ROMERO
62045,14091,71.7919,Cody West,CODY WEST
62046,19715,136.9979,Rachel Cox,RACHEL COX
62047,16910,77.339,Jackson Adams,JACKSON ADAMS
62048,19011,87.2729,Gary Gomez,GARY GOMEZ
62049,17547,5.514,Brittney Zhao,BRITTNEY ZHAO
62050,14729,5.514,Hector Serrano,HECTOR SERRANO
62052,17213,138.0919,Terry She,TERRY SHE
62053,16584,146.9319,Nichole Shen,NICHOLE SHEN
62054,17712,62.9408,Jonathan Robinson,JONATHAN ROBINSON
62055,19306,32.5754,Olivia Murphy,OLIVIA MURPHY
62056,11545,59.659,Alyssa Thompson,ALYSSA THOMPSON
62059,18619,43.0729,Anthony Anderson,ANTHONY ANDERSON
62062,11174,46.7194,Roy Ramos,ROY RAMOS
62063,16731,35.3269,Martin Vance,MARTIN VANCE
62064,13444,62.9519,Damien Pal,DAMIEN PAL
62065,12236,38.664,Emily Taylor,EMILY TAYLOR
62066,14617,927.6033,Clinton Munoz,CLINTON MUNOZ
62067,13029,861.3254,Hannah Coleman,HANNAH COLEMAN
62068,19735,632.3473,Cynthia Srini,CYNTHIA SRINI
62069,14656,2635.3808,Chase Cooper,CHASE COOPER
62070,12109,2598.9158,Jessica Garcia,JESSICA GARCIA
62071,14501,2535.964,Bryan Gray,BRYAN GRAY
62072,14461,2552.5169,Lawrence Serrano,LAWRENCE SERRANO
62073,12033,2619.9108,Alisha Goel,ALISHA GOEL
62075,19325,1352.3432,Olivia Gray,OLIVIA GRAY
62076,20258,2708.6865,Chloe Howard,CHLOE HOWARD
62077,13129,2602.264,Fernando Alexander,FERNANDO ALEXANDER
62078,11992,2574.6279,Alexis Williams,ALEXIS WILLIAMS
62079,13645,2618.8169,Javier Vazquez,JAVIER VAZQUEZ
62084,11903,2694.0563,Warren Wu,WARREN WU
62085,11465,2694.0563,Nicole Robinson,NICOLE ROBINSON
62088,11277,9.934,Ruben Vazquez,RUBEN VAZQUEZ
62089,11505,8.7848,Destiny Garcia,DESTINY GARCIA
62090,14056,27.614,Evan Watson,EVAN WATSON
62091,17060,77.3169,Aaron Hernandez,AARON HERNANDEZ
62092,16177,104.3783,Jack Campbell,JACK CAMPBELL
62094,17236,59.659,Terry Jai,TERRY JAI
62095,13003,175.695,Emily Flores,EMILY FLORES
62097,15695,2585.6669,Connor Edwards,CONNOR EDWARDS
62105,15863,79.0959,Kellie Ruiz,KELLIE RUIZ
62106,18600,33.139,Stacy Ruiz,STACY RUIZ
62109,19882,136.9979,Nicole Stewart,NICOLE STEWART
62110,11632,77.339,Lauren Taylor,LAUREN TAYLOR
62111,17689,5.514,Nathan Smith,NATHAN SMITH
62113,18061,5.514,Jeffery Ma,JEFFERY MA
62117,13656,62.9519,Edward Gonzales,EDWARD GONZALES
62118,17222,40.8408,Robert Thompson,ROBERT THOMPSON
62119,16507,38.9292,Gloria Dominguez,GLORIA DOMINGUEZ
62125,11211,44.189,Ruben Prasad,RUBEN PRASAD
62126,12636,9.934,Sarah Butler,SARAH BUTLER
62127,11248,42.5094,Isabella Hall,ISABELLA HALL
62128,14590,992.7983,Isaiah James,ISAIAH JAMES
62129,15986,707.1448,Henry Gonzalez,HENRY GONZALEZ
62131,19714,606.6229,Kristina Martinez,KRISTINA MARTINEZ
62132,19718,640.8669,Rachel Ward,RACHEL WARD
62133,14400,2604.4408,Mason Peterson,MASON PETERSON
62135,11333,2673.0613,Grace Hall,GRACE HALL
62136,17181,2688.5092,Noah Thomas,NOAH THOMAS
62138,13527,2740.3337,Jon Li,JON LI
62139,17354,2708.6865,Thomas Williams,THOMAS WILLIAMS
62140,17351,2806.0591,Krystal Wagner,KRYSTAL WAGNER
62142,13128,2574.6279,Fernando Bryant,FERNANDO BRYANT
62143,13632,2563.589,Edward Ross,EDWARD ROSS
62144,13953,2566.1194,Wendy Serrano,WENDY SERRANO
62145,13637,2535.964,Edward Jenkins,EDWARD JENKINS
62151,20395,1303.8669,Shawn Rai,SHAWN RAI
62154,17229,987.2844,Noah Lopez,NOAH LOPEZ
62155,14308,835.7447,Richard Ward,RICHARD WARD
62156,11768,2673.0613,Ross Raman,ROSS RAMAN
62158,12894,15.4479,Aidan Bennett,AIDAN BENNETT
62159,11223,55.239,Isabella Moore,ISABELLA MOORE
62160,14307,35.6584,Kristy Martin,KRISTY MARTIN
62161,17061,35.6694,Johnny Andersen,JOHNNY ANDERSEN
62166,15240,11.039,Mason Sanchez,MASON SANCHEZ
62167,17283,65.1729,Kelvin Lin,KELVIN LIN
62168,13954,27.0615,Seth Barnes,SETH BARNES
62169,18247,9.934,Curtis Yang,CURTIS YANG
62170,11150,9.934,Roy Alvarez,ROY ALVAREZ
62171,14123,36.023,Sean Brooks,SEAN BROOKS
62172,17787,1907.2079,Ethan Smith,ETHAN SMITH
62173,11420,596.689,Christy Rai,CHRISTY RAI
62175,17782,927.6254,Susan Cai,SUSAN CAI
62176,17873,1944.7669,Carrie Browning,CARRIE BROWNING
62177,15357,2618.8058,Brenda Sai,BRENDA SAI
62178,12211,2574.6279,Dawn Yuan,DAWN YUAN
62179,11646,59.659,Pedro Arun,PEDRO ARUN
62188,14370,36.023,Anne Romero,ANNE ROMERO
62190,16247,16.5529,James Gonzalez,JAMES GONZALEZ
62191,20635,55.2169,Kaitlyn Simmons,KAITLYN SIMMONS
62193,17422,87.2729,Thomas Thomas,THOMAS THOMAS
62194,13350,15.4479,Willie Zhao,WILLIE ZHAO
62195,17577,44.1779,Brittney Hu,BRITTNEY HU
62196,16356,8.0444,Katrina Rai,KATRINA RAI
62197,15837,44.1779,Bryan Stewart,BRYAN STEWART
62198,19801,50.7748,Jill Murphy,JILL MURPHY
62199,12752,132.5779,Omar Jai,OMAR JAI
62202,11434,23.7465,Nicole Jones,NICOLE JONES
62203,12633,40.0784,Clayton Xu,CLAYTON XU
62205,16511,8.0444,Kelsey Sharma,KELSEY SHARMA
62206,11258,38.675,Marshall She,MARSHALL SHE
62207,14904,173.8055,Timothy Ward,TIMOTHY WARD
62208,13206,94.9637,Antonio Patterson,ANTONIO PATTERSON
62209,15974,51.3494,Jordan Roberts,JORDAN ROBERTS
62210,18942,982.776,Chelsea Sara,CHELSEA SARA
62211,14639,937.5594,Isaac Cooper,ISAAC COOPER
62212,14589,850.2865,Angel James,ANGEL JAMES
62213,19736,733.6648,Cynthia Prasad,CYNTHIA PRASAD
62214,19721,623.5073,Rachel Gray,RACHEL GRAY
62215,14191,2634.3974,Sabrina Suarez,SABRINA SUAREZ
62218,20613,2738.5657,Katie Lal,KATIE LAL
62220,13115,2538.4944,Fernando Hughes,FERNANDO HUGHES
62221,13131,2535.964,Edwin Huang,EDWIN HUANG
62222,11031,2566.1194,Julia Williams,JULIA WILLIAMS
62226,19681,1303.8669,Rachel Sanchez,RACHEL SANCHEZ
62227,17025,1889.5279,Ricardo Goel,RICARDO GOEL
62228,20059,1293.3804,Donald Rodriguez,DONALD RODRIGUEZ
62230,14346,850.2865,Joy Ortega,JOY ORTEGA
62233,11949,38.664,Warren Zhou,WARREN ZHOU
62234,15593,30.1444,Ricky Navarro,RICKY NAVARRO
62235,12012,44.1779,Alexis Harris,ALEXIS HARRIS
62238,18278,38.664,Brandon Thomas,BRANDON THOMAS
62239,11102,8.7848,Jennifer Garcia,JENNIFER GARCIA
62242,17893,1879.594,Dennis Yang,DENNIS YANG
62243,12276,2591.1808,Colleen Xu,COLLEEN XU
62244,14940,2619.0931,Randall Gomez,RANDALL GOMEZ
62245,11078,178.2255,Joe Sanz,JOE SANZ
62246,11230,13.1937,Isabella Jackson,ISABELLA JACKSON
62247,11142,44.1779,Kaitlyn Thompson,KAITLYN THOMPSON
62248,11253,5.514,Natalie Johnson,NATALIE JOHNSON
62251,12892,156.8437,Rafael Black,RAFAEL BLACK
62253,11277,106.1574,Ruben Vazquez,RUBEN VAZQUEZ
62255,15859,16.5529,Allen Raman,ALLEN RAMAN
62256,11203,77.339,Morgan Walker,MORGAN WALKER
62257,20435,55.2169,Peter Black,PETER BLACK
62258,13201,14.2987,Antonio Perry,ANTONIO PERRY
62259,17179,32.5754,Robert Taylor,ROBERT TAYLOR
62260,15545,44.1779,Jose Parker,JOSE PARKER
62261,19039,8.0444,Lauren Henderson,LAUREN HENDERSON
62262,14190,40.432,Sabrina Carlson,SABRINA CARLSON
62267,11331,41.2055,Grace Lee,GRACE LEE
62268,11393,15.4479,Jasmine Wilson,JASMINE WILSON
62269,13162,94.4554,Spencer Simmons,SPENCER SIMMONS
62270,14631,937.5594,Clinton Gill,CLINTON GILL
62271,14419,2619.9108,Lee Blanco,LEE BLANCO
62272,15030,1895.0419,Garrett Bell,GARRETT BELL
62273,20451,2735.9248,Dwayne Munoz,DWAYNE MUNOZ
62274,17732,1297.8004,Margaret Zheng,MARGARET ZHENG
62276,12253,736.9687,Emily Robinson,EMILY ROBINSON
62277,13636,2566.1194,Edward Coleman,EDWARD COLEMAN
62280,17566,1918.2579,Brittney Liang,BRITTNEY LIANG
62282,14347,916.0119,Kristy Sanz,KRISTY SANZ
62283,14220,1396.5211,Dalton Kelly,DALTON KELLY
62285,13045,30.1444,Louis Zhu,LOUIS ZHU
62287,15811,35.6694,Troy Raman,TROY RAMAN
62289,12992,8.0444,Robyn Munoz,ROBYN MUNOZ
62292,16487,54.1119,Gloria Torres,GLORIA TORRES
62293,17933,729.2558,Benjamin Davis,BENJAMIN DAVIS
62295,15921,2618.8058,Jesse Perez,JESSE PEREZ
62296,11704,59.659,Pedro Navarro,PEDRO NAVARRO
62303,19862,103.3065,Jasmine Washington,JASMINE WASHINGTON
62307,18890,87.2729,Tamer Salah,TAMER SALAH
62309,19890,132.5779,Nicole Rogers,NICOLE ROGERS
62310,14458,87.2729,Lawrence Vazquez,LAWRENCE VAZQUEZ
62311,18100,66.2779,Wesley Lin,WESLEY LIN
62312,20271,132.5779,Derek Beck,DEREK BECK
62313,20089,5.514,Joel Garcia,JOEL GARCIA
62314,19729,5.514,Cynthia Sai,CYNTHIA SAI
62315,14396,85.0408,Lee Alvarez,LEE ALVAREZ
62316,13379,26.8184,Oscar Patterson,OSCAR PATTERSON
62317,16543,44.1779,Gloria Vazquez,GLORIA VAZQUEZ
62318,19175,27.614,Megan Alexander,MEGAN ALEXANDER
62319,18041,35.6584,David Harris,DAVID HARRIS
62320,17800,41.1834,Candice Lin,CANDICE LIN
62324,14993,86.1458,Renee Martin,RENEE MARTIN
62326,13827,32.5754,Linda Serrano,LINDA SERRANO
62327,11737,46.7194,Brianna Rodriguez,BRIANNA RODRIGUEZ
62328,11975,176.789,Alisha Guo,ALISHA GUO
62329,16097,62.9519,Kristopher Malhotra,KRISTOPHER MALHOTRA
62330,19723,635.3529,Cynthia Chandra,CYNTHIA CHANDRA
62331,14442,2618.8169,Devin Peterson,DEVIN PETERSON
62333,20256,2708.6865,Chloe Cox,CHLOE COX
62338,20480,1276.8054,Dwayne Romero,DWAYNE ROMERO
62343,11751,2634.3974,Ross Vance,ROSS VANCE
62347,14521,70.6869,Mathew Ferrier,MATHEW FERRIER
62349,14320,55.239,Kristy Alvarez,KRISTY ALVAREZ
62350,13121,43.0729,Fernando Butler,FERNANDO BUTLER
62351,19101,64.6094,Derrick Jiménez,DERRICK JIMÉNEZ
62352,17639,987.2844,James Clark,JAMES CLARK
62353,15699,2547.0029,Luke Edwards,LUKE EDWARDS
62357,19014,38.6529,Lauren Watson,LAUREN WATSON
62362,18347,44.1779,Frank Gill,FRANK GILL
62363,15164,5.514,Garrett Bailey,GARRETT BAILEY
62365,14208,65.1508,Richard Kelly,RICHARD KELLY
62366,17112,6.9394,Shaun Goel,SHAUN GOEL
62375,13395,24.2879,Xavier Ross,XAVIER ROSS
62376,12617,43.6144,Sarah Ross,SARAH ROSS
62377,14614,1045.8273,Eduardo Rivera,EDUARDO RIVERA
62378,12768,937.5594,Omar Rai,OMAR RAI
62379,15166,2587.8769,Steven Bailey,STEVEN BAILEY
62380,12437,2657.4698,Jon Pal,JON PAL
62381,14584,2586.7387,Dalton Ramirez,DALTON RAMIREZ
62382,20446,2708.6865,Jennifer Cook,JENNIFER COOK
62383,20600,2738.5657,Kaitlyn Bennett,KAITLYN BENNETT
62384,13646,2663.5252,Edward Hughes,EDWARD HUGHES
62386,13101,2634.3974,Louis Andersen,LOUIS ANDERSEN
62388,12177,2659.7792,Dawn Sun,DAWN SUN
62390,18471,596.689,Brandi Hernandez,BRANDI HERNANDEZ
62393,14302,820.2968,Carol Saunders,CAROL SAUNDERS
62396,11215,38.664,Isabella Brown,ISABELLA BROWN
62397,15239,70.6869,Heidi Kapoor,HEIDI KAPOOR
62398,14278,140.8544,Jeremiah Sanders,JEREMIAH SANDERS
62399,17235,33.139,Terry Sharma,TERRY SHARMA
62400,19619,26.2769,Cassandra Madan,CASSANDRA MADAN
62401,18298,24.2879,Alexander Jackson,ALEXANDER JACKSON
62403,19962,33.6804,Julie Raje,JULIE RAJE
62405,12372,2.5305,Lacey Ye,LACEY YE
62406,15055,662.9779,Gina Navarro,GINA NAVARRO
62407,17898,1950.2808,Hunter Miller,HUNTER MILLER
62408,15692,2646.4419,Marc Munoz,MARC MUNOZ
62409,15101,2588.9377,Cole Murphy,COLE MURPHY
62410,15106,2618.8058,Bryan Murphy,BRYAN MURPHY
62411,15710,2563.589,Marc Vazquez,MARC VAZQUEZ
62412,11276,15.7242,Natalie Martin,NATALIE MARTIN
62413,11078,8.0444,Joe Sanz,JOE SANZ
62420,18323,44.1779,Jorge He,JORGE HE
62422,18074,65.1729,Justin Thompson,JUSTIN THOMPSON
62423,16063,5.514,Andre Sara,ANDRE SARA
62424,15772,44.1779,Jordan Collins,JORDAN COLLINS
62425,14028,101.6048,Tanya Navarro,TANYA NAVARRO
62426,14954,78.3998,Chase Morgan,CHASE MORGAN
62427,17208,50.7748,Naomi Gomez,NAOMI GOMEZ
62428,15001,34.2219,Renee Jimenez,RENEE JIMENEZ
62429,17718,35.6584,Margaret Xu,MARGARET XU
62433,14542,40.0784,Isaac Ramirez,ISAAC RAMIREZ
62435,12430,82.8529,Jon Lal,JON LAL
62436,12931,162.3798,Robyn Alvarez,ROBYN ALVAREZ
62437,11922,142.5119,Elizabeth Harris,ELIZABETH HARRIS
62438,11874,71.0073,Emma Thompson,EMMA THOMPSON
62439,12714,55.2169,Omar He,OMAR HE
62440,12985,38.675,Emily Wood,EMILY WOOD
62441,16732,2708.6865,Noah Scott,NOAH SCOTT
62442,15909,659.9723,Johnathan Sanchez,JOHNATHAN SANCHEZ
62443,14664,2653.6023,Jamie Dominguez,JAMIE DOMINGUEZ
62444,15889,2668.564,Johnathan Sai,JOHNATHAN SAI
62445,12084,2659.6687,Kelli He,KELLI HE
62446,14439,2555.0473,Lawrence Moreno,LAWRENCE MORENO
62447,14440,2615.4687,Lawrence Munoz,LAWRENCE MUNOZ
62449,11337,2649.8453,Christy Liu,CHRISTY LIU
62450,11341,2710.6092,Rachel Brown,RACHEL BROWN
62451,11400,1407.5822,Jasmine Thomas,JASMINE THOMAS
62454,20606,2735.9248,Kaitlyn Barnes,KAITLYN BARNES
62455,20259,2708.6865,Derek Chander,DEREK CHANDER
62458,12251,607.7279,Emily Garcia,EMILY GARCIA
62459,13644,2563.589,Edward Patterson,EDWARD PATTERSON
62464,20463,1268.2859,Jennifer Cox,JENNIFER COX
62465,11483,596.689,Jenny Shen,JENNY SHEN
62467,11244,673.4423,Isabella Lewis,ISABELLA LEWIS
62468,13585,2673.0613,Y. Yong,Y. YONG
62469,14301,830.2307,Charles Ward,CHARLES WARD
62471,13981,38.9292,Joy Jimenez,JOY JIMENEZ
62473,15809,33.139,Mason Stewart,MASON STEWART
62475,19762,54.1119,Brandy Chandra,BRANDY CHANDRA
62476,11068,16.5529,Joe Blanco,JOE BLANCO
62477,16162,40.432,Molly Lopez,MOLLY LOPEZ
62478,17522,9.934,Valerie Zheng,VALERIE ZHENG
62479,16633,79.0959,Alison Deng,ALISON DENG
62480,12255,2547.0029,Emily Clark,EMILY CLARK
62481,12221,2640.9279,Emily Williams,EMILY WILLIAMS
62482,15920,2574.6279,Manuel Malhotra,MANUEL MALHOTRA
62483,11870,38.664,Tamara Ma,TAMARA MA
62484,11507,59.659,Marshall Jai,MARSHALL JAI
62485,11197,182.6344,Ruben Malhotra,RUBEN MALHOTRA
62486,16149,40.432,Molly Rana,MOLLY RANA
62487,20096,54.6754,Joel Martinez,JOEL MARTINEZ
62489,12203,16.5529,Dawn Deng,DAWN DENG
62491,11500,104.4004,Destiny Harris,DESTINY HARRIS
62492,18764,77.339,Natasha Serrano,NATASHA SERRANO
62494,18685,94.4554,Jacob Miller,JACOB MILLER
62495,20082,62.9519,Joel Rana,JOEL RANA
62496,17087,14.2987,Logan King,LOGAN KING
62497,15104,77.339,Jared Moyer,JARED MOYER
62498,17088,27.614,Kevin King,KEVIN KING
62499,14188,36.023,Sabrina Serrano,SABRINA SERRANO
62500,20723,159.0758,Morgan Perry,MORGAN PERRY
62504,11566,14.3429,Barbara Zhu,BARBARA ZHU
62507,12945,153.0204,Jaclyn Guo,JACLYN GUO
62508,13293,24.2879,Roger Yuan,ROGER YUAN
62509,13327,34.2219,Roger Black,ROGER BLACK
62510,16751,2754.0136,Caleb Green,CALEB GREEN
62511,12096,2566.1194,Jessica Anderson,JESSICA ANDERSON
62512,14991,858.9607,Carlos Bell,CARLOS BELL
62513,13261,820.2968,Carson Simmons,CARSON SIMMONS
62515,15047,835.7447,Paula Romero,PAULA ROMERO
62516,20241,1954.7008,Derek Kumar,DEREK KUMAR
62519,17733,1303.8669,Nathan Williams,NATHAN WILLIAMS
62520,13119,2613.2919,Fernando Washington,FERNANDO WASHINGTON
62527,20702,1934.8329,Amy Li,AMY LI
62530,11907,2694.0563,Tamara Andersen,TAMARA ANDERSEN
62531,12893,15.4479,Tristan Hayes,TRISTAN HAYES
62532,16619,33.139,Timothy Lopez,TIMOTHY LOPEZ
62535,16709,75.1069,Nathan Scott,NATHAN SCOTT
62536,19173,656.3479,Casey Rubio,CASEY RUBIO
62537,14995,718.7694,Renee Ruiz,RENEE RUIZ
62540,16429,2778.9977,Tracy Raje,TRACY RAJE
62541,16201,968.4773,Tina Rana,TINA RANA
62542,11330,38.664,Grace Lewis,GRACE LEWIS
62543,11185,43.0729,Morgan Jackson,MORGAN JACKSON
62544,11287,34.5534,Ruben Carlson,RUBEN CARLSON
62545,19220,30.6859,Brianna Gray,BRIANNA GRAY
62546,11276,32.034,Natalie Martin,NATALIE MARTIN
62547,11808,66.2779,Victoria Taylor,VICTORIA TAYLOR
62549,17348,38.6529,Krystal Zhang,KRYSTAL ZHANG
62550,12054,168.623,Abigail Harris,ABIGAIL HARRIS
62551,13185,36.023,Edwin Xu,EDWIN XU
62552,11724,35.6694,Brianna White,BRIANNA WHITE
62555,13483,62.9519,Dalton Diaz,DALTON DIAZ
62556,12569,82.8529,Ashley Henderson,ASHLEY HENDERSON
62557,11566,76.2119,Barbara Zhu,BARBARA ZHU
62559,13535,48.8631,Jon Huang,JON HUANG
62560,11330,44.189,Grace Lewis,GRACE LEWIS
62561,14984,858.9607,Randall Suarez,RANDALL SUAREZ
62562,17183,2676.9067,Robert Anderson,ROBERT ANDERSON
62566,20245,2770.5886,Chloe Bell,CHLOE BELL
62567,13619,2570.1858,Walter Rubio,WALTER RUBIO
62568,13249,2694.0563,Carson Long,CARSON LONG
62574,20484,1272.6948,Jennifer Kelly,JENNIFER KELLY
62575,20399,1308.8283,Shawn Black,SHAWN BLACK
62576,17548,1879.594,Timothy Hall,TIMOTHY HALL
62580,11461,2673.0613,Jenny McDonald,JENNY MCDONALD
62581,11902,35.6584,Elizabeth Weisman,ELIZABETH WEISMAN
62582,19626,28.1554,Grace Watson,GRACE WATSON
62583,11755,8.0444,Olivia Miller,OLIVIA MILLER
62584,19100,2.5305,Megan Cox,MEGAN COX
62585,18211,9.934,Christian Garcia,CHRISTIAN GARCIA
62586,14966,624.314,Cody Morgan,CODY MORGAN
62587,15710,2005.5198,Marc Vazquez,MARC VAZQUEZ
62588,15685,2560.2519,Marc Alvarez,MARC ALVAREZ
62589,15114,2560.2519,Jill Suarez,JILL SUAREZ
62593,11200,23.7465,Morgan Lewis,MORGAN LEWIS
62597,11091,110.0249,Jennifer Taylor,JENNIFER TAYLOR
62600,18405,5.514,Anthony Lewis,ANTHONY LEWIS
62601,15957,181.209,Henry Patel,HENRY PATEL
62602,20070,44.1779,Joel Vance,JOEL VANCE
62603,15858,8.0444,Seth Stewart,SETH STEWART
62604,18411,24.2879,Larry Gomez,LARRY GOMEZ
62609,16247,50.7748,James Gonzalez,JAMES GONZALEZ
62610,14504,46.7194,Jonathon Suarez,JONATHON SUAREZ
62611,13516,16.5529,Jeremy Patterson,JEREMY PATTERSON
62612,15942,33.0727,Noah Roberts,NOAH ROBERTS
62613,13312,89.4608,Roger Chande,ROGER CHANDE
62614,20527,2738.5657,April Shen,APRIL SHEN
62615,20496,2738.5657,Keith Yuan,KEITH YUAN
62616,12441,2538.4944,Ashley Martinez,ASHLEY MARTINEZ
62617,14596,2604.4298,Mason James,MASON JAMES
62618,14572,2560.2519,Devin Ramirez,DEVIN RAMIREZ
62619,15567,2571.5671,Pamela Rodriguez,PAMELA RODRIGUEZ
62620,14394,2590.4073,Anne Ortega,ANNE ORTEGA
62621,13622,2560.2519,Javier Hernandez,JAVIER HERNANDEZ
62622,13631,2618.8169,Edward Barnes,EDWARD BARNES
62624,13590,2649.8453,Briana Gutierrez,BRIANA GUTIERREZ
62625,13605,2649.8453,Blake Washington,BLAKE WASHINGTON
62626,11892,2634.3974,Tamara Luo,TAMARA LUO
62628,12927,9.934,Aidan Alexander,AIDAN ALEXANDER
62630,18306,94.4554,Alexander Garcia,ALEXANDER GARCIA
62632,13621,77.339,Blake Griffin,BLAKE GRIFFIN
62633,13140,77.339,Spencer Barnes,SPENCER BARNES
62634,14016,63.0845,Garrett James,GARRETT JAMES
62635,14034,55.239,Ian James,IAN JAMES
62636,14072,55.239,Melinda Dominguez,MELINDA DOMINGUEZ
62637,15020,9.934,Juan Bell,JUAN BELL
62639,14965,632.3473,Adrian Morgan,ADRIAN MORGAN
62641,15928,2607.2033,Manuel Srini,MANUEL SRINI
62642,15691,2628.7398,Luis Edwards,LUIS EDWARDS
62643,12985,9.934,Emily Wood,EMILY WOOD
62650,17530,87.8144,Cameron Robinson,CAMERON ROBINSON
62651,15508,44.1779,Rachael Rana,RACHAEL RANA
62653,17194,123.1523,Tony Nara,TONY NARA
62654,15090,181.209,Jill Moreno,JILL MORENO
62657,17707,35.6584,Jonathan Martinez,JONATHAN MARTINEZ
62658,19514,87.2508,Brett Mehta,BRETT MEHTA
62659,11019,41.2055,Joe Belson,JOE BELSON
62660,12136,109.9144,Kelli Nath,KELLI NATH
62661,13920,52.9737,Lucas Perry,LUCAS PERRY
62662,16950,96.0798,Carl Kumar,CARL KUMAR
62663,14510,2582.6834,Jonathon Ortega,JONATHON ORTEGA
62664,14585,2560.2519,Micheal Dominguez,MICHEAL DOMINGUEZ
62665,12902,2574.6279,Aidan Ross,AIDAN ROSS
62666,14448,2618.8169,Ian Peterson,IAN PETERSON
62667,14421,2617.7119,Lee Ramos,LEE RAMOS
62668,11344,2676.9067,Rachel Miller,RACHEL MILLER
62669,17191,2634.3974,Alex Wright,ALEX WRIGHT
62670,20264,1939.2529,Chloe Ramirez,CHLOE RAMIREZ
62671,20444,2770.5886,Corey Deng,COREY DENG
62672,20445,2762.9862,Jennifer Reed,JENNIFER REED
62673,17352,2699.9018,Krystal Chen,KRYSTAL CHEN
62674,20610,2699.9018,Kaitlyn Henderson,KAITLYN HENDERSON
62676,13114,2598.9158,Fernando Patterson,FERNANDO PATTERSON
62677,13633,2618.8169,Edward Henderson,EDWARD HENDERSON
62678,13139,2640.9169,Spencer Wood,SPENCER WOOD
62683,12154,2673.0613,Dawn Li,DAWN LI
62685,16873,639.1983,Thomas Baker,THOMAS BAKER
62686,20401,1308.8283,Dwayne Alvarez,DWAYNE ALVAREZ
62687,17561,1918.2579,Aaron Allen,AARON ALLEN
62691,11898,2634.3974,Sarah Walker,SARAH WALKER
62692,14348,1014.3458,Kristy Rubio,KRISTY RUBIO
62693,11893,2682.9953,Tamara Yuan,TAMARA YUAN
62695,11771,65.7254,Olivia Harris,OLIVIA HARRIS
62696,13044,27.614,Louis Sun,LOUIS SUN
62697,19104,34.2219,Mary Howard,MARY HOWARD
62700,11114,55.2169,Jennifer Hall,JENNIFER HALL
62701,17889,662.9779,Dennis Li,DENNIS LI
62702,13405,2715.3497,Xavier Perry,XAVIER PERRY
62703,15693,2535.964,Aaron Edwards,AARON EDWARDS
62704,11720,59.659,Brianna Anderson,BRIANNA ANDERSON
62705,11157,6.9394,Kaitlyn Lee,KAITLYN LEE
62710,11500,33.139,Destiny Harris,DESTINY HARRIS
62713,19888,132.5779,Byron Ortega,BYRON ORTEGA
62714,20107,77.339,Alyssa Stewart,ALYSSA STEWART
62715,13423,14.2987,Xavier Washington,XAVIER WASHINGTON
62716,18663,15.4479,Christopher Johnson,CHRISTOPHER JOHNSON
62718,16652,54.1119,Connor Scott,CONNOR SCOTT
62719,14563,44.1779,Bryan Ramirez,BRYAN RAMIREZ
62720,13874,85.0519,Ian Perry,IAN PERRY
62721,13381,79.5269,Oscar Hughes,OSCAR HUGHES
62722,20724,27.614,Amy Guo,AMY GUO
62723,17991,81.7258,Christian Jones,CHRISTIAN JONES
62731,11658,54.1229,Pedro Subram,PEDRO SUBRAM
62732,11642,82.8529,Pedro Malhotra,PEDRO MALHOTRA
62733,12515,9.934,Samantha Bennett,SAMANTHA BENNETT
62734,12746,76.2119,Alexis Barnes,ALEXIS BARNES
62735,14453,2653.0498,Xavier Peterson,XAVIER PETERSON
62736,14473,2666.8954,Lawrence Ortega,LAWRENCE ORTEGA
62737,11343,2698.4432,Rachel Davis,RACHEL DAVIS
62738,20249,1939.2529,Derek Jai,DEREK JAI
62739,11030,2563.589,Julia Johnston,JULIA JOHNSTON
62740,13343,2653.1161,Willie Liu,WILLIE LIU
62745,16220,622.0708,Tina Gonzalez,TINA GONZALEZ
62746,19884,1313.2483,Christine Chande,CHRISTINE CHANDE
62747,20061,1297.8004,Donald Perez,DONALD PEREZ
62750,11097,2673.0613,Roy Malhotra,ROY MALHOTRA
62751,11932,103.8369,Elizabeth Rodriguez,ELIZABETH RODRIGUEZ
62752,15241,32.0229,Damien Beck,DAMIEN BECK
62753,14008,32.0229,Chase James,CHASE JAMES
62754,16632,33.139,Nathan Hill,NATHAN HILL
62755,18705,62.9519,Erika Torres,ERIKA TORRES
62756,16709,83.9469,Nathan Scott,NATHAN SCOTT
62758,14231,65.1729,Isaac Sandberg,ISAAC SANDBERG
62759,11458,8.7848,Nicole Martin,NICOLE MARTIN
62760,18299,2.5305,Jorge Zhao,JORGE ZHAO
62762,17827,1939.2529,Dana Gill,DANA GILL
62763,17830,1934.8329,Dana Serrano,DANA SERRANO
62764,17928,1918.2579,Dennis Cai,DENNIS CAI
62766,14141,927.6033,Louis Zhang,LOUIS ZHANG
62767,12873,2602.2529,Tristan Patterson,TRISTAN PATTERSON
62768,12378,2535.964,Lacey Zhao,LACEY ZHAO
62769,12860,2668.564,Rafael Lal,RAFAEL LAL
62770,11174,6.9394,Roy Ramos,ROY RAMOS
62775,11331,38.9292,Grace Lee,GRACE LEE
62778,11223,54.6754,Isabella Moore,ISABELLA MOORE
62781,15536,86.7204,Pamela Sai,PAMELA SAI
62786,14097,62.9519,Lori Alvarez,LORI ALVAREZ
62787,16586,77.339,Luis Scott,LUIS SCOTT
62788,15045,54.6754,Marcus Blue,MARCUS BLUE
62789,15098,42.9624,Juan Murphy,JUAN MURPHY
62790,14152,79.5269,Louis Yang,LOUIS YANG
62795,11672,65.7365,Pedro Gonzalez,PEDRO GONZALEZ
62796,11646,65.7365,Pedro Arun,PEDRO ARUN
62797,13268,41.2055,Carson Alexander,CARSON ALEXANDER
62798,11824,44.189,Victoria Garcia,VICTORIA GARCIA
62799,14370,82.8529,Anne Romero,ANNE ROMERO
62800,16380,79.5269,Latoya Yuan,LATOYA YUAN
62801,19662,83.9469,Grace Butler,GRACE BUTLER
62802,19737,687.2658,Rachel Price,RACHEL PRICE
62804,12094,2634.5963,Kelli Deng,KELLI DENG
62805,12075,2602.264,Kelli Zhu,KELLI ZHU
62806,20247,2738.5657,Derek Shan,DEREK SHAN
62807,12252,623.1758,Emily Martinez,EMILY MARTINEZ
62808,13958,2658.0444,Seth Jenkins,SETH JENKINS
62809,13643,2580.1419,Edward Long,EDWARD LONG
62811,20684,1911.6169,Morgan Howard,MORGAN HOWARD
62813,11480,612.1369,Destiny Williams,DESTINY WILLIAMS
62815,11895,2673.0613,Emma Hall,EMMA HALL
62816,14300,995.9918,Cody Ward,CODY WARD
62818,11462,2673.0613,Jenny Liang,JENNY LIANG
62822,11753,11.039,Ross Sai,ROSS SAI
62823,13983,38.664,Seth Gonzales,SETH GONZALES
62824,14233,55.239,Jesse Sanders,JESSE SANDERS
62825,16442,2740.3337,Misty She,MISTY SHE
62826,15625,2587.8769,Jimmy Ruiz,JIMMY RUIZ
62827,13557,2621.0158,Miguel Long,MIGUEL LONG
62828,15623,2658.0444,Damien Anand,DAMIEN ANAND
62829,11520,69.5929,Destiny Hall,DESTINY HALL
62830,11024,15.7242,Chloe Walker,CHLOE WALKER
62831,11619,34.5534,Lauren Jones,LAUREN JONES
62834,11276,28.1554,Natalie Martin,NATALIE MARTIN
62839,18658,65.1729,Diana Gutierrez,DIANA GUTIERREZ
62840,17837,81.7258,Nathan White,NATHAN WHITE
62841,17758,35.6584,Logan Thomas,LOGAN THOMAS
62842,19062,88.3448,Craig Alonso,CRAIG ALONSO
62846,17710,54.1119,Margaret Lin,MARGARET LIN
62847,16666,90.0133,Alison Nara,ALISON NARA
62848,13228,62.9519,Roger Liu,ROGER LIU
62849,13297,24.2879,Gavin Patterson,GAVIN PATTERSON
62850,12067,82.8529,Abigail Rodriguez,ABIGAIL RODRIGUEZ
62851,14634,927.6254,Clinton Blanco,CLINTON BLANCO
62852,14610,850.2865,Clinton Alvarez,CLINTON ALVAREZ
62854,15023,2630.4194,Renee Ramos,RENEE RAMOS
62855,14457,2607.2033,Lawrence Gill,LAWRENCE GILL
62856,14438,2598.9158,Adrian Peterson,ADRIAN PETERSON
62857,12027,2580.1419,Alisha Chander,ALISHA CHANDER
62858,12030,2643.1158,Alexis Hall,ALEXIS HALL
62859,20430,2738.5657,Julia Russell,JULIA RUSSELL
62860,20447,2715.3497,Corey Shen,COREY SHEN
62861,20253,2715.3497,Carol Cooper,CAROL COOPER
62863,16161,719.2998,Elijah Campbell,ELIJAH CAMPBELL
62864,13160,2624.3529,Edwin Zhu,EDWIN ZHU
62865,13638,2612.1758,Edward Perry,EDWARD PERRY
62867,12710,2673.0613,Kayla Coleman,KAYLA COLEMAN
62868,19704,1263.5233,Kristina Rana,KRISTINA RANA
62871,14186,2688.5092,Sabrina Blanco,SABRINA BLANCO
62872,13584,2710.6092,Blake Bennett,BLAKE BENNETT
62873,11765,2732.7203,Ross Sara,ROSS SARA
62875,11223,97.7483,Isabella Moore,ISABELLA MOORE
62876,11300,38.664,Marshall Shen,MARSHALL SHEN
62878,15132,102.7208,Angel Bailey,ANGEL BAILEY
62879,15123,34.5534,Ian Murphy,IAN MURPHY
62880,17236,35.6694,Terry Jai,TERRY JAI
62883,13159,136.9979,Edwin Sun,EDWIN SUN
62886,12219,2639.8008,Emily Johnson,EMILY JOHNSON
62887,15084,2650.3094,Timothy Murphy,TIMOTHY MURPHY
62888,11620,2.5305,Lauren Brown,LAUREN BROWN
62889,11507,55.239,Marshall Jai,MARSHALL JAI
62890,11848,55.239,Warren Liu,WARREN LIU
62896,11300,119.8483,Marshall Shen,MARSHALL SHEN
62900,19694,77.339,Kristina Sai,KRISTINA SAI
62901,12182,5.514,Dawn Gao,DAWN GAO
62902,16644,5.514,Samuel Green,SAMUEL GREEN
62903,15773,71.2394,Billy Ortega,BILLY ORTEGA
62904,14000,93.8366,Joy Moreno,JOY MORENO
62905,14035,72.8858,Tanya Gill,TANYA GILL
62906,17853,33.1279,Ryan Harris,RYAN HARRIS
62907,20582,157.4073,Kristin Jai,KRISTIN JAI
62908,13664,16.5529,Javier Ortega,JAVIER ORTEGA
62910,18007,43.0729,Abby Garcia,ABBY GARCIA
62911,16321,99.4169,Gloria Diaz,GLORIA DIAZ
62912,12554,32.034,Alejandro Chander,ALEJANDRO CHANDER
62913,14528,5.514,Carlos Ramirez,CARLOS RAMIREZ
62914,17087,68.8084,Logan King,LOGAN KING
62915,11285,138.6444,Ruben Ramos,RUBEN RAMOS
62916,11229,46.7194,Ruben Rodriguez,RUBEN RODRIGUEZ
62917,11205,38.675,Morgan Hall,MORGAN HALL
62918,11729,138.0919,Brianna Thompson,BRIANNA THOMPSON
62919,12195,128.6883,Arthur Washington,ARTHUR WASHINGTON
62920,12545,55.239,Samantha Bryant,SAMANTHA BRYANT
62921,11573,38.664,Damien Tang,DAMIEN TANG
62922,14640,897.7241,Clinton Suarez,CLINTON SUAREZ
62923,12110,2552.5169,Jessica Martinez,JESSICA MARTINEZ
62924,14472,2766.1023,Mason Gray,MASON GRAY
62925,14477,2587.8769,Jonathon Jimenez,JONATHON JIMENEZ
62926,11334,2673.0613,Christy Li,CHRISTY LI
62927,14183,2644.3313,Brian Kelly,BRIAN KELLY
62928,16199,2673.0613,Timothy Campbell,TIMOTHY CAMPBELL
62930,20456,2708.6865,Jennifer Rivera,JENNIFER RIVERA
62931,20608,2715.3497,Katie Xu,KATIE XU
62932,13133,2591.1808,Fernando Diaz,FERNANDO DIAZ
62933,13620,2629.8006,Walter Ortega,WALTER ORTEGA
62934,13630,2618.0102,Briana Dominguez,BRIANA DOMINGUEZ
62935,13955,2622.6844,Seth Ross,SETH ROSS
62939,20481,1293.3804,Corey Raji,COREY RAJI
62940,20526,1293.3804,April Deng,APRIL DENG
62941,19829,1280.0983,Lindsay Sharma,LINDSAY SHARMA
62942,17533,1918.2579,Brittney Chen,BRITTNEY CHEN
62944,13540,606.6229,Miguel Bennett,MIGUEL BENNETT
62946,11960,38.664,Alisha Sun,ALISHA SUN
62947,15261,19.0834,Heidi Sara,HEIDI SARA
62948,15803,38.664,Troy Srini,TROY SRINI
62949,17228,55.239,Jose Jones,JOSE JONES
62950,19622,40.0784,Cassandra Srini,CASSANDRA SRINI
62951,17892,669.5748,Hunter Jones,HUNTER JONES
62952,17890,632.0158,Ethan Lewis,ETHAN LEWIS
62953,20048,2699.9018,Donald Garcia,DONALD GARCIA
62955,19323,885.9559,Cory Malhotra,CORY MALHOTRA
62956,13840,915.4594,Marcus Washington,MARCUS WASHINGTON
62957,11287,59.659,Ruben Carlson,RUBEN CARLSON
62958,11176,6.9394,Morgan Miller,MORGAN MILLER
62961,11200,40.432,Morgan Lewis,MORGAN LEWIS
62964,19777,132.5779,Rachel Gonzales,RACHEL GONZALES
62965,20501,71.8029,Jennifer Barnes,JENNIFER BARNES
62969,16765,5.514,Candice Guo,CANDICE GUO
62971,20341,62.9519,Julia Rogers,JULIA ROGERS
62972,14787,104.4004,Roberto Ruiz,ROBERTO RUIZ
62973,20143,35.6694,Ronald Martinez,RONALD MARTINEZ
62978,14804,76.2119,Cody Cox,CODY COX
62979,13988,82.8529,Joanna Gill,JOANNA GILL
62980,13594,49.7029,Blake Jenkins,BLAKE JENKINS
62981,14745,997.2183,Danny Ruiz,DANNY RUIZ
62982,14603,2580.1419,Micheal Rubio,MICHEAL RUBIO
62983,14481,2607.7779,Jonathon Munoz,JONATHON MUNOZ
62984,12118,2680.6527,Kelli Sharma,KELLI SHARMA
62985,12785,2535.964,Rafael Chen,RAFAEL CHEN
62986,14411,2607.7779,Lee Gutierrez,LEE GUTIERREZ
62988,11433,1402.0682,Jenny Chen,JENNY CHEN
62989,15032,1934.8329,Adrian Bell,ADRIAN BELL
62991,20611,2699.9018,Katie Yuan,KATIE YUAN
62996,17497,1897.5723,Valerie Zhou,VALERIE ZHOU
62997,17034,1934.8329,Kevin Hernandez,KEVIN HERNANDEZ
62998,11547,635.3529,Barbara Wu,BARBARA WU
62999,11359,913.2383,Christy Gao,CHRISTY GAO
63003,11287,9.934,Ruben Carlson,RUBEN CARLSON
63004,13138,27.614,Edwin Lin,EDWIN LIN
63005,14854,70.6869,Lance Alonso,LANCE ALONSO
63006,15234,27.614,Sabrina Martin,SABRINA MARTIN
63007,15715,27.614,Marc Ramos,MARC RAMOS
63008,14019,27.614,Tanya Munoz,TANYA MUNOZ
63011,11757,6.9394,Olivia Moore,OLIVIA MOORE
63012,17333,9.934,Thomas Smith,THOMAS SMITH
63013,12006,27.0615,Alexis Moore,ALEXIS MOORE
63015,12254,2640.9058,Colleen Chen,COLLEEN CHEN
63016,12220,2621.0158,Dawn Shan,DAWN SHAN
63017,15117,2646.4198,Jill Sandoval,JILL SANDOVAL
63019,15507,42.9624,Chase Cook,CHASE COOK
63020,12107,38.6529,Jessica Thompson,JESSICA THOMPSON
63023,20474,55.2169,Corey Nara,COREY NARA
63024,18921,104.4004,Whitney Rodriguez,WHITNEY RODRIGUEZ
63025,16010,8.0444,Bobby Saunders,BOBBY SAUNDERS
63026,15202,14.2987,Sean Rivera,SEAN RIVERA
63027,14358,50.7748,Cody Torres,CODY TORRES
63028,13931,24.2879,Lucas Simmons,LUCAS SIMMONS
63030,19927,5.514,Kathryn Goel,KATHRYN GOEL
63031,19273,44.1779,Brianna Gonzales,BRIANNA GONZALES
63036,11509,216.9005,Carol Robinson,CAROL ROBINSON
63038,11803,171.7944,Victoria Wilson,VICTORIA WILSON
63039,14184,76.2119,Nathaniel Kelly,NATHANIEL KELLY
63040,13505,65.1508,Colin Chander,COLIN CHANDER
63041,12260,65.1729,Colleen Huang,COLLEEN HUANG
63042,12120,2574.639,Kelli Shan,KELLI SHAN
63043,12121,2616.5627,Jessica Hall,JESSICA HALL
63044,12435,2587.8769,Jon Jai,JON JAI
63045,12783,2674.6083,Alexis Diaz,ALEXIS DIAZ
63046,14392,2535.964,Isaiah Peterson,ISAIAH PETERSON
63047,17198,2649.8453,Hunter Garcia,HUNTER GARCIA
63055,20459,1276.8054,Corey Yuan,COREY YUAN
63056,17565,1934.8329,Connor Allen,CONNOR ALLEN
63058,11761,2644.3313,Ross Prasad,ROSS PRASAD
63062,19972,39.4706,Nicole Hughes,NICOLE HUGHES
63065,20153,15.4479,Shannon Gill,SHANNON GILL
63068,19618,98.3119,Grace Peterson,GRACE PETERSON
63069,12275,2612.1758,Colleen Lu,COLLEEN LU
63070,14997,624.3029,Alex Bell,ALEX BELL
63071,11722,86.7204,Brianna Thomas,BRIANNA THOMAS
63072,11185,69.5929,Morgan Jackson,MORGAN JACKSON
63073,11506,4.409,Carol Martinez,CAROL MARTINEZ
63077,12056,77.3169,Kelli Yang,KELLI YANG
63081,18081,33.139,Christian Lewis,CHRISTIAN LEWIS
63083,11506,104.4004,Carol Martinez,CAROL MARTINEZ
63085,20498,14.2987,Keith Kumar,KEITH KUMAR
63086,14376,79.5269,Anne Gill,ANNE GILL
63087,13861,24.2879,Desiree Dominguez,DESIREE DOMINGUEZ
63088,15245,34.2219,Isaac Sanchez,ISAAC SANCHEZ
63089,17846,77.3169,Kelvin Zhao,KELVIN ZHAO
63090,12748,55.2169,Alexis Ross,ALEXIS ROSS
63091,14968,54.1119,Charles Morgan,CHARLES MORGAN
63094,12077,55.5042,Kelli Gao,KELLI GAO
63095,11821,112.0912,Ross Blanco,ROSS BLANCO
63096,20543,2754.0136,Jennifer Diaz,JENNIFER DIAZ
63097,15953,635.3529,Kevin Roberts,KEVIN ROBERTS
63098,19722,648.0383,Cynthia Kapoor,CYNTHIA KAPOOR
63103,20261,1918.2579,Chloe Torres,CHLOE TORRES
63108,13113,2607.7779,Fernando Long,FERNANDO LONG
63109,13126,2613.2919,Edwin Liu,EDWIN LIU
63110,13616,2596.6616,Walter Suarez,WALTER SUAREZ
63112,20436,1253.5894,Julia Diaz,JULIA DIAZ
63115,11096,2644.3313,Jennifer Jackson,JENNIFER JACKSON
63116,11754,2700.1228,Ross Arun,ROSS ARUN
63294,12582,27.614,Ashley Patterson,ASHLEY PATTERSON
63295,19608,28.1554,Cassandra Patel,CASSANDRA PATEL
63297,12715,8.0444,Kayla Long,KAYLA LONG
63298,14185,2810.5012,Chase Kelly,CHASE KELLY
63299,15061,662.9779,Paula Navarro,PAULA NAVARRO
63300,17187,2552.5169,Naomi Martin,NAOMI MARTIN
63301,15924,2643.1158,Timothy Perez,TIMOTHY PEREZ
63302,16824,2612.1869,Mario Rai,MARIO RAI
63303,11467,27.614,Nicole Rodriguez,NICOLE RODRIGUEZ
63304,11519,97.1958,Jenny Nath,JENNY NATH
63305,11519,44.1779,Jenny Nath,JENNY NATH
63307,11300,33.1279,Marshall Shen,MARSHALL SHEN
63309,18756,47.4377,Natasha Dominguez,NATASHA DOMINGUEZ
63310,15378,77.339,Nathaniel Rogers,NATHANIEL ROGERS
63313,16677,15.4479,Jack Hill,JACK HILL
63314,15945,8.0444,Manuel Martinez,MANUEL MARTINEZ
63316,14748,138.114,Marcus Richardson,MARCUS RICHARDSON
63317,16017,66.2779,Robert Turner,ROBERT TURNER
63318,14111,85.0519,Angel Brooks,ANGEL BROOKS
63319,14241,93.8366,Brian Sanders,BRIAN SANDERS
63320,16397,71.7919,Latoya Chande,LATOYA CHANDE
63321,19248,162.7444,Brianna Jenkins,BRIANNA JENKINS
63329,11137,216.9005,Kaitlyn Jackson,KAITLYN JACKSON
63330,11719,38.675,Brianna Taylor,BRIANNA TAYLOR
63331,17409,165.6727,Thomas Moore,THOMAS MOORE
63333,13334,79.5048,Julian Powell,JULIAN POWELL
63334,11579,48.5979,Barbara Hu,BARBARA HU
63335,18947,888.9504,Chelsea Subram,CHELSEA SUBRAM
63336,19738,668.4808,Cynthia Saunders,CYNTHIA SAUNDERS
63337,15994,672.9008,Mason Roberts,MASON ROBERTS
63338,15419,2563.589,Evan Reed,EVAN REED
63339,15491,2650.3094,Rachael Chandra,RACHAEL CHANDRA
63340,12448,2582.6834,Jon Nara,JON NARA
63341,12452,2604.7944,Jon Rai,JON RAI
63342,15388,2591.1808,Brenda Rodriguez,BRENDA RODRIGUEZ
63344,11413,923.0176,Jill Martinez,JILL MARTINEZ
63346,15033,1907.2079,Renee Sanz,RENEE SANZ
63347,18255,2750.2677,Christopher Clark,CHRISTOPHER CLARK
63348,20629,2742.8642,Katie Chapman,KATIE CHAPMAN
63349,14071,2563.589,Nathaniel Watson,NATHANIEL WATSON
63350,14215,2615.4798,Xavier Kelly,XAVIER KELLY
63356,20660,1303.8669,Lindsey Kumar,LINDSEY KUMAR
63357,17677,1918.2579,Samuel Martin,SAMUEL MARTIN
63360,11417,606.6229,Jasmine Clark,JASMINE CLARK
63361,18125,2634.3974,David Williams,DAVID WILLIAMS
63362,15692,2673.0613,Marc Munoz,MARC MUNOZ
63363,14685,30.1444,Dalton Cooper,DALTON COOPER
63364,18299,33.0727,Jorge Zhao,JORGE ZHAO
63366,14518,69.5929,Mathew Munoz,MATHEW MUNOZ
63367,13605,2738.5657,Blake Washington,BLAKE WASHINGTON
63368,14170,937.5594,Angel Kelly,ANGEL KELLY
63369,17182,2596.7279,Carlos Wright,CARLOS WRIGHT
63370,17188,2596.7279,Tony Pal,TONY PAL
63371,16595,2538.4944,Nichole Yuan,NICHOLE YUAN
63372,13679,2602.264,Rodney Alonso,RODNEY ALONSO
63373,11621,2.5305,Barbara Nara,BARBARA NARA
63377,19804,136.9979,Alicia Rai,ALICIA RAI
63378,14077,76.2119,Melinda Vazquez,MELINDA VAZQUEZ
63379,16009,104.4004,Nathan Turner,NATHAN TURNER
63381,17507,76.2119,Valerie Xu,VALERIE XU
63382,17152,14.2987,Mitchell Nara,MITCHELL NARA
63383,18665,75.0627,Diana Gill,DIANA GILL
63384,18069,5.514,Alexander Smith,ALEXANDER SMITH
63387,20764,8.0444,Crystal Lu,CRYSTAL LU
63388,14620,5.514,Clinton Alonso,CLINTON ALONSO
63389,16544,32.0229,Sean Mitchell,SEAN MITCHELL
63400,12518,9.934,Alejandro Zeng,ALEJANDRO ZENG
63401,17422,106.0137,Thomas Thomas,THOMAS THOMAS
63402,12273,55.239,Hannah Brown,HANNAH BROWN
63403,15429,2637.8671,Diane Hernandez,DIANE HERNANDEZ
63404,15371,2647.5358,Brenda Rana,BRENDA RANA
63405,17209,2634.3974,Tony Raji,TONY RAJI
63409,11033,2602.2529,Julia Jones,JULIA JONES
63410,14038,2626.5408,Seth James,SETH JAMES
63411,13970,2624.3529,Joanna Ashe,JOANNA ASHE
63415,19989,1238.1415,Nicole Bryant,NICOLE BRYANT
63416,17609,1907.2079,Stacey Xu,STACEY XU
63422,18130,2634.3974,Alexander Jones,ALEXANDER JONES
63423,11909,2688.5092,Elizabeth Davis,ELIZABETH DAVIS
63424,14102,835.7447,Joy Gutierrez,JOY GUTIERREZ
63425,17247,944.1673,Kevin Lopez,KEVIN LOPEZ
63426,17195,2574.9042,Robert Thomas,ROBERT THOMAS
63427,18125,2602.264,David Williams,DAVID WILLIAMS
63428,17185,2591.1808,Tony Jai,TONY JAI
63429,11211,15.4479,Ruben Prasad,RUBEN PRASAD
63430,11940,38.664,Alisha Chen,ALISHA CHEN
63431,11200,120.9644,Morgan Lewis,MORGAN LEWIS
63432,11782,120.9644,Olivia Clark,OLIVIA CLARK
63434,16172,104.3783,Connor Campbell,CONNOR CAMPBELL
63435,18292,40.8408,John Brown,JOHN BROWN
63436,18283,132.5448,Zachary Williams,ZACHARY WILLIAMS
63439,17284,65.1729,Naomi Alvarez,NAOMI ALVAREZ
63440,19629,54.1119,Grace Brooks,GRACE BROOKS
63444,14641,38.5535,Clinton Sandberg,CLINTON SANDBERG
63445,17482,77.3169,Jose Hall,JOSE HALL
63446,20274,77.339,Bradley She,BRADLEY SHE
63447,18383,15.4479,William Johnson,WILLIAM JOHNSON
63449,12959,70.6869,Jaclyn She,JACLYN SHE
63450,18915,104.4004,Joseph Davis,JOSEPH DAVIS
63452,17155,15.4479,Thomas Wright,THOMAS WRIGHT
63453,16014,8.0444,Bobby Raman,BOBBY RAMAN
63455,19827,24.2879,Jasmine West,JASMINE WEST
63456,16577,82.8529,Gloria Serrano,GLORIA SERRANO
63457,12491,95.6709,Sarah Lewis,SARAH LEWIS
63458,17797,71.7919,Logan Robinson,LOGAN ROBINSON
63459,13665,16.5529,Edward Hayes,EDWARD HAYES
63460,17823,44.4542,Ethan Williams,ETHAN WILLIAMS
63461,19390,5.514,Shane Fernandez,SHANE FERNANDEZ
63464,14809,40.0784,Sheila Rowe,SHEILA ROWE
63466,11203,49.9902,Morgan Walker,MORGAN WALKER
63467,12029,60.7419,Alisha Rai,ALISHA RAI
63468,11384,54.1119,Jasmine Johnson,JASMINE JOHNSON
63469,14646,927.6033,Jamie Jimenez,JAMIE JIMENEZ
63470,14649,997.2183,Brian Cooper,BRIAN COOPER
63471,12442,2566.1194,Ashley Robinson,ASHLEY ROBINSON
63472,13143,2657.4919,Spencer Henderson,SPENCER HENDERSON
63473,15345,2562.4508,Jillian Perez,JILLIAN PEREZ
63474,16754,2610.3084,Jesse Adams,JESSE ADAMS
63481,14224,2566.1194,Isaiah Sanders,ISAIAH SANDERS
63482,18193,626.8334,Benjamin Garcia,BENJAMIN GARCIA
63483,11999,2580.1419,Alisha Xu,ALISHA XU
63484,11996,2643.0937,Alisha Xie,ALISHA XIE
63485,14063,2602.264,Sean Watson,SEAN WATSON
63490,20674,1263.5233,Morgan Rivera,MORGAN RIVERA
63491,20675,1276.8054,Lindsey Nath,LINDSEY NATH
63492,20653,1276.8054,Lindsey Xu,LINDSEY XU
63493,11394,2673.0613,Jill Moore,JILL MOORE
63494,11398,2673.0613,Christy Lal,CHRISTY LAL
63495,17221,2698.4432,Hunter Lopez,HUNTER LOPEZ
63496,15691,2634.3974,Luis Edwards,LUIS EDWARDS
63497,11185,54.1119,Morgan Jackson,MORGAN JACKSON
63498,11287,65.7254,Ruben Carlson,RUBEN CARLSON
63499,17073,55.239,Johnny Moyer,JOHNNY MOYER
63500,12715,2.5305,Kayla Long,KAYLA LONG
63501,18492,178.2255,Tyler Martin,TYLER MARTIN
63502,16683,36.023,Jackson Hill,JACKSON HILL
63504,13575,2715.3497,Miguel Alexander,MIGUEL ALEXANDER
63505,14192,2748.4997,Cole Kelly,COLE KELLY
63506,16585,2574.6279,Eric Lopez,ERIC LOPEZ
63507,12095,9.934,Jessica Taylor,JESSICA TAYLOR
63508,12117,132.6,Jessica Lee,JESSICA LEE
63510,11632,44.1779,Lauren Taylor,LAUREN TAYLOR
63514,15564,95.6709,Luke Parker,LUKE PARKER
63516,11091,127.0308,Jennifer Taylor,JENNIFER TAYLOR
63520,18874,77.339,Brandy Perez,BRANDY PEREZ
63521,18417,44.1779,Larry Hernandez,LARRY HERNANDEZ
63522,16905,5.514,Jerry Pal,JERRY PAL
63523,15919,77.339,Isaac Perez,ISAAC PEREZ
63525,19250,34.5534,Miguel Severino,MIGUEL SEVERINO
63526,17884,33.1279,Carrie Ortega,CARRIE ORTEGA
63527,19492,6.9394,Emma Cook,EMMA COOK
63528,12726,109.3508,Kayla Washington,KAYLA WASHINGTON
63530,15340,44.189,Jillian Gonzalez,JILLIAN GONZALEZ
63531,19814,651.9279,Lindsay Simpson,LINDSAY SIMPSON
63532,15482,2587.3133,Diane Moreno,DIANE MORENO
63533,12755,2674.5973,Omar Andersen,OMAR ANDERSEN
63534,15097,2720.0128,Jill Travers,JILL TRAVERS
63535,17199,2671.9453,Tony Natsuhara,TONY NATSUHARA
63538,14216,2602.2529,Krista Jimenez,KRISTA JIMENEZ
63539,14058,2538.4944,Damien Chande,DAMIEN CHANDE
63544,17620,1879.594,Stacey Liang,STACEY LIANG
63546,11420,2688.5092,Christy Rai,CHRISTY RAI
63547,11910,2671.9453,Elizabeth Miller,ELIZABETH MILLER
63549,12002,2666.4313,Alexis Miller,ALEXIS MILLER
63550,12339,2673.0613,Colleen Nara,COLLEEN NARA
63551,11176,31.4704,Morgan Miller,MORGAN MILLER
63552,16733,34.5534,Martin Malhotra,MARTIN MALHOTRA
63553,14312,27.614,Ian Ward,IAN WARD
63554,18266,41.1834,Christopher Walker,CHRISTOPHER WALKER
63555,15253,9.934,Brian Sanchez,BRIAN SANCHEZ
63558,15004,696.1058,Renee Alonso,RENEE ALONSO
63559,17950,1914.1473,Abby Raman,ABBY RAMAN
63560,12290,2535.964,Colleen Harrison,COLLEEN HARRISON
63561,16580,2636.4748,Jack Lopez,JACK LOPEZ
63562,15676,2610.3084,Marc Martin,MARC MARTIN
63563,11731,38.664,Pedro Suarez,PEDRO SUAREZ
63564,11212,59.659,Marshall Cai,MARSHALL CAI
63565,14096,86.7204,Richard Watson,RICHARD WATSON
63569,11519,81.7258,Jenny Nath,JENNY NATH
63574,20533,35.2716,Jennifer Foster,JENNIFER FOSTER
63575,14661,26.4869,Jamie Torres,JAMIE TORRES
63576,17471,44.1779,Cameron Harris,CAMERON HARRIS
63578,15382,114.3454,Sebastian Rogers,SEBASTIAN ROGERS
63579,14918,14.2987,Ian Cook,IAN COOK
63580,16714,71.2394,Francisco Lopez,FRANCISCO LOPEZ
63581,19001,24.2879,Orlando Suarez,ORLANDO SUAREZ
63582,18686,24.2879,Joan Martin,JOAN MARTIN
63584,12598,37.5479,Clayton Xu,CLAYTON XU
63585,13786,5.514,Richard Hughes,RICHARD HUGHES
63588,11305,82.8529,Grace Miller,GRACE MILLER
63589,16837,94.4554,Logan Adams,LOGAN ADAMS
63590,18523,35.3269,Leslie Romero,LESLIE ROMERO
63591,12937,83.9469,Jaclyn Gao,JACLYN GAO
63592,16005,106.5883,Jonathan Turner,JONATHAN TURNER
63593,12597,9.934,Ashley Alexander,ASHLEY ALEXANDER
63594,11411,42.5094,Marshall Yuan,MARSHALL YUAN
63595,12595,9.934,Clayton Lu,CLAYTON LU
63596,14722,850.2865,Hector Torres,HECTOR TORRES
63597,15916,2577.1694,Manuel Kapoor,MANUEL KAPOOR
63598,15196,2625.9773,Evan Rivera,EVAN RIVERA
63599,15349,2604.4298,Jeremiah Morris,JEREMIAH MORRIS
63600,15059,929.6476,Dalton Bell,DALTON BELL
63601,14195,2644.3313,Sabrina Rubio,SABRINA RUBIO
63603,12571,629.8169,Clayton Wagner,CLAYTON WAGNER
63604,14214,2535.964,Krista Alvarez,KRISTA ALVAREZ
63605,14032,2617.6898,Tanya Torres,TANYA TORRES
63606,14050,2602.2529,Isaiah Watson,ISAIAH WATSON
63611,20686,1272.6948,Morgan Ward,MORGAN WARD
63612,20699,1336.4644,Morgan Kelly,MORGAN KELLY
63613,20700,1374.0012,Amy Chow,AMY CHOW
63614,17147,1879.594,Robert Wright,ROBERT WRIGHT
63615,17659,1889.5279,Sandra Ye,SANDRA YE
63616,17662,1949.1869,Sandra Lu,SANDRA LU
63621,13150,59.9463,Robyn Gill,ROBYN GILL
63622,17066,34.5534,Johnny Chander,JOHNNY CHANDER
63623,20267,55.2169,Derek Nath,DEREK NATH
63624,19807,23.7465,Alicia Beck,ALICIA BECK
63627,15239,65.7254,Heidi Kapoor,HEIDI KAPOOR
63628,18194,9.934,Todd Li,TODD LI
63629,14524,905.5254,Dalton Gray,DALTON GRAY
63630,17937,691.1444,Vincent Wang,VINCENT WANG
63631,16594,2602.2529,Carlos Lopez,CARLOS LOPEZ
63632,11500,59.659,Destiny Harris,DESTINY HARRIS
63634,11331,32.0229,Grace Lee,GRACE LEE
63636,11091,28.1554,Jennifer Taylor,JENNIFER TAYLOR
63638,14091,71.7919,Cody West,CODY WEST
63646,20379,136.9979,Julia Sanders,JULIA SANDERS
63648,17598,44.1779,Stacey Lin,STACEY LIN
63649,17599,15.4479,James Brown,JAMES BROWN
63652,13457,62.9519,Colin Ma,COLIN MA
63653,13937,94.4554,Lucas Russell,LUCAS RUSSELL
63654,19068,71.7919,Craig Gutierrez,CRAIG GUTIERREZ
63660,12325,108.2458,Madison Moore,MADISON MOORE
63662,11164,153.0204,Morgan Smith,MORGAN SMITH
63663,11163,46.7194,Roy Torres,ROY TORRES
63664,13539,11.039,Jon Lin,JON LIN
63665,12591,55.2169,Ashley Simmons,ASHLEY SIMMONS
63666,14653,937.5594,Nathaniel Cooper,NATHANIEL COOPER
63667,12777,2566.1194,Alexis Bryant,ALEXIS BRYANT
63668,16103,2596.7279,Kristopher Srini,KRISTOPHER SRINI
63669,12756,2574.6279,Alexis Perry,ALEXIS PERRY
63670,12492,858.9607,Alejandro Lu,ALEJANDRO LU
63671,15077,858.9607,Jill Gomez,JILL GOMEZ
63676,17904,1276.8054,Dennis Ye,DENNIS YE
63678,20628,2738.5657,Kaitlyn Flores,KAITLYN FLORES
63679,14211,2640.9058,Ian Kelly,IAN KELLY
63681,13460,2649.8453,Dalton Perry,DALTON PERRY
63686,20650,1297.8004,Lindsey Xie,LINDSEY XIE
63687,20709,1911.6169,Dwayne Ortega,DWAYNE ORTEGA
63689,18133,2634.3974,Randy Zhang,RANDY ZHANG
63691,15241,25.3377,Damien Beck,DAMIEN BECK
63692,15147,65.7254,Patrick Bailey,PATRICK BAILEY
63693,16733,4.409,Martin Malhotra,MARTIN MALHOTRA
63694,13004,175.695,Emily Washington,EMILY WASHINGTON
63695,20149,2725.2836,Phillip Suri,PHILLIP SURI
63697,17891,1918.2579,Dennis Liu,DENNIS LIU
63699,17940,1879.594,Ethan Jackson,ETHAN JACKSON
63700,16277,915.4594,Casey She,CASEY SHE
63701,13680,2618.8169,Wyatt Powell,WYATT POWELL
63702,17209,2602.2529,Tony Raji,TONY RAJI
63703,13661,2580.1419,Edward Griffin,EDWARD GRIFFIN
63704,12265,2636.4748,Colleen Wu,COLLEEN WU
63705,11185,30.1444,Morgan Jackson,MORGAN JACKSON
63706,11500,43.0729,Destiny Harris,DESTINY HARRIS
63709,14566,87.2508,Micheal Munoz,MICHEAL MUNOZ
63711,18981,87.2729,Veronica Prasad,VERONICA PRASAD
63712,18473,140.6444,Brandi Ashe,BRANDI ASHE
63713,15270,44.1779,Steven Sanchez,STEVEN SANCHEZ
63714,19541,109.3508,Monica Sai,MONICA SAI
63716,13757,96.0908,Eduardo Alexander,EDUARDO ALEXANDER
63717,13371,79.5269,Oscar Henderson,OSCAR HENDERSON
63718,13512,77.339,Colin Raji,COLIN RAJI
63719,12509,36.023,Madison Russell,MADISON RUSSELL
63720,19251,30.1444,Brianna Perry,BRIANNA PERRY
63721,17749,77.3169,Susan Wu,SUSAN WU
63722,12729,40.0784,Kayla Foster,KAYLA FOSTER
63724,18186,59.6258,Todd Zhang,TODD ZHANG
63725,11187,44.189,Morgan Harris,MORGAN HARRIS
63726,15847,94.4554,Kellie Gomez,KELLIE GOMEZ
63727,16022,651.9058,Thomas Turner,THOMAS TURNER
63728,15364,2653.0498,Brenda Prasad,BRENDA PRASAD
63729,15367,2646.4419,Jesse Rogers,JESSE ROGERS
63730,15321,2574.639,Cole Morris,COLE MORRIS
63732,15041,1939.2529,Gina Ruiz,GINA RUIZ
63733,17909,1307.7344,Ethan Wilson,ETHAN WILSON
63736,11995,2658.0444,Alexis Jones,ALEXIS JONES
63737,11034,2535.964,Joe Perez,JOE PEREZ
63738,14030,2668.564,Richard James,RICHARD JAMES
63740,13440,2694.0563,Colin Zhou,COLIN ZHOU
63742,20677,1308.8283,Lindsey Becker,LINDSEY BECKER
63743,17608,1879.594,Stacey Lu,STACEY LU
63744,17615,1949.1869,James Jackson,JAMES JACKSON
63745,17661,1889.5279,Clarence Zhang,CLARENCE ZHANG
63748,11250,651.9058,Natalie Smith,NATALIE SMITH
63749,16206,2673.0613,Gabriel Baker,GABRIEL BAKER
63750,11988,2644.3313,Kayla Hall,KAYLA HALL
63751,11989,2634.3974,Alisha Deng,ALISHA DENG
63755,12010,2700.1228,Alexis White,ALEXIS WHITE
63756,12039,2700.1228,Alisha Raji,ALISHA RAJI
63757,14147,905.5254,Charles Brooks,CHARLES BROOKS
63758,20621,2806.0591,Karen Perry,KAREN PERRY
63759,15025,27.614,Renee Carlson,RENEE CARLSON
63760,16606,35.6694,Nichole Shan,NICHOLE SHAN
63762,12665,8.0444,Elizabeth Jenkins,ELIZABETH JENKINS
63763,14998,679.5308,Evan Bradley,EVAN BRADLEY
63764,20060,2699.9018,Donald Sanchez,DONALD SANCHEZ
63765,16513,2749.1185,Kelsey Shan,KELSEY SHAN
63766,16260,905.5033,Denise Martinez,DENISE MARTINEZ
63767,14167,915.4594,Sabrina Jimenez,SABRINA JIMENEZ
63768,17199,2649.7348,Tony Natsuhara,TONY NATSUHARA
63769,11747,59.659,Olivia Johnson,OLIVIA JOHNSON
63770,11300,2.5305,Marshall Shen,MARSHALL SHEN
63771,11300,31.4704,Marshall Shen,MARSHALL SHEN
63779,19720,87.2729,Cynthia Suri,CYNTHIA SURI
63780,18382,146.9319,Jésus Romero,JÉSUS ROMERO
63781,20094,15.4479,Destiny Simmons,DESTINY SIMMONS
63782,17172,75.6815,Tony Xu,TONY XU
63783,14027,24.2879,Eduardo James,EDUARDO JAMES
63787,11697,99.4279,Megan Martinez,MEGAN MARTINEZ
63788,11941,44.189,Alisha Li,ALISHA LI
63789,13534,55.2169,Jeremiah Diaz,JEREMIAH DIAZ
63790,13609,11.039,Walter Serrano,WALTER SERRANO
63791,15483,2582.6834,Evan Cook,EVAN COOK
63792,12771,2574.6279,Omar Nath,OMAR NATH
63793,16654,2547.0029,Gloria Sanz,GLORIA SANZ
63795,15354,2644.3313,Angel Rogers,ANGEL ROGERS
63800,13971,2552.5169,Seth Flores,SETH FLORES
63801,14020,2566.1194,Adrian James,ADRIAN JAMES
63810,17574,1889.5279,Eric Allen,ERIC ALLEN
63811,17617,1939.2529,Cameron Johnson,CAMERON JOHNSON
63812,17660,1895.0419,Sandra Zhao,SANDRA ZHAO
63813,17568,1895.0419,Brittney Guo,BRITTNEY GUO
63817,11952,2649.8453,Kayla Miller,KAYLA MILLER
63819,11100,2649.8453,Roy Sai,ROY SAI
63820,11967,2673.0613,Alisha Gao,ALISHA GAO
63823,12383,2563.589,Samantha Harris,SAMANTHA HARRIS
63824,13563,2618.8058,Miguel Flores,MIGUEL FLORES
63825,12992,127.0308,Robyn Munoz,ROBYN MUNOZ
63828,12704,31.4704,Omar Zhu,OMAR ZHU
63829,11146,59.659,Kaitlyn Martinez,KAITLYN MARTINEZ
63830,17929,1895.0419,Benjamin Lee,BENJAMIN LEE
63832,14148,915.4594,Joy Dominguez,JOY DOMINGUEZ
63833,16827,2612.1758,Timothy Green,TIMOTHY GREEN
63834,11277,2.5305,Ruben Vazquez,RUBEN VAZQUEZ
63835,15244,4.409,Heidi Patel,HEIDI PATEL
63836,11262,43.3381,Natalie Wilson,NATALIE WILSON
63837,11280,2.5305,Marshall Deng,MARSHALL DENG
63839,11277,28.1554,Ruben Vazquez,RUBEN VAZQUEZ
63845,18852,136.9979,Matthew Clark,MATTHEW CLARK
63846,18669,77.339,Daniel Miller,DANIEL MILLER
63847,17602,5.514,Austin Lee,AUSTIN LEE
63848,14635,41.1171,Alex Cooper,ALEX COOPER
63850,14001,118.1908,Joanna Suarez,JOANNA SUAREZ
63852,13940,94.4554,Lucas Diaz,LUCAS DIAZ
63853,16187,33.0727,Tina Malhotra,TINA MALHOTRA
63854,20715,216.8784,Amy Zhao,AMY ZHAO
63856,11557,23.7465,Alyssa Rodriguez,ALYSSA RODRIGUEZ
63858,11770,46.7194,Ross Subram,ROSS SUBRAM
63859,12445,24.2879,Ashley Rodriguez,ASHLEY RODRIGUEZ
63860,12223,38.664,Warren Hu,WARREN HU
63861,19740,651.9058,Cynthia Rana,CYNTHIA RANA
63862,15200,2607.7779,Jesse Rivera,JESSE RIVERA
63863,11353,2644.3313,Marshall Sutton,MARSHALL SUTTON
63867,17735,1297.8004,Zachary Lewis,ZACHARY LEWIS
63869,20625,2708.6865,Kaitlyn Hughes,KAITLYN HUGHES
63870,18188,2778.9977,Todd Wang,TODD WANG
63873,20703,1918.2579,Morgan Price,MORGAN PRICE
63878,12004,2673.0613,Alisha Lal,ALISHA LAL
63879,12337,2644.3313,Madison Martin,MADISON MARTIN
63880,18130,2607.2033,Alexander Jones,ALEXANDER JONES
63881,17206,2535.964,Tony Black,TONY BLACK
63882,12201,8.7848,Dawn Stone,DAWN STONE
63883,15131,34.5534,Carlos Bailey,CARLOS BAILEY
63884,14314,70.6869,Seth Ward,SETH WARD
63885,16023,77.3169,Bob Fernandez,BOB FERNANDEZ
63886,16680,77.3169,Francisco Kapoor,FRANCISCO KAPOOR
63887,18221,40.8408,Brandon Taylor,BRANDON TAYLOR
63889,15581,55.2169,Isaiah Parker,ISAIAH PARKER
63890,11098,59.659,Jennifer White,JENNIFER WHITE
63891,17298,59.659,José Miller,JOSÉ MILLER
63892,14313,130.9315,Lucas Ward,LUCAS WARD
63894,11142,59.659,Kaitlyn Thompson,KAITLYN THOMPSON
63895,11204,2.5305,Ruben Madan,RUBEN MADAN
63896,11619,8.0444,Lauren Jones,LAUREN JONES
63897,11277,98.3119,Ruben Vazquez,RUBEN VAZQUEZ
63900,14244,55.2169,Krista Suarez,KRISTA SUAREZ
63901,18055,118.1798,Justin Wilson,JUSTIN WILSON
63902,19528,87.2729,Emma Kelly,EMMA KELLY
63903,17440,5.514,Leah Chen,LEAH CHEN
63904,18933,66.2779,Chelsea McDonald,CHELSEA MCDONALD
63905,11185,114.3454,Morgan Jackson,MORGAN JACKSON
63906,19906,15.4479,Nicole Rivera,NICOLE RIVERA
63907,20721,27.614,Amy Ma,AMY MA
63908,19079,27.614,Megan Rogers,MEGAN ROGERS
63909,19061,71.7919,Lauren Foster,LAUREN FOSTER
63912,11469,28.1554,Nicole Lewis,NICOLE LEWIS
63915,14554,119.8483,Nathaniel Ramirez,NATHANIEL RAMIREZ
63917,12551,28.1554,Samantha Diaz,SAMANTHA DIAZ
63918,11087,41.2055,Jennifer Davis,JENNIFER DAVIS
63919,11699,65.4934,Megan Clark,MEGAN CLARK
63920,12400,76.2119,Lacey Zeng,LACEY ZENG
63921,18355,89.4608,Zachary Miller,ZACHARY MILLER
63922,12472,55.239,Alejandro Liu,ALEJANDRO LIU
63923,13714,651.9058,Devin Simmons,DEVIN SIMMONS
63924,12769,2618.8169,Alexis Butler,ALEXIS BUTLER
63925,15302,2598.9158,Paula Rubio,PAULA RUBIO
63926,15997,2610.3084,Bob Chapman,BOB CHAPMAN
63927,16000,2646.3535,Bobby Van,BOBBY VAN
63928,12761,2597.8108,Omar Chander,OMAR CHANDER
63929,15417,2582.6834,Candace Prasad,CANDACE PRASAD
63930,12773,2574.6279,Omar Goel,OMAR GOEL
63931,16810,2566.1194,Mason Green,MASON GREEN
63937,14225,2547.0029,Joy Serrano,JOY SERRANO
63941,20645,1263.5233,Kaitlyn Diaz,KAITLYN DIAZ
63942,17614,1879.594,James Thomas,JAMES THOMAS
63944,11964,2700.1228,Alisha Zhu,ALISHA ZHU
63945,14066,838.2751,Patrick Watson,PATRICK WATSON
63946,17240,891.4698,Kyle Lopez,KYLE LOPEZ
63948,16705,38.6529,Francisco Subram,FRANCISCO SUBRAM
63952,17076,82.3004,Johnny Raji,JOHNNY RAJI
63953,19085,2.5305,Megan Blue,MEGAN BLUE
63954,14685,60.764,Dalton Cooper,DALTON COOPER
63955,15063,613.2419,Gina Vazquez,GINA VAZQUEZ
63957,16275,927.6254,Caleb Gonzalez,CALEB GONZALEZ
63958,15931,2590.0758,Manuel Sara,MANUEL SARA
63959,15933,2538.4944,Logan Roberts,LOGAN ROBERTS
63960,16575,2590.0758,Jonathan Green,JONATHAN GREEN
63962,11619,28.1554,Lauren Jones,LAUREN JONES
63965,11724,16.5529,Brianna White,BRIANNA WHITE
63966,18822,132.5779,Matthew Davis,MATTHEW DAVIS
63969,13858,79.5048,Desiree Torres,DESIREE TORRES
63972,18623,41.1834,Ram Thirunavukkarasu,RAM THIRUNAVUKKARASU
63973,13179,46.7194,Spencer Hayes,SPENCER HAYES
63974,14561,41.2055,Cole Ramirez,COLE RAMIREZ
63975,11184,68.4769,Roy Rubio,ROY RUBIO
63976,11800,46.7194,Victoria Miller,VICTORIA MILLER
63977,14660,982.8644,Jamie Gutierrez,JAMIE GUTIERREZ
63978,16019,634.2479,Kellie Gutierrez,KELLIE GUTIERREZ
63979,16906,2607.7779,Luis Young,LUIS YOUNG
63980,15369,2591.1808,Timothy Rogers,TIMOTHY ROGERS
63981,12599,1357.8572,Ashley Russell,ASHLEY RUSSELL
63985,14065,2566.1194,Melinda Navarro,MELINDA NAVARRO
63990,17600,1961.8944,Austin Lewis,AUSTIN LEWIS
63994,14671,953.5598,Jamie Serrano,JAMIE SERRANO
63995,12003,2742.6542,Alisha Kumar,ALISHA KUMAR
63996,20622,2830.2586,Kaitlyn Powell,KAITLYN POWELL
63997,11631,15.4479,Lauren Moore,LAUREN MOORE
63998,11962,75.1069,Kayla Anderson,KAYLA ANDERSON
63999,16175,34.5534,Jordan Campbell,JORDAN CAMPBELL
64000,14311,70.6869,Kristy Ruiz,KRISTY RUIZ
64001,17724,40.8408,Clarence Li,CLARENCE LI
64003,15026,5.514,Cole Bell,COLE BELL
64005,14237,65.1729,Krista Ramos,KRISTA RAMOS
64006,13956,55.239,Seth Henderson,SETH HENDERSON
64007,13592,2738.5657,Walter Navarro,WALTER NAVARRO
64008,11185,65.7254,Morgan Jackson,MORGAN JACKSON
64009,11502,91.1294,Jenny Pal,JENNY PAL
64018,14658,36.023,Sebastian Cooper,SEBASTIAN COOPER
64021,12074,86.1458,Kelli Sun,KELLI SUN
64022,18873,142.5119,Brandy Sanchez,BRANDY SANCHEZ
64023,20016,146.9319,Tara Goel,TARA GOEL
64024,19012,132.5779,Nicholas Robinson,NICHOLAS ROBINSON
64026,14383,62.9519,Seth Torres,SETH TORRES
64027,14786,73.9908,Bryce Cox,BRYCE COX
64035,14662,997.7929,Bryan Cooper,BRYAN COOPER
64036,13027,2562.7823,Hannah Ross,HANNAH ROSS
64037,15346,2723.0073,Brenda Suri,BRENDA SURI
64038,15404,2576.8048,Ian Rogers,IAN ROGERS
64041,13529,2810.5012,Jeremy Bryant,JEREMY BRYANT
64042,11032,2651.1492,Joe Sanchez,JOE SANCHEZ
64046,18651,671.7958,Christopher Smith,CHRISTOPHER SMITH
64049,15699,2743.7482,Luke Edwards,LUKE EDWARDS
64055,15242,30.1444,Paula Carlson,PAULA CARLSON
64056,17058,33.139,Johnny Jai,JOHNNY JAI
64061,15577,65.7254,Ricky Diaz,RICKY DIAZ
64062,15142,125.3844,Kendra Munoz,KENDRA MUNOZ
64063,19585,32.034,Grace Sanchez,GRACE SANCHEZ
64064,17317,9.934,Alan Xu,ALAN XU
64065,15002,662.9779,Mason Blue,MASON BLUE
64066,11428,1939.2529,Christy Raji,CHRISTY RAJI
64067,17900,1934.8329,Dennis Lin,DENNIS LIN
64068,14186,2740.3337,Sabrina Blanco,SABRINA BLANCO
64069,17792,909.9233,Nathan Brown,NATHAN BROWN
64070,16829,2595.6008,Mario Goel,MARIO GOEL
64071,16822,2547.0029,Mario Chander,MARIO CHANDER
64072,16603,2636.4748,Alex Lopez,ALEX LOPEZ
64073,12012,27.614,Alexis Harris,ALEXIS HARRIS
64074,11310,2.5305,Lacey Nara,LACEY NARA
64075,11631,5.514,Lauren Moore,LAUREN MOORE
64079,11185,79.0959,Morgan Jackson,MORGAN JACKSON
64083,14480,55.2169,Jonathon Moreno,JONATHON MORENO
64085,13231,16.5529,Roger Yang,ROGER YANG
64086,18946,77.339,Joseph Martin,JOSEPH MARTIN
64087,12140,15.4479,Kelli Becker,KELLI BECKER
64088,16153,44.1779,Molly Subram,MOLLY SUBRAM
64090,14435,89.4608,Lawrence Alvarez,LAWRENCE ALVAREZ
64091,13803,205.8394,Linda Jimenez,LINDA JIMENEZ
64092,14932,109.3508,Carlos Morgan,CARLOS MORGAN
64097,11128,99.4058,Roy Lopez,ROY LOPEZ
64098,11804,82.8529,Warren Wang,WARREN WANG
64099,13215,79.5048,Antonio Foster,ANTONIO FOSTER
64100,20638,2738.4552,Katie Goel,KATIE GOEL
64101,16061,654.4584,Andre Prasad,ANDRE PRASAD
64102,15348,2669.0833,Dalton Morris,DALTON MORRIS
64105,12570,668.4808,Clayton Zhang,CLAYTON ZHANG
64106,14070,2563.589,Melinda Torres,MELINDA TORRES
64107,14051,2563.589,Melinda Hernandez,MELINDA HERNANDEZ
64108,13965,2646.4419,Seth Long,SETH LONG
64113,20765,1303.8669,Francis Ruiz,FRANCIS RUIZ
64116,11800,38.664,Victoria Miller,VICTORIA MILLER
64117,20415,15.4479,Peter Kumar,PETER KUMAR
64120,17290,69.5929,Noah Jones,NOAH JONES
64121,16622,40.432,James Hill,JAMES HILL
64122,12344,27.0615,Madison Robinson,MADISON ROBINSON
64123,17885,1879.594,Dennis Zhang,DENNIS ZHANG
64126,17191,2574.6279,Alex Wright,ALEX WRIGHT
64127,12279,2647.5358,Colleen Zhu,COLLEEN ZHU
64128,12874,2599.2584,Tristan Hughes,TRISTAN HUGHES
64129,12280,2591.1808,Hannah Moore,HANNAH MOORE
64131,11619,55.239,Lauren Jones,LAUREN JONES
64134,11711,35.6584,Brianna Jones,BRIANNA JONES
64139,19686,77.339,Kristina Suri,KRISTINA SURI
64140,15326,191.1429,Bryan Morris,BRYAN MORRIS
64141,16359,8.0444,Katrina Nath,KATRINA NATH
64142,16457,165.7279,Isaac Carter,ISAAC CARTER
64143,17832,27.614,Dana Carlson,DANA CARLSON
64144,20599,35.6584,Katie Deng,KATIE DENG
64149,16386,44.1779,Latoya Shan,LATOYA SHAN
64151,12100,133.1304,Jessica Jackson,JESSICA JACKSON
64152,12413,46.7194,Ashley Brown,ASHLEY BROWN
64153,12952,40.8408,Jaclyn Cai,JACLYN CAI
64154,14727,954.6869,Hector Blanco,HECTOR BLANCO
64155,15493,2560.2519,Rachael Vance,RACHAEL VANCE
64156,16987,2668.564,James Hernandez,JAMES HERNANDEZ
64157,15379,2653.6023,Chase Rogers,CHASE ROGERS
64158,15398,2596.7279,Candace Patel,CANDACE PATEL
64159,15051,858.9607,Gina Moreno,GINA MORENO
64160,19339,1397.6482,Olivia Bennett,OLIVIA BENNETT
64161,17220,2644.3313,Hunter Clark,HUNTER CLARK
64165,11993,2582.6834,Warren Zhao,WARREN ZHAO
64166,14047,2566.1194,Jeremiah James,JEREMIAH JAMES
64169,20678,1276.8054,Morgan Cooper,MORGAN COOPER
64170,20647,1276.8054,Morgan Stewart,MORGAN STEWART
64171,17596,1934.8329,James Jones,JAMES JONES
64172,17572,1918.2579,Jack Allen,JACK ALLEN
64173,17573,1918.2579,Adam Allen,ADAM ALLEN
64175,13260,596.689,Roger Guo,ROGER GUO
64176,14101,874.4086,Lori Moreno,LORI MORENO
64177,12009,2673.0613,Alexis Thomas,ALEXIS THOMAS
64178,11501,54.1119,Destiny Martin,DESTINY MARTIN
64179,18300,33.139,Brandon White,BRANDON WHITE
64180,18192,32.0229,Christian Thompson,CHRISTIAN THOMPSON
64181,20407,5.514,Julia Patterson,JULIA PATTERSON
64182,18253,9.934,Christopher Robinson,CHRISTOPHER ROBINSON
64183,16589,2741.8144,Nichole Tang,NICHOLE TANG
64184,17948,665.1548,Ethan Martin,ETHAN MARTIN
64185,16272,927.6254,Aaron Gonzalez,AARON GONZALEZ
64186,12285,2640.9279,Colleen Guo,COLLEEN GUO
64187,15675,2580.1529,Noah Edwards,NOAH EDWARDS
64188,11498,2.5305,Jenny Shan,JENNY SHAN
64191,14084,59.0844,Garrett Watson,GARRETT WATSON
64192,11214,2.5305,Ruben Rana,RUBEN RANA
64195,11300,23.7465,Marshall Shen,MARSHALL SHEN
64196,13701,47.4819,Rodney Serrano,RODNEY SERRANO
64199,20518,55.2169,Keith Goldberg,KEITH GOLDBERG
64200,19756,87.2729,Cynthia Sanchez,CYNTHIA SANCHEZ
64201,13758,19.0834,Eduardo Russell,EDUARDO RUSSELL
64202,17126,77.339,Mitchell Xie,MITCHELL XIE
64204,13752,26.8184,Eduardo Gonzales,EDUARDO GONZALES
64210,12150,38.675,Dawn Wang,DAWN WANG
64211,12905,79.5269,Aidan Henderson,AIDAN HENDERSON
64212,20545,2809.2526,Dwayne Dominguez,DWAYNE DOMINGUEZ
64213,14651,982.8644,Jamie Ashe,JAMIE ASHE
64214,15995,672.9008,Bobby Suri,BOBBY SURI
64215,15167,2649.7348,Kendra Ramos,KENDRA RAMOS
64216,15351,2576.8048,Brenda Chandra,BRENDA CHANDRA
64217,15329,2598.9158,Steven Morris,STEVEN MORRIS
64219,15106,2732.7203,Bryan Murphy,BRYAN MURPHY
64220,15036,1918.2579,Renee Rubio,RENEE RUBIO
64228,14045,2619.9108,Tanya Suarez,TANYA SUAREZ
64229,11997,2629.8448,Alexis Brown,ALEXIS BROWN
64231,13418,2694.0563,Willie Anand,WILLIE ANAND
64236,13660,2649.8453,Edward Russell,EDWARD RUSSELL
64240,20661,1297.8004,Lindsey Lal,LINDSEY LAL
64244,12001,2673.0613,Alisha Yuan,ALISHA YUAN
64245,13005,71.7919,Emily Butler,EMILY BUTLER
64246,11366,30.1444,Rachel Martinez,RACHEL MARTINEZ
64249,16476,2799.9927,Misty Chande,MISTY CHANDE
64250,13595,2740.3337,Walter Gutierrez,WALTER GUTIERREZ
64251,12487,2574.6279,Alejandro Ye,ALEJANDRO YE
64252,15929,2618.8058,Jonathan Roberts,JONATHAN ROBERTS
64253,11732,108.8315,Brianna Martinez,BRIANNA MARTINEZ
64254,11276,59.659,Natalie Martin,NATALIE MARTIN
64255,11200,30.1444,Morgan Lewis,MORGAN LEWIS
64258,11631,26.2769,Lauren Moore,LAUREN MOORE
64265,15879,77.3169,Allen Perez,ALLEN PEREZ
64266,20542,103.2733,April Shan,APRIL SHAN
64267,20409,16.5529,Julia Hughes,JULIA HUGHES
64270,17560,44.1779,Brittney Zhu,BRITTNEY ZHU
64271,15470,85.0408,Jeremy Reed,JEREMY REED
64272,14936,106.0137,Isaiah Morgan,ISAIAH MORGAN
64273,14826,44.1779,Carlos Howard,CARLOS HOWARD
64274,15458,5.514,Eduardo Reed,EDUARDO REED
64275,15609,30.1444,Noah Evans,NOAH EVANS
64276,12126,30.6859,Kelli Andersen,KELLI ANDERSEN
64280,15572,24.2879,Ricky Martin,RICKY MARTIN
64281,15365,2606.9602,Isaac Rogers,ISAAC ROGERS
64284,20626,2718.6205,Katie Raje,KATIE RAJE
64288,19988,1276.8054,Nicole Gonzales,NICOLE GONZALES
64289,20735,1238.1415,Amy Zeng,AMY ZENG
64290,14109,1879.594,Lori Romero,LORI ROMERO
64291,17667,1945.3194,Logan Brown,LOGAN BROWN
64294,11977,2720.0128,Kayla Garcia,KAYLA GARCIA
64295,14055,830.2307,Melinda Moreno,MELINDA MORENO
64296,12000,2732.7092,Alisha Luo,ALISHA LUO
64297,17502,2754.0136,Jordan Hall,JORDAN HALL
64298,14067,71.7919,Brian Watson,BRIAN WATSON
64299,19610,55.2169,Cassandra Van,CASSANDRA VAN
64301,16729,33.0727,Martin Patel,MARTIN PATEL
64302,15603,16.5529,Ricky Vazquez,RICKY VAZQUEZ
64303,16606,38.5535,Nichole Shan,NICHOLE SHAN
64304,16167,36.023,Aaron Campbell,AARON CAMPBELL
64305,16692,6.9394,Sean Hill,SEAN HILL
64306,17943,662.9779,Ethan White,ETHAN WHITE
64307,13577,2810.5012,Miguel Griffin,MIGUEL GRIFFIN
64308,19338,884.5083,Cory Rana,CORY RANA
64309,17183,2552.5169,Robert Anderson,ROBERT ANDERSON
64310,12267,2535.964,Hannah Smith,HANNAH SMITH
64311,12256,2624.3529,Colleen Li,COLLEEN LI
64312,15702,2574.6279,Adam Edwards,ADAM EDWARDS
64313,11501,69.5929,Destiny Martin,DESTINY MARTIN
64316,11176,34.5534,Morgan Miller,MORGAN MILLER
64317,11276,141.3848,Natalie Martin,NATALIE MARTIN
64319,15826,37.5479,Kelvin Zhang,KELVIN ZHANG
64324,20522,49.7029,Keith Raji,KEITH RAJI
64325,11660,136.9979,Pedro Mehta,PEDRO MEHTA
64327,18688,87.2729,Erika Gomez,ERIKA GOMEZ
64328,18343,44.1779,Frank Torres,FRANK TORRES
64330,15513,44.1779,Cole Cook,COLE COOK
64332,15744,14.2987,Billy Alonso,BILLY ALONSO
64334,18884,85.0519,Whitney Kovár,WHITNEY KOVÁR
64335,14549,82.8529,Mathew Sanz,MATHEW SANZ
64339,16322,32.0229,Casey Raji,CASEY RAJI
64341,17748,35.6694,Susan Huang,SUSAN HUANG
64342,12294,23.7465,Hannah Thompson,HANNAH THOMPSON
64344,13547,37.5479,Jon Zhao,JON ZHAO
64345,13516,32.034,Jeremy Patterson,JEREMY PATTERSON
64346,14955,37.5479,Juan Morgan,JUAN MORGAN
64347,14291,153.0204,Jared Ward,JARED WARD
64348,11962,38.675,Kayla Anderson,KAYLA ANDERSON
64349,12022,41.2055,Alexis Rodriguez,ALEXIS RODRIGUEZ
64350,11415,15.4479,Christy Chande,CHRISTY CHANDE
64351,16836,2670.1773,Mario Ashe,MARIO ASHE
64352,16491,2602.264,Misty Ashe,MISTY ASHE
64353,15320,2618.8169,Sebastian Morris,SEBASTIAN MORRIS
64354,15380,2610.3084,Brenda Lopez,BRENDA LOPEZ
64355,16098,2591.1808,Kristopher Sai,KRISTOPHER SAI
64356,14429,2673.0613,Lee Oliver,LEE OLIVER
64362,14046,2547.0029,Tanya Sanz,TANYA SANZ
64363,14062,2624.3529,Jesse Watson,JESSE WATSON
64364,13966,2646.4419,Wendy Ortega,WENDY ORTEGA
64372,20654,1293.3804,Morgan Rogers,MORGAN ROGERS
64373,17576,1934.8329,Austin Robinson,AUSTIN ROBINSON
64376,11969,2710.6092,Warren Ye,WARREN YE
64377,12373,2607.2033,Samantha Wilson,SAMANTHA WILSON
64378,11982,75.1069,Alisha Cai,ALISHA CAI
64379,13008,30.1444,Emily Foster,EMILY FOSTER
64380,19617,28.1554,Cassandra Arthur,CASSANDRA ARTHUR
64385,19569,40.0784,Emma Simmons,EMMA SIMMONS
64386,18717,2.5305,Michael Williams,MICHAEL WILLIAMS
64387,14853,9.934,Chase Howard,CHASE HOWARD
64388,11755,9.934,Olivia Miller,OLIVIA MILLER
64390,17184,2626.5408,Tony Shan,TONY SHAN
64391,16831,2574.6279,Jonathan Adams,JONATHAN ADAMS
64392,14096,32.0229,Richard Watson,RICHARD WATSON
64393,11276,30.1444,Natalie Martin,NATALIE MARTIN
64394,11769,30.6859,Olivia White,OLIVIA WHITE
64395,18759,40.432,Joshua Johnson,JOSHUA JOHNSON
64397,11300,42.9624,Marshall Shen,MARSHALL SHEN
64398,18927,35.6694,Chelsea Suri,CHELSEA SURI
64399,19818,87.2729,Jasmine Ward,JASMINE WARD
64400,17618,44.1779,Stacey Ma,STACEY MA
64401,16900,8.0444,Jerry Johnsen,JERRY JOHNSEN
64403,15775,16.8292,Hector Gomez,HECTOR GOMEZ
64404,15522,29.8019,Steven Cook,STEVEN COOK
64405,15313,8.0444,Jillian Saunders,JILLIAN SAUNDERS
64406,14742,8.0444,Danny Martin,DANNY MARTIN
64407,14850,44.1779,Lance Moreno,LANCE MORENO
64409,19935,91.6819,Kathryn Ashe,KATHRYN ASHE
64410,19513,27.614,Emma Ward,EMMA WARD
64411,19497,32.0229,Emma Murphy,EMMA MURPHY
64415,16590,54.1119,Robert Hill,ROBERT HILL
64417,11300,121.5058,Marshall Shen,MARSHALL SHEN
64418,12024,82.8529,Alexis Lee,ALEXIS LEE
64419,14175,120.4008,Mason Kelly,MASON KELLY
64420,11594,98.3229,Chloe White,CHLOE WHITE
64421,12320,38.664,Madison Davis,MADISON DAVIS
64422,16752,2776.1136,Martin Raman,MARTIN RAMAN
64423,20640,2760.6657,Kaitlyn Bryant,KAITLYN BRYANT
64424,14645,927.6254,Sean Cooper,SEAN COOPER
64425,19749,754.6266,Cynthia Fernandez,CYNTHIA FERNANDEZ
64426,15501,2668.564,Bryce Cook,BRYCE COOK
64427,15481,2618.8169,Nancy Gonzalez,NANCY GONZALEZ
64428,12770,2613.5792,Alexis Simmons,ALEXIS SIMMONS
64429,15372,2566.1194,Brian Rogers,BRIAN ROGERS
64430,12560,1352.3432,Alejandro Nath,ALEJANDRO NATH
64433,12005,2618.8169,Alexis Wilson,ALEXIS WILSON
64434,14031,2758.3673,Marcus James,MARCUS JAMES
64439,13908,2674.4757,Lucas Bradley,LUCAS BRADLEY
64443,18648,615.4077,Daniel Jackson,DANIEL JACKSON
64444,20755,1286.7394,Crystal Wu,CRYSTAL WU
64445,17263,1879.594,Naomi Hernandez,NAOMI HERNANDEZ
64446,17571,1949.1869,Brittney He,BRITTNEY HE
64449,11247,650.8008,Isabella Walker,ISABELLA WALKER
64450,11417,2673.0613,Jasmine Clark,JASMINE CLARK
64451,11968,2634.3974,Damien Luo,DAMIEN LUO
64452,12338,2710.6092,Madison Thompson,MADISON THOMPSON
64453,17196,2561.3016,Tony Rai,TONY RAI
64454,12495,2591.1808,Madison Washington,MADISON WASHINGTON
64455,20617,2740.3337,Katie Holt,KATIE HOLT
64456,14072,27.614,Melinda Dominguez,MELINDA DOMINGUEZ
64457,15606,41.9569,Ricky Serrano,RICKY SERRANO
64458,14222,35.6584,Carlos Sanders,CARLOS SANDERS
64459,16170,35.6694,Caleb Campbell,CALEB CAMPBELL
64461,18285,79.0959,Jorge Chen,JORGE CHEN
64462,17303,38.664,Naomi Jimenez,NAOMI JIMENEZ
64463,17075,55.239,James Lopez,JAMES LOPEZ
64464,16689,250.2715,Isaac Hill,ISAAC HILL
64465,18257,9.934,Christopher Lewis,CHRISTOPHER LEWIS
64466,17897,1966.3144,Hunter Davis,HUNTER DAVIS
64467,14169,905.5254,Carlos Kelly,CARLOS KELLY
64468,16823,2570.1858,Mario Moyer,MARIO MOYER
64469,15677,2580.1419,Jose Edwards,JOSE EDWARDS
64470,11669,69.5929,Megan Williams,MEGAN WILLIAMS
64472,11067,6.9394,Joe Vazquez,JOE VAZQUEZ
64474,15251,6.9394,Timothy Sanchez,TIMOTHY SANCHEZ
64475,11091,34.5534,Jennifer Taylor,JENNIFER TAYLOR
64476,11193,6.9394,Morgan Garcia,MORGAN GARCIA
64480,11500,27.614,Destiny Harris,DESTINY HARRIS
64481,14904,55.2169,Timothy Ward,TIMOTHY WARD
64482,20328,132.5779,Chloe Griffin,CHLOE GRIFFIN
64483,18918,87.2729,Joseph Wilson,JOSEPH WILSON
64484,17525,5.514,Valerie Cai,VALERIE CAI
64487,14293,51.3494,Garrett Ward,GARRETT WARD
64488,12303,69.5929,Hannah Rodriguez,HANNAH RODRIGUEZ
64493,14836,40.0784,Jesse Howard,JESSE HOWARD
64494,12725,140.6444,Omar Deng,OMAR DENG
64496,11043,38.675,Joe Jimenez,JOE JIMENEZ
64497,13502,60.7529,Colin Raje,COLIN RAJE
64498,11674,46.7194,Megan Davis,MEGAN DAVIS
64499,11641,41.2055,Pedro Vance,PEDRO VANCE
64500,12972,44.189,Dakota Alexander,DAKOTA ALEXANDER
64501,12540,55.239,Alejandro Sharma,ALEJANDRO SHARMA
64502,12295,55.239,Colleen Cai,COLLEEN CAI
64503,12450,2626.5408,Ashley Walker,ASHLEY WALKER
64504,15194,2641.9998,Isaiah Rivera,ISAIAH RIVERA
64505,15917,2535.964,Evan Perez,EVAN PEREZ
64506,16425,1342.4093,Tracy Jai,TRACY JAI
64507,12559,1381.0732,Alejandro Rai,ALEJANDRO RAI
64510,14218,2562.4508,Krista Munoz,KRISTA MUNOZ
64518,20652,1297.8004,Lindsey Tang,LINDSEY TANG
64521,11381,2673.0613,Rachel Hall,RACHEL HALL
64524,13553,2560.2519,Miguel Perry,MIGUEL PERRY
64525,15730,97.2069,Sean Edwards,SEAN EDWARDS
64526,15230,164.6229,Teresa Rubio,TERESA RUBIO
64527,15232,27.614,Teresa Ortega,TERESA ORTEGA
64528,20229,77.3169,Shannon Carlson,SHANNON CARLSON
64531,18266,38.664,Christopher Walker,CHRISTOPHER WALKER
64532,15131,55.239,Carlos Bailey,CARLOS BAILEY
64533,14068,55.239,Melinda Gutierrez,MELINDA GUTIERREZ
64535,13621,8.7848,Blake Griffin,BLAKE GRIFFIN
64536,18745,2.5305,Natasha Munoz,NATASHA MUNOZ
64537,17962,658.5358,Vincent Gao,VINCENT GAO
64538,15003,668.7571,Renee Moreno,RENEE MORENO
64540,17934,1906.6554,Dennis She,DENNIS SHE
64542,17221,2659.6577,Hunter Lopez,HUNTER LOPEZ
64543,17944,1934.8329,Vincent Yang,VINCENT YANG
64544,16199,2560.2519,Timothy Campbell,TIMOTHY CAMPBELL
64545,16588,2607.7779,Jackson Lopez,JACKSON LOPEZ
64546,12479,2574.639,Alejandro Wu,ALEJANDRO WU
64547,15925,2587.8769,Manuel Arun,MANUEL ARUN
64548,16821,2591.1808,Sean Green,SEAN GREEN
64550,11695,59.659,Pedro Moreno,PEDRO MORENO
64554,19811,77.339,Jasmine Cox,JASMINE COX
64555,18847,77.339,Matthew Martinez,MATTHEW MARTINEZ
64556,15533,5.514,Pamela Vance,PAMELA VANCE
64557,14763,5.514,Danny Travers,DANNY TRAVERS
64559,14257,94.4554,Felicia Martin,FELICIA MARTIN
64560,19828,24.2879,Lindsay Lal,LINDSAY LAL
64561,15704,38.675,Eric Edwards,ERIC EDWARDS
64562,13498,110.5995,Jeremiah Ross,JEREMIAH ROSS
64563,17953,93.8919,Vincent Zhao,VINCENT ZHAO
64564,17113,5.514,Shaun Black,SHAUN BLACK
64566,17836,35.6694,Dana Schmidt,DANA SCHMIDT
64568,16323,27.614,Noah Nelson,NOAH NELSON
64569,20572,87.2508,Kaitlyn Cooper,KAITLYN COOPER
64574,12049,107.1408,Kelli Chen,KELLI CHEN
64575,11669,55.5042,Megan Williams,MEGAN WILLIAMS
64576,11827,41.2055,Ross Sanz,ROSS SANZ
64577,12054,44.189,Abigail Harris,ABIGAIL HARRIS
64578,11320,77.2616,Grace Thompson,GRACE THOMPSON
64579,18524,83.9469,Nicholas Walker,NICHOLAS WALKER
64580,13017,46.7194,Emily Hayes,EMILY HAYES
64581,13597,65.1508,Blake Powell,BLAKE POWELL
64582,17680,62.9519,Logan Lee,LOGAN LEE
64583,20639,2725.2836,Katie Becker,KATIE BECKER
64584,18949,885.9559,Chelsea Mehta,CHELSEA MEHTA
64585,19808,651.9279,Alicia Raji,ALICIA RAJI
64586,15492,2579.5783,Rachael Patel,RACHAEL PATEL
64587,15203,2683.4483,Timothy Rivera,TIMOTHY RIVERA
64588,15280,2576.8048,Richard Sanchez,RICHARD SANCHEZ
64589,15322,2618.8058,Jillian Mehta,JILLIAN MEHTA
64590,15328,2670.1773,Jillian Fernandez,JILLIAN FERNANDEZ
64591,15199,2538.4944,Isaac Rivera,ISAAC RIVERA
64592,11241,2860.1047,Isabella Clark,ISABELLA CLARK
64593,20427,1918.2579,Julia Alexander,JULIA ALEXANDER
64595,20283,1918.2579,Bradley Tang,BRADLEY TANG
64598,13528,2717.8801,Jon Liu,JON LIU
64599,14039,2585.6669,Xavier James,XAVIER JAMES
64600,14064,2562.4508,Timothy Watson,TIMOTHY WATSON
64605,18649,666.8565,Diana Moreno,DIANA MORENO
64606,20657,1318.7623,Lindsey Yuan,LINDSEY YUAN
64607,17621,1914.1473,James White,JAMES WHITE
64608,20707,1934.8329,Amy Huang,AMY HUANG
64611,11917,2634.3974,Liz Anderson,LIZ ANDERSON
64612,16689,70.6869,Isaac Hill,ISAAC HILL
64613,16613,104.3783,Sean Lopez,SEAN LOPEZ
64618,16596,2547.0029,Angel Lopez,ANGEL LOPEZ
64619,12388,2574.6279,Lacey Ma,LACEY MA
64620,11788,59.659,Ross Perez,ROSS PEREZ
64621,11676,59.659,Pedro Rodriguez,PEDRO RODRIGUEZ
64622,11951,52.2113,Kayla Davis,KAYLA DAVIS
64626,11212,87.8144,Marshall Cai,MARSHALL CAI
64627,14332,35.6584,Patrick Torres,PATRICK TORRES
64628,20085,51.7472,Joel Raman,JOEL RAMAN
64631,13179,33.139,Spencer Hayes,SPENCER HAYES
64633,15162,11.039,Bryan Bailey,BRYAN BAILEY
64636,17411,77.339,Karen Sun,KAREN SUN
64637,20105,76.2119,Joel Perez,JOEL PEREZ
64638,18612,132.5779,Stacy Alonso,STACY ALONSO
64639,15066,27.614,Carlos Murphy,CARLOS MURPHY
64640,12496,226.0609,Juan Romero,JUAN ROMERO
64641,18629,27.614,Stacy Carlson,STACY CARLSON
64642,13676,36.023,Joan Vazquez,JOAN VAZQUEZ
64644,18025,41.1834,Justin Smith,JUSTIN SMITH
64645,11566,108.2458,Barbara Zhu,BARBARA ZHU
64647,12800,44.1779,Rafael Lin,RAFAEL LIN
64649,13589,86.7204,Blake Henderson,BLAKE HENDERSON
64650,17539,67.9023,Brittney Wu,BRITTNEY WU
64651,14643,1009.9258,Jamie Hernandez,JAMIE HERNANDEZ
64652,14650,927.6254,Jamie Muñoz,JAMIE MUÑOZ
64653,18948,891.4698,Joseph Thompson,JOSEPH THOMPSON
64654,15480,2535.964,Nancy Martinez,NANCY MARTINEZ
64655,12772,2580.1419,Alexis Foster,ALEXIS FOSTER
64657,15118,2682.9953,Jill Rubio,JILL RUBIO
64658,15037,1972.3808,Renee Ortega,RENEE ORTEGA
64662,14220,2608.8498,Dalton Kelly,DALTON KELLY
64663,14226,2618.8169,Krista Gutierrez,KRISTA GUTIERREZ
64670,17575,1918.2579,Brittney Zheng,BRITTNEY ZHENG
64671,17597,1904.9758,Naomi Sanz,NAOMI SANZ
64674,11110,2649.8453,Jennifer Lee,JENNIFER LEE
64675,17242,893.9008,Terry Champion,TERRY CHAMPION
64677,16207,2640.9058,Tina Mehta,TINA MEHTA
64678,17230,33.139,Naomi Ruiz,NAOMI RUIZ
64682,16618,42.9624,Nichole Rai,NICHOLE RAI
64683,11466,8.7848,Nicole Clark,NICOLE CLARK
64684,11094,141.3848,Jennifer Thomas,JENNIFER THOMAS
64685,18728,11.3152,Michael Moore,MICHAEL MOORE
64686,11073,25.3819,Joe Ramos,JOE RAMOS
64687,15073,624.314,Evan Murphy,EVAN MURPHY
64688,17198,2643.1158,Hunter Garcia,HUNTER GARCIA
64689,12484,2643.0937,Sarah Martinez,SARAH MARTINEZ
64690,13517,2612.1758,Jon Zhang,JON ZHANG
64691,15932,2596.7279,Manuel Rana,MANUEL RANA
64692,12261,2646.4419,Emily Lee,EMILY LEE
64693,11506,59.659,Carol Martinez,CAROL MARTINEZ
64698,11652,141.3848,Lauren Martinez,LAUREN MARTINEZ
64702,11820,77.339,Ross Vazquez,ROSS VAZQUEZ
64703,16735,65.1729,Gabriel Green,GABRIEL GREEN
64704,19648,62.9519,Cassandra Sanchez,CASSANDRA SANCHEZ
64705,14571,99.4169,Charles Ramirez,CHARLES RAMIREZ
64710,11288,82.8529,Ruben Suarez,RUBEN SUAREZ
64711,14726,866.8394,Hector Vazquez,HECTOR VAZQUEZ
64712,16820,2587.3133,Mario Chande,MARIO CHANDE
64713,15374,2646.4419,Brenda Subram,BRENDA SUBRAM
64714,15058,830.2307,Gina Torres,GINA TORRES
64716,11468,1397.6482,Jenny He,JENNY HE
64721,13959,2610.3084,Seth Perry,SETH PERRY
64725,20000,1238.1415,Shannon Johnston,SHANNON JOHNSTON
64727,11916,2649.8453,Tamara Chander,TAMARA CHANDER
64728,17241,888.9504,Terry Raje,TERRY RAJE
64730,17075,30.1444,James Lopez,JAMES LOPEZ
64732,17958,696.1058,Ethan Lee,ETHAN LEE
64733,15678,2562.4508,Marc Gomez,MARC GOMEZ
64734,16598,2535.964,Isaiah Lopez,ISAIAH LOPEZ
64735,17181,2574.6279,Noah Thomas,NOAH THOMAS
64736,13678,2602.2529,Wyatt Perry,WYATT PERRY
64737,11019,2.5305,Joe Belson,JOE BELSON
64738,11122,27.614,Roy Mehta,ROY MEHTA
64739,11269,2.5305,Ruben Torres,RUBEN TORRES
64740,11185,23.7465,Morgan Jackson,MORGAN JACKSON
64744,11502,33.1279,Jenny Pal,JENNY PAL
64746,17338,16.5529,Alan Hu,ALAN HU
64748,16959,16.5529,Angel Young,ANGEL YOUNG
64749,20360,87.2729,Chad Anand,CHAD ANAND
64750,20289,77.339,Chloe Ross,CHLOE ROSS
64751,18672,142.5119,Daniel Wilson,DANIEL WILSON
64752,18770,104.4004,Joshua Wilson,JOSHUA WILSON
64753,15510,44.1779,Juan Cook,JUAN COOK
64754,15541,68.4658,Pamela Madan,PAMELA MADAN
64755,16038,26.8184,Andre Suri,ANDRE SURI
64757,16602,77.339,Nichole Lal,NICHOLE LAL
64758,16939,33.1279,Carl Xie,CARL XIE
64759,12732,16.5529,Kayla Bryant,KAYLA BRYANT
64760,19042,71.7919,Gary Serrano,GARY SERRANO
64761,11553,23.7465,Marshall Andersen,MARSHALL ANDERSEN
64764,12730,61.7806,Omar Tang,OMAR TANG
64765,17551,35.3269,James Allen,JAMES ALLEN
64766,12779,2654.1658,Omar Anand,OMAR ANAND
64767,15389,2618.8169,Bryan Rogers,BRYAN ROGERS
64768,16758,2563.589,Kyle Scott,KYLE SCOTT
64769,15056,830.2307,Xavier Bell,XAVIER BELL
64772,11242,2634.3974,Ruben Gomez,RUBEN GOMEZ
64776,18196,613.2419,Benjamin Robinson,BENJAMIN ROBINSON
64786,11990,2673.0613,Alexis Smith,ALEXIS SMITH
64787,17246,885.9559,Terry Rai,TERRY RAI
64789,11111,2671.9453,Jennifer Walker,JENNIFER WALKER
64790,16826,2574.639,Mario Nath,MARIO NATH
64791,13554,2602.2529,Miguel Powell,MIGUEL POWELL
64792,15242,11.039,Paula Carlson,PAULA CARLSON
64794,14854,9.934,Lance Alonso,LANCE ALONSO
64798,17894,1889.5279,Dennis Huang,DENNIS HUANG
64800,20049,2708.6865,Destiny Brooks,DESTINY BROOKS
64801,14149,927.6254,Louis Li,LOUIS LI
64802,16828,2538.4944,James Adams,JAMES ADAMS
64803,16830,2538.4944,Mario Black,MARIO BLACK
64804,12475,2615.4908,Sarah Jackson,SARAH JACKSON
64805,11517,2.5305,Destiny Lee,DESTINY LEE
64809,11223,79.0959,Isabella Moore,ISABELLA MOORE
64813,15478,16.5529,Nancy Fernandez,NANCY FERNANDEZ
64814,12880,104.4004,Tristan Butler,TRISTAN BUTLER
64816,19637,87.2729,Cassandra Fernandez,CASSANDRA FERNANDEZ
64818,18761,15.4479,Natasha Blanco,NATASHA BLANCO
64820,16913,15.4479,Caleb Hernandez,CALEB HERNANDEZ
64821,13479,83.9469,Dalton Russell,DALTON RUSSELL
64822,15671,26.8184,Jimmy Sanz,JIMMY SANZ
64824,16508,92.7869,Kelsey Kennedy,KELSEY KENNEDY
64825,19370,5.514,Shane Sai,SHANE SAI
64826,18020,43.3381,Brent Guo,BRENT GUO
64830,12168,71.7477,Taylor Walker,TAYLOR WALKER
64831,12767,38.675,Juan Rubio,JUAN RUBIO
64832,14093,34.2219,Devin Watson,DEVIN WATSON
64833,12399,65.1508,Samantha Rodriguez,SAMANTHA RODRIGUEZ
64834,14728,954.6869,Garrett Richardson,GARRETT RICHARDSON
64835,14647,982.8644,Timothy Cooper,TIMOTHY COOPER
64836,19739,679.5308,Rachel Bradley,RACHEL BRADLEY
64837,13705,635.3529,Devin Patterson,DEVIN PATTERSON
64838,15350,2610.3084,Diane Martin,DIANE MARTIN
64839,15411,2591.1808,Jeremy Rogers,JEREMY ROGERS
64841,15086,2659.7792,Patrick Murphy,PATRICK MURPHY
64842,14200,2710.6092,Krista Gomez,KRISTA GOMEZ
64844,18245,2699.9018,Curtis Liu,CURTIS LIU
64845,20627,2725.2836,Katie Chande,KATIE CHANDE
64847,20750,1308.8283,Isabella Stewart,ISABELLA STEWART
64849,11908,2634.3974,Elizabeth Brown,ELIZABETH BROWN
64850,11914,2719.394,Elizabeth Taylor,ELIZABETH TAYLOR
64851,11963,2649.8453,Kayla Thomas,KAYLA THOMAS
64852,11994,2673.0613,Alisha Shen,ALISHA SHEN
64853,14310,844.5294,Marcus Ward,MARCUS WARD
64854,20620,2725.2836,Katie Pal,KATIE PAL
64855,19673,41.2055,Patricia Subram,PATRICIA SUBRAM
64858,14278,55.239,Jeremiah Sanders,JEREMIAH SANDERS
64859,15031,9.934,Steven Bell,STEVEN BELL
64860,17324,9.934,Noah Robinson,NOAH ROBINSON
64861,17932,1950.2808,David Anderson,DAVID ANDERSON
64863,14154,924.2662,Richard Brooks,RICHARD BROOKS
64864,13689,2563.589,Wyatt Foster,WYATT FOSTER
64865,16203,2538.4944,Jonathan Parker,JONATHAN PARKER
64868,15488,110.5995,Isaac Cook,ISAAC COOK
64871,12106,77.339,Kelli Xu,KELLI XU
64872,19134,77.339,Megan Barnes,MEGAN BARNES
64873,17688,5.514,Logan Walker,LOGAN WALKER
64874,17408,5.514,Jose Clark,JOSE CLARK
64876,17487,8.0444,Valerie Li,VALERIE LI
64877,16715,8.0444,Francisco Martinez,FRANCISCO MARTINEZ
64878,13739,79.5269,Robin Gill,ROBIN GILL
64881,14199,76.2119,Krista Martin,KRISTA MARTIN
64883,12085,109.9144,Jessica Brown,JESSICA BROWN
64884,14871,937.5594,Lance Ramos,LANCE RAMOS
64885,19813,596.689,Lindsay Deng,LINDSAY DENG
64886,15987,687.2658,Angel Roberts,ANGEL ROBERTS
64888,20623,2778.9977,Kaitlyn Long,KAITLYN LONG
64892,20646,1323.7569,Lindsey Deng,LINDSEY DENG
64895,13560,596.689,Jon Ma,JON MA
64896,11915,2649.8453,Tamara Chande,TAMARA CHANDE
64897,16206,2586.7387,Gabriel Baker,GABRIEL BAKER
64899,15019,70.6869,Renee Gill,RENEE GILL
64901,13047,136.9979,Hannah Washington,HANNAH WASHINGTON
64902,14318,82.3004,Jeremy Ward,JEREMY WARD
64903,19955,157.9819,Julie Sharma,JULIE SHARMA
64904,17959,626.8334,Vincent Sun,VINCENT SUN
64905,16451,2708.6865,Alex Carter,ALEX CARTER
64906,17968,662.9779,Vincent Liang,VINCENT LIANG
64912,14906,76.2119,Patrick Ward,PATRICK WARD
64914,19871,77.339,Jasmine Gonzales,JASMINE GONZALES
64915,20390,16.5529,Julia Ross,JULIA ROSS
64916,19663,77.339,Byron Romero,BYRON ROMERO
64917,17395,5.514,Karen Liu,KAREN LIU
64918,16985,15.4479,Hunter King,HUNTER KING
64919,20441,44.1779,Jennifer Morris,JENNIFER MORRIS
64921,16386,99.4169,Latoya Shan,LATOYA SHAN
64922,13825,41.2055,Marcus Jenkins,MARCUS JENKINS
64923,17835,71.7919,Dana Suarez,DANA SUAREZ
64924,19372,32.5754,Olivia Russell,OLIVIA RUSSELL
64925,19355,27.614,Olivia Hughes,OLIVIA HUGHES
64926,16564,8.0444,Kara Pal,KARA PAL
64927,13732,38.675,Eduardo Henderson,EDUARDO HENDERSON
64928,12424,109.9144,Lacey Lal,LACEY LAL
64929,15500,2619.9108,Brian Cook,BRIAN COOK
64930,12446,2614.9383,Jon Chander,JON CHANDER
64931,15195,2621.0158,Martin Rienstra,MARTIN RIENSTRA
64935,15040,1918.2579,Eduardo Bell,EDUARDO BELL
64936,15035,1879.594,Charles Bell,CHARLES BELL
64939,13960,2566.1194,Wendy Carlson,WENDY CARLSON
64941,18650,620.4354,Diana Munoz,DIANA MUNOZ
64945,13685,624.8444,Wyatt Flores,WYATT FLORES
64946,15695,2658.63,Connor Edwards,CONNOR EDWARDS
64947,11976,2644.3313,Alisha He,ALISHA HE
64948,11822,55.239,Ross Serrano,ROSS SERRANO
64949,11211,38.664,Ruben Prasad,RUBEN PRASAD
64950,11330,38.664,Grace Lewis,GRACE LEWIS
64951,13180,132.6,Edwin Xie,EDWIN XIE
64952,15581,70.6869,Isaiah Parker,ISAIAH PARKER
64953,14313,70.6869,Lucas Ward,LUCAS WARD
64955,19624,26.2769,Cassandra Prasad,CASSANDRA PRASAD
64960,16614,42.9624,Nichole Chande,NICHOLE CHANDE
64961,17067,55.239,Hunter Jackson,HUNTER JACKSON
64962,18221,9.934,Brandon Taylor,BRANDON TAYLOR
64963,17220,2585.9542,Hunter Clark,HUNTER CLARK
64964,11689,59.659,Pedro Hernandez,PEDRO HERNANDEZ
64972,11833,95.6709,Victoria Clark,VICTORIA CLARK
64973,12928,48.5869,Jaclyn Lu,JACLYN LU
64975,15874,77.3169,Allen Rodriguez,ALLEN RODRIGUEZ
64977,19806,132.5779,Alicia Goel,ALICIA GOEL
64978,15943,142.5119,Robert Roberts,ROBERT ROBERTS
64980,15415,99.4169,Isaiah Reed,ISAIAH REED
64982,17658,8.0444,James Lee,JAMES LEE
64984,14476,8.0444,Jonathon Alvarez,JONATHON ALVAREZ
64985,14004,62.9519,Brian James,BRIAN JAMES
64986,16357,5.514,Jack Nelson,JACK NELSON
64987,14817,70.6869,Roberto Gill,ROBERTO GILL
64988,17883,87.2508,Hunter Johnson,HUNTER JOHNSON
64990,18029,91.6819,Brent Zeng,BRENT ZENG
64992,19483,37.5479,Raymond Gonzalez,RAYMOND GONZALEZ
64994,11170,65.4934,Morgan Brown,MORGAN BROWN
64995,16243,24.2879,Kellie Ortega,KELLIE ORTEGA
64996,14765,82.8529,Sheila Suarez,SHEILA SUAREZ
64997,12794,24.2879,Rafael Wu,RAFAEL WU
64998,15517,2574.639,Garrett Cook,GARRETT COOK
64999,15484,2648.6408,Mason Cook,MASON COOK
65000,16678,2674.0558,Francisco Suri,FRANCISCO SURI
65001,12774,2613.2808,Alexis Gonzales,ALEXIS GONZALES
65002,15396,2613.2808,Charles Rogers,CHARLES ROGERS
65003,15399,2613.5792,Candace Van,CANDACE VAN
65004,15062,830.2307,Gina Gill,GINA GILL
65005,15038,1879.594,Devin Bell,DEVIN BELL
65008,17736,1286.7394,Logan Miller,LOGAN MILLER
65009,20624,2699.9018,Kaitlyn Patterson,KAITLYN PATTERSON
65010,14033,2535.964,Tanya Dominguez,TANYA DOMINGUEZ
65017,17148,1961.8944,Robert Davis,ROBERT DAVIS
65020,14225,1381.0732,Joy Serrano,JOY SERRANO
65021,12499,2574.6279,Madison Butler,MADISON BUTLER
65022,11121,38.9292,Kaitlyn Jones,KAITLYN JONES
65023,17296,70.6869,Bethany Raheem,BETHANY RAHEEM
65024,15235,130.3458,Alex Sanchez,ALEX SANCHEZ
65025,19103,24.2879,Derrick Moreno,DERRICK MORENO
65028,14069,55.239,Bryce Watson,BRYCE WATSON
65029,18298,2.5305,Alexander Jackson,ALEXANDER JACKSON
65030,18704,2.5305,Jacob Robinson,JACOB ROBINSON
65031,15064,606.6229,Jeremy Bell,JEREMY BELL
65032,16196,2587.8769,Tina Smith,TINA SMITH
65033,15627,2612.1869,Caleb Evans,CALEB EVANS
65034,16587,2650.8619,Nichole Xie,NICHOLE XIE
65035,11744,38.664,Brianna Hall,BRIANNA HALL
65036,11627,11.3152,Lauren Wilson,LAUREN WILSON
65038,11200,76.2119,Morgan Lewis,MORGAN LEWIS
65042,14084,16.5529,Garrett Watson,GARRETT WATSON
65044,15386,5.514,Brenda Gonzalez,BRENDA GONZALEZ
65045,19751,5.514,Rachel Henderson,RACHEL HENDERSON
65046,13881,79.5269,Desiree Sanz,DESIREE SANZ
65047,17219,38.675,Terry Tang,TERRY TANG
65049,19900,30.1444,Kathryn She,KATHRYN SHE
65050,17931,33.139,Dennis Zeng,DENNIS ZENG
65054,20585,35.6584,Kristin Andersen,KRISTIN ANDERSEN
65055,14862,35.6694,Lance Gill,LANCE GILL
65058,12964,38.675,Dakota Simmons,DAKOTA SIMMONS
65059,11373,42.5094,Rachel Clark,RACHEL CLARK
65060,14652,916.0119,Bryce Cooper,BRYCE COOPER
65061,18943,997.7929,Chelsea Ray,CHELSEA RAY
65062,19812,651.9058,Lindsay She,LINDSAY SHE
65063,15499,2696.189,Rachael Arun,RACHAEL ARUN
65064,15193,2681.7687,Angel Rivera,ANGEL RIVERA
65065,15394,2598.9158,Candace Kapoor,CANDACE KAPOOR
65066,14427,2649.8453,Lee Rubio,LEE RUBIO
65069,18268,2788.9316,Alexander Miller,ALEXANDER MILLER
65070,14219,2716.0348,Krista Alonso,KRISTA ALONSO
65071,13964,2587.8769,Wendy Sanz,WENDY SANZ
65077,20685,1276.8054,Tiffany Zimmerman,TIFFANY ZIMMERMAN
65078,20693,1276.8054,Amy Zhang,AMY ZHANG
65079,20701,1276.8054,Morgan Sanders,MORGAN SANDERS
65080,17666,1918.2579,Sandra Sun,SANDRA SUN
65087,11986,2710.6092,Kayla Lee,KAYLA LEE
65091,14221,35.6584,Krista Romero,KRISTA ROMERO
65094,18712,2.5305,Jacob Walker,JACOB WALKER
65096,13551,2596.7279,Miguel Jenkins,MIGUEL JENKINS
65097,13691,2650.3094,Rodney Dominguez,RODNEY DOMINGUEZ
65098,13687,2535.964,Wyatt Butler,WYATT BUTLER
65099,11838,93.9029,Gerald Malhotra,GERALD MALHOTRA
65100,11648,59.659,Lauren Thompson,LAUREN THOMPSON
65101,11190,6.9394,Ruben Patel,RUBEN PATEL
65102,11505,59.6479,Destiny Garcia,DESTINY GARCIA
65103,11632,180.104,Lauren Taylor,LAUREN TAYLOR
65104,11283,2.5305,Natalie Clark,NATALIE CLARK
65109,11769,104.3783,Olivia White,OLIVIA WHITE
65111,20643,16.5529,Kaitlyn Russell,KAITLYN RUSSELL
65112,19020,136.9979,Lauren Price,LAUREN PRICE
65113,16856,15.4479,Russell Sharma,RUSSELL SHARMA
65114,16064,8.0444,James Phillips,JAMES PHILLIPS
65115,13835,40.8408,Linda Sanz,LINDA SANZ
65116,15608,44.1779,Ricky Ramos,RICKY RAMOS
65117,20593,34.5534,Kristin Raji,KRISTIN RAJI
65118,18636,65.1729,Diana Martin,DIANA MARTIN
65124,11182,46.7194,Morgan Anderson,MORGAN ANDERSON
65125,11524,44.189,Alyssa Jones,ALYSSA JONES
65126,12528,79.5269,Alejandro Tang,ALEJANDRO TANG
65127,12138,123.7158,Kelli Goel,KELLI GOEL
65128,13582,9.934,Jon Tang,JON TANG
65129,12465,55.239,Sarah Wilson,SARAH WILSON
65130,11544,98.3229,Barbara Liu,BARBARA LIU
65131,19780,679.5308,Rachel Bryant,RACHEL BRYANT
65132,15303,2535.964,Mason Morris,MASON MORRIS
65133,16011,2660.1991,Samuel Turner,SAMUEL TURNER
65135,11351,2649.8453,Rachel Thomas,RACHEL THOMAS
65138,20429,1988.4254,Peter Nara,PETER NARA
65139,20284,1933.7058,Bradley Xu,BRADLEY XU
65143,11998,2582.6834,Alisha Tang,ALISHA TANG
65144,14210,2580.1419,Marcus Kelly,MARCUS KELLY
65148,20706,1944.7669,Morgan Wood,MORGAN WOOD
65149,18134,2644.3313,Christian Thomas,CHRISTIAN THOMAS
65150,11360,937.5594,Rachel Harris,RACHEL HARRIS
65329,17225,2566.1194,Terry Luo,TERRY LUO
65330,12548,2562.4508,Alejandro Andersen,ALEJANDRO ANDERSEN
65335,13628,132.6,Edward Wood,EDWARD WOOD
65336,16674,42.9624,Alison Raji,ALISON RAJI
65337,18160,2585.6669,Randy Xu,RANDY XU
65341,16213,36.023,Tina Lopez,TINA LOPEZ
65342,13707,37.5479,Rodney Sanz,RODNEY SANZ
65344,15402,45.957,Richard Rogers,RICHARD ROGERS
65348,15008,26.4869,Jesse Bell,JESSE BELL
65350,18402,5.514,Kelvin Sun,KELVIN SUN
65351,13491,44.1779,Colin Kumar,COLIN KUMAR
65352,18087,15.4479,Justin Robinson,JUSTIN ROBINSON
65353,19656,15.4479,Grace Hughes,GRACE HUGHES
65354,16217,138.114,Connor Baker,CONNOR BAKER
65356,19757,5.514,Cynthia Perez,CYNTHIA PEREZ
65357,13740,62.9519,Eduardo Long,EDUARDO LONG
65358,18756,94.4554,Natasha Dominguez,NATASHA DOMINGUEZ
65359,12744,79.5269,Alexis Bennett,ALEXIS BENNETT
65360,19249,70.6869,Victor Blanco,VICTOR BLANCO
65361,16439,27.614,Tracy Black,TRACY BLACK
65363,12601,61.7806,Jarred Gill,JARRED GILL
65364,12593,37.5479,Ashley Foster,ASHLEY FOSTER
65365,19489,43.0729,Brett Chandra,BRETT CHANDRA
65367,11566,44.1779,Barbara Zhu,BARBARA ZHU
65369,15878,85.0519,Jason Perez,JASON PEREZ
65370,15899,2597.8108,Johnathan Raman,JOHNATHAN RAMAN
65371,17403,2566.1194,Karen Ye,KAREN YE
65372,15737,2579.3352,Billy Jiménez,BILLY JIMÉNEZ
65373,16007,2574.639,Beth Srini,BETH SRINI
65374,15949,2624.3529,Thomas Roberts,THOMAS ROBERTS
65375,15044,1938.6783,Gina Hernandez,GINA HERNANDEZ
65381,14262,2604.7944,Felicia Diaz,FELICIA DIAZ
65382,14276,2645.8673,Xavier Sanders,XAVIER SANDERS
65383,14287,2596.7279,Devin Ross,DEVIN ROSS
65394,12353,2634.3974,Madison Walker,MADISON WALKER
65395,12671,2688.5092,Clayton Raji,CLAYTON RAJI
65396,11363,987.2844,Rachel Thompson,RACHEL THOMPSON
65398,13157,27.614,Spencer Washington,SPENCER WASHINGTON
65399,15153,27.614,Chase Bailey,CHASE BAILEY
65400,18261,85.0519,Curtis Xu,CURTIS XU
65402,15025,114.8648,Renee Carlson,RENEE CARLSON
65403,14674,55.239,Jamie Carlson,JAMIE CARLSON
65404,18147,2613.2808,Randy Yang,RANDY YANG
65406,12982,9.934,Jaclyn Pal,JACLYN PAL
65408,11223,30.1444,Isabella Moore,ISABELLA MOORE
65409,14332,27.614,Patrick Torres,PATRICK TORRES
65410,13318,64.6094,Roger Nara,ROGER NARA
65413,19700,132.5779,Rachel Morgan,RACHEL MORGAN
65414,20754,87.2729,Crystal Huang,CRYSTAL HUANG
65415,18989,147.5065,Veronica Subram,VERONICA SUBRAM
65416,17607,60.7529,James Miller,JAMES MILLER
65417,15947,8.0444,Manuel Sanchez,MANUEL SANCHEZ
65418,14907,140.6444,Bruce Ward,BRUCE WARD
65419,15745,99.4169,Noah Collins,NOAH COLLINS
65420,15966,5.514,Caleb Roberts,CALEB ROBERTS
65421,14250,34.2219,Cole Sanders,COLE SANDERS
65423,13300,50.7748,Roger Sharma,ROGER SHARMA
65424,13816,50.3659,Linda Gutierrez,LINDA GUTIERREZ
65430,13191,51.3494,Edwin Kumar,EDWIN KUMAR
65431,15739,2604.7944,Billy Moreno,BILLY MORENO
65432,15983,2598.9158,Jackson Roberts,JACKSON ROBERTS
65433,15944,2709.4048,Manuel Lopez,MANUEL LOPEZ
65437,17911,1238.1415,Hunter Thomas,HUNTER THOMAS
65442,14322,2563.589,Kristy Jimenez,KRISTY JIMENEZ
65443,18276,2793.8047,Janelle Sai,JANELLE SAI
65444,14261,2602.2529,Felicia Ruiz,FELICIA RUIZ
65448,20007,1238.1415,Tara Raje,TARA RAJE
65451,11488,2644.3313,Jenny Xu,JENNY XU
65454,17945,1966.3144,Ethan Harris,ETHAN HARRIS
65455,18171,2562.4508,Benjamin Winter,BENJAMIN WINTER
65456,12138,8.7848,Kelli Goel,KELLI GOEL
65457,20604,103.3065,Katie Xie,KATIE XIE
65460,11079,25.3819,Jennifer Johnson,JENNIFER JOHNSON
65461,16621,40.432,Jose Hill,JOSE HILL
65462,14203,2740.3337,Cody Kelly,CODY KELLY
65463,17972,674.0169,Abby Subram,ABBY SUBRAM
65465,11262,38.9292,Natalie Wilson,NATALIE WILSON
65466,12880,37.5479,Tristan Butler,TRISTAN BUTLER
65470,11711,43.0619,Brianna Jones,BRIANNA JONES
65471,11711,67.4934,Brianna Jones,BRIANNA JONES
65473,13423,132.5558,Xavier Washington,XAVIER WASHINGTON
65474,18235,44.1779,Todd Zeng,TODD ZENG
65475,18997,77.339,Veronica Martinez,VERONICA MARTINEZ
65476,16994,44.1779,Logan Hernandez,LOGAN HERNANDEZ
65477,11740,70.6869,Brianna Lee,BRIANNA LEE
65478,15408,44.1779,Xavier Rogers,XAVIER ROGERS
65479,17223,24.2879,Terry Xu,TERRY XU
65480,19281,75.1069,Erik Navarro,ERIK NAVARRO
65484,17835,5.514,Dana Suarez,DANA SUAREZ
65485,11785,44.189,Olivia Rodriguez,OLIVIA RODRIGUEZ
65486,13240,24.2879,Carson Coleman,CARSON COLEMAN
65487,14480,82.8529,Jonathon Moreno,JONATHON MORENO
65488,12414,41.2055,Ashley Davis,ASHLEY DAVIS
65489,14738,888.9504,Charles Richardson,CHARLES RICHARDSON
65490,12901,2584.5619,Aidan Barnes,AIDAN BARNES
65491,13209,2563.589,Edwin Rai,EDWIN RAI
65492,15992,2665.1937,Alex Roberts,ALEX ROBERTS
65495,17917,1276.8054,Dennis Liang,DENNIS LIANG
65496,14323,2629.0823,Isaiah Torres,ISAIAH TORRES
65497,12573,683.9729,Ashley Jenkins,ASHLEY JENKINS
65503,13697,623.7504,Devin Coleman,DEVIN COLEMAN
65504,17248,888.9504,Terry Nath,TERRY NATH
65505,20252,77.3169,Derek Pal,DEREK PAL
65506,18897,41.2055,Whitney Prasad,WHITNEY PRASAD
65509,17231,59.659,Terry Kumar,TERRY KUMAR
65510,17093,2560.2519,Greg White,GREG WHITE
65511,17849,932.5869,Carrie Ruiz,CARRIE RUIZ
65512,15067,687.2658,Angel Murphy,ANGEL MURPHY
65517,20655,52.3991,Morgan Reed,MORGAN REED
65518,20408,77.3169,Peter Xie,PETER XIE
65519,12969,71.7919,Dakota Bryant,DAKOTA BRYANT
65520,11711,26.4869,Brianna Jones,BRIANNA JONES
65521,20099,5.514,Destiny Alexander,DESTINY ALEXANDER
65522,17863,75.0627,Ethan Davis,ETHAN DAVIS
65524,18156,46.7194,Randy Ye,RANDY YE
65525,15658,71.7919,Sean Evans,SEAN EVANS
65526,19330,34.5534,Olivia Ramirez,OLIVIA RAMIREZ
65528,19470,82.8529,Victoria Bryant,VICTORIA BRYANT
65529,18033,27.614,Justin Jones,JUSTIN JONES
65530,12509,41.1834,Madison Russell,MADISON RUSSELL
65532,12652,146.9098,Elizabeth Price,ELIZABETH PRICE
65537,11680,44.189,Pedro Martin,PEDRO MARTIN
65538,12158,82.8529,Dawn Yang,DAWN YANG
65539,17360,79.5269,Krystal Holt,KRYSTAL HOLT
65540,16067,734.7035,Jonathan Phillips,JONATHAN PHILLIPS
65541,12904,2582.6723,Jaclyn Liu,JACLYN LIU
65549,11038,2563.589,Joe Diaz,JOE DIAZ
65554,17678,1918.2579,Sandra He,SANDRA HE
65555,18108,1918.2579,Christian Taylor,CHRISTIAN TAYLOR
65556,18060,1879.594,Christian Rodriguez,CHRISTIAN RODRIGUEZ
65557,11237,2673.0613,Isabella Garcia,ISABELLA GARCIA
65558,15702,2658.63,Adam Edwards,ADAM EDWARDS
65559,14260,830.2307,Charles Sanders,CHARLES SANDERS
65560,12349,2644.3313,Madison Lewis,MADISON LEWIS
65561,18140,2588.9266,David Robinson,DAVID ROBINSON
65562,16298,2650.8619,Isaiah Gonzalez,ISAIAH GONZALEZ
65563,12022,109.3508,Alexis Rodriguez,ALEXIS RODRIGUEZ
65564,11852,55.239,Emma Jones,EMMA JONES
65565,16634,38.6529,Kyle Hill,KYLE HILL
65567,17281,65.1729,Noah Williams,NOAH WILLIAMS
65568,18261,9.934,Curtis Xu,CURTIS XU
65569,16318,927.6033,Nathan Nelson,NATHAN NELSON
65570,13847,2552.5169,Desiree Munoz,DESIREE MUNOZ
65573,12097,35.6584,Warren Gao,WARREN GAO
65575,11276,41.1834,Natalie Martin,NATALIE MARTIN
65576,15413,132.5558,Candace Madan,CANDACE MADAN
65577,13303,11.039,Gavin Stone,GAVIN STONE
65580,19636,147.5065,Grace Bennett,GRACE BENNETT
65581,17265,5.514,Bethany Tang,BETHANY TANG
65583,13206,8.0444,Antonio Patterson,ANTONIO PATTERSON
65584,16369,29.8019,Isaiah Nelson,ISAIAH NELSON
65585,16501,5.514,Kelsey Xu,KELSEY XU
65587,14841,94.4554,Timothy Howard,TIMOTHY HOWARD
65588,14691,99.4169,Angel Richardson,ANGEL RICHARDSON
65589,14182,36.023,Sabrina Dominguez,SABRINA DOMINGUEZ
65590,17822,33.139,Nathan Anderson,NATHAN ANDERSON
65591,12304,66.8194,Hannah Lewis,HANNAH LEWIS
65594,16932,8.0444,Noah Young,NOAH YOUNG
65595,11648,38.675,Lauren Thompson,LAUREN THOMPSON
65596,13486,133.1304,Colin Xu,COLIN XU
65597,11689,38.675,Pedro Hernandez,PEDRO HERNANDEZ
65598,12091,82.8529,Kelli Zeng,KELLI ZENG
65599,14458,44.189,Lawrence Vazquez,LAWRENCE VAZQUEZ
65600,12558,16.5529,Juan Torres,JUAN TORRES
65601,12976,24.2879,Dakota Griffin,DAKOTA GRIFFIN
65602,15841,2566.1194,Adrian Stewart,ADRIAN STEWART
65603,15897,2576.8048,Johnathan Schmidt,JOHNATHAN SCHMIDT
65604,15535,2560.2519,Pamela Malhotra,PAMELA MALHOTRA
65605,15985,2648.6408,Henry Martinez,HENRY MARTINEZ
65609,16594,2688.5092,Carlos Lopez,CARLOS LOPEZ
65610,15122,2570.1858,Marcus Murphy,MARCUS MURPHY
65611,17913,1276.8054,Abby Sandberg,ABBY SANDBERG
65613,14667,2696.189,Adrian Cooper,ADRIAN COOPER
65615,14238,2590.0758,Timothy Sanders,TIMOTHY SANDERS
65619,17690,1879.594,Samuel Thompson,SAMUEL THOMPSON
65620,17345,1950.2808,Jose Thomas,JOSE THOMAS
65621,17870,1879.594,Carrie Gill,CARRIE GILL
65622,18057,1879.594,Jeffery Sun,JEFFERY SUN
65623,16575,2728.3003,Jonathan Green,JONATHAN GREEN
65624,16207,2644.3313,Tina Mehta,TINA MEHTA
65625,11112,2673.0613,Marshall Liang,MARSHALL LIANG
65626,12354,2694.0563,Lacey Zhang,LACEY ZHANG
65627,16204,2580.1419,Kevin Baker,KEVIN BAKER
65628,11212,15.4479,Marshall Cai,MARSHALL CAI
65629,11863,8.7848,Tamara Sun,TAMARA SUN
65631,11821,55.239,Ross Blanco,ROSS BLANCO
65632,13634,112.6548,Javier Navarro,JAVIER NAVARRO
65633,15264,33.139,Heidi Raman,HEIDI RAMAN
65634,16695,41.1834,Francisco Ashe,FRANCISCO ASHE
65636,18166,2612.1758,Christian Harris,CHRISTIAN HARRIS
65637,17828,905.5254,Dana Vazquez,DANA VAZQUEZ
65639,17969,659.6408,Christian Williams,CHRISTIAN WILLIAMS
65642,11631,2.5305,Lauren Moore,LAUREN MOORE
65644,20756,30.1444,Crystal Lin,CRYSTAL LIN
65650,12147,55.2169,Dawn Zhang,DAWN ZHANG
65651,19877,77.339,Christine Shan,CHRISTINE SHAN
65652,13268,125.3844,Carson Alexander,CARSON ALEXANDER
65653,17454,5.514,Leah Zhou,LEAH ZHOU
65654,18058,44.1779,Justin Moore,JUSTIN MOORE
65655,15271,44.1779,Heidi Garcia,HEIDI GARCIA
65656,14540,132.5779,Mathew Serrano,MATHEW SERRANO
65657,18875,83.9469,Whitney Suri,WHITNEY SURI
65658,12606,42.9624,Ashley Hayes,ASHLEY HAYES
65659,17995,30.1444,Ryan Taylor,RYAN TAYLOR
65660,12490,77.3169,Sarah Rodriguez,SARAH RODRIGUEZ
65663,16602,8.0444,Nichole Lal,NICHOLE LAL
65664,12555,76.2119,Samantha Hayes,SAMANTHA HAYES
65665,19838,668.4808,Jasmine Price,JASMINE PRICE
65666,14756,982.8644,Danny Romero,DANNY ROMERO
65667,15043,1961.8944,Gina Diaz,GINA DIAZ
65671,14264,2646.4419,Eduardo Sanders,EDUARDO SANDERS
65672,14286,2624.3529,Felicia Dominguez,FELICIA DOMINGUEZ
65673,13909,2673.0613,Lucas Wood,LUCAS WOOD
65676,17388,1949.1869,Krystal She,KRYSTAL SHE
65681,13693,2563.589,Wyatt Bryant,WYATT BRYANT
65682,12500,2656.3758,Madison Simmons,MADISON SIMMONS
65683,12150,8.7848,Dawn Wang,DAWN WANG
65684,14057,71.7919,Mason Watson,MASON WATSON
65685,17331,35.3269,Alan Guo,ALAN GUO
65686,13777,2591.1808,Richard Johnston,RICHARD JOHNSTON
65689,11330,64.6094,Grace Lewis,GRACE LEWIS
65694,12944,86.1458,Dakota Ross,DAKOTA ROSS
65696,14611,76.2119,Clinton Jiménez,CLINTON JIMÉNEZ
65697,20388,11.039,Julia Barnes,JULIA BARNES
65698,19007,77.339,Nicholas Garcia,NICHOLAS GARCIA
65699,11677,132.5779,Megan Wilson,MEGAN WILSON
65700,20019,142.5119,Destiny Rivera,DESTINY RIVERA
65701,17692,15.4479,Margaret Zhang,MARGARET ZHANG
65702,11176,44.1779,Morgan Miller,MORGAN MILLER
65703,17341,39.7358,Jose Smith,JOSE SMITH
65704,15896,8.0444,Kellie Hernandez,KELLIE HERNANDEZ
65705,15249,51.3494,Heidi Malhotra,HEIDI MALHOTRA
65706,20547,62.9519,Kaitlyn Stewart,KAITLYN STEWART
65707,13943,40.8408,Seth Price,SETH PRICE
65708,14992,77.339,Paula Moreno,PAULA MORENO
65709,17108,27.614,Shaun Chapman,SHAUN CHAPMAN
65710,19279,70.6869,Erik Romero,ERIK ROMERO
65713,14533,76.2119,Isaiah Ramirez,ISAIAH RAMIREZ
65714,19481,4.409,Emma Morris,EMMA MORRIS
65715,19487,6.9394,Emma Rogers,EMMA ROGERS
65716,16256,5.514,Jose Gonzalez,JOSE GONZALEZ
65717,13199,46.7194,Edwin Raje,EDWIN RAJE
65718,11863,44.189,Tamara Sun,TAMARA SUN
65719,12625,110.4558,Sarah Powell,SARAH POWELL
65720,18065,94.4554,Jeffery Guo,JEFFERY GUO
65721,12458,55.239,Sarah Johnson,SARAH JOHNSON
65722,14740,922.0783,Hector Ortega,HECTOR ORTEGA
65723,13241,2570.1858,Roger Ye,ROGER YE
65724,17037,2580.1419,Isaac King,ISAAC KING
65725,15991,2590.4073,Isaiah Roberts,ISAIAH ROBERTS
65726,12612,1402.0682,Sarah Bennett,SARAH BENNETT
65734,16163,629.8169,Molly Martinez,MOLLY MARTINEZ
65736,14478,2710.6092,Jesse Gray,JESSE GRAY
65737,18656,623.7504,Diana Navarro,DIANA NAVARRO
65738,18916,728.1398,Whitney Martinez,WHITNEY MARTINEZ
65739,18080,1920.4016,Wesley Zhang,WESLEY ZHANG
65743,14234,1381.0732,Krista Vazquez,KRISTA VAZQUEZ
65744,12358,2673.0613,Lacey Chen,LACEY CHEN
65745,12674,2694.0563,Elizabeth Patterson,ELIZABETH PATTERSON
65746,17255,954.6869,Jason Lopez,JASON LOPEZ
65747,18167,2657.4919,Randy Zhu,RANDY ZHU
65748,12546,2591.1808,Wilson Pais,WILSON PAIS
65749,14016,70.6869,Garrett James,GARRETT JAMES
65750,17333,79.5048,Thomas Smith,THOMAS SMITH
65753,13952,55.239,Seth Wood,SETH WOOD
65754,16286,2602.2529,Jack Gonzalez,JACK GONZALEZ
65755,18135,2587.8769,David Garcia,DAVID GARCIA
65756,15454,624.314,Cody Reed,CODY REED
65757,11262,4.409,Natalie Wilson,NATALIE WILSON
65758,11223,44.1779,Isabella Moore,ISABELLA MOORE
65761,11723,36.023,Brianna Jackson,BRIANNA JACKSON
65763,20504,132.5558,Jennifer Ross,JENNIFER ROSS
65764,16780,60.7529,Mario She,MARIO SHE
65765,15390,44.1779,Brenda Sanchez,BRENDA SANCHEZ
65766,15747,44.1779,Billy Romero,BILLY ROMERO
65767,13531,77.339,Jon Yang,JON YANG
65771,12897,118.1908,Rafael Anand,RAFAEL ANAND
65772,11682,219.884,Pedro Gomez,PEDRO GOMEZ
65773,15851,2669.0944,Maurizio Macagno,MAURIZIO MACAGNO
65774,15534,2670.1773,Eduardo Cook,EDUARDO COOK
65776,19364,1381.0732,Nelson Blanco,NELSON BLANCO
65777,12998,2647.5358,Emily Long,EMILY LONG
65778,15133,2646.4419,Kendra Diaz,KENDRA DIAZ
65784,14299,2535.964,Felicia Suarez,FELICIA SUAREZ
65789,18653,612.1369,Daniel Martin,DANIEL MARTIN
65798,11413,666.8565,Jill Martinez,JILL MARTINEZ
65800,16588,2710.6092,Jackson Lopez,JACKSON LOPEZ
65801,12673,2634.3974,Omar Zhang,OMAR ZHANG
65802,15022,1025.9815,Renee Serrano,RENEE SERRANO
65803,17956,1914.1473,Christian Smith,CHRISTIAN SMITH
65804,17214,2624.3529,Robert Harris,ROBERT HARRIS
65805,13121,30.1444,Fernando Butler,FERNANDO BUTLER
65806,15464,38.6529,Lucas Reed,LUCAS REED
65807,19589,35.6694,Gloria Reed,GLORIA REED
65808,19973,66.8194,Julie Anand,JULIE ANAND
65812,11948,55.239,Alisha Huang,ALISHA HUANG
65813,14669,65.1729,Cody Cooper,CODY COOPER
65814,13004,6.9394,Emily Washington,EMILY WASHINGTON
65817,11210,31.4704,Isabella Jones,ISABELLA JONES
65824,12363,33.139,Lacey Huang,LACEY HUANG
65826,15564,16.5529,Luke Parker,LUKE PARKER
65827,20095,66.2779,Destiny Foster,DESTINY FOSTER
65828,13303,15.4479,Gavin Stone,GAVIN STONE
65829,16975,75.1069,Mason Young,MASON YOUNG
65831,14273,79.5269,Lucas Sanders,LUCAS SANDERS
65832,15930,92.7869,Manuel Prasad,MANUEL PRASAD
65833,16456,71.7919,Misty Luo,MISTY LUO
65836,14706,27.614,Sean Richardson,SEAN RICHARDSON
65843,11225,78.4108,Isabella Anderson,ISABELLA ANDERSON
65844,13144,49.9902,Edwin Ye,EDWIN YE
65845,17348,94.4554,Krystal Zhang,KRYSTAL ZHANG
65846,13061,51.3494,Hannah Alexander,HANNAH ALEXANDER
65847,17410,26.8184,Karen Xu,KAREN XU
65848,12733,9.934,Kayla Alexander,KAYLA ALEXANDER
65849,13055,997.2183,Hannah Gonzales,HANNAH GONZALES
65850,15769,2626.5408,Billy Schmidt,BILLY SCHMIDT
65851,12784,2659.6798,Rafael Wang,RAFAEL WANG
65852,15999,2602.2529,Sean Roberts,SEAN ROBERTS
65853,17779,896.5086,Susan Zheng,SUSAN ZHENG
65854,15121,2580.1419,Richard Murphy,RICHARD MURPHY
65856,14308,2580.1419,Richard Ward,RICHARD WARD
65858,14277,2563.589,Dalton Sanders,DALTON SANDERS
65860,14041,2666.4313,Tanya Ramos,TANYA RAMOS
65865,20023,1276.8054,Donald Suri,DONALD SURI
65866,17860,1964.6348,Carrie Munoz,CARRIE MUNOZ
65867,18096,1918.2579,Justin Rodriguez,JUSTIN RODRIGUEZ
65868,18098,1939.2529,Wesley Wu,WESLEY WU
65869,18120,1907.2079,David Johnson,DAVID JOHNSON
65870,17869,1945.3194,Carrie Torres,CARRIE TORRES
65871,18056,1907.2079,Jeffery Lu,JEFFERY LU
65874,11414,680.0944,Jasmine Robinson,JASMINE ROBINSON
65875,13686,596.689,Wyatt Washington,WYATT WASHINGTON
65877,14226,1342.4093,Krista Gutierrez,KRISTA GUTIERREZ
65878,12676,2694.0563,Elizabeth Hughes,ELIZABETH HUGHES
65879,17973,2046.7473,Vincent He,VINCENT HE
65880,18143,2612.1758,David Rodriguez,DAVID RODRIGUEZ
65881,11498,25.3819,Jenny Shan,JENNY SHAN
65882,11215,55.239,Isabella Brown,ISABELLA BROWN
65886,15735,93.9029,Billy Alvarez,BILLY ALVAREZ
65887,13023,65.1729,Tamara Huang,TAMARA HUANG
65888,12697,235.354,Elizabeth Hayes,ELIZABETH HAYES
65889,20165,2754.0136,Shannon Vazquez,SHANNON VAZQUEZ
65892,11661,35.6584,Lauren Lewis,LAUREN LEWIS
65893,11277,27.614,Ruben Vazquez,RUBEN VAZQUEZ
65898,11869,76.2119,Warren Yang,WARREN YANG
65900,12916,132.5779,Aidan Flores,AIDAN FLORES
65901,14765,11.039,Sheila Suarez,SHEILA SUAREZ
65905,19397,87.2729,Shane Martinez,SHANE MARTINEZ
65906,17534,5.514,Naomi Ramos,NAOMI RAMOS
65907,18072,5.514,Christopher Miller,CHRISTOPHER MILLER
65910,16498,44.1779,Elijah Mitchell,ELIJAH MITCHELL
65911,14550,54.1119,Brian Ramirez,BRIAN RAMIREZ
65912,19190,30.1444,Philip Moyer,PHILIP MOYER
65913,18044,35.6584,Justin Davis,JUSTIN DAVIS
65914,19508,6.9394,Brett Prasad,BRETT PRASAD
65916,19183,54.1119,Brianna Sanchez,BRIANNA SANCHEZ
65919,16464,44.1779,Jonathan Mitchell,JONATHAN MITCHELL
65922,11306,44.189,Grace Wilson,GRACE WILSON
65923,11308,101.6269,Grace Taylor,GRACE TAYLOR
65924,15448,14.2987,Diane Alvarez,DIANE ALVAREZ
65925,18852,159.4184,Matthew Clark,MATTHEW CLARK
65926,13232,24.2879,Roger Huang,ROGER HUANG
65927,12502,55.239,Madison Foster,MADISON FOSTER
65928,16770,2738.5657,Carlos Scott,CARLOS SCOTT
65929,19824,695.5423,Jasmine Ramirez,JASMINE RAMIREZ
65930,14877,982.8644,Richard Howard,RICHARD HOWARD
65931,15914,2538.4944,Isaiah Perez,ISAIAH PEREZ
65932,15989,2605.5127,Kellie Romero,KELLIE ROMERO
65933,15453,820.2968,Rodrigo Ready,RODRIGO READY
65934,11491,2710.6092,Jenny Luo,JENNY LUO
65935,16595,2676.9067,Nichole Yuan,NICHOLE YUAN
65937,17915,1341.9783,David Moore,DAVID MOORE
65938,17918,1276.8054,Ethan Moore,ETHAN MOORE
65940,14673,2535.964,Rob Verhoff,ROB VERHOFF
65942,18277,2754.0136,Curtis Zeng,CURTIS ZENG
65946,18059,1895.0419,Jeffery Zhu,JEFFERY ZHU
65948,17864,1934.8329,Carrie Romero,CARRIE ROMERO
65949,14324,858.9607,Alex Torres,ALEX TORRES
65950,18139,2604.4298,Randy Chen,RANDY CHEN
65951,13783,2626.5408,Monique Blanco,MONIQUE BLANCO
65952,18131,2566.1194,David Brown,DAVID BROWN
65953,14686,27.614,Walter Hernandez,WALTER HERNANDEZ
65954,15136,30.1444,Paula Gill,PAULA GILL
65956,20406,66.2779,Peter Deng,PETER DENG
65959,18137,2590.0758,Christopher Thomas,CHRISTOPHER THOMAS
65960,16448,2538.4944,Isaiah Carter,ISAIAH CARTER
65961,16262,2618.8058,Kevin Gonzalez,KEVIN GONZALEZ
65962,14709,905.5254,Hector Moreno,HECTOR MORENO
65963,11159,6.9394,Roy Romero,ROY ROMERO
65966,13941,32.034,Lucas Hayes,LUCAS HAYES
65967,11019,27.614,Joe Belson,JOE BELSON
65968,11520,33.6804,Destiny Hall,DESTINY HALL
65969,13707,110.5995,Rodney Sanz,RODNEY SANZ
65971,12945,33.139,Jaclyn Guo,JACLYN GUO
65973,13290,15.4479,Gavin Powell,GAVIN POWELL
65974,18498,60.7529,Cindy Ramos,CINDY RAMOS
65975,11300,65.1729,Marshall Shen,MARSHALL SHEN
65977,19750,44.1779,Cynthia Lopez,CYNTHIA LOPEZ
65978,13879,24.2879,Ian Patterson,IAN PATTERSON
65979,13863,79.5269,Ian Bennett,IAN BENNETT
65980,14687,89.4608,Jeremy Cooper,JEREMY COOPER
65981,19349,77.3169,Cory Martinez,CORY MARTINEZ
65982,17215,35.3269,Terry Deng,TERRY DENG
65984,16468,70.6869,Misty Shan,MISTY SHAN
65985,19461,27.614,Raymond Arthur,RAYMOND ARTHUR
65986,18018,57.4269,Ryan Rodriguez,RYAN RODRIGUEZ
65990,16543,15.4479,Gloria Vazquez,GLORIA VAZQUEZ
65991,14092,62.9519,Charles Watson,CHARLES WATSON
65992,11814,46.7194,Ross Torres,ROSS TORRES
65993,12534,9.934,Alejandro Yuan,ALEJANDRO YUAN
65994,11565,38.664,Chloe Johnson,CHLOE JOHNSON
65995,12600,55.2169,Damien Lal,DAMIEN LAL
65996,16080,626.8334,Andre Martinez,ANDRE MARTINEZ
65997,14874,888.9504,Lance Suarez,LANCE SUAREZ
65998,14757,927.6254,Xavier Richardson,XAVIER RICHARDSON
65999,15934,2613.2808,Manuel Subram,MANUEL SUBRAM
66000,15770,2648.6187,Luke Collins,LUKE COLLINS
66001,15518,2576.8048,Rachael Lopez,RACHAEL LOPEZ
66002,12881,2574.639,Rafael Nara,RAFAEL NARA
66003,15998,2621.0158,Jesse Roberts,JESSE ROBERTS
66005,11432,2728.3003,Nicole Williams,NICOLE WILLIAMS
66012,18139,2659.7792,Randy Chen,RANDY CHEN
66013,14103,835.7447,Lori Munoz,LORI MUNOZ
66015,15169,937.5594,Adrian Bailey,ADRIAN BAILEY
66016,17947,1934.8329,Vincent Lin,VINCENT LIN
66018,18132,2580.1419,David Davis,DAVID DAVIS
66019,12501,2591.1808,Alejandro Gao,ALEJANDRO GAO
66020,16205,2560.2519,Tina Subram,TINA SUBRAM
66021,18183,2588.9266,Benjamin Thompson,BENJAMIN THOMPSON
66022,18133,2647.5358,Randy Zhang,RANDY ZHANG
66023,13621,98.8533,Blake Griffin,BLAKE GRIFFIN
66024,17303,97.7483,Naomi Jimenez,NAOMI JIMENEZ
66025,17282,41.1834,Warren Shan,WARREN SHAN
66028,11758,6.9394,Ross Madan,ROSS MADAN
66029,13034,65.7254,Hannah Jenkins,HANNAH JENKINS
66030,18136,2574.6279,Randy Wang,RANDY WANG
66031,16475,2754.0136,Misty Raje,MISTY RAJE
66032,11201,98.3119,Morgan Lee,MORGAN LEE
66035,11506,43.0729,Carol Martinez,CAROL MARTINEZ
66036,11832,55.239,Gerald Chandra,GERALD CHANDRA
66037,14341,43.3381,Kristy Ramos,KRISTY RAMOS
66040,11185,217.6077,Morgan Jackson,MORGAN JACKSON
66043,18825,87.2729,Dana Martin,DANA MARTIN
66044,18531,5.514,Leslie Vazquez,LESLIE VAZQUEZ
66045,18037,54.6754,Justin Brown,JUSTIN BROWN
66046,17888,33.1279,Dennis Chen,DENNIS CHEN
66048,11213,82.8529,Ruben Sara,RUBEN SARA
66049,13030,85.0519,Tamara Zhou,TAMARA ZHOU
66050,15781,2681.7798,Jackson Collins,JACKSON COLLINS
66051,17175,2580.1529,Jackson Wright,JACKSON WRIGHT
66052,15542,2580.1419,Robert Parker,ROBERT PARKER
66053,16079,2569.0366,Thomas Phillips,THOMAS PHILLIPS
66054,15941,2566.1194,Hunter Roberts,HUNTER ROBERTS
66055,15952,2643.1158,Henry Kapoor,HENRY KAPOOR
66056,15959,2580.1529,Elijah Roberts,ELIJAH ROBERTS
66057,17778,830.2307,Susan He,SUSAN HE
66059,15042,1918.2579,Richard Blue,RICHARD BLUE
66061,14681,2598.9158,Jamie Sanz,JAMIE SANZ
66062,14263,2574.639,Devin Sanders,DEVIN SANDERS
66063,12037,2742.9084,Alisha Beck,ALISHA BECK
66064,14235,2571.2908,Krista Blanco,KRISTA BLANCO
66071,18050,1934.8329,Jeffery Zhou,JEFFERY ZHOU
66073,17862,1934.8329,Carrie Alonso,CARRIE ALONSO
66076,11429,2688.5092,Marshall Kumar,MARSHALL KUMAR
66077,14322,820.2968,Kristy Jimenez,KRISTY JIMENEZ
66078,12341,2758.6657,Colleen Nath,COLLEEN NATH
66080,11212,132.6,Marshall Cai,MARSHALL CAI
66083,19748,5.514,Byron Vazquez,BYRON VAZQUEZ
66085,19675,219.884,Patricia Garcia,PATRICIA GARCIA
66088,19570,32.034,Holly Suri,HOLLY SURI
66089,16628,168.623,Nichole Anand,NICHOLE ANAND
66090,13821,2610.3084,Linda Dominguez,LINDA DOMINGUEZ
66091,13765,2574.6279,Richard Price,RICHARD PRICE
66092,19029,2584.5619,Lauren Wood,LAUREN WOOD
66093,12474,2596.7279,Sarah Thomas,SARAH THOMAS
66095,17793,891.4698,Logan Martinez,LOGAN MARTINEZ
66096,12063,55.239,Kelli Zhou,KELLI ZHOU
66099,11262,141.3848,Natalie Wilson,NATALIE WILSON
66102,18320,171.2198,Jorge Guo,JORGE GUO
66105,11212,77.3169,Marshall Cai,MARSHALL CAI
66106,19525,44.4542,Brett Martinez,BRETT MARTINEZ
66108,13330,16.5529,Julian Perry,JULIAN PERRY
66110,16801,60.7529,Elijah Young,ELIJAH YOUNG
66112,14600,44.1779,Micheal Suarez,MICHEAL SUAREZ
66113,13763,34.2219,Eduardo Diaz,EDUARDO DIAZ
66114,14959,44.1779,Randall Moreno,RANDALL MORENO
66115,15819,34.2219,Patrick Stewart,PATRICK STEWART
66116,19358,15.4479,Olivia Washington,OLIVIA WASHINGTON
66117,19300,40.8077,Olivia Morgan,OLIVIA MORGAN
66118,20057,53.0069,Destiny Bennett,DESTINY BENNETT
66123,11566,32.034,Barbara Zhu,BARBARA ZHU
66124,13791,40.0784,Monique Sanz,MONIQUE SANZ
66126,11269,44.189,Ruben Torres,RUBEN TORRES
66127,12920,62.9629,Jaclyn Zhou,JACLYN ZHOU
66128,16071,62.9519,Samuel Phillips,SAMUEL PHILLIPS
66129,16065,632.3473,Andre Rana,ANDRE RANA
66130,12898,2630.4194,Jaclyn Zhang,JACLYN ZHANG
66131,15852,2696.189,Marcus Stewart,MARCUS STEWART
66132,15521,2640.9058,Rachael Rodriguez,RACHAEL RODRIGUEZ
66133,13264,858.9607,Roger Zheng,ROGER ZHENG
66137,14302,2571.2908,Carol Saunders,CAROL SAUNDERS
66138,13994,2715.3497,Joanna Serrano,JOANNA SERRANO
66140,11035,2563.589,Julia Brown,JULIA BROWN
66150,15933,2710.6092,Logan Roberts,LOGAN ROBERTS
66151,16263,2634.3974,Denise Gonzalez,DENISE GONZALEZ
66152,11482,2666.4313,Destiny Brown,DESTINY BROWN
66153,15929,2644.3313,Jonathan Roberts,JONATHAN ROBERTS
66154,18157,2650.8619,Randy Zhao,RANDY ZHAO
66155,12048,65.1729,Kelli Wang,KELLI WANG
66156,11855,55.239,Emma Davis,EMMA DAVIS
66157,11091,38.664,Jennifer Taylor,JENNIFER TAYLOR
66158,12359,71.7919,Lacey Li,LACEY LI
66161,18185,2576.8048,Janelle Kapoor,JANELLE KAPOOR
66163,11277,34.5534,Ruben Vazquez,RUBEN VAZQUEZ
66164,20740,66.2779,Morgan Gonzales,MORGAN GONZALES
66167,20287,159.6394,Chloe Wood,CHLOE WOOD
66168,20332,87.2729,Chad Kumar,CHAD KUMAR
66169,18425,5.514,Larry Munoz,LARRY MUNOZ
66170,19816,136.9979,Lindsay Xie,LINDSAY XIE
66171,19644,5.514,Grace Coleman,GRACE COLEMAN
66172,16130,68.4658,Molly Chandra,MOLLY CHANDRA
66173,16911,65.1729,Jerry Chander,JERRY CHANDER
66174,14349,62.9519,Jared Torres,JARED TORRES
66175,17867,62.9519,Abby Madan,ABBY MADAN
66176,19261,91.6819,Brianna Flores,BRIANNA FLORES
66179,13838,76.2119,Linda Ortega,LINDA ORTEGA
66181,11636,82.8529,Pedro Kapoor,PEDRO KAPOOR
66182,11157,38.675,Kaitlyn Lee,KAITLYN LEE
66183,11656,82.8529,Pedro Raman,PEDRO RAMAN
66184,13365,26.8184,Willie He,WILLIE HE
66185,19831,640.8669,Lindsay Jai,LINDSAY JAI
66186,12882,2598.9158,Tristan Foster,TRISTAN FOSTER
66187,17400,2576.8048,Karen Wu,KAREN WU
66188,16004,2782.6663,James Turner,JAMES TURNER
66189,16078,2634.2648,Jose Phillips,JOSE PHILLIPS
66190,15969,2571.2908,Luke Roberts,LUKE ROBERTS
66194,12572,596.689,Ashley Coleman,ASHLEY COLEMAN
66199,18086,1904.9758,Wesley Chen,WESLEY CHEN
66202,17866,1918.2579,Samuel Lewis,SAMUEL LEWIS
66203,12607,650.8008,Clayton Gao,CLAYTON GAO
66205,13105,1369.1724,Robyn Torres,ROBYN TORRES
66206,14230,1428.5551,Mason Sanders,MASON SANDERS
66207,16621,41.1834,Jose Hill,JOSE HILL
66208,15141,38.664,Isaac Bailey,ISAAC BAILEY
66209,17287,69.5929,Bethany Andersen,BETHANY ANDERSEN
66210,16690,79.0959,Francisco Sai,FRANCISCO SAI
66211,16567,2577.1694,James Green,JAMES GREEN
66212,11520,38.664,Destiny Hall,DESTINY HALL
66213,11807,59.659,Ross Munoz,ROSS MUNOZ
66215,11200,70.6869,Morgan Lewis,MORGAN LEWIS
66222,18329,41.1834,John Taylor,JOHN TAYLOR
66224,18978,41.1834,Veronica Madan,VERONICA MADAN
66225,18875,43.0729,Whitney Suri,WHITNEY SURI
66228,11823,86.1016,Ross Ramos,ROSS RAMOS
66229,13197,5.514,Edwin Pal,EDWIN PAL
66231,15359,56.8633,Brenda Arun,BRENDA ARUN
66232,14432,24.2879,Lawrence Hernandez,LAWRENCE HERNANDEZ
66233,15813,34.2219,Troy Subram,TROY SUBRAM
66234,15707,38.675,Carlos Edwards,CARLOS EDWARDS
66235,14840,136.9979,Sean Howard,SEAN HOWARD
66239,11215,82.8529,Isabella Brown,ISABELLA BROWN
66240,14873,24.2879,Charles Howard,CHARLES HOWARD
66241,16066,676.1937,Andre Raman,ANDRE RAMAN
66242,16069,640.8669,Logan Phillips,LOGAN PHILLIPS
66243,14852,850.2865,Lance Munoz,LANCE MUNOZ
66244,15948,2552.5169,Manuel Perez,MANUEL PEREZ
66245,11485,1381.0732,Destiny Miller,DESTINY MILLER
66246,11493,1357.8572,Jenny Zimmerman,JENNY ZIMMERMAN
66249,15435,1911.6169,Bryce Reed,BRYCE REED
66251,15120,2604.7944,Jill Ortega,JILL ORTEGA
66254,17372,1911.6169,Krystal Xu,KRYSTAL XU
66255,18088,1918.2579,Wesley Li,WESLEY LI
66260,13106,1382.4876,Louis Nara,LOUIS NARA
66261,12348,2688.5092,Colleen Beck,COLLEEN BECK
66262,12670,2634.3974,Elizabeth Long,ELIZABETH LONG
66263,17239,35.6694,Thomas Lopez,THOMAS LOPEZ
66265,15604,43.6144,Diane Dominguez,DIANE DOMINGUEZ
66267,13047,97.2069,Hannah Washington,HANNAH WASHINGTON
66268,17493,60.764,Elijah Hall,ELIJAH HALL
66269,17053,59.659,Jesse Hernandez,JESSE HERNANDEZ
66270,11987,27.0615,Kayla Walker,KAYLA WALKER
66271,12464,2563.589,Alejandro Zhang,ALEJANDRO ZHANG
66272,19366,922.0894,Olivia Foster,OLIVIA FOSTER
66273,11311,2.5305,Grace Thomas,GRACE THOMAS
66274,11507,30.1444,Marshall Jai,MARSHALL JAI
66281,20294,132.5779,Chloe Jenkins,CHLOE JENKINS
66282,18396,32.5754,Jésus Ramos,JÉSUS RAMOS
66283,18404,5.514,William Moore,WILLIAM MOORE
66284,16241,77.339,Denise Prasad,DENISE PRASAD
66285,19166,77.339,Casey Serrano,CASEY SERRANO
66287,16655,44.1779,Alison Pal,ALISON PAL
66288,15163,8.0444,Kendra Blanco,KENDRA BLANCO
66289,19938,5.514,Julie Deng,JULIE DENG
66295,16387,60.7529,Logan Carter,LOGAN CARTER
66296,19640,79.5048,Grace Ross,GRACE ROSS
66297,13039,927.6254,Damien Shan,DAMIEN SHAN
66298,14746,982.8644,Danny Diaz,DANNY DIAZ
66299,15840,2538.4944,Steven Stewart,STEVEN STEWART
66300,15980,2535.964,Henry Fernandez,HENRY FERNANDEZ
66301,15630,830.2307,Luke Evans,LUKE EVANS
66302,15262,1879.594,Cole Sanchez,COLE SANCHEZ
66304,17914,1238.1415,Dennis Gao,DENNIS GAO
66305,17919,1276.8054,Dennis Guo,DENNIS GUO
66313,13720,1276.8054,Robin Munoz,ROBIN MUNOZ
66315,18049,1973.4969,Christian Clark,CHRISTIAN CLARK
66318,15027,888.9394,Jared Bell,JARED BELL
66319,15208,997.2183,Teresa Torres,TERESA TORRES
66320,18134,2584.5619,Christian Thomas,CHRISTIAN THOMAS
66323,17060,59.659,Aaron Hernandez,AARON HERNANDEZ
66324,16617,100.0909,Nichole Nara,NICHOLE NARA
66325,11139,65.1729,Kaitlyn Harris,KAITLYN HARRIS
66326,14099,175.695,Ian Watson,IAN WATSON
66327,13690,2563.589,Rodney Torres,RODNEY TORRES
66330,11262,40.432,Natalie Wilson,NATALIE WILSON
66332,15310,38.5535,Jillian Prasad,JILLIAN PRASAD
66333,20280,71.7919,Chloe Bennett,CHLOE BENNETT
66335,11677,104.3783,Megan Wilson,MEGAN WILSON
66339,14458,16.5529,Lawrence Vazquez,LAWRENCE VAZQUEZ
66340,20102,44.1779,Destiny Diaz,DESTINY DIAZ
66342,17044,44.1779,Elijah Hernandez,ELIJAH HERNANDEZ
66343,14783,77.339,Patrick Cox,PATRICK COX
66344,17856,35.6584,Samuel Harris,SAMUEL HARRIS
66345,13530,205.8394,Jeremy Alexander,JEREMY ALEXANDER
66349,17579,62.9519,Brittney Cai,BRITTNEY CAI
66351,16094,626.8334,Jason Phillips,JASON PHILLIPS
66352,13715,659.6408,Robin Moreno,ROBIN MORENO
66353,15842,2618.8169,Cody Stewart,CODY STEWART
66354,15954,2580.1419,Gabriel Roberts,GABRIEL ROBERTS
66355,15961,2590.4073,Jason Roberts,JASON ROBERTS
66356,15976,2624.3529,Jack Roberts,JACK ROBERTS
66357,16426,1427.4501,Tracy Pal,TRACY PAL
66360,16164,651.9279,Molly Gonzalez,MOLLY GONZALEZ
66361,14281,2674.4757,Felicia Moyer,FELICIA MOYER
66363,14459,2649.8453,Lawrence Blanco,LAWRENCE BLANCO
66365,17859,1918.2579,Ethan Brown,ETHAN BROWN
66368,11433,2634.3974,Jenny Chen,JENNY CHEN
66370,14259,820.2968,Felicia Gomez,FELICIA GOMEZ
66372,12675,2634.3974,Omar Wang,OMAR WANG
66374,17941,1933.7058,Vincent Li,VINCENT LI
66375,11502,136.4123,Jenny Pal,JENNY PAL
66376,11146,5.514,Kaitlyn Martinez,KAITLYN MARTINEZ
66378,16179,38.5535,Adam Campbell,ADAM CAMPBELL
66379,18707,2.5305,Erika Dominguez,ERIKA DOMINGUEZ
66380,12483,2563.589,Sarah Garcia,SARAH GARCIA
66381,14538,923.1723,Mason Ramirez,MASON RAMIREZ
66382,16317,905.5254,Logan Nelson,LOGAN NELSON
66383,11202,43.0729,Ruben Arun,RUBEN ARUN
66386,14328,98.8533,Jesse Torres,JESSE TORRES
66387,15815,38.5535,Sean Stewart,SEAN STEWART
66389,11659,87.2729,Lauren Rodriguez,LAUREN RODRIGUEZ
66390,20293,77.339,Chloe Coleman,CHLOE COLEMAN
66391,18828,132.5779,Matthew Moore,MATTHEW MOORE
66395,20189,5.514,Alyssa Coleman,ALYSSA COLEMAN
66396,13301,73.9908,Gavin Butler,GAVIN BUTLER
66402,15694,8.0444,Caleb Edwards,CALEB EDWARDS
66404,18953,859.0712,Chelsea Fernandez,CHELSEA FERNANDEZ
66405,15843,2607.7779,Charles Stewart,CHARLES STEWART
66406,15845,2720.4769,Devin Stewart,DEVIN STEWART
66407,15888,2647.5358,Johnathan Malhotra,JOHNATHAN MALHOTRA
66408,15780,2720.4769,Martin Sanchez,MARTIN SANCHEZ
66409,13271,2563.589,Carson Griffin,CARSON GRIFFIN
66410,15078,820.2968,Isaac Murphy,ISAAC MURPHY
66412,11414,858.9607,Jasmine Robinson,JASMINE ROBINSON
66413,19340,1352.3432,Cory Raman,CORY RAMAN
66414,11249,2674.4757,Ruben Diaz,RUBEN DIAZ
66415,15425,1879.594,Candace Subram,CANDACE SUBRAM
66417,14310,2613.2808,Marcus Ward,MARCUS WARD
66431,18140,2649.8453,David Robinson,DAVID ROBINSON
66432,11425,2666.4313,Jasmine Lee,JASMINE LEE
66433,13127,27.614,Edwin Yang,EDWIN YANG
66435,20254,66.8194,Chloe Richardson,CHLOE RICHARDSON
66441,15718,38.664,Evan Edwards,EVAN EDWARDS
66442,13846,2602.2529,Marcus Foster,MARCUS FOSTER
66443,13792,2602.264,Richard Butler,RICHARD BUTLER
66445,15079,607.7279,Jill Ruiz,JILL RUIZ
66446,15451,635.3529,Nancy Kovar,NANCY KOVAR
66447,11530,65.7254,Jenny Raji,JENNY RAJI
66448,11331,183.7394,Grace Lee,GRACE LEE
66451,11652,26.2769,Lauren Martinez,LAUREN MARTINEZ
66459,20185,77.339,George Chandra,GEORGE CHANDRA
66460,13466,92.2344,Dalton Flores,DALTON FLORES
66461,18517,87.2729,Dylan Garcia,DYLAN GARCIA
66462,16808,15.4479,Mario Shan,MARIO SHAN
66463,17606,5.514,Stacey Zhao,STACEY ZHAO
66464,14151,94.4554,Devin Brooks,DEVIN BROOKS
66465,18124,62.9519,Wesley Hu,WESLEY HU
66467,17818,4.409,Candice Ma,CANDICE MA
66469,12731,66.2779,Kayla Gonzales,KAYLA GONZALES
66470,17205,44.1779,Samuel Lopez,SAMUEL LOPEZ
66471,11782,46.7194,Olivia Clark,OLIVIA CLARK
66472,12140,52.9737,Kelli Becker,KELLI BECKER
66473,11953,46.7194,Alisha Lin,ALISHA LIN
66474,11584,9.934,Chloe Anderson,CHLOE ANDERSON
66475,12610,9.934,Clayton Liang,CLAYTON LIANG
66476,14739,885.9559,Devin Richardson,DEVIN RICHARDSON
66477,12886,2637.5798,Tristan Bryant,TRISTAN BRYANT
66478,15873,2586.7387,Kyle Perez,KYLE PEREZ
66479,12884,2566.1194,Rafael Rai,RAFAEL RAI
66480,17622,2624.3529,Jonathan Miller,JONATHAN MILLER
66481,15965,2570.1858,Henry Stone,HENRY STONE
66482,11246,2673.0613,Isabella Lee,ISABELLA LEE
66483,11575,2720.5432,Barbara He,BARBARA HE
66488,14324,2535.964,Alex Torres,ALEX TORRES
66490,18281,2765.6272,William Martinez,WILLIAM MARTINEZ
66493,17681,1918.2579,Nathan Robinson,NATHAN ROBINSON
66494,18121,1981.7844,Wesley Zheng,WESLEY ZHENG
66495,18079,1879.594,Jeffery She,JEFFERY SHE
66500,11245,2671.9453,Ruben Ruiz,RUBEN RUIZ
66501,16822,2682.9953,Mario Chander,MARIO CHANDER
66502,12667,2673.0613,Elizabeth Perry,ELIZABETH PERRY
66505,17207,2591.1808,Jose Johnson,JOSE JOHNSON
66506,16261,2547.0029,Kyle Gonzalez,KYLE GONZALEZ
66507,12468,2538.4944,Alejandro Chen,ALEJANDRO CHEN
66509,18265,33.139,Curtis Ma,CURTIS MA
66511,11951,8.0444,Kayla Davis,KAYLA DAVIS
66513,17319,33.139,Naomi Moreno,NAOMI MORENO
66514,12359,6.9394,Lacey Li,LACEY LI
66515,15592,38.664,Ricky Romero,RICKY ROMERO
66516,16341,34.5644,Katrina Jai,KATRINA JAI
66517,13009,103.2733,Emily Gonzales,EMILY GONZALES
66518,18711,11.3152,Jacob Lee,JACOB LEE
66519,18282,9.934,Jorge Zhang,JORGE ZHANG
66520,13159,54.1119,Edwin Sun,EDWIN SUN
66521,15457,662.9779,Devin Reed,DEVIN REED
66522,12100,9.934,Jessica Jackson,JESSICA JACKSON
66523,11208,2.5305,Isabella Johnson,ISABELLA JOHNSON
66525,13231,141.3848,Roger Yang,ROGER YANG
66526,16717,82.2783,Francisco Gonzalez,FRANCISCO GONZALEZ
66527,18787,87.2729,Meghan Jimenez,MEGHAN JIMENEZ
66528,19996,77.339,Tara Shan,TARA SHAN
66529,17383,8.0444,Krystal Zheng,KRYSTAL ZHENG
66530,16737,5.514,Martin Sai,MARTIN SAI
66531,14462,24.2879,Lawrence Ramos,LAWRENCE RAMOS
66532,15053,103.2954,Gina Romero,GINA ROMERO
66533,12752,35.6694,Omar Jai,OMAR JAI
66538,12311,80.0573,Hannah Hall,HANNAH HALL
66540,12946,90.0133,Dakota Henderson,DAKOTA HENDERSON
66541,20641,2715.3497,Katie Ashe,KATIE ASHE
66542,14875,927.6254,Devin Howard,DEVIN HOWARD
66543,13217,2598.9158,Edwin Bhat,EDWIN BHAT
66544,12780,2610.3084,Alexis Russell,ALEXIS RUSSELL
66545,16589,2673.0613,Nichole Tang,NICHOLE TANG
66547,12991,2602.2529,Emily Coleman,EMILY COLEMAN
66549,18269,2801.0977,Curtis Guo,CURTIS GUO
66556,18904,671.7958,Whitney Raman,WHITNEY RAMAN
66561,18052,1918.2579,Benjamin Anderson,BENJAMIN ANDERSON
66562,17868,1918.2579,Carrie Gutierrez,CARRIE GUTIERREZ
66564,12398,663.5083,Lacey Cai,LACEY CAI
66565,12355,2671.9453,Lacey Wang,LACEY WANG
66566,12680,2719.4382,Juan Ramos,JUAN RAMOS
66569,14320,234.2158,Kristy Alvarez,KRISTY ALVAREZ
66573,12361,180.104,Lacey Yang,LACEY YANG
66574,17304,38.664,Alan Liu,ALAN LIU
66576,18176,2591.1808,Randy Guo,RANDY GUO
66577,13784,2535.964,Monique Serrano,MONIQUE SERRANO
66578,20164,2708.6865,Phillip Sara,PHILLIP SARA
66579,16328,905.5254,Katrina Xie,KATRINA XIE
66580,11672,59.659,Pedro Gonzalez,PEDRO GONZALEZ
66581,12066,55.239,Abigail Clark,ABIGAIL CLARK
66582,11841,26.2769,Gerald Arun,GERALD ARUN
66584,11769,168.2584,Olivia White,OLIVIA WHITE
66586,11711,110.5995,Brianna Jones,BRIANNA JONES
66587,13988,40.432,Joanna Gill,JOANNA GILL
66588,13760,40.432,Monique Jimenez,MONIQUE JIMENEZ
66591,20534,26.4869,April Luo,APRIL LUO
66595,13751,65.1729,Eduardo Foster,EDUARDO FOSTER
66596,17266,66.2779,Jose Davis,JOSE DAVIS
66598,18934,136.9979,Joseph Jackson,JOSEPH JACKSON
66599,16647,60.7529,Jason Hill,JASON HILL
66600,15975,183.7394,Henry Sullivan,HENRY SULLIVAN
66601,17674,44.1779,Jonathan Anderson,JONATHAN ANDERSON
66602,15740,44.1779,Billy Munoz,BILLY MUNOZ
66603,14350,79.5048,Bryan Townsend,BRYAN TOWNSEND
66604,15096,77.339,Jill Gutierrez,JILL GUTIERREZ
66605,17930,77.3169,Benjamin Walker,BENJAMIN WALKER
66610,15610,44.1779,Jose Evans,JOSE EVANS
66611,11670,41.2055,Pedro Martinez,PEDRO MARTINEZ
66612,14172,43.6144,Alex Kelly,ALEX KELLY
66613,12535,9.934,Samantha Patterson,SAMANTHA PATTERSON
66614,15543,79.5269,Pamela Srini,PAMELA SRINI
66615,13716,701.6308,Devin Foster,DEVIN FOSTER
66616,16068,623.1758,Andre Subram,ANDRE SUBRAM
66618,15130,2678.4648,Jeremy Murphy,JEREMY MURPHY
66624,14118,2673.0613,Mason Brooks,MASON BROOKS
66630,19203,596.689,Brianna Rivera,BRIANNA RIVERA
66632,17373,1918.2579,Krystal Sun,KRYSTAL SUN
66637,12346,2694.0563,Madison Clark,MADISON CLARK
66638,12681,2644.3313,Omar Liu,OMAR LIU
66639,17946,1879.594,Vincent Huang,VINCENT HUANG
66640,18126,2591.1808,Wesley Cai,WESLEY CAI
66641,16263,2669.6137,Denise Gonzalez,DENISE GONZALEZ
66642,11138,43.0729,Kaitlyn White,KAITLYN WHITE
66643,13047,33.1279,Hannah Washington,HANNAH WASHINGTON
66644,15233,27.614,Isaiah Sanchez,ISAIAH SANCHEZ
66645,16665,47.4377,Caleb Hill,CALEB HILL
66646,19581,23.7465,Holly Srini,HOLLY SRINI
66649,15598,55.2169,Jonathan Evans,JONATHAN EVANS
66650,17330,9.934,Noah Lee,NOAH LEE
66651,14541,905.5254,Mathew Ramos,MATHEW RAMOS
66652,16329,915.7577,Katrina Tang,KATRINA TANG
66653,15070,651.1323,Gina Carlson,GINA CARLSON
66654,15071,624.314,Alex Murphy,ALEX MURPHY
66655,11921,30.1444,Elizabeth White,ELIZABETH WHITE
66656,11066,43.0729,Julia Robinson,JULIA ROBINSON
66657,17347,30.6859,Robert Smith,ROBERT SMITH
66658,11019,26.2769,Joe Belson,JOE BELSON
66662,19634,77.339,Grace Price,GRACE PRICE
66663,16775,5.514,Candice Zeng,CANDICE ZENG
66664,16676,15.4479,Jordan Hill,JORDAN HILL
66667,14905,181.209,Albert Alonso,ALBERT ALONSO
66668,17701,5.514,Margaret Liu,MARGARET LIU
66672,12401,40.432,Samantha Lewis,SAMANTHA LEWIS
66673,16555,34.5534,Logan Perez,LOGAN PEREZ
66680,11709,109.9144,Brianna Williams,BRIANNA WILLIAMS
66681,11234,41.2055,Ruben Perez,RUBEN PEREZ
66682,13194,62.9519,Edwin Shan,EDWIN SHAN
66683,12469,55.239,Sarah Taylor,SARAH TAYLOR
66684,14741,982.8644,Eduardo Richardson,EDUARDO RICHARDSON
66685,17402,2547.0029,Karen Zhou,KAREN ZHOU
66686,16077,2653.6023,Robert Phillips,ROBERT PHILLIPS
66690,12576,667.3869,Clayton Li,CLAYTON LI
66692,20768,1293.3804,Isabella Murphy,ISABELLA MURPHY
66693,18084,1961.8944,Justin Martinez,JUSTIN MARTINEZ
66696,12356,2673.0613,Madison Hall,MADISON HALL
66697,11120,2732.7092,Kaitlyn Williams,KAITLYN WILLIAMS
66698,12668,2694.0563,Elizabeth Powell,ELIZABETH POWELL
66699,12669,2634.3974,Clayton Beck,CLAYTON BECK
66701,16307,2598.9158,Isaac Gonzalez,ISAAC GONZALEZ
66702,13772,2596.7279,Richard Ross,RICHARD ROSS
66703,18190,24.2879,Alexander Rodriguez,ALEXANDER RODRIGUEZ
66704,18197,24.2879,Jorge Leitão,JORGE LEITÃO
66707,13969,55.239,Seth Hughes,SETH HUGHES
66708,19030,2552.5169,Gary Navarro,GARY NAVARRO
66710,17829,885.9559,Dana Blanco,DANA BLANCO
66711,11232,2.5305,Isabella White,ISABELLA WHITE
66713,11142,32.5754,Kaitlyn Thompson,KAITLYN THOMPSON
66715,11719,30.1444,Brianna Taylor,BRIANNA TAYLOR
66720,18815,77.339,Meghan Carlson,MEGHAN CARLSON
66721,20351,132.5779,Chad Nara,CHAD NARA
66722,19228,136.9979,Victor Diaz,VICTOR DIAZ
66723,19145,147.5065,Casey Alvarez,CASEY ALVAREZ
66725,14588,44.1779,Carlos James,CARLOS JAMES
66726,18925,40.8408,Joseph Taylor,JOSEPH TAYLOR
66727,15168,44.1779,Kendra Carlson,KENDRA CARLSON
66730,17887,71.7919,Dennis Wang,DENNIS WANG
66733,16933,60.7529,Connor Young,CONNOR YOUNG
66734,12488,9.934,Alejandro Zhao,ALEJANDRO ZHAO
66735,19841,667.9283,Jasmine Wood,JASMINE WOOD
66736,16102,623.1758,Connor Phillips,CONNOR PHILLIPS
66737,19837,651.9279,Jasmine Sanders,JASMINE SANDERS
66738,14752,916.0119,Danny Moreno,DANNY MORENO
66739,13358,2637.5687,Willie Gao,WILLIE GAO
66740,15990,2560.2519,Henry Sanchez,HENRY SANCHEZ
66741,11422,858.9607,Christy Goel,CHRISTY GOEL
66742,11568,2649.8453,Barbara Gao,BARBARA GAO
66746,12343,2535.964,Madison Martinez,MADISON MARTINEZ
66747,11039,2708.6534,Julia Davis,JULIA DAVIS
66750,12574,613.2419,Ashley Perry,ASHLEY PERRY
66751,12577,624.3029,Josue Dominguez,JOSUE DOMINGUEZ
66759,18917,671.7958,Joseph Miller,JOSEPH MILLER
66762,12510,627.3748,Madison Griffin,MADISON GRIFFIN
66764,14303,820.2968,Felicia Rubio,FELICIA RUBIO
66765,17203,2613.2919,Hunter Martinez,HUNTER MARTINEZ
66766,17218,2562.4508,Terry Xie,TERRY XIE
66767,16309,2552.5169,Casey Chander,CASEY CHANDER
66768,18163,2591.1808,Christian White,CHRISTIAN WHITE
66769,13043,96.0798,Hannah Patterson,HANNAH PATTERSON
66770,15039,77.3169,Gina Martin,GINA MARTIN
66774,16165,40.432,Jason Campbell,JASON CAMPBELL
66775,18264,38.664,Curtis Gao,CURTIS GAO
66776,19097,2.5305,Derrick Diaz,DERRICK DIAZ
66777,16565,2585.6669,Kara Andersen,KARA ANDERSEN
66778,19034,2566.1194,Lauren Barnes,LAUREN BARNES
66779,16532,2738.5657,Evan Mitchell,EVAN MITCHELL
66780,17812,885.9559,Nathan Wilson,NATHAN WILSON
66781,19192,753.5769,Philip Alonso,PHILIP ALONSO
66782,17974,673.9395,Vincent Zheng,VINCENT ZHENG
66783,11635,2.5305,Lauren Anderson,LAUREN ANDERSON
66784,11142,55.239,Kaitlyn Thompson,KAITLYN THOMPSON
66785,11300,4.409,Marshall Shen,MARSHALL SHEN
66786,11507,5.514,Marshall Jai,MARSHALL JAI
66789,11677,30.1444,Megan Wilson,MEGAN WILSON
66790,19801,99.4169,Jill Murphy,JILL MURPHY
66792,11277,103.3065,Ruben Vazquez,RUBEN VAZQUEZ
66794,15942,101.6048,Noah Roberts,NOAH ROBERTS
66795,16771,55.2169,Jack Green,JACK GREEN
66797,12166,55.2169,Taylor Lewis,TAYLOR LEWIS
66798,20486,55.2169,Jennifer Sanders,JENNIFER SANDERS
66799,14405,71.2394,Lee Alonso,LEE ALONSO
66801,15616,30.1444,Ricky Rubio,RICKY RUBIO
66803,18002,30.1444,Brent Zhou,BRENT ZHOU
66805,11202,38.675,Ruben Arun,RUBEN ARUN
66806,11262,41.2055,Natalie Wilson,NATALIE WILSON
66807,11748,38.675,Olivia Williams,OLIVIA WILLIAMS
66808,11970,82.8529,Alisha Ma,ALISHA MA
66809,12043,104.9529,Arthur Wilson,ARTHUR WILSON
66810,12387,38.664,Joe Alvarez,JOE ALVAREZ
66811,16761,2735.9248,Martin Gonzalez,MARTIN GONZALEZ
66812,14744,891.4698,Richard Richardson,RICHARD RICHARDSON
66813,15778,2646.4419,Martin Rodriguez,MARTIN RODRIGUEZ
66814,15964,2580.1419,Aaron Roberts,AARON ROBERTS
66816,12609,1417.5161,Nuan Ma,NUAN MA
66820,14301,2563.589,Charles Ward,CHARLES WARD
66821,12007,2585.6669,Alexis Taylor,ALEXIS TAYLOR
66825,11420,596.689,Christy Rai,CHRISTY RAI
66826,16585,2673.0613,Eric Lopez,ERIC LOPEZ
66827,12677,2673.0613,Omar Chen,OMAR CHEN
66828,12683,2666.4313,Elizabeth Butler,ELIZABETH BUTLER
66832,18446,23.7465,Zachary Moore,ZACHARY MOORE
66836,19092,2.5305,Megan Rivera,MEGAN RIVERA
66837,16706,69.5929,Francisco Mehta,FRANCISCO MEHTA
66839,12958,9.934,Dakota Flores,DAKOTA FLORES
66841,11827,211.9059,Ross Sanz,ROSS SANZ
66842,11211,44.1779,Ruben Prasad,RUBEN PRASAD
66844,11530,30.1444,Jenny Raji,JENNY RAJI
66846,20203,132.5779,Alyssa West,ALYSSA WEST
66847,18078,142.5119,Jeffery Zeng,JEFFERY ZENG
66848,17603,5.514,Stacey Ye,STACEY YE
66849,18062,70.6869,Abby Martinez,ABBY MARTINEZ
66850,18778,44.1779,Meghan Martin,MEGHAN MARTIN
66851,14807,44.1779,Devin Cox,DEVIN COX
66852,12734,55.2169,Omar Xu,OMAR XU
66853,19431,5.514,Douglas Raman,DOUGLAS RAMAN
66855,14783,98.3119,Patrick Cox,PATRICK COX
66857,17840,44.1779,Nathan Martin,NATHAN MARTIN
66859,13701,82.8529,Rodney Serrano,RODNEY SERRANO
66860,12939,65.4381,Jaclyn Ma,JACLYN MA
66861,13762,78.4108,Eduardo Griffin,EDUARDO GRIFFIN
66862,13182,50.7748,Antonio Bennett,ANTONIO BENNETT
66863,16762,2740.3337,Candice Liang,CANDICE LIANG
66864,14750,1009.9258,Danny Alvarez,DANNY ALVAREZ
66865,19815,659.9723,Byron Carlson,BYRON CARLSON
66868,17910,1238.1415,Dennis Sun,DENNIS SUN
66871,14666,2574.639,Jamie Vazquez,JAMIE VAZQUEZ
66873,14234,2614.9383,Krista Vazquez,KRISTA VAZQUEZ
66884,12621,622.0708,Juan Vazquez,JUAN VAZQUEZ
66885,17256,866.8394,Terry Raji,TERRY RAJI
66886,17257,997.2183,Luis Lopez,LUIS LOPEZ
66887,17957,1918.2579,Ethan Thompson,ETHAN THOMPSON
66888,17942,1895.0419,Vincent Liu,VINCENT LIU
66889,11980,9.934,Kayla Rodriguez,KAYLA RODRIGUEZ
66890,12034,44.1779,Abigail Johnson,ABIGAIL JOHNSON
66892,16332,40.0784,Katrina Luo,KATRINA LUO
66893,12485,2591.4681,Alejandro Zhou,ALEJANDRO ZHOU
66894,15072,634.2479,Gina Suarez,GINA SUAREZ
66895,11203,2.5305,Morgan Walker,MORGAN WALKER
66896,12111,132.6,Jessica Robinson,JESSICA ROBINSON
66897,11619,43.0729,Lauren Jones,LAUREN JONES
66902,16149,77.3169,Molly Rana,MOLLY RANA
66903,20539,16.5529,Jennifer Russell,JENNIFER RUSSELL
66904,20335,77.339,Julia Stewart,JULIA STEWART
66905,20010,77.339,Tara Chander,TARA CHANDER
66906,17473,5.514,Thomas Allen,THOMAS ALLEN
66908,16335,40.8408,Katrina Yuan,KATRINA YUAN
66909,15174,110.3895,Eduardo Bailey,EDUARDO BAILEY
66910,19074,33.1279,Megan Stewart,MEGAN STEWART
66912,17100,106.0137,Noah Moore,NOAH MOORE
66916,11833,65.7365,Victoria Clark,VICTORIA CLARK
66917,14331,62.9519,Kristy Gutierrez,KRISTY GUTIERREZ
66918,14269,94.4554,Joy Carlson,JOY CARLSON
66919,13718,683.9729,Devin Alexander,DEVIN ALEXANDER
66920,14753,850.2865,Lucas Richardson,LUCAS RICHARDSON
66921,12883,2538.4944,Robyn Diaz,ROBYN DIAZ
66923,15624,2710.6092,Diane Gill,DIANE GILL
66924,15436,1879.594,Chase Reed,CHASE REED
66930,14326,2619.9108,Kristy Munoz,KRISTY MUNOZ
66939,15623,2649.8453,Damien Anand,DAMIEN ANAND
66940,12340,2634.3974,Colleen Rai,COLLEEN RAI
66941,12342,2673.0613,Madison Garcia,MADISON GARCIA
66942,12395,2640.9279,Lacey Zheng,LACEY ZHENG
66943,12521,2615.4908,Alejandro Deng,ALEJANDRO DENG
66944,13820,2574.639,Marcus Henderson,MARCUS HENDERSON
66945,17192,2626.5408,Tony Chande,TONY CHANDE
66946,16297,2535.964,Casey Jai,CASEY JAI
66947,17301,27.614,Alan Li,ALAN LI
66949,18256,38.664,Christopher Rodriguez,CHRISTOPHER RODRIGUEZ
66950,11362,55.239,Rachel Martin,RACHEL MARTIN
66951,14522,59.659,Seth Gray,SETH GRAY
66952,13845,2584.5619,Desirée Moreno,DESIRÉE MORENO
66953,16533,2785.5172,Kelsey Becker,KELSEY BECKER
66956,15456,700.5258,Nancy Sai,NANCY SAI
66957,11176,38.664,Morgan Miller,MORGAN MILLER
66958,12034,35.6584,Abigail Johnson,ABIGAIL JOHNSON
66959,11711,65.1729,Brianna Jones,BRIANNA JONES
66962,15498,36.023,Patrick Cook,PATRICK COOK
66967,19150,38.6529,Mary Patterson,MARY PATTERSON
66970,20272,104.4004,Derek Raji,DEREK RAJI
66971,16092,8.0444,Kristopher Patel,KRISTOPHER PATEL
66972,14637,44.1779,Evan Cooper,EVAN COOPER
66973,14391,24.2879,Angel Peterson,ANGEL PETERSON
66974,16935,44.1779,Carl Deng,CARL DENG
66975,14248,62.9519,Krista Sanz,KRISTA SANZ
66978,19391,47.4377,Victoria Bradley,VICTORIA BRADLEY
66979,12596,76.2119,Ashley Bryant,ASHLEY BRYANT
66984,11169,46.7194,Roy Gill,ROY GILL
66985,15461,5.514,Nancy Arun,NANCY ARUN
66986,11196,176.789,Morgan Clark,MORGAN CLARK
66987,11949,38.675,Warren Zhou,WARREN ZHOU
66988,19554,96.0798,Monica Raman,MONICA RAMAN
66989,11876,82.8529,Tamara Hu,TAMARA HU
66990,12603,9.934,Ashley Griffin,ASHLEY GRIFFIN
66991,13333,24.2879,Willie Wang,WILLIE WANG
66992,19821,624.314,Jasmine Peterson,JASMINE PETERSON
66993,14754,885.9559,Danny Munoz,DANNY MUNOZ
66994,15844,2598.9158,Allen Malhotra,ALLEN MALHOTRA
66995,12018,2688.9844,Alisha Andersen,ALISHA ANDERSEN
66996,15750,2547.0029,Kyle Collins,KYLE COLLINS
66997,15768,2587.8769,Diane Sanz,DIANE SANZ
66998,15968,2560.2519,Connor Roberts,CONNOR ROBERTS
66999,15440,830.2307,Sebastian Reed,SEBASTIAN REED
67001,17912,1297.8004,Dennis Zhu,DENNIS ZHU
67002,14672,2663.0169,Jamie Ramos,JAMIE RAMOS
67003,14676,2648.6408,Eduardo Cooper,EDUARDO COOPER
67004,14279,2582.6834,Felicia Romero,FELICIA ROMERO
67011,17404,1889.5279,Thomas Rodriguez,THOMAS RODRIGUEZ
67014,16823,2732.7092,Mario Moyer,MARIO MOYER
67015,14323,852.3307,Isaiah Torres,ISAIAH TORRES
67016,12347,2673.0613,Warren Xie,WARREN XIE
67017,12360,2634.3974,Lacey Liu,LACEY LIU
67018,11185,38.664,Morgan Jackson,MORGAN JACKSON
67021,12369,2.5305,Lacey Zhou,LACEY ZHOU
67022,18326,69.5929,Jorge Hu,JORGE HU
67023,18175,2613.2919,Randy Liang,RANDY LIANG
67024,12712,2643.1158,Kayla Jenkins,KAYLA JENKINS
67025,12480,2574.6279,Sarah Harris,SARAH HARRIS
67026,20167,2699.9018,Alyssa Kelly,ALYSSA KELLY
67027,14424,2715.3497,Chase Peterson,CHASE PETERSON
67029,11294,2.5305,Alexandra Smith,ALEXANDRA SMITH
67030,16358,4.409,Adam Nelson,ADAM NELSON
67031,11330,9.934,Grace Lewis,GRACE LEWIS
67038,16876,11.039,Mason Allen,MASON ALLEN
67039,20514,55.2169,Keith Nara,KEITH NARA
67040,19649,87.2729,Grace Powell,GRACE POWELL
67041,17448,71.2394,Robert Allen,ROBERT ALLEN
67042,16236,109.3508,Evan Baker,EVAN BAKER
67043,16901,44.1779,Adam Adams,ADAM ADAMS
67044,15258,5.514,Juan Sanchez,JUAN SANCHEZ
67045,20632,24.2879,Katie Rai,KATIE RAI
67046,20300,79.5269,Chloe Powell,CHLOE POWELL
67047,19839,138.114,Lindsay Raje,LINDSAY RAJE
67048,16934,29.8019,Carl She,CARL SHE
67049,12842,36.023,Rafael Shen,RAFAEL SHEN
67050,16056,30.1444,Jesse Turner,JESSE TURNER
67054,13532,8.0444,Jeremiah Russell,JEREMIAH RUSSELL
67055,11180,109.9144,Morgan Taylor,MORGAN TAYLOR
67056,11192,82.8529,Morgan Thompson,MORGAN THOMPSON
67057,12787,41.2055,Julian Price,JULIAN PRICE
67058,12019,82.8529,Alexis Robinson,ALEXIS ROBINSON
67059,12936,44.189,Aidan Hayes,AIDAN HAYES
67060,13262,9.934,Carson Foster,CARSON FOSTER
67061,11477,38.664,Destiny Smith,DESTINY SMITH
67062,12566,65.1729,Ashley Ross,ASHLEY ROSS
67063,12503,65.1729,Madison Gonzales,MADISON GONZALES
67065,15918,2615.4908,Manuel Patel,MANUEL PATEL
67066,15569,2535.964,Pamela Sanchez,PAMELA SANCHEZ
67067,12885,2618.8169,Tristan Gonzales,TRISTAN GONZALES
67068,15771,2643.1158,Billy Rubio,BILLY RUBIO
67069,17613,2654.1548,Stacey Zhu,STACEY ZHU
67071,12608,1396.5211,Sarah Price,SARAH PRICE
67074,14325,2538.4944,Evan Torres,EVAN TORRES
67075,14236,2618.8169,Sean Sanders,SEAN SANDERS
67076,14436,2673.0613,Steven Peterson,STEVEN PETERSON
67078,20767,1238.1415,Crystal Sun,CRYSTAL SUN
67080,12350,2652.3757,Madison Lee,MADISON LEE
67081,17249,937.5594,Hunter Lewis,HUNTER LEWIS
67082,17971,1918.2579,Ryan Johnson,RYAN JOHNSON
67086,13628,43.0729,Edward Wood,EDWARD WOOD
67087,13116,43.0729,Louis Anand,LOUIS ANAND
67088,12624,2574.6279,Clayton She,CLAYTON SHE
67089,17103,2579.5783,Shaun Andersen,SHAUN ANDERSEN
67090,18158,2535.964,Randy Lu,RANDY LU
67091,17981,596.689,Benjamin Wilson,BENJAMIN WILSON
67093,11262,30.6859,Natalie Wilson,NATALIE WILSON
67094,12532,40.0784,Alejandro Luo,ALEJANDRO LUO
67098,11824,67.4934,Victoria Garcia,VICTORIA GARCIA
67102,20431,16.5529,Peter Rai,PETER RAI
67104,18886,77.339,Andrew Thomas,ANDREW THOMAS
67105,19126,77.339,Derrick Serrano,DERRICK SERRANO
67106,17529,15.4479,Valerie She,VALERIE SHE
67107,18682,77.339,Jacob Brown,JACOB BROWN
67108,14573,44.1779,Eduardo Ramirez,EDUARDO RAMIREZ
67109,13376,34.2219,Willie Deng,WILLIE DENG
67110,14556,22.0669,Micheal Hernandez,MICHEAL HERNANDEZ
67111,13951,62.9519,Wendy Blanco,WENDY BLANCO
67112,11355,15.4479,Christy Lu,CHRISTY LU
67115,11474,55.2169,Nicole Walker,NICOLE WALKER
67118,12295,43.0729,Colleen Cai,COLLEEN CAI
67121,14986,76.2119,Seth Morgan,SETH MORGAN
67123,12894,38.675,Aidan Bennett,AIDAN BENNETT
67124,12028,44.189,Alisha Nara,ALISHA NARA
67125,13168,82.8529,Spencer Bryant,SPENCER BRYANT
67126,12329,55.239,Colleen Jai,COLLEEN JAI
67127,15984,2587.8769,Carlos Roberts,CARLOS ROBERTS
67128,13265,852.3307,Carson Bryant,CARSON BRYANT
67129,16598,2644.3313,Isaiah Lopez,ISAIAH LOPEZ
67133,14275,2605.5127,Seth Sanders,SETH SANDERS
67134,14230,2563.589,Mason Sanders,MASON SANDERS
67139,12620,630.3694,Sarah Coleman,SARAH COLEMAN
67141,15921,1918.2579,Jesse Perez,JESSE PEREZ
67142,11431,1933.7058,Jenny Wagner,JENNY WAGNER
67143,18164,2574.6279,Randy Sun,RANDY SUN
67144,17202,2607.2033,Isaac Wright,ISAAC WRIGHT
67145,17216,2618.8058,Terry Shen,TERRY SHEN
67146,11501,38.664,Destiny Martin,DESTINY MARTIN
67147,13013,165.7279,Emily Russell,EMILY RUSSELL
67148,12665,71.7919,Elizabeth Jenkins,ELIZABETH JENKINS
67149,15605,27.614,Ricky Blanco,RICKY BLANCO
67150,16699,38.6529,Angel Adams,ANGEL ADAMS
67151,17496,122.6108,Valerie Lin,VALERIE LIN
67152,14683,27.614,Jamie Rubio,JAMIE RUBIO
67155,16694,43.0729,Gloria Ortega,GLORIA ORTEGA
67156,18141,2619.9108,David Clark,DAVID CLARK
67157,16466,2699.9018,Logan Mitchell,LOGAN MITCHELL
67158,11711,33.1279,Brianna Jones,BRIANNA JONES
67162,20738,26.4869,Morgan Foster,MORGAN FOSTER
67164,11300,19.0834,Marshall Shen,MARSHALL SHEN
67167,19551,77.339,Emma Long,EMMA LONG
67168,17377,5.514,Naomi Romero,NAOMI ROMERO
67170,13950,26.8184,Elena Velez Amezaga,ELENA VELEZ AMEZAGA
67171,16279,54.1119,Casey Shen,CASEY SHEN
67178,11875,82.8529,Tamara He,TAMARA HE
67179,14194,110.4558,Jared Kelly,JARED KELLY
67180,18382,79.5269,Jésus Romero,JÉSUS ROMERO
67181,12393,82.3004,Samantha Martinez,SAMANTHA MARTINEZ
67182,12789,2654.1548,Janice Bennett,JANICE BENNETT
67183,15565,2560.2519,Pamela Lopez,PAMELA LOPEZ
67184,17625,2687.3048,Stacey Hee,STACEY HEE
67185,13270,2646.4198,Carson Russell,CARSON RUSSELL
67186,15127,2580.1529,Xavier Murphy,XAVIER MURPHY
67187,15129,2535.964,Kendra Ruiz,KENDRA RUIZ
67189,12575,683.9729,Clayton Chen,CLAYTON CHEN
67198,18085,1950.2808,Abby Gonzalez,ABBY GONZALEZ
67205,15209,958.5433,Bryce Rivera,BRYCE RIVERA
67206,18127,2631.5023,Wesley Zeng,WESLEY ZENG
67207,12191,132.6,Abigail Patterson,ABIGAIL PATTERSON
67208,11619,8.7848,Lauren Jones,LAUREN JONES
67209,16184,43.3381,Tina Vance,TINA VANCE
67210,17252,33.139,Elijah McDonald,ELIJAH MCDONALD
67211,12352,70.1344,Colleen Anand,COLLEEN ANAND
67212,15731,38.664,Billy Diaz,BILLY DIAZ
67213,15465,11.3152,Nancy Prasad,NANCY PRASAD
67214,14200,2709.8357,Krista Gomez,KRISTA GOMEZ
67215,14539,915.4594,Mathew Blanco,MATHEW BLANCO
67217,11694,59.659,Megan Garcia,MEGAN GARCIA
67219,11200,36.023,Morgan Lewis,MORGAN LEWIS
67222,11176,35.6694,Morgan Miller,MORGAN MILLER
67224,13175,71.7919,Edwin Deng,EDWIN DENG
67225,13198,16.5529,Antonio Jenkins,ANTONIO JENKINS
67226,19866,77.339,Jasmine Simmons,JASMINE SIMMONS
67227,19151,77.339,Casey Munoz,CASEY MUNOZ
67228,17438,66.2779,Noah Allen,NOAH ALLEN
67229,20273,44.1779,Derek Anand,DEREK ANAND
67231,13815,89.0299,Marcus Wood,MARCUS WOOD
67233,14938,32.034,Alex Morgan,ALEX MORGAN
67234,11141,82.8529,Kaitlyn Martin,KAITLYN MARTIN
67235,16776,2699.9018,Angel Scott,ANGEL SCOTT
67236,14747,888.9504,Danny Hernandez,DANNY HERNANDEZ
67237,16093,613.2419,Kristopher Vance,KRISTOPHER VANCE
67238,14755,987.2844,Danny Alonso,DANNY ALONSO
67239,15915,2563.589,Alex Perez,ALEX PEREZ
67240,15568,2574.6279,Jordan Parker,JORDAN PARKER
67241,11945,2577.1694,Alisha Liu,ALISHA LIU
67242,15540,2587.8769,Hunter Parker,HUNTER PARKER
67243,15937,2610.3084,Kellie Moreno,KELLIE MORENO
67244,15972,2614.3748,Henry Rana,HENRY RANA
67246,17916,1336.4644,Dennis Ma,DENNIS MA
67248,14668,2646.4419,Jamie Blanco,JAMIE BLANCO
67249,14300,2596.7058,Cody Ward,CODY WARD
67257,17871,1911.6169,Carrie Vazquez,CARRIE VAZQUEZ
67259,11489,2644.3313,Destiny Wilson,DESTINY WILSON
67351,11203,55.239,Morgan Walker,MORGAN WALKER
67353,17317,132.5558,Alan Xu,ALAN XU
67354,18009,1918.2579,David Jackson,DAVID JACKSON
67356,17987,1934.8329,Brent Chen,BRENT CHEN
67357,17996,1939.2529,Ryan Anderson,RYAN ANDERSON
67358,11655,11.3152,Lauren Robinson,LAUREN ROBINSON
67361,11185,40.432,Morgan Jackson,MORGAN JACKSON
67363,11507,48.5869,Marshall Jai,MARSHALL JAI
67366,12061,16.5529,Abigail Garcia,ABIGAIL GARCIA
67367,17409,77.339,Thomas Moore,THOMAS MOORE
67368,18750,5.514,Natasha Navarro,NATASHA NAVARRO
67372,14509,181.209,Sheila Munoz,SHEILA MUNOZ
67373,14393,35.3269,Anne Rubio,ANNE RUBIO
67374,15922,146.9319,Sean Perez,SEAN PEREZ
67375,14767,33.0727,Isaiah Cox,ISAIAH COX
67377,17110,44.1779,Caleb King,CALEB KING
67378,14566,140.2687,Micheal Munoz,MICHEAL MUNOZ
67379,11791,38.675,Victoria Smith,VICTORIA SMITH
67380,14897,55.5042,Albert Alvarez,ALBERT ALVAREZ
67381,14502,41.2055,Jonathon Carlson,JONATHON CARLSON
67382,12649,9.934,Sarah Griffin,SARAH GRIFFIN
67383,12326,38.664,Madison Taylor,MADISON TAYLOR
67384,11442,38.664,Nicole Moore,NICOLE MOORE
67385,16126,640.8669,Isaiah Phillips,ISAIAH PHILLIPS
67386,13086,2610.3084,Louis Yuan,LOUIS YUAN
67387,16148,2563.589,Samuel Campbell,SAMUEL CAMPBELL
67388,16105,2609.9548,Jordan Phillips,JORDAN PHILLIPS
67389,15586,2649.7348,Ricky Moreno,RICKY MORENO
67390,15135,2552.5169,Alex Bailey,ALEX BAILEY
67394,18200,632.3473,Christopher Martin,CHRISTOPHER MARTIN
67402,18551,1889.5279,Kathleen Diaz,KATHLEEN DIAZ
67403,18360,1934.8329,Frank Rubio,FRANK RUBIO
67404,18409,1909.7384,William Taylor,WILLIAM TAYLOR
67405,18227,1911.6169,Kelvin Xu,KELVIN XU
67406,18233,1914.1473,Austin Taylor,AUSTIN TAYLOR
67414,12689,2700.1228,Elizabeth Bryant,ELIZABETH BRYANT
67415,12698,2674.4757,Kayla Price,KAYLA PRICE
67416,13006,2644.3313,Emily Simmons,EMILY SIMMONS
67418,17278,888.9504,Noah Smith,NOAH SMITH
67419,11203,75.1069,Morgan Walker,MORGAN WALKER
67420,17302,97.7483,Jose Lee,JOSE LEE
67421,16706,33.139,Francisco Mehta,FRANCISCO MEHTA
67423,16481,79.5048,Misty Rai,MISTY RAI
67425,13009,44.1779,Emily Gonzales,EMILY GONZALES
67427,19040,2552.5169,Lauren Coleman,LAUREN COLEMAN
67428,14697,2574.6279,Alex Richardson,ALEX RICHARDSON
67429,17781,2597.8108,Nathan Jones,NATHAN JONES
67431,15622,645.2869,Jimmy Gomez,JIMMY GOMEZ
67432,17989,1934.8329,Brent Li,BRENT LI
67438,13988,55.2169,Joanna Gill,JOANNA GILL
67439,18410,65.1729,Larry Martin,LARRY MARTIN
67440,16838,15.4479,Russell She,RUSSELL SHE
67441,15855,32.3323,Lucas Stewart,LUCAS STEWART
67442,14618,44.1779,Ian Rivera,IAN RIVERA
67443,12408,46.7194,Ashley Johnson,ASHLEY JOHNSON
67445,12597,48.8631,Ashley Alexander,ASHLEY ALEXANDER
67449,13694,37.5479,Rodney Vazquez,RODNEY VAZQUEZ
67450,13599,40.0784,Walter Dominguez,WALTER DOMINGUEZ
67451,12919,82.8529,Jaclyn Lin,JACLYN LIN
67452,17807,8.0444,Samuel Rodriguez,SAMUEL RODRIGUEZ
67453,12633,55.239,Clayton Xu,CLAYTON XU
67454,13721,668.4808,Devin Griffin,DEVIN GRIFFIN
67455,14003,639.7508,Patrick James,PATRICK JAMES
67456,13064,2649.6906,Hannah Diaz,HANNAH DIAZ
67457,18237,2562.4508,Curtis Zimmerman,CURTIS ZIMMERMAN
67458,16785,2588.9266,Mason Scott,MASON SCOTT
67459,15631,820.2968,Jimmy Hernandez,JIMMY HERNANDEZ
67461,11494,1374.4432,Destiny Anderson,DESTINY ANDERSON
67462,15218,2596.7279,Teresa Serrano,TERESA SERRANO
67470,20208,1293.3804,George Raman,GEORGE RAMAN
67471,17476,1879.594,Leah Cai,LEAH CAI
67474,13261,596.689,Carson Simmons,CARSON SIMMONS
67477,16309,2673.0613,Casey Chander,CASEY CHANDER
67478,11431,2649.8453,Jenny Wagner,JENNY WAGNER
67480,13107,1381.0732,Fernando Jenkins,FERNANDO JENKINS
67481,12701,2698.4432,Jose Carlson,JOSE CARLSON
67482,17258,850.2865,Bethany She,BETHANY SHE
67483,17288,937.0069,Noah Martin,NOAH MARTIN
67484,13952,35.6584,Seth Wood,SETH WOOD
67485,13623,44.4431,Javier Alvarez,JAVIER ALVAREZ
67487,16690,103.3065,Francisco Sai,FRANCISCO SAI
67488,19674,46.7194,Patricia Mehta,PATRICIA MEHTA
67489,13013,77.339,Emily Russell,EMILY RUSSELL
67490,12695,4.409,Elizabeth Diaz,ELIZABETH DIAZ
67491,15231,65.7254,Carlos Sanchez,CARLOS SANCHEZ
67492,11370,55.239,Damien Xie,DAMIEN XIE
67493,13961,55.239,Seth Powell,SETH POWELL
67494,17066,82.3004,Johnny Chander,JOHNNY CHANDER
67495,13127,60.764,Edwin Yang,EDWIN YANG
67496,16547,2715.3497,James Perez,JAMES PEREZ
67497,12547,2563.589,Samantha Alexander,SAMANTHA ALEXANDER
67498,16392,2602.2529,Greg Carter,GREG CARTER
67499,14769,905.5254,Danny Vazquez,DANNY VAZQUEZ
67503,11361,71.7919,Christy Ma,CHRISTY MA
67504,11711,4.409,Brianna Jones,BRIANNA JONES
67506,12970,224.5581,Jaclyn Luo,JACLYN LUO
67507,11287,37.5479,Ruben Carlson,RUBEN CARLSON
67508,11200,88.3669,Morgan Lewis,MORGAN LEWIS
67512,15402,16.5529,Richard Rogers,RICHARD ROGERS
67514,20704,86.1458,Amy Yang,AMY YANG
67515,19022,77.339,Gary Jimenez,GARY JIMENEZ
67516,16960,5.514,Carl Jai,CARL JAI
67517,16336,71.2394,Elijah Nelson,ELIJAH NELSON
67518,15982,5.514,Henry Lopez,HENRY LOPEZ
67519,15907,5.514,Johnathan Rodriguez,JOHNATHAN RODRIGUEZ
67520,19147,43.3713,Megan Powell,MEGAN POWELL
67521,17757,27.614,Susan Ye,SUSAN YE
67522,17645,5.514,Sandra Liu,SANDRA LIU
67523,19066,93.8808,Craig Navarro,CRAIG NAVARRO
67524,17807,81.7258,Samuel Rodriguez,SAMUEL RODRIGUEZ
67526,13681,82.8529,Rodney Romero,RODNEY ROMERO
67527,13547,55.2169,Jon Zhao,JON ZHAO
67528,20176,35.6694,Phillip Lopez,PHILLIP LOPEZ
67529,16423,92.7869,Tracy Shan,TRACY SHAN
67530,18023,207.7179,Brent He,BRENT HE
67533,12288,98.3229,Hannah Jackson,HANNAH JACKSON
67535,19478,26.2769,Emma Stewart,EMMA STEWART
67537,11127,44.189,Kaitlyn Wilson,KAITLYN WILSON
67538,12363,148.0258,Lacey Huang,LACEY HUANG
67539,12889,24.2879,Rafael Nath,RAFAEL NATH
67540,17385,123.1412,Krystal Cai,KRYSTAL CAI
67541,11596,55.2169,Anna Jackson,ANNA JACKSON
67542,12258,55.239,Colleen Yang,COLLEEN YANG
67543,19854,613.2419,Byron Sanz,BYRON SANZ
67545,14902,927.6254,Jesse Ward,JESSE WARD
67546,16112,2622.6844,Jackson Phillips,JACKSON PHILLIPS
67548,12526,939.5815,Samantha Jenkins,SAMANTHA JENKINS
67549,15184,2618.8058,Seth Bailey,SETH BAILEY
67550,15219,2596.7279,Jared Rivera,JARED RIVERA
67551,15150,2574.6279,Bryce Bailey,BRYCE BAILEY
67563,20069,635.3529,Destiny Henderson,DESTINY HENDERSON
67568,18318,1945.3194,Janelle Arthur,JANELLE ARTHUR
67571,16298,2674.4757,Isaiah Gonzalez,ISAIAH GONZALEZ
67572,14306,820.2968,Eduardo Ward,EDUARDO WARD
67573,12686,2694.0563,Omar Lin,OMAR LIN
67574,11443,2673.0613,Nicole Taylor,NICOLE TAYLOR
67575,12990,2694.0563,Jaclyn Nara,JACLYN NARA
67576,11750,2649.8453,Olivia Brown,OLIVIA BROWN
67577,15210,944.7419,Nathaniel Rivera,NATHANIEL RIVERA
67580,18292,2.5305,John Brown,JOHN BROWN
67581,16425,2566.1194,Tracy Jai,TRACY JAI
67582,19065,2535.964,Craig Romero,CRAIG ROMERO
67583,19027,2574.6279,Gary Alonso,GARY ALONSO
67584,19038,2561.3016,Gary Blanco,GARY BLANCO
67585,14150,2596.7279,Louis Liu,LOUIS LIU
67587,17999,1939.2529,Brent Wu,BRENT WU
67588,11212,30.1444,Marshall Cai,MARSHALL CAI
67589,13988,37.5479,Joanna Gill,JOANNA GILL
67597,20396,77.339,Shawn Nath,SHAWN NATH
67598,20355,87.2729,Chad Goel,CHAD GOEL
67599,18474,44.1779,Tyler Johnson,TYLER JOHNSON
67600,18765,132.5779,Joshua Brown,JOSHUA BROWN
67601,18667,14.2987,Diana Vazquez,DIANA VAZQUEZ
67603,14430,34.2219,Cole Peterson,COLE PETERSON
67604,13386,93.8808,Willie Yuan,WILLIE YUAN
67605,17101,76.2119,Jason King,JASON KING
67606,15279,62.9519,Eduardo Sanchez,EDUARDO SANCHEZ
67607,16265,30.1444,Gloria Martin,GLORIA MARTIN
67611,12303,23.7465,Hannah Rodriguez,HANNAH RODRIGUEZ
67614,16649,50.7748,Alison Lal,ALISON LAL
67615,12892,46.7194,Rafael Black,RAFAEL BLACK
67616,11982,41.2055,Alisha Cai,ALISHA CAI
67617,16009,83.9469,Nathan Turner,NATHAN TURNER
67618,15191,850.2865,Teresa Jimenez,TERESA JIMENEZ
67619,12923,2547.0029,Aidan Foster,AIDAN FOSTER
67620,13391,2658.0444,Brian Lauer,BRIAN LAUER
67621,13406,858.9607,Briana Diaz,BRIANA DIAZ
67630,15589,2591.1808,Isaac Parker,ISAAC PARKER
67631,15362,2644.3313,Brenda Stone,BRENDA STONE
67636,18439,1879.594,Larry Townsend,LARRY TOWNSEND
67637,18501,1934.8329,Dylan Jackson,DYLAN JACKSON
67640,13555,631.7506,Jon Sun,JON SUN
67642,18039,1934.8329,Benjamin Taylor,BENJAMIN TAYLOR
67643,12688,2673.0613,Omar Zhou,OMAR ZHOU
67644,12996,2634.3974,Emily Powell,EMILY POWELL
67645,11102,27.614,Jennifer Garcia,JENNIFER GARCIA
67646,18730,40.8408,Michael Taylor,MICHAEL TAYLOR
67647,20224,33.6804,Cindy Stewart,CINDY STEWART
67649,19798,75.1069,Alicia Raje,ALICIA RAJE
67650,11806,59.659,Victoria Moore,VICTORIA MOORE
67651,14328,70.6869,Jesse Torres,JESSE TORRES
67652,11211,70.6869,Ruben Prasad,RUBEN PRASAD
67653,16667,11.3152,Connor Hill,CONNOR HILL
67654,11530,44.1779,Jenny Raji,JENNY RAJI
67655,11784,28.1554,Ross Sanchez,ROSS SANCHEZ
67656,14077,27.614,Melinda Vazquez,MELINDA VAZQUEZ
67661,15543,33.139,Pamela Srini,PAMELA SRINI
67662,13318,42.9624,Roger Nara,ROGER NARA
67664,15761,26.4869,Aaron Collins,AARON COLLINS
67665,12964,55.2169,Dakota Simmons,DAKOTA SIMMONS
67667,19846,77.339,Jasmine Henderson,JASMINE HENDERSON
67668,11078,77.339,Joe Sanz,JOE SANZ
67669,18588,132.5779,Don Roessler,DON ROESSLER
67670,18506,35.3269,Leslie Martin,LESLIE MARTIN
67672,17106,80.6208,Logan Lopez,LOGAN LOPEZ
67673,13506,136.9979,Colin Rai,COLIN RAI
67674,16283,70.6869,Luke Gonzalez,LUKE GONZALEZ
67675,14715,34.5534,Hector Romero,HECTOR ROMERO
67680,11236,82.8529,Isabella Thompson,ISABELLA THOMPSON
67681,12598,9.934,Clayton Xu,CLAYTON XU
67682,12982,54.1229,Jaclyn Pal,JACLYN PAL
67683,12023,2602.264,Alexis Lewis,ALEXIS LEWIS
67685,15171,2588.9266,Kendra Suarez,KENDRA SUAREZ
67694,12754,671.7958,Alexis Jenkins,ALEXIS JENKINS
67696,12703,2644.3313,Kayla Wood,KAYLA WOOD
67697,15263,77.3169,Heidi Rana,HEIDI RANA
67698,17350,102.1904,Robert Williams,ROBERT WILLIAMS
67699,13954,87.2729,Seth Barnes,SETH BARNES
67701,19972,15.4479,Nicole Hughes,NICOLE HUGHES
67702,14712,2585.6669,Hector Alonso,HECTOR ALONSO
67703,19067,2630.4194,Nelson Martin,NELSON MARTIN
67704,19037,2668.564,Orlando Rubio,ORLANDO RUBIO
67705,11706,59.659,Pedro Gutierrez,PEDRO GUTIERREZ
67706,11697,69.5929,Megan Martinez,MEGAN MARTINEZ
67710,13860,42.9624,Joy Martin,JOY MARTIN
67711,12202,79.4937,Abigail Gonzales,ABIGAIL GONZALES
67712,13474,134.3349,Colin Zeng,COLIN ZENG
67713,16479,55.2169,Misty Chander,MISTY CHANDER
67714,20692,55.2169,Tiffany Zeng,TIFFANY ZENG
67715,20633,76.2119,Kaitlyn Butler,KAITLYN BUTLER
67716,20443,43.6144,Corey She,COREY SHE
67718,20020,87.2729,Tara Raji,TARA RAJI
67719,20119,77.339,Ronald Arthur,RONALD ARTHUR
67720,17406,8.0444,Naomi Gutierrez,NAOMI GUTIERREZ
67722,15292,60.7308,Jeremiah Sanchez,JEREMIAH SANCHEZ
67723,13921,62.9519,Theresa Suarez,THERESA SUAREZ
67725,19907,35.6584,Kathryn Xu,KATHRYN XU
67726,17636,81.7258,James Martinez,JAMES MARTINEZ
67727,18165,44.1779,Austin Williams,AUSTIN WILLIAMS
67728,11506,38.675,Carol Martinez,CAROL MARTINEZ
67729,15571,62.9519,Adam Parker,ADAM PARKER
67730,18541,26.8184,Leslie Suarez,LESLIE SUAREZ
67731,12638,9.934,Nuan Yuan,NUAN YUAN
67732,14894,888.9504,Alex Ward,ALEX WARD
67733,14893,927.6254,Isaiah Ward,ISAIAH WARD
67734,16869,2626.5408,Russell Chander,RUSSELL CHANDER
67735,13088,2560.2519,Louis Kumar,LOUIS KUMAR
67736,16850,2602.2529,Gabriel Adams,GABRIEL ADAMS
67737,16854,2588.9377,Melody Moreno,MELODY MORENO
67738,16867,2632.0437,Aaron Adams,AARON ADAMS
67739,12949,2626.5408,Jaclyn Zheng,JACLYN ZHENG
67740,16145,2566.1194,Kellie Ramos,KELLIE RAMOS
67741,16829,2644.3313,Mario Goel,MARIO GOEL
67742,15214,2673.5033,Teresa Gill,TERESA GILL
67743,15134,2574.639,Isaiah Bailey,ISAIAH BAILEY
67744,17920,1276.8054,Dennis He,DENNIS HE
67745,17921,1238.1415,Ethan Taylor,ETHAN TAYLOR
67757,14885,1276.8054,Paula Ruiz,PAULA RUIZ
67758,20186,1238.1415,George Patel,GEORGE PATEL
67759,18502,1945.3194,Janelle Fernandez,JANELLE FERNANDEZ
67760,18228,1889.5279,Janelle Patel,JANELLE PATEL
67761,13770,596.689,Monique Navarro,MONIQUE NAVARRO
67764,15676,2673.0613,Marc Martin,MARC MARTIN
67765,17281,27.614,Noah Williams,NOAH WILLIAMS
67766,14018,27.614,Steven James,STEVEN JAMES
67767,14315,38.9292,Dennis Ware,DENNIS WARE
67768,16697,33.139,Francisco Srini,FRANCISCO SRINI
67772,15434,2.5305,Brian Reed,BRIAN REED
67773,20224,15.4479,Cindy Stewart,CINDY STEWART
67774,16428,927.6033,Tracy Andersen,TRACY ANDERSEN
67775,17965,905.5254,Ethan Garcia,ETHAN GARCIA
67776,16424,2587.8769,Caleb Carter,CALEB CARTER
67777,12735,2602.2529,Kayla Russell,KAYLA RUSSELL
67778,14155,2668.564,Louis Huang,LOUIS HUANG
67779,14701,905.5033,Hector Ruiz,HECTOR RUIZ
67780,17998,1879.594,Ryan Thomas,RYAN THOMAS
67781,18027,1918.2579,Christian Davis,CHRISTIAN DAVIS
67782,11276,11.3152,Natalie Martin,NATALIE MARTIN
67784,11844,55.239,Victoria Walker,VICTORIA WALKER
67791,11659,35.6694,Lauren Rodriguez,LAUREN RODRIGUEZ
67793,15468,16.5529,Dalton Reed,DALTON REED
67794,20774,25.3377,Isabella Richardson,ISABELLA RICHARDSON
67795,18913,87.2729,Whitney Lopez,WHITNEY LOPEZ
67796,20742,142.5119,Morgan Alexander,MORGAN ALEXANDER
67797,15573,5.514,Ricky Gomez,RICKY GOMEZ
67798,15563,44.1779,Connor Parker,CONNOR PARKER
67800,15296,8.0444,Isaiah Morris,ISAIAH MORRIS
67801,14542,87.2729,Isaac Ramirez,ISAAC RAMIREZ
67802,15701,79.0959,Jack Edwards,JACK EDWARDS
67803,19050,62.9519,Gary Rubio,GARY RUBIO
67804,16473,27.614,Hunter Mitchell,HUNTER MITCHELL
67806,19180,44.1779,Megan Diaz,MEGAN DIAZ
67810,12567,37.5479,Alejandro Raji,ALEJANDRO RAJI
67811,17723,20.9619,Jonathan Lee,JONATHAN LEE
67813,13219,24.2879,Edwin Raji,EDWIN RAJI
67814,11877,38.675,Emma Garcia,EMMA GARCIA
67815,12651,9.934,Clayton Andersen,CLAYTON ANDERSEN
67816,12565,103.2733,Alejandro Beck,ALEJANDRO BECK
67817,19843,624.314,Lindsay Nara,LINDSAY NARA
67818,16845,2630.4194,Kyle Adams,KYLE ADAMS
67819,16111,2586.7387,Kristopher Subram,KRISTOPHER SUBRAM
67823,12623,1382.4876,Sarah Perry,SARAH PERRY
67824,12874,1342.4093,Tristan Hughes,TRISTAN HUGHES
67825,17922,1374.0123,Ethan Anderson,ETHAN ANDERSON
67829,15595,2563.589,Sean Parker,SEAN PARKER
67833,18545,1907.2079,Leslie Ortega,LESLIE ORTEGA
67834,18553,1879.594,Zachary Smith,ZACHARY SMITH
67835,17586,1934.8329,Stacey Wang,STACEY WANG
67837,14305,879.9557,Felicia Ortega,FELICIA ORTEGA
67838,13011,2710.6092,Emily Alexander,EMILY ALEXANDER
67839,11865,8.7848,Emma Jackson,EMMA JACKSON
67840,11857,55.239,Emma Wilson,EMMA WILSON
67841,11948,35.6584,Alisha Huang,ALISHA HUANG
67842,16181,147.4844,Jackson Campbell,JACKSON CAMPBELL
67847,15721,38.664,Marc Rubio,MARC RUBIO
67848,12736,2639.8008,Omar Yuan,OMAR YUAN
67849,19057,2566.1194,Craig Diaz,CRAIG DIAZ
67850,14702,2623.2258,Hector Diaz,HECTOR DIAZ
67852,19419,905.5254,Nelson Carlson,NELSON CARLSON
67853,18008,1944.7669,Brent Sun,BRENT SUN
67860,15859,38.5535,Allen Raman,ALLEN RAMAN
67864,11505,49.9681,Destiny Garcia,DESTINY GARCIA
67866,20305,77.339,Chloe Patterson,CHLOE PATTERSON
67867,19799,87.2729,Jasmine Bell,JASMINE BELL
67868,11200,5.514,Morgan Lewis,MORGAN LEWIS
67869,14384,103.8369,Anne Ramos,ANNE RAMOS
67870,15282,8.0444,Ian Sanchez,IAN SANCHEZ
67871,14693,44.1779,Isaiah Richardson,ISAIAH RICHARDSON
67872,20557,71.7919,Karen Morgan,KAREN MORGAN
67873,12862,129.9259,Tristan Barnes,TRISTAN BARNES
67874,15108,134.3349,Jill Serrano,JILL SERRANO
67875,20571,27.614,Kristin Tang,KRISTIN TANG
67877,15712,20.9619,Marc Blanco,MARC BLANCO
67878,13294,96.0798,Roger Kumar,ROGER KUMAR
67879,13172,26.8184,Edwin Hu,EDWIN HU
67880,12910,62.9519,Aidan Powell,AIDAN POWELL
67881,13207,94.4554,Antonio Hughes,ANTONIO HUGHES
67882,16122,629.8169,Kristopher Sanchez,KRISTOPHER SANCHEZ
67883,16908,2615.4908,Jerry Raje,JERRY RAJE
67884,18377,2646.4419,Anthony Martinez,ANTHONY MARTINEZ
67885,16100,2618.8058,Caleb Phillips,CALEB PHILLIPS
67892,15181,2626.5408,Paula Blanco,PAULA BLANCO
67894,15716,2671.8458,Marc Carlson,MARC CARLSON
67899,18548,1939.2529,Janelle Gonzalez,JANELLE GONZALEZ
67902,12805,650.8008,Oscar Bryant,OSCAR BRYANT
67903,12989,2649.8453,Jaclyn Chander,JACLYN CHANDER
67904,17073,32.0229,Johnny Moyer,JOHNNY MOYER
67905,17907,30.6859,Hunter Anderson,HUNTER ANDERSON
67906,19571,62.9519,Emma Foster,EMMA FOSTER
67907,12359,27.0615,Lacey Li,LACEY LI
67908,16538,2738.5657,Isaac Mitchell,ISAAC MITCHELL
67909,14776,2574.6279,Danny Suarez,DANNY SUAREZ
67910,19910,2658.0444,Kathryn Yuan,KATHRYN YUAN
67914,15007,38.5535,Renee Romero,RENEE ROMERO
67915,12106,27.614,Kelli Xu,KELLI XU
67916,12532,77.3169,Alejandro Luo,ALEJANDRO LUO
67918,11498,104.3783,Jenny Shan,JENNY SHAN
67920,19767,104.4004,Alicia She,ALICIA SHE
67921,20342,87.2729,Chad Pal,CHAD PAL
67922,20022,132.5779,Tara Ashe,TARA ASHE
67924,17435,75.1069,Karen She,KAREN SHE
67925,18661,5.514,Daniel Brown,DANIEL BROWN
67926,13199,44.1779,Edwin Raje,EDWIN RAJE
67927,15911,29.8019,Carlos Perez,CARLOS PEREZ
67930,19374,32.5754,Shane Arun,SHANE ARUN
67936,14889,24.2879,Carlos Ward,CARLOS WARD
67937,13598,55.2169,Walter Torres,WALTER TORRES
67938,12274,38.664,Hannah Davis,HANNAH DAVIS
67939,16871,2560.2519,Russell Nara,RUSSELL NARA
67940,16818,2643.0937,Mario Raje,MARIO RAJE
67941,16095,2574.639,Luis Phillips,LUIS PHILLIPS
67942,15170,2563.589,Cody Bailey,CODY BAILEY
67952,18361,1934.8329,Brandon Martin,BRANDON MARTIN
67953,18414,1945.3194,Larry Rowe,LARRY ROWE
67955,18234,1939.2529,Austin Anderson,AUSTIN ANDERSON
67957,13264,596.689,Roger Zheng,ROGER ZHENG
67959,15678,2719.4382,Marc Gomez,MARC GOMEZ
67960,12124,2649.8453,Taylor Smith,TAYLOR SMITH
67961,11028,820.2968,Julia Smith,JULIA SMITH
67962,18038,1918.2579,Jeffery Li,JEFFERY LI
67963,18046,1918.2579,Jeffery Wu,JEFFERY WU
67964,12702,2732.7092,Omar Sun,OMAR SUN
67965,11068,66.2006,Joe Blanco,JOE BLANCO
67966,16341,62.9519,Katrina Jai,KATRINA JAI
67968,12036,44.1779,Warren Xu,WARREN XU
67972,13136,38.664,Spencer Price,SPENCER PRICE
67973,17495,69.5487,Jason Hall,JASON HALL
67974,17983,2628.7508,Christian Robinson,CHRISTIAN ROBINSON
67975,12613,2658.0444,Clayton He,CLAYTON HE
67976,14165,2577.1694,Dalton Brooks,DALTON BROOKS
67979,15826,6.9394,Kelvin Zhang,KELVIN ZHANG
67980,11205,2.5305,Morgan Hall,MORGAN HALL
67986,15864,79.0959,Allen Garcia,ALLEN GARCIA
67989,12532,104.4004,Alejandro Luo,ALEJANDRO LUO
67991,15370,8.0444,Patrick Rogers,PATRICK ROGERS
67992,17702,30.1444,Clarence Chen,CLARENCE CHEN
67993,17084,34.5534,Jonathan Lopez,JONATHAN LOPEZ
67994,14197,118.3234,Garrett Kelly,GARRETT KELLY
67995,14864,77.3169,Lance Vazquez,LANCE VAZQUEZ
68002,14611,44.189,Clinton Jiménez,CLINTON JIMÉNEZ
68003,11961,41.2055,Kayla Taylor,KAYLA TAYLOR
68004,13196,62.9519,Edwin Jai,EDWIN JAI
68005,16782,2742.8642,Jackson Green,JACKSON GREEN
68007,12619,918.6086,Clayton Cai,CLAYTON CAI
68008,19420,1391.0072,Douglas Arun,DOUGLAS ARUN
68009,15192,2580.1529,Carlos Rivera,CARLOS RIVERA
68010,15143,2535.964,Jesse Bailey,JESSE BAILEY
68011,15144,2535.964,Sean Bailey,SEAN BAILEY
68022,17125,596.689,Mitchell Shen,MITCHELL SHEN
68027,15637,2673.0613,Jimmy Jimenez,JIMMY JIMENEZ
68028,11603,2649.8453,Barbara Sharma,BARBARA SHARMA
68029,12994,2673.0613,Emily Jenkins,EMILY JENKINS
68030,11184,6.9394,Roy Rubio,ROY RUBIO
68031,18305,136.9758,Alexander Thompson,ALEXANDER THOMPSON
68032,19666,38.675,Patricia Srini,PATRICIA SRINI
68033,18796,26.2769,Joshua Martinez,JOSHUA MARTINEZ
68034,11763,15.7242,Olivia Anderson,OLIVIA ANDERSON
68036,13008,40.0784,Emily Foster,EMILY FOSTER
68037,19904,2562.7823,Shannon Martin,SHANNON MARTIN
68039,11142,71.7919,Kaitlyn Thompson,KAITLYN THOMPSON
68043,18328,8.0444,Jorge Cai,JORGE CAI
68044,17520,5.514,Valerie Harrison,VALERIE HARRISON
68046,15950,8.0444,Kyle Roberts,KYLE ROBERTS
68047,14628,5.514,Clinton Dominguez,CLINTON DOMINGUEZ
68048,14488,75.0627,Brian Gray,BRIAN GRAY
68050,16202,34.5534,James Parker,JAMES PARKER
68051,15714,92.7869,Isaiah Edwards,ISAIAH EDWARDS
68052,17763,27.614,Samuel Brown,SAMUEL BROWN
68053,12134,69.5929,Kelli Rai,KELLI RAI
68057,12476,26.2769,Sarah White,SARAH WHITE
68059,13242,62.9519,Carson Jenkins,CARSON JENKINS
68060,12664,9.934,Elizabeth Coleman,ELIZABETH COLEMAN
68061,14895,888.9504,Albert Hernandez,ALBERT HERNANDEZ
68062,15016,883.4254,Nathaniel Bradley,NATHANIEL BRADLEY
68063,16653,2665.2048,Alison Jai,ALISON JAI
68065,15223,2535.964,Steven Rivera,STEVEN RIVERA
68070,11372,927.6254,Christy Zheng,CHRISTY ZHENG
68075,19206,612.1369,Philip Gill,PHILIP GILL
68079,18543,1918.2579,Leslie Sanz,LESLIE SANZ
68083,14160,800.5394,Sabrina Hernandez,SABRINA HERNANDEZ
68084,11421,2634.3974,Christy Nath,CHRISTY NATH
68086,12685,2694.0563,Omar Huang,OMAR HUANG
68087,12694,2634.3974,Elizabeth Griffin,ELIZABETH GRIFFIN
68088,13001,2671.9453,Emily Hughes,EMILY HUGHES
68089,17277,937.5594,Bethany Shan,BETHANY SHAN
68090,12087,55.239,Kelli Hu,KELLI HU
68091,11223,38.664,Isabella Moore,ISABELLA MOORE
68092,12704,33.1279,Omar Zhu,OMAR ZHU
68094,19753,5.514,Rachel Coleman,RACHEL COLEMAN
68095,18720,59.659,Michael Brown,MICHAEL BROWN
68096,16410,883.3591,Tracy She,TRACY SHE
68097,12747,2580.1419,Omar Sharma,OMAR SHARMA
68098,17825,2653.0498,Dana Dominguez,DANA DOMINGUEZ
68099,19036,2563.589,Gary Vazquez,GARY VAZQUEZ
68100,19041,2640.9279,Lauren Jenkins,LAUREN JENKINS
68101,17990,659.6408,Abby Mehta,ABBY MEHTA
68103,11726,69.5929,Pedro Serrano,PEDRO SERRANO
68104,11502,8.0444,Jenny Pal,JENNY PAL
68107,11845,71.7919,Victoria Hall,VICTORIA HALL
68109,15468,288.8249,Dalton Reed,DALTON REED
68111,12936,35.6694,Aidan Hayes,AIDAN HAYES
68113,18054,77.3169,Justin Miller,JUSTIN MILLER
68114,11530,77.339,Jenny Raji,JENNY RAJI
68115,20123,146.9319,Ronald Srini,RONALD SRINI
68116,18861,147.5065,Matthew Lee,MATTHEW LEE
68117,11330,5.514,Grace Lewis,GRACE LEWIS
68118,16904,5.514,Melody Romero,MELODY ROMERO
68119,15814,103.8369,Troy Mehta,TROY MEHTA
68120,16325,5.514,Jose Nelson,JOSE NELSON
68121,18162,8.0444,Christopher White,CHRISTOPHER WHITE
68122,14710,44.189,Brian Richardson,BRIAN RICHARDSON
68126,13604,146.8987,Blake Flores,BLAKE FLORES
68128,13244,90.0133,Roger Zhao,ROGER ZHAO
68129,18389,2653.6023,Jésus Dominguez,JÉSUS DOMINGUEZ
68130,16839,2535.964,Russell Deng,RUSSELL DENG
68131,15283,956.8748,Paula Sanz,PAULA SANZ
68132,16645,2604.7944,Alison Yuan,ALISON YUAN
68133,12915,2561.3016,Jaclyn Wu,JACLYN WU
68134,12131,2728.3003,Kelli Chander,KELLI CHANDER
68137,12583,635.3529,Nuan Wu,NUAN WU
68138,14605,2688.5092,Sean James,SEAN JAMES
68143,20209,1347.4923,Alyssa Gonzales,ALYSSA GONZALES
68144,18562,1914.1473,Zachary White,ZACHARY WHITE
68145,18371,1939.2529,John Walker,JOHN WALKER
68149,14666,907.0172,Jamie Vazquez,JAMIE VAZQUEZ
68150,18047,1918.2579,Abby Lopez,ABBY LOPEZ
68151,11091,159.6615,Jennifer Taylor,JENNIFER TAYLOR
68153,12692,165.7279,Elizabeth Russell,ELIZABETH RUSSELL
68154,15822,32.0229,Brian Stewart,BRIAN STEWART
68155,19101,50.7748,Derrick Jiménez,DERRICK JIMÉNEZ
68156,12691,43.0729,Omar Ye,OMAR YE
68158,13972,55.239,Joanna Johnston,JOANNA JOHNSTON
68159,16417,905.5254,Jason Carter,JASON CARTER
68160,14770,2574.6279,Danny Blanco,DANNY BLANCO
68161,12522,2552.5169,Samantha Ross,SAMANTHA ROSS
68162,19299,648.6019,Olivia Cook,OLIVIA COOK
68163,17963,1934.8329,Ethan Walker,ETHAN WALKER
68166,12136,5.514,Kelli Nath,KELLI NATH
68175,20538,76.2119,Jennifer Alexander,JENNIFER ALEXANDER
68176,19853,132.5779,Jasmine Powell,JASMINE POWELL
68177,20414,86.7204,Julia Washington,JULIA WASHINGTON
68178,18065,77.339,Jeffery Guo,JEFFERY GUO
68179,20752,77.339,Isabella Sanchez,ISABELLA SANCHEZ
68182,12293,26.2769,Colleen Hu,COLLEEN HU
68184,11301,142.5119,Lacey Raje,LACEY RAJE
68185,12513,65.1729,Alejandro Hu,ALEJANDRO HU
68186,19845,707.1448,Jasmine Ross,JASMINE ROSS
68187,13056,937.5594,Louis He,LOUIS HE
68189,15632,858.9607,Jordan Evans,JORDAN EVANS
68190,15638,858.9607,Jimmy Moreno,JIMMY MORENO
68192,12579,596.689,Ashley Powell,ASHLEY POWELL
68194,14272,1950.2808,Ian Sanders,IAN SANDERS
68197,11412,2644.3313,Christy Raje,CHRISTY RAJE
68199,12695,33.1279,Elizabeth Diaz,ELIZABETH DIAZ
68200,15810,35.6694,Troy Rana,TROY RANA
68202,16420,859.0712,Aaron Carter,AARON CARTER
68203,12520,2587.3133,Alejandro She,ALEJANDRO SHE
68204,19031,2602.2529,Gary Gutierrez,GARY GUTIERREZ
68206,11185,34.5534,Morgan Jackson,MORGAN JACKSON
68208,11698,23.7465,Megan Robinson,MEGAN ROBINSON
68210,11203,40.0784,Morgan Walker,MORGAN WALKER
68211,11287,30.6859,Ruben Carlson,RUBEN CARLSON
68214,12106,41.1834,Kelli Xu,KELLI XU
68218,20516,16.5529,Keith Rai,KEITH RAI
68219,16072,183.7394,Andre Mehta,ANDRE MEHTA
68220,17344,5.514,Alan Zeng,ALAN ZENG
68223,16485,44.1779,Misty Black,MISTY BLACK
68225,20479,94.4554,Jennifer Watson,JENNIFER WATSON
68226,16545,34.5534,Timothy Mitchell,TIMOTHY MITCHELL
68227,16450,41.9569,Misty Xie,MISTY XIE
68228,13608,79.0959,Blake Simmons,BLAKE SIMMONS
68231,19444,65.1729,Douglas Sanchez,DOUGLAS SANCHEZ
68233,12310,76.2119,Hannah Walker,HANNAH WALKER
68234,14077,41.2055,Melinda Vazquez,MELINDA VAZQUEZ
68235,11653,138.0919,Pedro Sara,PEDRO SARA
68236,12969,46.7194,Dakota Bryant,DAKOTA BRYANT
68237,16213,79.5269,Tina Lopez,TINA LOPEZ
68238,13188,62.9519,Robyn Blanco,ROBYN BLANCO
68239,19869,672.9008,Jasmine Foster,JASMINE FOSTER
68240,18433,2574.6279,Brandon Jones,BRANDON JONES
68241,12975,2692.8519,Jaclyn Lal,JACLYN LAL
68242,16835,2535.964,Thomas Adams,THOMAS ADAMS
68243,12020,888.9394,Alexis Clark,ALEXIS CLARK
68244,14900,927.6254,Albert Moreno,ALBERT MORENO
68245,15005,888.9504,Mark Bebbington,MARK BEBBINGTON
68246,15254,929.8133,Heidi Arun,HEIDI ARUN
68247,18116,2626.5408,Wesley Liang,WESLEY LIANG
68248,16478,2636.4637,Jose Mitchell,JOSE MITCHELL
68249,16113,2643.1048,Kristopher Mehta,KRISTOPHER MEHTA
68250,19365,1381.0732,Shane Kovar,SHANE KOVAR
68251,15215,2673.5033,Cole Rivera,COLE RIVERA
68252,13010,2577.1694,Emily Bryant,EMILY BRYANT
68260,18369,1907.2079,Janelle Prasad,JANELLE PRASAD
68261,14267,1973.4969,Felicia Jimenez,FELICIA JIMENEZ
68265,13109,1418.6211,Louis Nath,LOUIS NATH
68266,12561,2552.5169,Ashley Bennett,ASHLEY BENNETT
68267,11711,108.8315,Brianna Jones,BRIANNA JONES
68268,11787,38.664,Olivia Lee,OLIVIA LEE
68269,15238,70.6869,Heidi Suri,HEIDI SURI
68270,17503,70.6869,Jack Hall,JACK HALL
68271,18291,24.2879,Jorge Yang,JORGE YANG
68274,16166,42.9624,Luis Campbell,LUIS CAMPBELL
68275,17321,9.934,Alan Zhu,ALAN ZHU
68276,12704,175.695,Omar Zhu,OMAR ZHU
68277,14795,885.9559,Cole Cox,COLE COX
68278,19901,2560.2519,Nicole Bailey,NICOLE BAILEY
68279,19076,2646.4419,Craig Vazquez,CRAIG VAZQUEZ
68280,19028,2612.1758,Gary Romero,GARY ROMERO
68281,14159,2598.9158,Sabrina Diaz,SABRINA DIAZ
68282,15455,724.8137,Charles Reed,CHARLES REED
68283,19193,672.9008,Brianna Reed,BRIANNA REED
68284,15656,606.6229,Jesse Evans,JESSE EVANS
68285,11078,38.664,Joe Sanz,JOE SANZ
68288,11078,28.1554,Joe Sanz,JOE SANZ
68292,14611,216.127,Clinton Jiménez,CLINTON JIMÉNEZ
68293,13239,41.1834,Carson Henderson,CARSON HENDERSON
68300,19699,147.5065,Kristina Smith,KRISTINA SMITH
68301,18339,15.4479,Frank Romero,FRANK ROMERO
68302,17032,14.2987,Thomas King,THOMAS KING
68303,16817,5.514,Jesse Green,JESSE GREEN
68304,15539,71.2394,Samuel Parker,SAMUEL PARKER
68305,14466,99.9694,Lawrence Suarez,LAWRENCE SUAREZ
68306,13374,62.9519,Oscar Jenkins,OSCAR JENKINS
68313,12590,64.6094,Ashley Butler,ASHLEY BUTLER
68314,15057,44.1779,Gina Gutierrez,GINA GUTIERREZ
68315,13683,99.4169,Wyatt Hughes,WYATT HUGHES
68317,11679,101.6269,Megan Taylor,MEGAN TAYLOR
68318,12888,106.5883,Tristan Russell,TRISTAN RUSSELL
68319,12422,38.675,Lacey Kumar,LACEY KUMAR
68320,11747,68.4769,Olivia Johnson,OLIVIA JOHNSON
68321,12552,9.934,Stuart Railson,STUART RAILSON
68322,14912,937.5594,Nathaniel Ward,NATHANIEL WARD
68323,13434,2602.264,Xavier Russell,XAVIER RUSSELL
68324,16866,2701.1173,Russell Raje,RUSSELL RAJE
68325,16819,2560.2519,Jose Adams,JOSE ADAMS
68326,15228,2570.1858,Dalton Stewart,DALTON STEWART
68327,15178,2647.5358,Marcus Bailey,MARCUS BAILEY
68330,14598,2644.3313,Isaac James,ISAAC JAMES
68337,18373,1949.1869,Tyler Jackson,TYLER JACKSON
68338,18448,1918.2579,Janelle Subram,JANELLE SUBRAM
68341,14326,845.6786,Kristy Munoz,KRISTY MUNOZ
68342,11975,54.1119,Alisha Guo,ALISHA GUO
68343,11500,15.4479,Destiny Harris,DESTINY HARRIS
68344,16016,77.3169,Bobby Subram,BOBBY SUBRAM
68346,14009,38.664,Juan James,JUAN JAMES
68347,16632,42.9624,Nathan Hill,NATHAN HILL
68348,17984,2640.9279,Brent Zhang,BRENT ZHANG
68349,19069,2574.6279,Lauren Alexander,LAUREN ALEXANDER
68351,11166,53.0069,Morgan Williams,MORGAN WILLIAMS
68352,11661,33.6804,Lauren Lewis,LAUREN LEWIS
68354,17385,30.1444,Krystal Cai,KRYSTAL CAI
68355,15572,36.023,Ricky Martin,RICKY MARTIN
68356,11709,77.3169,Brianna Williams,BRIANNA WILLIAMS
68358,15526,55.2169,Pamela Kapoor,PAMELA KAPOOR
68360,18880,77.339,Orlando Dominguez,ORLANDO DOMINGUEZ
68361,19685,87.2729,Rachel Morris,RACHEL MORRIS
68362,19235,132.5779,Victor Moreno,VICTOR MORENO
68364,15836,8.0444,Jared Stewart,JARED STEWART
68365,15416,5.514,Candace Srini,CANDACE SRINI
68367,16467,5.514,Nathan Mitchell,NATHAN MITCHELL
68370,19494,6.9394,Emma Morgan,EMMA MORGAN
68374,11177,142.5119,Roy Carlson,ROY CARLSON
68375,13099,107.1408,Louis Pal,LOUIS PAL
68376,16127,683.4094,Molly Kapoor,MOLLY KAPOOR
68377,14891,883.4254,Albert Gomez,ALBERT GOMEZ
68378,14892,850.2865,Albert Diaz,ALBERT DIAZ
68379,16244,2618.8169,Sean Baker,SEAN BAKER
68380,16087,2618.8169,Andre Perez,ANDRE PEREZ
68381,16101,2566.1194,Kristopher Madan,KRISTOPHER MADAN
68383,15585,2561.3016,Diane Torres,DIANE TORRES
68384,15185,2566.1194,Teresa Ruiz,TERESA RUIZ
68392,18370,1879.594,John Lee,JOHN LEE
68393,18440,1961.8944,Larry Dominguez,LARRY DOMINGUEZ
68395,17182,2673.0613,Carlos Wright,CARLOS WRIGHT
68396,11017,820.2968,Chloe Clark,CHLOE CLARK
68397,14235,1418.6211,Krista Blanco,KRISTA BLANCO
68400,12987,2644.3313,Jaclyn Chande,JACLYN CHANDE
68401,11897,2732.7203,Grace Smith,GRACE SMITH
68403,13141,87.2729,Spencer Ross,SPENCER ROSS
68404,11123,8.7848,Kaitlyn Brown,KAITLYN BROWN
68405,18289,9.934,Jorge Liu,JORGE LIU
68406,16729,9.934,Martin Patel,MARTIN PATEL
68407,14700,2570.1858,Walter Romero,WALTER ROMERO
68408,16393,2646.4419,Noah Carter,NOAH CARTER
68409,15649,668.4808,Alex Evans,ALEX EVANS
68410,18633,676.1937,Stacy Rubio,STACY RUBIO
68411,11753,33.1279,Ross Sai,ROSS SAI
68412,13169,132.6,Edwin Zheng,EDWIN ZHENG
68413,11012,6.9394,Chloe Thompson,CHLOE THOMPSON
68415,13096,40.0784,Fernando Bennett,FERNANDO BENNETT
68420,11841,112.6548,Gerald Arun,GERALD ARUN
68421,19817,87.2508,Lindsay Tang,LINDSAY TANG
68423,18407,35.6694,Tyler White,TYLER WHITE
68424,18784,142.5119,Meghan Alan,MEGHAN ALAN
68425,18575,87.2729,Tyler Wilson,TYLER WILSON
68426,20081,65.1729,Shannon Navarro,SHANNON NAVARRO
68427,13699,83.9469,Devin Jenkins,DEVIN JENKINS
68428,14844,94.4554,Lance Diaz,LANCE DIAZ
68429,19187,162.7444,Brianna Morris,BRIANNA MORRIS
68430,11376,86.7204,Christy Cai,CHRISTY CAI
68431,15102,67.4934,Jill Gill,JILL GILL
68432,17090,71.7919,Gabriel King,GABRIEL KING
68437,14359,46.7194,Anne Hernandez,ANNE HERNANDEZ
68438,14515,62.9519,Mathew Alvarez,MATHEW ALVAREZ
68439,12396,55.239,Lacey Hu,LACEY HU
68440,16090,668.4808,Kristopher Chandra,KRISTOPHER CHANDRA
68441,16852,2658.0444,Russell Luo,RUSSELL LUO
68442,15188,937.5594,Dalton Bailey,DALTON BAILEY
68443,15189,850.2865,Teresa Alvarez,TERESA ALVAREZ
68444,16144,2626.5408,Logan Campbell,LOGAN CAMPBELL
68445,15204,2646.4419,Teresa Romero,TERESA ROMERO
68456,16011,1381.0732,Samuel Turner,SAMUEL TURNER
68458,19769,596.689,Alicia Shen,ALICIA SHEN
68459,19204,596.689,Philip Dominguez,PHILIP DOMINGUEZ
68461,18366,1961.8944,John Lewis,JOHN LEWIS
68463,13771,639.1983,Richard Blue,RICHARD BLUE
68464,13782,650.8008,Richard Long,RICHARD LONG
68468,11026,857.8447,Joe Martinez,JOE MARTINEZ
68469,11364,888.9504,Christy Liang,CHRISTY LIANG
68470,11365,987.2844,Rachel Garcia,RACHEL GARCIA
68472,13614,30.1444,Briana Torres,BRIANA TORRES
68473,20240,62.9408,Shannon Suarez,SHANNON SUAREZ
68474,18728,51.3494,Michael Moore,MICHAEL MOORE
68475,11098,5.514,Jennifer White,JENNIFER WHITE
68477,14684,8.0444,Jamie Ortega,JAMIE ORTEGA
68478,11116,8.7848,Roy Rana,ROY RANA
68479,20170,2738.5657,Phillip Sullivan,PHILLIP SULLIVAN
68480,14789,888.9394,Roberto Diaz,ROBERTO DIAZ
68481,14146,2591.1808,Louis Chen,LOUIS CHEN
68482,16407,891.4698,Gloria Munoz,GLORIA MUNOZ
68483,14779,905.5254,Danny Schmidt,DANNY SCHMIDT
68484,11501,66.8194,Destiny Martin,DESTINY MARTIN
68487,12074,77.3169,Kelli Sun,KELLI SUN
68489,19750,41.1834,Cynthia Lopez,CYNTHIA LOPEZ
68491,20397,86.7204,Julia Jenkins,JULIA JENKINS
68492,11253,104.4004,Natalie Johnson,NATALIE JOHNSON
68493,19741,87.2729,Cynthia Raman,CYNTHIA RAMAN
68494,17466,75.6815,Hunter Hall,HUNTER HALL
68495,16809,15.4479,Evan Green,EVAN GREEN
68496,12074,15.4479,Kelli Sun,KELLI SUN
68497,17760,35.6584,Susan Zhao,SUSAN ZHAO
68498,18184,99.4169,Randy She,RANDY SHE
68499,13356,34.2219,Willie Sun,WILLIE SUN
68500,20174,33.139,Phillip Fernandez,PHILLIP FERNANDEZ
68505,11256,46.7194,Natalie Jones,NATALIE JONES
68506,14641,38.675,Clinton Sandberg,CLINTON SANDBERG
68507,16855,79.5269,Russell Lal,RUSSELL LAL
68508,20642,2709.8357,Kaitlyn Alexander,KAITLYN ALEXANDER
68509,16868,2566.1194,Russell Carson,RUSSELL CARSON
68510,16872,2606.9602,Connor Adams,CONNOR ADAMS
68511,16756,2647.5358,Martin Fernandez,MARTIN FERNANDEZ
68512,12859,1412.0022,Robyn Ruiz,ROBYN RUIZ
68513,11604,2644.3313,Anna Garcia,ANNA GARCIA
68514,16828,2698.4432,James Adams,JAMES ADAMS
68517,15439,1939.2529,Juan Reed,JUAN REED
68522,15591,2538.4944,Jesse Parker,JESSE PARKER
68523,15601,2630.4194,Ricky Gill,RICKY GILL
68524,18201,640.3033,Benjamin Clark,BENJAMIN CLARK
68526,14606,2634.3974,Timothy James,TIMOTHY JAMES
68528,20074,650.8008,Joel Sai,JOEL SAI
68534,16448,2682.9953,Isaiah Carter,ISAIAH CARTER
68536,15677,2676.9067,Jose Edwards,JOSE EDWARDS
68538,11147,2700.1228,Roy Hernandez,ROY HERNANDEZ
68539,13076,2634.3974,Louis Xie,LOUIS XIE
68540,12047,9.934,Abhijit Thakur,ABHIJIT THAKUR
68541,11139,27.614,Kaitlyn Harris,KAITLYN HARRIS
68542,12411,132.6,Lacey Simpson,LACEY SIMPSON
68545,16680,38.5535,Francisco Kapoor,FRANCISCO KAPOOR
68546,13841,2535.964,Marcus Butler,MARCUS BUTLER
68547,14771,2602.2529,Evan Cox,EVAN COX
68548,19046,2563.589,Lauren Powell,LAUREN POWELL
68549,17833,2547.0029,Samuel Anderson,SAMUEL ANDERSON
68550,17114,2656.3758,Luis Wright,LUIS WRIGHT
68554,18000,703.8187,Ryan Jackson,RYAN JACKSON
68555,15462,711.0344,Ian Reed,IAN REED
68557,11736,65.7254,Pedro Rubio,PEDRO RUBIO
68558,11524,2.5305,Alyssa Jones,ALYSSA JONES
68559,11203,32.0229,Morgan Walker,MORGAN WALKER
68563,11019,41.1834,Joe Belson,JOE BELSON
68566,15488,16.5529,Isaac Cook,ISAAC COOK
68567,14341,26.4869,Kristy Ramos,KRISTY RAMOS
68570,20008,77.339,Tara Chande,TARA CHANDE
68571,18587,77.339,Kathleen Carlson,KATHLEEN CARLSON
68572,11640,77.339,Pedro Patel,PEDRO PATEL
68573,18690,132.5779,Erika Diaz,ERIKA DIAZ
68574,16769,5.514,Jackson Scott,JACKSON SCOTT
68575,17349,71.2394,Robert Johnson,ROBERT JOHNSON
68577,14395,106.5883,Alex Peterson,ALEX PETERSON
68578,16050,40.8408,Alex Turner,ALEX TURNER
68579,12743,77.339,Omar Lal,OMAR LAL
68580,15628,70.6869,Connor Evans,CONNOR EVANS
68581,19379,114.3233,Shane Schmidt,SHANE SCHMIDT
68583,19488,53.0069,Brett Kapoor,BRETT KAPOOR
68584,19464,65.1729,Raymond Prasad,RAYMOND PRASAD
68586,17838,8.0444,Nathan Harris,NATHAN HARRIS
68587,11221,46.7194,Ruben Fernandez,RUBEN FERNANDEZ
68588,11318,46.7194,Lacey Becker,LACEY BECKER
68589,11199,138.6444,Ruben Sai,RUBEN SAI
68590,11721,46.7194,Pedro Blanco,PEDRO BLANCO
68591,13184,111.0083,Antonio Wood,ANTONIO WOOD
68592,11375,15.4479,Rachel Rodriguez,RACHEL RODRIGUEZ
68593,13332,62.9519,Willie Zhang,WILLIE ZHANG
68594,13722,728.6923,Robin Romero,ROBIN ROMERO
68595,16893,2570.1858,Jerry Lal,JERRY LAL
68596,13019,2643.0937,Hannah Price,HANNAH PRICE
68597,16859,2630.4194,Jason Adams,JASON ADAMS
68598,16114,2563.589,Kellie Blanco,KELLIE BLANCO
68599,16146,2574.6279,Molly Schmidt,MOLLY SCHMIDT
68603,12873,1381.0732,Tristan Patterson,TRISTAN PATTERSON
68605,15226,2563.589,Adrian Rivera,ADRIAN RIVERA
68607,12581,635.3529,Ashley Long,ASHLEY LONG
68608,16345,657.4419,Caleb Nelson,CALEB NELSON
68609,11042,875.5357,Joe Ashe,JOE ASHE
68617,18558,1934.8329,Tyler Garcia,TYLER GARCIA
68618,13822,635.3529,Linda Gill,LINDA GILL
68619,16831,2688.5092,Jonathan Adams,JONATHAN ADAMS
68620,12132,2649.8453,Taylor Jones,TAYLOR JONES
68621,12300,2710.6092,Colleen She,COLLEEN SHE
68623,18011,2089.8423,Brent Zhu,BRENT ZHU
68624,11253,54.1119,Natalie Johnson,NATALIE JOHNSON
68625,15583,34.5534,Alex Parker,ALEX PARKER
68626,18264,38.6529,Curtis Gao,CURTIS GAO
68628,17985,2563.589,Ryan Miller,RYAN MILLER
68629,14555,927.6033,Mathew Ortega,MATHEW ORTEGA
68630,15463,686.1277,Nancy Srini,NANCY SRINI
68631,15659,667.9283,Jimmy Blanco,JIMMY BLANCO
68634,17980,1934.8329,Gerrit Straatsma,GERRIT STRAATSMA
68635,11186,4.409,Ruben Kapoor,RUBEN KAPOOR
68636,11207,2.5305,Ruben Srini,RUBEN SRINI
68637,11223,30.6859,Isabella Moore,ISABELLA MOORE
68638,11651,23.7465,Pedro Prasad,PEDRO PRASAD
68644,12147,41.1834,Dawn Zhang,DAWN ZHANG
68646,11131,26.4869,Kaitlyn Taylor,KAITLYN TAYLOR
68647,18938,77.339,Chelsea Arun,CHELSEA ARUN
68649,13451,24.2879,Dalton Ross,DALTON ROSS
68650,13788,184.3472,Richard Flores,RICHARD FLORES
68654,12880,38.675,Tristan Butler,TRISTAN BUTLER
68655,12909,79.5269,Aidan Perry,AIDAN PERRY
68656,12554,65.1729,Alejandro Chander,ALEJANDRO CHANDER
68657,14896,982.8644,Evan Ward,EVAN WARD
68658,14913,922.0783,Chase Ward,CHASE WARD
68659,18236,2668.564,Todd She,TODD SHE
68660,11251,2562.4508,Ruben Hernandez,RUBEN HERNANDEZ
68661,13038,2535.964,Hannah Long,HANNAH LONG
68662,15183,2538.4944,Teresa Gomez,TERESA GOMEZ
68664,17924,1276.8054,Dennis Zheng,DENNIS ZHENG
68669,15363,2634.3974,Mason Rogers,MASON ROGERS
68676,16203,2719.4382,Jonathan Parker,JONATHAN PARKER
68677,14325,890.9836,Evan Torres,EVAN TORRES
68678,13108,1408.1347,Louis Rai,LOUIS RAI
68679,12705,2682.9953,Kayla Barnes,KAYLA BARNES
68680,12706,2705.0842,Omar Gao,OMAR GAO
68681,13012,2709.5042,Tamara Chen,TAMARA CHEN
68682,13075,2737.6707,Madison Henderson,MADISON HENDERSON
68683,17259,913.2383,Robert Robinson,ROBERT ROBINSON
68684,14209,33.1279,Krista Hernandez,KRISTA HERNANDEZ
68686,13158,87.2729,Spencer Butler,SPENCER BUTLER
68687,13794,2618.8169,Monique Rubio,MONIQUE RUBIO
68688,18625,632.3473,Stacy Serrano,STACY SERRANO
68689,11638,2.5305,Pedro Chapman,PEDRO CHAPMAN
68691,14077,54.6754,Melinda Vazquez,MELINDA VAZQUEZ
68695,11784,35.6584,Ross Sanchez,ROSS SANCHEZ
68696,14363,42.9624,Devin Torres,DEVIN TORRES
68700,12936,136.9979,Aidan Hayes,AIDAN HAYES
68702,20098,75.6815,Joel Gonzalez,JOEL GONZALEZ
68703,18119,15.4479,Wesley He,WESLEY HE
68704,17679,44.1779,Sandra Zheng,SANDRA ZHENG
68705,14504,77.339,Jonathon Suarez,JONATHON SUAREZ
68706,17382,32.5754,Logan Allen,LOGAN ALLEN
68707,15401,44.1779,Candace Malhotra,CANDACE MALHOTRA
68708,16719,44.1779,Samuel Scott,SAMUEL SCOTT
68711,11566,54.1119,Barbara Zhu,BARBARA ZHU
68712,11638,82.8529,Pedro Chapman,PEDRO CHAPMAN
68713,13535,16.5529,Jon Huang,JON HUANG
68714,12517,9.934,Samantha Wood,SAMANTHA WOOD
68715,16108,700.5258,Adam Phillips,ADAM PHILLIPS
68716,18392,2588.9377,Jésus Vazquez,JÉSUS VAZQUEZ
68717,14911,959.1069,Albert Navarro,ALBERT NAVARRO
68718,16753,2563.589,Martin Subram,MARTIN SUBRAM
68719,16755,2560.2519,Martin Garcia,MARTIN GARCIA
68720,15587,2598.9158,Mason Parker,MASON PARKER
68722,15438,1897.5723,Candace Perez,CANDACE PEREZ
68729,15304,2732.7092,Isaac Morris,ISAAC MORRIS
68732,18344,1944.7669,John Thomas,JOHN THOMAS
68735,14667,890.9836,Adrian Cooper,ADRIAN COOPER
68736,12684,2688.5092,Elizabeth Simmons,ELIZABETH SIMMONS
68737,12687,2634.3974,Elizabeth Gonzales,ELIZABETH GONZALES
68738,12999,2673.0613,Jaclyn Raji,JACLYN RAJI
68739,14517,32.0229,Mathew Moreno,MATHEW MORENO
68740,15237,34.5534,Sabrina Ruiz,SABRINA RUIZ
68741,11921,29.8019,Elizabeth White,ELIZABETH WHITE
68743,11467,25.3377,Nicole Rodriguez,NICOLE RODRIGUEZ
68744,15206,38.664,Teresa Gutierrez,TERESA GUTIERREZ
68745,18262,65.7254,Christopher Lee,CHRISTOPHER LEE
68746,17500,132.6,Valerie Ye,VALERIE YE
68747,17960,905.5254,Vincent Zhu,VINCENT ZHU
68748,14158,2650.3094,Ian Brooks,IAN BROOKS
68749,19253,596.689,Victor Carlson,VICTOR CARLSON
68750,15655,632.3473,Isaac Evans,ISAAC EVANS
68753,12936,76.2119,Aidan Hayes,AIDAN HAYES
68754,18884,62.9408,Whitney Kovár,WHITNEY KOVÁR
68756,20535,16.5529,Jennifer Gonzales,JENNIFER GONZALES
68757,20536,26.4869,April Kumar,APRIL KUMAR
68758,13201,11.039,Antonio Perry,ANTONIO PERRY
68759,20112,87.2729,Ronald Patel,RONALD PATEL
68760,18872,87.2729,Andrew Davis,ANDREW DAVIS
68761,13936,131.4508,Lucas Bryant,LUCAS BRYANT
68762,11619,132.5779,Lauren Jones,LAUREN JONES
68764,16152,71.2394,Noah Campbell,NOAH CAMPBELL
68765,14513,5.514,Mathew Hernandez,MATHEW HERNANDEZ
68766,15741,99.4169,Nathan Collins,NATHAN COLLINS
68776,18172,44.1779,Austin Jones,AUSTIN JONES
68777,13824,5.514,Linda Vazquez,LINDA VAZQUEZ
68778,12916,46.7194,Aidan Flores,AIDAN FLORES
68779,13236,24.2879,Carson Wood,CARSON WOOD
68780,12887,24.2879,Tristan Alexander,TRISTAN ALEXANDER
68781,12921,2607.7779,Jaclyn Ye,JACLYN YE
68782,17780,875.5357,Susan Hu,SUSAN HU
68783,12615,1381.0732,Sarah Wood,SARAH WOOD
68784,16566,1357.8572,Kara Chavez,KARA CHAVEZ
68786,13007,2596.7279,Tamara Wang,TAMARA WANG
68791,15179,2622.6844,Ian Bailey,IAN BAILEY
68793,12580,596.689,Clayton Yang,CLAYTON YANG
68799,18559,1918.2579,Kathleen Jimenez,KATHLEEN JIMENEZ
68800,18350,1918.2579,Frank Serrano,FRANK SERRANO
68801,18431,1939.2529,Brandon Williams,BRANDON WILLIAMS
68802,18226,1907.2079,Todd Guo,TODD GUO
68805,11423,2644.3313,Jasmine Lewis,JASMINE LEWIS
68806,11427,2671.9453,Jasmine Hall,JASMINE HALL
68807,11439,2673.0613,Jenny Yang,JENNY YANG
68809,14238,1381.0732,Timothy Sanders,TIMOTHY SANDERS
68810,12699,2634.3974,Omar Xu,OMAR XU
68811,11151,2644.3313,Kaitlyn Rodriguez,KAITLYN RODRIGUEZ
68812,13956,35.6584,Seth Henderson,SETH HENDERSON
68813,12249,71.7919,Emily Thompson,EMILY THOMPSON
68814,17072,54.6754,Timothy Hernandez,TIMOTHY HERNANDEZ
68815,14073,130.3458,Chase Watson,CHASE WATSON
68819,13158,86.1458,Spencer Butler,SPENCER BUTLER
68820,12614,2585.6669,Nuan Zheng,NUAN ZHENG
68821,12549,2574.6279,Samantha Russell,SAMANTHA RUSSELL
68822,19035,2563.589,Lauren Ross,LAUREN ROSS
68823,19051,2658.0444,Gary Ortega,GARY ORTEGA
68824,18173,2562.4508,Randy Ma,RANDY MA
68825,16310,2560.2519,Casey Nara,CASEY NARA
68827,11770,38.664,Ross Subram,ROSS SUBRAM
68830,11500,33.6804,Destiny Harris,DESTINY HARRIS
68833,11200,27.614,Morgan Lewis,MORGAN LEWIS
68838,19742,104.4004,Rachel Wood,RACHEL WOOD
68839,19754,87.2729,Cynthia Gonzalez,CYNTHIA GONZALEZ
68840,20467,19.0834,Jennifer Howard,JENNIFER HOWARD
68842,20338,136.9979,Julia Sanchez,JULIA SANCHEZ
68843,17394,75.6815,Karen Li,KAREN LI
68845,17872,44.1779,Justin Thomas,JUSTIN THOMAS
68849,16191,5.514,Tina Arthur,TINA ARTHUR
68852,15690,44.1779,Jason Edwards,JASON EDWARDS
68854,16934,66.2779,Carl She,CARL SHE
68855,13474,148.0258,Colin Zeng,COLIN ZENG
68856,14879,1009.9258,Ian Howard,IAN HOWARD
68857,13062,2562.4508,Hannah Russell,HANNAH RUSSELL
68858,16118,2833.1206,Carlos Phillips,CARLOS PHILLIPS
68859,16344,2535.964,Aaron Nelson,AARON NELSON
68860,16307,2634.3974,Isaac Gonzalez,ISAAC GONZALEZ
68861,15576,2535.964,Jackson Parker,JACKSON PARKER
68862,15152,2669.0944,Nathaniel Bailey,NATHANIEL BAILEY
68865,15642,1879.594,Jimmy Romero,JIMMY ROMERO
68870,15597,2563.589,James Evans,JAMES EVANS
68871,14597,2673.0613,Micheal Ramos,MICHEAL RAMOS
68879,12298,1297.8004,Hannah Robinson,HANNAH ROBINSON
68885,14304,858.9607,Devin Ward,DEVIN WARD
68886,12988,2634.3974,Emily Ross,EMILY ROSS
68887,11502,8.7848,Jenny Pal,JENNY PAL
68888,11330,55.239,Grace Lewis,GRACE LEWIS
68889,14086,34.5534,Steven Watson,STEVEN WATSON
68890,13998,162.7444,Brad Pritchett,BRAD PRITCHETT
68891,19672,82.8529,Grace Alexander,GRACE ALEXANDER
68892,14685,71.2394,Dalton Cooper,DALTON COOPER
68895,13042,65.7254,Louis Xu,LOUIS XU
68896,16634,79.0959,Kyle Hill,KYLE HILL
68897,16534,2916.0287,Kevin Scott,KEVIN SCOTT
68898,19924,2639.8008,Kathryn Nara,KATHRYN NARA
68899,14793,2618.8169,Juan Cox,JUAN COX
68900,12494,2618.8058,Sarah Lee,SARAH LEE
68901,11506,44.1779,Carol Martinez,CAROL MARTINEZ
68907,11631,103.2954,Lauren Moore,LAUREN MOORE
68909,12182,16.5529,Dawn Gao,DAWN GAO
68910,12970,76.2119,Jaclyn Luo,JACLYN LUO
68912,18771,77.339,Natasha Suarez,NATASHA SUAREZ
68913,14619,44.1779,Lucas Rivera,LUCAS RIVERA
68914,14569,8.0444,Cody Ramirez,CODY RAMIREZ
68915,16315,32.0229,Casey Nath,CASEY NATH
68918,14552,37.5479,Mathew Rubio,MATHEW RUBIO
68921,11195,109.9144,Morgan Robinson,MORGAN ROBINSON
68922,13409,120.3898,Willie Rai,WILLIE RAI
68923,12310,38.664,Hannah Walker,HANNAH WALKER
68924,13087,2607.7779,Madison Hughes,MADISON HUGHES
68925,13142,2602.264,Edwin Zhou,EDWIN ZHOU
68926,16844,2618.8169,Noah Baker,NOAH BAKER
68927,16865,2618.8058,Jose Baker,JOSE BAKER
68928,12950,2560.2519,Dakota Perry,DAKOTA PERRY
68929,16832,2618.8058,Hunter Baker,HUNTER BAKER
68930,16827,2649.8453,Timothy Green,TIMOTHY GREEN
68931,15221,2625.9773,Teresa Ramos,TERESA RAMOS
68932,15151,2535.964,Kendra Navarro,KENDRA NAVARRO
68936,15180,2646.4419,Lucas Bailey,LUCAS BAILEY
68937,11368,972.8862,Christy Guo,CHRISTY GUO
68938,17293,927.6254,Bethany Chander,BETHANY CHANDER
68944,18430,1961.8944,Brandon Garcia,BRANDON GARCIA
68946,12314,1276.8054,Madison Johnson,MADISON JOHNSON
68949,11428,2674.4757,Christy Raji,CHRISTY RAJI
68950,17192,2673.0613,Tony Chande,TONY CHANDE
68952,12940,9.934,Dakota Bradley,DAKOTA BRADLEY
68953,11867,8.7848,Tamara Gao,TAMARA GAO
68954,11506,8.7848,Carol Martinez,CAROL MARTINEZ
68955,13615,66.2779,Walter Carlson,WALTER CARLSON
68956,13002,27.614,Jaclyn Ferrier,JACLYN FERRIER
68957,15783,70.6869,Carlos Collins,CARLOS COLLINS
68958,18247,83.9469,Curtis Yang,CURTIS YANG
68959,20268,23.7465,Cindy James,CINDY JAMES
68962,14015,38.664,Bryan James,BRYAN JAMES
68963,16172,101.1959,Connor Campbell,CONNOR CAMPBELL
68964,17054,59.659,Johnny Sharma,JOHNNY SHARMA
68965,14777,2591.1808,Jesse Cox,JESSE COX
68966,18177,2700.5648,Randy He,RANDY HE
68967,11501,70.1344,Destiny Martin,DESTINY MARTIN
68969,11802,30.1444,Ross Alvarez,ROSS ALVAREZ
68974,11922,16.5529,Elizabeth Harris,ELIZABETH HARRIS
68975,20329,77.339,Chad Luo,CHAD LUO
68977,16759,8.0444,Martin Lopez,MARTIN LOPEZ
68978,11262,5.514,Natalie Wilson,NATALIE WILSON
68979,15857,5.514,Allen Rana,ALLEN RANA
68980,15512,68.4658,Rachael Mehta,RACHAEL MEHTA
68981,18146,35.3269,David Lee,DAVID LEE
68982,13692,27.614,Wyatt Goldstein,WYATT GOLDSTEIN
68984,17988,66.2116,Ryan Wilson,RYAN WILSON
68990,16306,8.0444,Casey Chande,CASEY CHANDE
68992,11566,32.5754,Barbara Zhu,BARBARA ZHU
68993,14626,165.1533,Xavier Rivera,XAVIER RIVERA
68994,11862,46.7194,Emma Anderson,EMMA ANDERSON
68995,19883,606.6229,Christine Raje,CHRISTINE RAJE
68996,16851,2618.8058,Evan Allen,EVAN ALLEN
68998,17925,1238.1415,Dennis Hu,DENNIS HU
69008,12578,683.9729,Clayton Liu,CLAYTON LIU
69009,15176,2644.3313,Richard Bailey,RICHARD BAILEY
69015,14881,1276.8054,Lucas Howard,LUCAS HOWARD
69018,18438,1889.5279,Brandon Davis,BRANDON DAVIS
69023,18010,1973.4969,Ryan Martinez,RYAN MARTINEZ
69024,12693,2673.0613,Omar Zhao,OMAR ZHAO
69025,13000,2688.5092,Emily Patterson,EMILY PATTERSON
69027,14060,54.6754,Melinda Romero,MELINDA ROMERO
69028,19579,59.659,Emma Russell,EMMA RUSSELL
69029,14772,885.9559,Danny Serrano,DANNY SERRANO
69030,19902,2538.4944,Kathryn Deng,KATHRYN DENG
69031,18168,2563.589,Christopher Harris,CHRISTOPHER HARRIS
69032,15460,624.314,Marcus Reed,MARCUS REED
69033,11262,43.0729,Natalie Wilson,NATALIE WILSON
69035,13095,98.3119,Louis Shan,LOUIS SHAN
69039,12166,38.6529,Taylor Lewis,TAYLOR LEWIS
69042,15378,26.4869,Nathaniel Rogers,NATHANIEL ROGERS
69043,19819,136.9979,Lindsay Xu,LINDSAY XU
69044,18995,132.5779,Nicholas Taylor,NICHOLAS TAYLOR
69047,14360,94.4554,Anne Alvarez,ANNE ALVAREZ
69048,16401,104.9419,Kyle Carter,KYLE CARTER
69049,17903,35.6584,Dennis Zhou,DENNIS ZHOU
69053,12973,82.8529,Jaclyn Kumar,JACLYN KUMAR
69054,18329,94.4554,John Taylor,JOHN TAYLOR
69055,12476,55.239,Sarah White,SARAH WHITE
69056,16110,718.7694,Eric Phillips,ERIC PHILLIPS
69057,19889,596.689,Christine Nara,CHRISTINE NARA
69058,14914,987.2844,Juan Ward,JUAN WARD
69059,16880,2590.0758,Russell Anand,RUSSELL ANAND
69060,16779,2538.4944,Isaiah Scott,ISAIAH SCOTT
69061,12912,2563.589,Aidan Long,AIDAN LONG
69062,12913,2590.4073,Aidan Patterson,AIDAN PATTERSON
69063,15652,858.9607,Jimmy Dominguez,JIMMY DOMINGUEZ
69064,15220,2580.1529,Bryan Rivera,BRYAN RIVERA
69065,15225,2574.639,Teresa Carlson,TERESA CARLSON
69066,17923,1297.8004,Benjamin Brown,BENJAMIN BROWN
69072,15596,2664.0887,Timothy Parker,TIMOTHY PARKER
69073,18198,624.3029,Todd Yang,TODD YANG
69079,19209,635.3529,Brianna Cox,BRIANNA COX
69080,19803,635.3529,Jasmine Bailey,JASMINE BAILEY
69082,17558,1934.2694,Jonathan Allen,JONATHAN ALLEN
69083,12302,1308.8283,Colleen Deng,COLLEEN DENG
69086,16297,2666.4313,Casey Jai,CASEY JAI
69087,11018,874.4086,Joe Mehta,JOE MEHTA
69088,11027,860.3751,Chloe Hall,CHLOE HALL
69089,12700,2673.0613,Kayla Bennett,KAYLA BENNETT
69090,12412,132.6,Ashley Jones,ASHLEY JONES
69091,18274,24.2879,Curtis Cai,CURTIS CAI
69092,14018,42.9624,Steven James,STEVEN JAMES
69093,12697,15.7242,Elizabeth Hayes,ELIZABETH HAYES
69095,14797,905.5254,Jared Cox,JARED COX
69096,12523,2602.2529,Samantha Henderson,SAMANTHA HENDERSON
69097,14720,2566.1194,Hector Gutierrez,HECTOR GUTIERREZ
69098,19033,2696.1669,Gary Gill,GARY GILL
69099,12713,2618.8058,Kayla Powell,KAYLA POWELL
69101,18045,1944.7669,Jeffery Huang,JEFFERY HUANG
69102,17952,1944.7669,Benjamin Miller,BENJAMIN MILLER
69103,12962,9.934,Dakota Butler,DAKOTA BUTLER
69104,11277,43.0729,Ruben Vazquez,RUBEN VAZQUEZ
69106,11228,2.5305,Marshall Zeng,MARSHALL ZENG
69108,16089,74.687,Kristopher Kapoor,KRISTOPHER KAPOOR
69109,16096,26.4869,Aaron Phillips,AARON PHILLIPS
69110,20687,11.039,Tiffany Hu,TIFFANY HU
69111,11185,136.9979,Morgan Jackson,MORGAN JACKSON
69112,17451,44.1779,Leah Wu,LEAH WU
69113,16842,5.514,Russell Shen,RUSSELL SHEN
69114,18316,8.0444,Anthony Thompson,ANTHONY THOMPSON
69115,15938,8.0444,Manuel Garcia,MANUEL GARCIA
69116,16453,8.0444,Evan Carter,EVAN CARTER
69117,14144,62.9519,Louis Wang,LOUIS WANG
69118,16604,62.9519,Nichole Sharma,NICHOLE SHARMA
69119,16581,55.5042,Nichole She,NICHOLE SHE
69122,12811,5.514,Rafael Lu,RAFAEL LU
69123,11808,219.884,Victoria Taylor,VICTORIA TAYLOR
69124,13944,46.7194,Joy Hernandez,JOY HERNANDEZ
69125,16772,24.2879,Candice Hu,CANDICE HU
69126,13223,62.9519,Roger Wang,ROGER WANG
69127,17411,94.4554,Karen Sun,KAREN SUN
69128,16109,606.6229,Kristopher Rana,KRISTOPHER RANA
69129,16882,2535.964,Jerry Deng,JERRY DENG
69130,16892,2587.8769,Jerry Kumar,JERRY KUMAR
69131,16907,2587.8769,Jerry Andersen,JERRY ANDERSEN
69132,18379,2610.3084,Anthony Robinson,ANTHONY ROBINSON
69133,16116,2587.8769,Kristopher Fernandez,KRISTOPHER FERNANDEZ
69134,18122,2696.189,Austin Johnson,AUSTIN JOHNSON
69135,15578,2694.5204,Carlos Parker,CARLOS PARKER
69136,15588,2692.8519,Ricky Munoz,RICKY MUNOZ
69139,15643,1918.2579,Carlos Evans,CARLOS EVANS
69143,15600,2783.4729,Ricky Dominguez,RICKY DOMINGUEZ
69148,15175,2634.3974,Kendra Rubio,KENDRA RUBIO
69156,12296,2659.7792,Hannah Garcia,HANNAH GARCIA
69157,11025,879.9557,Marshall Sun,MARSHALL SUN
69158,14316,983.229,Kristy Diaz,KRISTY DIAZ
69159,11756,2644.3313,Olivia Wilson,OLIVIA WILSON
69160,13051,2649.8453,Louis Liang,LOUIS LIANG
69161,12205,15.4479,Dawn Shen,DAWN SHEN
69162,11149,27.614,Kaitlyn Clark,KAITLYN CLARK
69163,15222,97.7483,Garrett Rivera,GARRETT RIVERA
69164,15138,97.7483,Kendra Jimenez,KENDRA JIMENEZ
69165,18290,83.9469,Bernard Thames,BERNARD THAMES
69166,17325,50.7748,Alan Ma,ALAN MA
69170,16739,55.239,Jason Green,JASON GREEN
69171,18274,9.934,Curtis Cai,CURTIS CAI
69173,17976,2602.2529,Vincent Cai,VINCENT CAI
69174,14525,2552.5169,Mathew Romero,MATHEW ROMERO
69175,19195,703.8187,Philip Romero,PHILIP ROMERO
69177,11019,38.664,Joe Belson,JOE BELSON
69178,14282,59.659,Felicia Gutierrez,FELICIA GUTIERREZ
69179,12956,9.934,Jaclyn Zeng,JACLYN ZENG
69180,11285,2.5305,Ruben Ramos,RUBEN RAMOS
69181,11711,5.514,Brianna Jones,BRIANNA JONES
69182,11300,183.7394,Marshall Shen,MARSHALL SHEN
69184,15008,79.0959,Jesse Bell,JESSE BELL
69185,18637,33.139,Tyler Rodriguez,TYLER RODRIGUEZ
69186,15866,55.2169,Robert Perez,ROBERT PEREZ
69187,13285,104.3783,Roger Tang,ROGER TANG
69188,20383,104.4004,Julia Bennett,JULIA BENNETT
69189,19755,77.339,Cynthia Rodriguez,CYNTHIA RODRIGUEZ
69190,18421,5.514,Brandon Smith,BRANDON SMITH
69191,19215,136.4454,Philip Suarez,PHILIP SUAREZ
69192,16075,8.0444,Noah Phillips,NOAH PHILLIPS
69193,17166,5.514,Jack Wright,JACK WRIGHT
69194,15988,99.3506,Kelvin Wang,KELVIN WANG
69196,12407,82.8529,Lacey Deng,LACEY DENG
69199,11391,37.5479,Jill Miller,JILL MILLER
69200,11396,32.034,Christy Luo,CHRISTY LUO
69205,13664,215.7734,Javier Ortega,JAVIER ORTEGA
69206,12815,8.0444,Rafael Sun,RAFAEL SUN
69207,12320,47.4819,Madison Davis,MADISON DAVIS
69208,17705,8.0444,Margaret Wu,MARGARET WU
69209,12074,109.9144,Kelli Sun,KELLI SUN
69210,12428,82.8529,Ashley White,ASHLEY WHITE
69211,12432,101.6269,Jon Sharma,JON SHARMA
69212,11495,15.4479,Jenny Kumar,JENNY KUMAR
69213,13368,79.5269,Briana Gomez,BRIANA GOMEZ
69214,18595,2574.639,Anthony Jones,ANTHONY JONES
69215,16864,2618.8169,Russell Andersen,RUSSELL ANDERSEN
69216,16786,2535.964,Melody Hernandez,MELODY HERNANDEZ
69217,16147,2615.756,Nathan Campbell,NATHAN CAMPBELL
69218,16641,2642.5302,Evan Hill,EVAN HILL
69219,12947,2570.1858,Jaclyn He,JACLYN HE
69220,16081,2563.589,Kyle Phillips,KYLE PHILLIPS
69222,15145,2538.4944,Kendra Alonso,KENDRA ALONSO
69229,15187,2674.4757,Teresa Diaz,TERESA DIAZ
69235,20188,1276.8054,George Vance,GEORGE VANCE
69236,18229,1879.594,Todd Zheng,TODD ZHENG
69239,17185,2682.9953,Tony Jai,TONY JAI
69241,14668,829.0815,Jamie Blanco,JAMIE BLANCO
69242,14236,1402.0682,Sean Sanders,SEAN SANDERS
69243,11472,2700.1228,Jenny Hu,JENNY HU
69244,12995,2700.1228,Emily Perry,EMILY PERRY
69245,12932,9.934,Jaclyn Sun,JACLYN SUN
69246,18713,83.9469,Erika Vazquez,ERIKA VAZQUEZ
69247,17324,79.5048,Noah Robinson,NOAH ROBINSON
69251,16404,2580.1419,Latoya Nath,LATOYA NATH
69252,19052,2604.7944,Craig Martin,CRAIG MARTIN
69253,19899,2591.1808,Nicole Murphy,NICOLE MURPHY
69254,19032,2596.7279,Gary Dominguez,GARY DOMINGUEZ
69255,17811,2629.8669,Candice Sun,CANDICE SUN
69256,14708,866.8394,Patrick Richardson,PATRICK RICHARDSON
69258,11518,11.3152,Destiny Walker,DESTINY WALKER
69259,11519,70.6869,Jenny Nath,JENNY NATH
69262,11176,127.0308,Morgan Miller,MORGAN MILLER
69265,18345,33.139,John Jackson,JOHN JACKSON
69267,15244,55.2169,Heidi Patel,HEIDI PATEL
69269,20113,77.339,Alyssa Rogers,ALYSSA ROGERS
69270,19868,132.5779,Christine Luo,CHRISTINE LUO
69271,19734,132.5779,Rachel Sanders,RACHEL SANDERS
69272,19229,136.9979,Victor Hernandez,VICTOR HERNANDEZ
69273,18585,87.2729,Kathleen Ramos,KATHLEEN RAMOS
69274,16843,99.4169,Russell Xie,RUSSELL XIE
69275,17675,138.114,Sandra Guo,SANDRA GUO
69276,18968,90.0133,Veronica Kapoor,VERONICA KAPOOR
69277,14489,44.1779,Nathaniel Gray,NATHANIEL GRAY
69278,19836,44.1779,Lindsay Andersen,LINDSAY ANDERSEN
69279,14923,16.8292,Seth Cook,SETH COOK
69280,14780,8.0444,Timothy Cox,TIMOTHY COX
69281,19307,164.6229,Nelson Dominguez,NELSON DOMINGUEZ
69284,19445,70.6869,Victoria Perry,VICTORIA PERRY
69286,16778,2808.1586,Eric Green,ERIC GREEN
69287,14868,992.7983,Adrian Howard,ADRIAN HOWARD
69288,13063,2574.6279,Hannah Griffin,HANNAH GRIFFIN
69289,18401,2535.964,Jésus Suarez,JÉSUS SUAREZ
69290,16909,2626.5408,Jerry Chande,JERRY CHANDE
69291,14910,927.6254,Albert Romero,ALBERT ROMERO
69292,15252,850.2865,Patrick Sanchez,PATRICK SANCHEZ
69293,12922,2576.8048,Aidan Simmons,AIDAN SIMMONS
69294,15205,2610.3084,Teresa Navarro,TERESA NAVARRO
69295,15207,2624.3529,Brian Rivera,BRIAN RIVERA
69298,15182,2563.589,Teresa Martin,TERESA MARTIN
69301,15201,2688.5092,Teresa Alonso,TERESA ALONSO
69302,20206,1276.8054,Florian Stiller,FLORIAN STILLER
69303,20318,1293.3804,Cindy Foster,CINDY FOSTER
69304,14268,1918.2579,Damien Chander,DAMIEN CHANDER
69308,18634,1909.7384,Daniel Lee,DANIEL LEE
69311,15126,30.1444,Seth Murphy,SETH MURPHY
69312,17501,24.2879,Valerie Zhao,VALERIE ZHAO
69314,20269,5.514,Derek Goel,DEREK GOEL
69315,15730,38.664,Sean Edwards,SEAN EDWARDS
69316,15140,38.664,Kendra Moreno,KENDRA MORENO
69317,14792,2580.1419,Chase Cox,CHASE COX
69318,14705,2538.4944,Jesse Richardson,JESSE RICHARDSON
69319,17964,2601.1148,Christian Johnson,CHRISTIAN JOHNSON
69320,14157,2535.964,Louis Wu,LOUIS WU
69323,19186,620.9769,Philip Jimenez,PHILIP JIMENEZ
69324,18021,676.2158,Ryan Lewis,RYAN LEWIS
69327,11185,16.8292,Morgan Jackson,MORGAN JACKSON
69328,16667,23.7465,Connor Hill,CONNOR HILL
69332,11091,79.0959,Jennifer Taylor,JENNIFER TAYLOR
69334,20392,147.4844,Julia Henderson,JULIA HENDERSON
69335,12895,159.6394,Rafael Raji,RAFAEL RAJI
69336,18579,77.339,Tyler Martinez,TYLER MARTINEZ
69337,14446,104.4004,Lawrence Romero,LAWRENCE ROMERO
69338,15977,44.1779,Henry Mehta,HENRY MEHTA
69341,15421,5.514,Candace Rana,CANDACE RANA
69342,16367,44.1779,Angel Nelson,ANGEL NELSON
69343,14624,44.1779,Seth Rivera,SETH RIVERA
69344,13930,155.2194,Wendy Alvarez,WENDY ALVAREZ
69345,15243,40.8408,Heidi Chandra,HEIDI CHANDRA
69346,18142,26.8184,Christopher Jackson,CHRISTOPHER JACKSON
69347,15610,82.8529,Jose Evans,JOSE EVANS
69357,11566,8.0444,Barbara Zhu,BARBARA ZHU
69358,14119,82.8529,Isaac Brooks,ISAAC BROOKS
69359,14906,82.8529,Patrick Ward,PATRICK WARD
69360,13587,86.7204,Blake Ross,BLAKE ROSS
69361,12312,38.664,Colleen Luo,COLLEEN LUO
69362,11586,9.934,Barbara Shen,BARBARA SHEN
69363,12590,9.934,Ashley Butler,ASHLEY BUTLER
69364,19842,623.5073,Lindsay Chander,LINDSAY CHANDER
69366,14915,927.6254,Richard Cook,RICHARD COOK
69367,16881,2563.589,Jerry She,JERRY SHE
69368,16833,2590.0758,Melody Jimenez,MELODY JIMENEZ
69369,16086,2659.6798,Gabriel Phillips,GABRIEL PHILLIPS
69370,16104,2668.5419,Luke Phillips,LUKE PHILLIPS
69371,15227,2674.6083,Xavier Stewart,XAVIER STEWART
69378,15590,2641.9998,Ricky Alonso,RICKY ALONSO
69384,18556,1879.594,Zachary Thomas,ZACHARY THOMAS
69387,12750,666.8565,Omar Shan,OMAR SHAN
69566,12708,9.934,Kayla Ross,KAYLA ROSS
69567,14100,30.1444,Lori Jimenez,LORI JIMENEZ
69568,12357,98.8533,Samantha Smith,SAMANTHA SMITH
69569,16030,41.1834,Bobby Rodriguez,BOBBY RODRIGUEZ
69570,18450,28.1554,Brandon Robinson,BRANDON ROBINSON
69572,11045,55.239,Julia Miller,JULIA MILLER
69573,18743,11.3152,Michael Thompson,MICHAEL THOMPSON
69574,18258,9.934,Curtis Lu,CURTIS LU
69576,14800,897.7241,Roberto Moreno,ROBERTO MORENO
69577,12850,2580.1419,Rafael Xu,RAFAEL XU
69578,12820,2574.6279,Trevor Ross,TREVOR ROSS
69579,12819,2618.8058,Rafael Gao,RAFAEL GAO
69580,20549,2566.1194,April Raje,APRIL RAJE
69581,15665,687.2658,Logan Edwards,LOGAN EDWARDS
69583,11049,6.9394,Julia Anderson,JULIA ANDERSON
69587,11176,44.1779,Morgan Miller,MORGAN MILLER
69588,12984,76.2119,Emily Bennett,EMILY BENNETT
69589,11211,26.2769,Ruben Prasad,RUBEN PRASAD
69590,13920,76.2119,Lucas Perry,LUCAS PERRY
69595,11712,33.139,Pedro Dominguez,PEDRO DOMINGUEZ
69597,12959,77.3169,Jaclyn She,JACLYN SHE
69599,12140,26.4869,Kelli Becker,KELLI BECKER
69601,18076,75.0627,Justin Garcia,JUSTIN GARCIA
69602,17527,14.2987,Mason Hall,MASON HALL
69604,14625,8.0444,Clinton Gutierrez,CLINTON GUTIERREZ
69605,13888,24.2879,Ian Simmons,IAN SIMMONS
69606,16419,30.1444,Luis Carter,LUIS CARTER
69610,12545,76.7533,Samantha Bryant,SAMANTHA BRYANT
69611,13539,76.2119,Jon Lin,JON LIN
69613,14142,32.5754,Garrett Brooks,GARRETT BROOKS
69614,11219,41.2055,Ruben Mehta,RUBEN MEHTA
69615,13272,90.0133,Carson Diaz,CARSON DIAZ
69616,20644,2715.3497,Kaitlyn Griffin,KAITLYN GRIFFIN
69617,17555,2677.9454,Brittney Xu,BRITTNEY XU
69618,17439,2587.8769,Caleb Hall,CALEB HALL
69619,13402,2596.7279,Willie Chande,WILLIE CHANDE
69620,17415,2538.4944,Karen Gao,KAREN GAO
69621,17416,2619.9108,Thomas Anderson,THOMAS ANDERSON
69622,17003,2670.1773,Robert Hernandez,ROBERT HERNANDEZ
69623,17157,2580.1529,Robert Miller,ROBERT MILLER
69624,11241,2682.9953,Isabella Clark,ISABELLA CLARK
69626,18334,1238.1415,John Anderson,JOHN ANDERSON
69630,15647,1895.0419,Angel Evans,ANGEL EVANS
69633,17295,899.9894,Bethany Nara,BETHANY NARA
69634,15265,937.5594,Heidi Subram,HEIDI SUBRAM
69635,16810,820.2968,Mason Green,MASON GREEN
69641,18564,1895.0419,Kathleen Munoz,KATHLEEN MUNOZ
69642,12330,1253.5894,Madison Thomas,MADISON THOMAS
69649,12305,606.6229,Colleen Shen,COLLEEN SHEN
69652,19284,1918.2579,Erik Gutierrez,ERIK GUTIERREZ
69653,11046,886.0222,Julia Wilson,JULIA WILSON
69654,11357,820.2968,Christy Sun,CHRISTY SUN
69655,13123,2673.0613,Edwin Chen,EDWIN CHEN
69656,13133,2673.0613,Fernando Diaz,FERNANDO DIAZ
69657,19257,1922.1033,Brianna Patterson,BRIANNA PATTERSON
69658,13625,2732.7203,Blake Diaz,BLAKE DIAZ
69659,11974,42.5094,Kayla Thompson,KAYLA THOMPSON
69660,11287,8.7848,Ruben Carlson,RUBEN CARLSON
69661,13124,27.614,Edwin Li,EDWIN LI
69664,18265,38.664,Curtis Ma,CURTIS MA
69665,16492,43.0729,Jordan Mitchell,JORDAN MITCHELL
69666,13125,6.9394,Fernando Gonzales,FERNANDO GONZALES
69667,16695,42.9624,Francisco Ashe,FRANCISCO ASHE
69668,16665,42.9624,Caleb Hill,CALEB HILL
69669,14803,859.0712,Adrian Cox,ADRIAN COX
69670,11215,2.5305,Isabella Brown,ISABELLA BROWN
69671,11185,71.7919,Morgan Jackson,MORGAN JACKSON
69674,11330,67.4934,Grace Lewis,GRACE LEWIS
69677,11868,79.0959,Emma White,EMMA WHITE
69678,17491,77.3169,Valerie Huang,VALERIE HUANG
69681,20381,77.339,Julia Price,JULIA PRICE
69682,20292,132.5779,Bradley Lal,BRADLEY LAL
69683,15162,77.339,Bryan Bailey,BRYAN BAILEY
69684,20743,87.2729,Crystal Chen,CRYSTAL CHEN
69686,16120,8.0444,Kristopher Gonzalez,KRISTOPHER GONZALEZ
69687,15316,8.0444,Jillian Raman,JILLIAN RAMAN
69688,14615,32.0008,Richard Rivera,RICHARD RIVERA
69689,17709,33.1279,Nathan Lewis,NATHAN LEWIS
69690,14389,8.0444,Carlos Peterson,CARLOS PETERSON
69691,14499,16.8292,Jonathon Serrano,JONATHON SERRANO
69692,14595,44.1779,Evan James,EVAN JAMES
69694,18883,62.9519,Whitney Patel,WHITNEY PATEL
69696,16421,34.5534,Tracy Lal,TRACY LAL
69698,12746,40.0784,Alexis Barnes,ALEXIS BARNES
69700,11621,133.6498,Barbara Nara,BARBARA NARA
69701,16141,651.9058,James Campbell,JAMES CAMPBELL
69702,19997,2696.189,Destiny Stewart,DESTINY STEWART
69703,17604,2618.8169,James Davis,JAMES DAVIS
69704,16961,2562.4508,Jackson King,JACKSON KING
69705,15289,874.5744,Heidi Perez,HEIDI PEREZ
69706,13710,2587.3133,Rodney Ortega,RODNEY ORTEGA
69708,17326,982.8865,Noah Clark,NOAH CLARK
69709,15785,2633.1377,Troy Kapoor,TROY KAPOOR
69710,15719,2630.4194,Marc Suarez,MARC SUAREZ
69715,18801,1988.4254,Joshua Clark,JOSHUA CLARK
69716,14354,1939.2529,Steven Torres,STEVEN TORRES
69721,13128,2694.0563,Fernando Bryant,FERNANDO BRYANT
69722,18215,156.8879,Todd Xu,TODD XU
69723,16343,24.2879,Mohamed Pal,MOHAMED PAL
69727,12357,4.409,Samantha Smith,SAMANTHA SMITH
69729,15024,9.934,Paula Alonso,PAULA ALONSO
69730,18215,9.934,Todd Xu,TODD XU
69731,20718,2762.9862,Amy Sun,AMY SUN
69732,17977,866.8394,Ryan Williams,RYAN WILLIAMS
69733,19441,866.8394,Douglas Gonzalez,DOUGLAS GONZALEZ
69735,14928,2626.5408,Paula Hernandez,PAULA HERNANDEZ
69736,18626,2602.2529,Anthony White,ANTHONY WHITE
69737,16197,635.3529,Sean Campbell,SEAN CAMPBELL
69739,11632,38.664,Lauren Taylor,LAUREN TAYLOR
69740,11300,98.3119,Marshall Shen,MARSHALL SHEN
69747,19232,43.0729,Brianna Sandberg,BRIANNA SANDBERG
69749,20325,87.2729,Chad Tang,CHAD TANG
69750,18345,94.4554,John Jackson,JOHN JACKSON
69751,13413,62.9519,Dave Natsuhara,DAVE NATSUHARA
69752,18149,38.675,Abby Perez,ABBY PEREZ
69755,19371,35.6694,Olivia Alexander,OLIVIA ALEXANDER
69757,13828,183.7394,Marcus Powell,MARCUS POWELL
69758,14633,162.3798,Angel Cooper,ANGEL COOPER
69759,17337,24.2879,Alan Zheng,ALAN ZHENG
69760,12324,65.1729,Colleen Shan,COLLEEN SHAN
69761,18068,2696.189,Jeffery He,JEFFERY HE
69762,15309,927.6254,Sean Morris,SEAN MORRIS
69763,15312,937.5594,Patrick Morris,PATRICK MORRIS
69764,15333,937.5594,Jillian Lopez,JILLIAN LOPEZ
69765,15308,927.6254,Jillian Srini,JILLIAN SRINI
69766,18357,2552.5169,John Harris,JOHN HARRIS
69767,13353,2614.3637,Julian Griffin,JULIAN GRIFFIN
69768,17399,2615.4908,Thomas Wilson,THOMAS WILSON
69769,13551,1352.3432,Miguel Jenkins,MIGUEL JENKINS
69770,19439,1407.5822,Douglas Martinez,DOUGLAS MARTINEZ
69772,17781,2644.3313,Nathan Jones,NATHAN JONES
69773,17214,2644.3313,Robert Harris,ROBERT HARRIS
69774,17225,2743.7482,Terry Luo,TERRY LUO
69786,14884,1308.8283,Xavier Howard,XAVIER HOWARD
69788,18798,1909.7384,Joshua Robinson,JOSHUA ROBINSON
69791,11356,874.4086,Rachel White,RACHEL WHITE
69795,12352,205.8394,Colleen Anand,COLLEEN ANAND
69796,11966,27.614,Kayla White,KAYLA WHITE
69797,20630,82.8529,Katie Nara,KATIE NARA
69798,15715,16.5529,Marc Ramos,MARC RAMOS
69801,16465,915.4262,Misty Sharma,MISTY SHARMA
69802,19049,2646.4198,Lauren Hughes,LAUREN HUGHES
69803,17647,2574.6279,Sandra Yang,SANDRA YANG
69804,20581,2696.189,Kaitlyn Ward,KAITLYN WARD
69805,11222,146.9429,Ruben Lopez,RUBEN LOPEZ
69807,19224,203.8504,Nelson Alonso,NELSON ALONSO
69812,11748,45.957,Olivia Williams,OLIVIA WILLIAMS
69813,11823,40.432,Ross Ramos,ROSS RAMOS
69814,18988,77.339,Veronica Raman,VERONICA RAMAN
69815,15376,87.2729,Brenda Garcia,BRENDA GARCIA
69816,19540,77.339,Monica Malhotra,MONICA MALHOTRA
69818,14480,77.339,Jonathon Moreno,JONATHON MORENO
69820,15936,44.1779,Nathan Roberts,NATHAN ROBERTS
69821,15407,44.1779,Seth Rogers,SETH ROGERS
69822,19905,8.0444,Kathryn Xie,KATHRYN XIE
69823,14548,138.114,Patrick Ramirez,PATRICK RAMIREZ
69825,17901,34.5534,Hunter Moore,HUNTER MOORE
69826,16472,30.1444,Samuel Mitchell,SAMUEL MITCHELL
69827,17879,71.7919,Hunter Smith,HUNTER SMITH
69829,13796,44.1779,Monique Ortega,MONIQUE ORTEGA
69830,11188,82.8529,Marshall Hu,MARSHALL HU
69831,11527,41.2055,Jenny Becker,JENNY BECKER
69832,13723,82.8529,Devin Diaz,DEVIN DIAZ
69833,11476,59.659,Jenny Zeng,JENNY ZENG
69834,12924,100.4998,Aidan Gonzales,AIDAN GONZALES
69835,19994,596.689,Tara Sharma,TARA SHARMA
69836,16151,706.5923,Ioannis Xylaras,IOANNIS XYLARAS
69837,19830,2641.9777,Lindsay Shan,LINDSAY SHAN
69838,17004,2672.4204,Noah King,NOAH KING
69839,12622,830.2307,Clayton Zeng,CLAYTON ZENG
69841,11417,835.7447,Jasmine Clark,JASMINE CLARK
69844,11610,2649.8453,Barbara Andersen,BARBARA ANDERSEN
69846,15645,1918.2579,Diane Vazquez,DIANE VAZQUEZ
69849,13091,2700.1228,Louis Lal,LOUIS LAL
69850,13105,2538.4944,Robyn Torres,ROBYN TORRES
69855,20077,699.9623,Joel Madan,JOEL MADAN
69863,13079,2644.3313,Madison Jenkins,MADISON JENKINS
69864,13622,2710.6092,Javier Hernandez,JAVIER HERNANDEZ
69866,12045,9.934,Rakesh Tangirala,RAKESH TANGIRALA
69867,11941,76.2119,Alisha Li,ALISHA LI
69868,14014,30.1444,Jared James,JARED JAMES
69870,12371,71.2394,Samantha Miller,SAMANTHA MILLER
69871,12582,65.1729,Ashley Patterson,ASHLEY PATTERSON
69872,17289,69.5929,Bethany Raje,BETHANY RAJE
69873,14858,9.934,Sebastian Howard,SEBASTIAN HOWARD
69874,16549,2748.4997,Jesse Scott,JESSE SCOTT
69875,16426,2535.964,Tracy Pal,TRACY PAL
69876,20587,2628.7398,Kaitlyn Peterson,KAITLYN PETERSON
69877,12833,2552.5169,Robyn Gomez,ROBYN GOMEZ
69878,20556,2587.8769,April Nath,APRIL NATH
69879,14861,2650.3094,Jared Howard,JARED HOWARD
69880,16252,662.9779,Denise Mehta,DENISE MEHTA
69884,16089,103.2733,Kristopher Kapoor,KRISTOPHER KAPOOR
69886,15872,55.2169,Allen Gonzalez,ALLEN GONZALEZ
69887,20027,87.2729,Destiny Richardson,DESTINY RICHARDSON
69889,18390,132.5779,Jésus Gill,JÉSUS GILL
69891,16376,8.0444,Sean Nelson,SEAN NELSON
69892,16669,5.514,Alison Nath,ALISON NATH
69893,14630,5.514,Carlos Cooper,CARLOS COOPER
69894,13991,94.4554,Joanna Vazquez,JOANNA VAZQUEZ
69895,16724,44.1779,Alex Adams,ALEX ADAMS
69896,13869,24.2879,Ian Henderson,IAN HENDERSON
69898,18012,28.1554,Ryan Robinson,RYAN ROBINSON
69899,19509,48.5869,Emma Howard,EMMA HOWARD
69900,11386,76.2119,Christy Xie,CHRISTY XIE
69905,12638,32.5754,Nuan Yuan,NUAN YUAN
69906,11631,82.8529,Lauren Moore,LAUREN MOORE
69907,11879,109.9144,Tamara Cai,TAMARA CAI
69908,16646,134.7437,Elijah Hill,ELIJAH HILL
69909,13181,62.9519,Antonio Price,ANTONIO PRICE
69910,13218,94.4554,Antonio Bryant,ANTONIO BRYANT
69911,13387,2582.6834,Oscar Washington,OSCAR WASHINGTON
69912,17546,2562.4508,James Moore,JAMES MOORE
69913,17038,2698.7194,Johnny Shen,JOHNNY SHEN
69914,17133,2604.7944,Mitchell Kumar,MITCHELL KUMAR
69915,17398,2602.2529,Karen Huang,KAREN HUANG
69916,18972,2618.8169,Veronica Patel,VERONICA PATEL
69917,13517,1384.9186,Jon Zhang,JON ZHANG
69918,13554,1342.4093,Miguel Powell,MIGUEL POWELL
69926,16484,659.9723,Misty Goel,MISTY GOEL
69927,15788,2621.0158,Diane Rubio,DIANE RUBIO
69930,15391,2688.5092,Garrett Rogers,GARRETT ROGERS
69935,20080,606.6229,Joel Schmidt,JOEL SCHMIDT
69938,18794,1918.2579,Joshua Garcia,JOSHUA GARCIA
69942,13111,1381.0732,Louis Goel,LOUIS GOEL
69944,13080,2688.5092,Louis Xu,LOUIS XU
69946,12587,30.1444,Ashley Washington,ASHLEY WASHINGTON
69949,12666,5.514,Clayton Goel,CLAYTON GOEL
69950,16184,43.0729,Tina Vance,TINA VANCE
69952,15728,38.664,Billy Ruiz,BILLY RUIZ
69953,13013,40.0784,Emily Russell,EMILY RUSSELL
69954,15812,2.5305,Jesse Stewart,JESSE STEWART
69955,12749,2582.6834,Alexis Henderson,ALEXIS HENDERSON
69956,16446,1007.1744,Misty Shen,MISTY SHEN
69957,15674,674.0169,Hunter Edwards,HUNTER EDWARDS
69958,19278,635.3529,Brianna Russell,BRIANNA RUSSELL
69959,11331,55.239,Grace Lee,GRACE LEE
69965,11276,82.2783,Natalie Martin,NATALIE MARTIN
69966,11277,15.4479,Ruben Vazquez,RUBEN VAZQUEZ
69967,17665,44.1779,Sandra Xu,SANDRA XU
69968,18779,5.514,Joshua Anderson,JOSHUA ANDERSON
69969,14390,44.1779,Giraldo Sandoval,GIRALDO SANDOVAL
69971,14695,54.1229,Sheila Blanco,SHEILA BLANCO
69972,15355,38.675,Brenda Malhotra,BRENDA MALHOTRA
69977,11880,46.7194,Tamara Zeng,TAMARA ZENG
69978,11931,165.1533,Elizabeth Clark,ELIZABETH CLARK
69979,15874,94.4554,Allen Rodriguez,ALLEN RODRIGUEZ
69980,12928,82.8529,Jaclyn Lu,JACLYN LU
69981,15526,46.7194,Pamela Kapoor,PAMELA KAPOOR
69982,13383,2574.6279,Oscar Flores,OSCAR FLORES
69983,15342,954.6869,Lucas Morris,LUCAS MORRIS
69984,17171,2696.189,Adam Wright,ADAM WRIGHT
69985,13233,2658.5748,Carson Price,CARSON PRICE
69986,18959,2587.3133,Joseph Clark,JOSEPH CLARK
69987,16204,2634.3974,Kevin Baker,KEVIN BAKER
69989,12588,651.9279,Clayton Zhou,CLAYTON ZHOU
69990,15767,2574.639,Billy Suarez,BILLY SUAREZ
69991,15797,2590.4073,Timothy Collins,TIMOTHY COLLINS
69992,16157,2563.589,Kyle Campbell,KYLE CAMPBELL
69993,11175,873.2926,Morgan Davis,MORGAN DAVIS
70003,18680,1918.2579,Diana Sanz,DIANA SANZ
70004,18605,1918.2579,Anthony Miller,ANTHONY MILLER
70009,14161,596.689,Lucas Brooks,LUCAS BROOKS
70013,11422,622.0708,Christy Goel,CHRISTY GOEL
70014,11126,860.3751,Roy Fernandez,ROY FERNANDEZ
70015,11134,820.2968,Marshall Guo,MARSHALL GUO
70019,19288,1918.2579,Erik Vazquez,ERIK VAZQUEZ
70020,14009,32.0229,Juan James,JUAN JAMES
70021,14309,27.614,Kristy Gomez,KRISTY GOMEZ
70022,18717,93.8366,Michael Williams,MICHAEL WILLIAMS
70023,18216,33.0727,Austin Davis,AUSTIN DAVIS
70025,11121,16.5529,Kaitlyn Jones,KAITLYN JONES
70026,17316,65.7254,Thomas Clark,THOMAS CLARK
70027,14802,932.5869,Roberto Munoz,ROBERTO MUNOZ
70029,12852,2610.3084,Trevor Diaz,TREVOR DIAZ
70030,14975,2628.7398,Paula Jimenez,PAULA JIMENEZ
70031,14929,2570.1858,Albert Castro,ALBERT CASTRO
70032,19922,2602.2529,Kathryn Carson,KATHRYN CARSON
70033,12711,2635.3919,Omar Liang,OMAR LIANG
70034,12961,9.934,Carol Washington,CAROL WASHINGTON
70040,19646,79.0959,Grace Jenkins,GRACE JENKINS
70043,13095,104.9419,Louis Shan,LOUIS SHAN
70044,20389,25.3377,Shawn Raje,SHAWN RAJE
70045,18453,5.514,Brandon Clark,BRANDON CLARK
70046,18456,14.2987,Tyler Harris,TYLER HARRIS
70047,17587,5.514,Stacey Chen,STACEY CHEN
70048,20083,44.1779,Destiny Long,DESTINY LONG
70049,16766,5.514,Candice He,CANDICE HE
70050,20760,8.0444,Isabella Cook,ISABELLA COOK
70052,16280,14.2987,Casey Xie,CASEY XIE
70053,14534,40.8408,Alex Ramirez,ALEX RAMIREZ
70054,16579,77.339,Kara Anand,KARA ANAND
70055,17961,81.7258,Ryan Thompson,RYAN THOMPSON
70058,13204,156.8879,Edwin Chander,EDWIN CHANDER
70059,11497,38.664,Jenny Lal,JENNY LAL
70060,16135,640.8669,Molly Sai,MOLLY SAI
70061,17593,2630.4194,Stacey Huang,STACEY HUANG
70062,17624,2604.7944,James Harris,JAMES HARRIS
70063,17581,2618.2423,Naomi Suarez,NAOMI SUAREZ
70064,13145,2582.6834,Spencer Coleman,SPENCER COLEMAN
70065,15311,927.6254,Timothy Morris,TIMOTHY MORRIS
70066,19438,1402.0682,Douglas Fernandez,DOUGLAS FERNANDEZ
70070,15644,1914.1473,Jimmy Navarro,JIMMY NAVARRO
70071,13113,2653.1161,Fernando Long,FERNANDO LONG
70072,13115,2688.5092,Fernando Hughes,FERNANDO HUGHES
70074,11044,2574.639,Joe Moreno,JOE MORENO
70075,15725,2591.1808,Billy Gomez,BILLY GOMEZ
70076,13049,2598.9158,Louis Ma,LOUIS MA
70082,18780,1944.7669,Meghan Ruiz,MEGHAN RUIZ
70085,16567,2634.3974,James Green,JAMES GREEN
70086,12129,2673.0613,Taylor Johnson,TAYLOR JOHNSON
70087,11047,820.2968,Julia Moore,JULIA MOORE
70090,12144,8.7848,Taylor Anderson,TAYLOR ANDERSON
70091,17228,30.1444,Jose Jones,JOSE JONES
70092,13982,27.614,Joanna Gutierrez,JOANNA GUTIERREZ
70093,19088,24.2879,Craig Sanz,CRAIG SANZ
70094,20619,82.8529,Dwayne Ramos,DWAYNE RAMOS
70095,20223,97.7041,George Perez,GEORGE PEREZ
70098,19312,623.5073,Olivia Cooper,OLIVIA COOPER
70099,11805,59.659,Ross Johnsen,ROSS JOHNSEN
70100,12099,9.934,Jessica Thomas,JESSICA THOMAS
70103,11223,2.5305,Isabella Moore,ISABELLA MOORE
70104,11331,8.0444,Grace Lee,GRACE LEE
70105,15761,76.2119,Aaron Collins,AARON COLLINS
70111,12972,41.1834,Dakota Alexander,DAKOTA ALEXANDER
70112,19200,41.1834,Brianna Murphy,BRIANNA MURPHY
70113,14658,25.3377,Sebastian Cooper,SEBASTIAN COOPER
70114,19017,77.339,Lauren Kelly,LAUREN KELLY
70115,18879,77.339,Andrew Moore,ANDREW MOORE
70116,17490,14.2987,Kevin Hall,KEVIN HALL
70117,17469,8.0444,Cameron White,CAMERON WHITE
70118,17146,44.1779,Noah Wright,NOAH WRIGHT
70119,16131,183.7394,Evan Phillips,EVAN PHILLIPS
70120,15898,8.0444,Johnathan Rana,JOHNATHAN RANA
70121,16591,146.9319,Aaron Scott,AARON SCOTT
70122,16578,82.8529,Kara Raji,KARA RAJI
70126,11787,82.8529,Olivia Lee,OLIVIA LEE
70127,12093,41.2055,Jessica Moore,JESSICA MOORE
70128,12119,46.7194,Jessica Walker,JESSICA WALKER
70129,12426,109.9144,Lacey Sharma,LACEY SHARMA
70130,14022,738.6483,Cody James,CODY JAMES
70131,16138,624.314,Molly Madan,MOLLY MADAN
70132,16123,696.1169,Angel Phillips,ANGEL PHILLIPS
70133,20182,2624.3529,Alyssa Ross,ALYSSA ROSS
70134,18075,2646.4419,Jeffery Cai,JEFFERY CAI
70135,17623,2571.2908,Stacey Guo,STACEY GUO
70136,17543,2668.564,Cameron Clark,CAMERON CLARK
70137,17544,2607.7779,Brittney Ye,BRITTNEY YE
70138,15290,987.2844,Dalton Sanchez,DALTON SANCHEZ
70139,13057,992.7983,Louis Zheng,LOUIS ZHENG
70140,18224,2645.8673,Todd Ma,TODD MA
70141,18225,2596.7058,Todd Liang,TODD LIANG
70142,20375,2615.4908,Shawn Yuan,SHAWN YUAN
70143,19705,2587.8769,Kristina Raman,KRISTINA RAMAN
70144,13154,2552.5169,Edwin Xu,EDWIN XU
70145,17176,2618.8058,Tony Kumar,TONY KUMAR
70146,11496,1342.4093,Destiny Jackson,DESTINY JACKSON
70147,17834,875.5357,Ethan Jones,ETHAN JONES
70151,17294,859.0712,Noah Brown,NOAH BROWN
70152,16158,2563.589,Kevin Campbell,KEVIN CAMPBELL
70153,15722,2651.4144,Mason Edwards,MASON EDWARDS
70161,13265,596.689,Carson Bryant,CARSON BRYANT
70162,16565,2674.4757,Kara Andersen,KARA ANDERSEN
70163,11033,845.6786,Julia Jones,JULIA JONES
70164,14681,858.9607,Jamie Sanz,JAMIE SANZ
70166,12666,30.1444,Clayton Goel,CLAYTON GOEL
70167,14229,27.614,Evan Sanders,EVAN SANDERS
70168,13048,87.2729,Louis Gao,LOUIS GAO
70169,13640,43.0729,Edward Powell,EDWARD POWELL
70170,19575,40.0784,Holly Vance,HOLLY VANCE
70171,20560,2628.7398,April Beck,APRIL BECK
70172,12717,2547.0029,Omar Zheng,OMAR ZHENG
70173,19943,2574.6279,Julie Tang,JULIE TANG
70175,11619,75.0627,Lauren Jones,LAUREN JONES
70176,11277,91.262,Ruben Vazquez,RUBEN VAZQUEZ
70178,19000,33.139,Veronica Gonzalez,VERONICA GONZALEZ
70182,18821,77.339,Matthew Brown,MATTHEW BROWN
70184,18408,14.2987,Jésus Ortega,JÉSUS ORTEGA
70186,19115,164.0594,Derrick Torres,DERRICK TORRES
70187,18994,136.9979,Veronica Lopez,VERONICA LOPEZ
70189,16650,5.514,Alison Sharma,ALISON SHARMA
70192,14251,79.5269,Jared Sanders,JARED SANDERS
70193,13932,24.2879,Lucas Foster,LUCAS FOSTER
70194,16058,34.2219,Andre Smith,ANDRE SMITH
70195,13655,24.2879,Edward Foster,EDWARD FOSTER
70196,19081,35.6584,Megan Cook,MEGAN COOK
70198,19179,14.2987,Megan Griffin,MEGAN GRIFFIN
70203,11091,38.675,Jennifer Taylor,JENNIFER TAYLOR
70204,13826,54.1119,Marcus Perry,MARCUS PERRY
70205,11728,82.8529,Pedro Ramos,PEDRO RAMOS
70206,11841,46.7194,Gerald Arun,GERALD ARUN
70207,13167,46.7194,Edwin He,EDWIN HE
70208,13073,24.2879,Madison Ross,MADISON ROSS
70209,13222,68.4769,Roger Zhang,ROGER ZHANG
70210,16142,623.1758,Jonathan Campbell,JONATHAN CAMPBELL
70211,17460,2585.6669,Leah Xu,LEAH XU
70212,17474,2602.2529,Leah Zheng,LEAH ZHENG
70213,17499,2535.964,Naomi Blanco,NAOMI BLANCO
70214,17535,2658.0444,Brittney Liu,BRITTNEY LIU
70215,15255,888.9504,Heidi Srini,HEIDI SRINI
70216,12031,850.2865,Alisha Nath,ALISHA NATH
70217,13248,2552.5169,Roger Lu,ROGER LU
70218,12418,2642.5523,Lacey Luo,LACEY LUO
70219,18950,2598.9158,Kelvin Ma,KELVIN MA
70220,17136,2538.4944,Adam King,ADAM KING
70221,17156,2765.0084,Mitchell Black,MITCHELL BLACK
70222,13690,1396.5211,Rodney Torres,RODNEY TORRES
70226,12585,640.8669,Ashley Flores,ASHLEY FLORES
70227,15756,2618.8169,Billy Dominguez,BILLY DOMINGUEZ
70228,13050,2574.639,Hannah Butler,HANNAH BUTLER
70229,11191,889.8897,Morgan Martin,MORGAN MARTIN
70231,11082,862.8061,Roy Suri,ROY SURI
70239,20651,1270.1644,Morgan Morris,MORGAN MORRIS
70241,18800,1939.2529,Meghan Torres,MEGHAN TORRES
70246,15120,896.5086,Jill Ortega,JILL ORTEGA
70248,19289,1950.2808,Kelvin Guo,KELVIN GUO
70249,12409,132.6,Ashley Williams,ASHLEY WILLIAMS
70250,11950,38.664,Alisha Wu,ALISHA WU
70251,11148,35.6584,Kaitlyn Robinson,KAITLYN ROBINSON
70252,18763,59.659,Joshua Jones,JOSHUA JONES
70254,11371,55.239,Marshall Xu,MARSHALL XU
70255,16445,883.4254,Carlos Carter,CARLOS CARTER
70256,16509,901.0612,Aaron Mitchell,AARON MITCHELL
70257,14947,2535.964,Randall Hernandez,RANDALL HERNANDEZ
70258,19298,2563.589,Erik Suarez,ERIK SUAREZ
70259,19911,2580.1419,Nicole Richardson,NICOLE RICHARDSON
70260,20555,2619.9108,Kaitlyn Cook,KAITLYN COOK
70264,11091,38.5535,Jennifer Taylor,JENNIFER TAYLOR
70266,12431,35.6694,Ashley Harris,ASHLEY HARRIS
70268,20432,16.5529,Julia Griffin,JULIA GRIFFIN
70269,12919,26.4869,Jaclyn Lin,JACLYN LIN
70270,17539,159.6394,Brittney Wu,BRITTNEY WU
70271,18940,87.2729,Chelsea Srini,CHELSEA SRINI
70273,18397,5.514,William Brown,WILLIAM BROWN
70274,17528,60.7529,Cameron McDonald,CAMERON MCDONALD
70275,15736,85.0187,Jonathan Collins,JONATHAN COLLINS
70278,17643,77.3169,Sandra Li,SANDRA LI
70279,17878,77.3169,Samuel Walker,SAMUEL WALKER
70284,11510,109.9144,Destiny Clark,DESTINY CLARK
70285,11159,46.7194,Roy Romero,ROY ROMERO
70286,12958,219.884,Dakota Flores,DAKOTA FLORES
70287,11521,46.7194,Alyssa Smith,ALYSSA SMITH
70288,13342,35.6031,Julian Butler,JULIAN BUTLER
70289,11390,54.1119,Christy Tang,CHRISTY TANG
70290,15287,992.7983,Heidi Sanchez,HEIDI SANCHEZ
70291,18113,2643.1158,Christopher Anderson,CHRISTOPHER ANDERSON
70292,13400,2637.5687,Willie Andersen,WILLIE ANDERSEN
70293,18353,2560.2519,Frank Carlson,FRANK CARLSON
70294,17001,2587.8769,Ricardo Kumar,RICARDO KUMAR
70295,13359,2714.1894,Julian Hayes,JULIAN HAYES
70296,13743,2596.7279,Eduardo Hughes,EDUARDO HUGHES
70297,17139,2552.5169,Eric King,ERIC KING
70299,11171,835.7447,Roy Vazquez,ROY VAZQUEZ
70305,14883,1248.0754,Lance Ortega,LANCE ORTEGA
70306,18645,1879.594,Diana Alvarez,DIANA ALVAREZ
70308,12292,622.9659,Hannah Harris,HANNAH HARRIS
70309,13616,2732.7092,Walter Suarez,WALTER SUAREZ
70312,12146,141.3848,Taylor Thomas,TAYLOR THOMAS
70313,12997,38.9292,Jaclyn Becker,JACLYN BECKER
70314,14317,34.5534,Dalton Ward,DALTON WARD
70315,18191,94.4554,Todd Chow,TODD CHOW
70316,12997,47.4819,Jaclyn Becker,JACLYN BECKER
70319,16452,982.8423,Misty Tang,MISTY TANG
70320,19931,2588.9266,Shannon Ruiz,SHANNON RUIZ
70321,19917,2617.7119,Kathryn Shan,KATHRYN SHAN
70322,12817,2590.4073,Rafael Zhu,RAFAEL ZHU
70323,14833,2574.639,Mason Howard,MASON HOWARD
70324,19258,634.2479,Victor Sanz,VICTOR SANZ
70325,11318,2.5305,Lacey Becker,LACEY BECKER
70326,13267,33.1279,Roger Holt,ROGER HOLT
70327,11276,44.1779,Natalie Martin,NATALIE MARTIN
70329,11200,36.023,Morgan Lewis,MORGAN LEWIS
70331,13936,71.7919,Lucas Bryant,LUCAS BRYANT
70332,12158,41.1834,Dawn Yang,DAWN YANG
70333,17347,77.3169,Robert Smith,ROBERT SMITH
70334,18536,60.7529,Leslie Ramos,LESLIE RAMOS
70335,19665,77.339,Patricia Madan,PATRICIA MADAN
70336,18082,75.1069,Christian Moore,CHRISTIAN MOORE
70337,18340,44.1779,Nicholas Lewis,NICHOLAS LEWIS
70338,15335,44.1779,Eduardo Morris,EDUARDO MORRIS
70339,20771,51.3494,Isabella Bailey,ISABELLA BAILEY
70341,15713,36.023,Marc Serrano,MARC SERRANO
70342,20141,4.409,Ronald Fernandez,RONALD FERNANDEZ
70344,12626,76.2119,Clayton Deng,CLAYTON DENG
70346,13675,182.6123,Wyatt Jenkins,WYATT JENKINS
70347,16401,8.0444,Kyle Carter,KYLE CARTER
70348,15872,94.4554,Allen Gonzalez,ALLEN GONZALEZ
70349,13399,2535.964,Willie Pal,WILLIE PAL
70350,19844,2688.3987,Jasmine Barnes,JASMINE BARNES
70351,18232,2618.8169,John Williams,JOHN WILLIAMS
70352,17009,2598.9158,Melody Gill,MELODY GILL
70353,13212,2633.1377,Antonio Butler,ANTONIO BUTLER
70354,13361,2566.1194,Oscar Price,OSCAR PRICE
70355,13214,2563.589,Antonio Simmons,ANTONIO SIMMONS
70358,15646,1939.2529,Jimmy Gutierrez,JIMMY GUTIERREZ
70359,12589,680.6358,Clayton Ye,CLAYTON YE
70360,15755,2602.2529,Billy Torres,BILLY TORRES
70361,15717,2610.3084,Alex Edwards,ALEX EDWARDS
70362,11083,820.2968,Jennifer Jones,JENNIFER JONES
70366,20350,1276.8054,Dwayne Ruiz,DWAYNE RUIZ
70367,20373,1276.8054,Shawn Luo,SHAWN LUO
70373,11032,830.2307,Joe Sanchez,JOE SANCHEZ
70374,11044,895.4036,Joe Moreno,JOE MORENO
70378,12049,82.3004,Kelli Chen,KELLI CHEN
70379,16682,33.139,Eric Hill,ERIC HILL
70380,17905,28.1554,Dennis Zhao,DENNIS ZHAO
70382,13124,69.5487,Edwin Li,EDWIN LI
70383,14686,130.9315,Walter Hernandez,WALTER HERNANDEZ
70384,14824,953.5929,Roberto Ramos,ROBERTO RAMOS
70386,14937,2538.4944,Randall Martin,RANDALL MARTIN
70387,19196,2612.1869,Brianna Morgan,BRIANNA MORGAN
70388,11746,38.664,Ross Patel,ROSS PATEL
70393,17338,35.6584,Alan Hu,ALAN HU
70395,16071,11.039,Samuel Phillips,SAMUEL PHILLIPS
70396,11501,104.4004,Destiny Martin,DESTINY MARTIN
70397,20288,104.4004,Chloe Bradley,CHLOE BRADLEY
70398,19398,77.339,Shane Gonzalez,SHANE GONZALEZ
70399,18810,147.5065,Orlando Romero,ORLANDO ROMERO
70401,17117,44.1779,Connor King,CONNOR KING
70402,18662,44.1779,Diana Torres,DIANA TORRES
70404,15248,71.2394,Sean Sanchez,SEAN SANCHEZ
70405,13834,24.2879,Marcus Hughes,MARCUS HUGHES
70406,17205,38.675,Samuel Lopez,SAMUEL LOPEZ
70407,17204,82.8529,Robert Jackson,ROBERT JACKSON
70408,14963,44.1779,Steven Morgan,STEVEN MORGAN
70409,17650,43.0729,Cameron Wilson,CAMERON WILSON
70412,14808,48.8631,Eduardo Cox,EDUARDO COX
70415,11627,44.189,Lauren Wilson,LAUREN WILSON
70416,11722,82.8529,Brianna Thomas,BRIANNA THOMAS
70417,11639,138.0919,Lauren Jackson,LAUREN JACKSON
70418,11972,46.7194,Kayla Martin,KAYLA MARTIN
70419,13192,62.9519,Edwin Lal,EDWIN LAL
70420,13392,62.9519,Xavier Wood,XAVIER WOOD
70421,12871,16.5529,Rafael Pal,RAFAEL PAL
70422,16137,613.2419,Jesse Phillips,JESSE PHILLIPS
70423,16139,723.7198,Timothy Phillips,TIMOTHY PHILLIPS
70424,17458,2618.8169,Logan Hall,LOGAN HALL
70425,17461,2659.6798,Leah Sun,LEAH SUN
70426,13152,2653.0498,Spencer Long,SPENCER LONG
70427,15338,900.2546,Marcus Morris,MARCUS MORRIS
70428,18352,2580.1529,John White,JOHN WHITE
70429,17414,2535.964,José Rodriguez,JOSÉ RODRIGUEZ
70430,17267,2602.2529,Robert Clark,ROBERT CLARK
70431,17114,2682.9953,Luis Wright,LUIS WRIGHT
70432,12297,2649.8453,Hannah Martinez,HANNAH MARTINEZ
70434,18452,1297.8004,Larry Serrano,LARRY SERRANO
70435,13117,2694.0563,Fernando Flores,FERNANDO FLORES
70436,15229,866.8394,Jeremiah Stewart,JEREMIAH STEWART
70437,15764,2587.8769,Caleb Collins,CALEB COLLINS
70444,17691,1966.3144,Jonathan Jackson,JONATHAN JACKSON
70447,13768,596.689,Monique Romero,MONIQUE ROMERO
70448,12299,606.6229,Colleen Zeng,COLLEEN ZENG
70449,11030,830.2307,Julia Johnston,JULIA JOHNSTON
70450,11901,2732.7092,Elizabeth Johnson,ELIZABETH JOHNSON
70451,13132,2720.0128,Fernando Griffin,FERNANDO GRIFFIN
70453,11958,93.9029,Alisha Lu,ALISHA LU
70454,13037,27.614,Hannah Powell,HANNAH POWELL
70455,12361,33.1279,Lacey Yang,LACEY YANG
70456,11987,98.8533,Kayla Walker,KAYLA WALKER
70457,11118,41.9127,Roy Raman,ROY RAMAN
70459,17522,72.8858,Valerie Zheng,VALERIE ZHENG
70461,14209,175.695,Krista Hernandez,KRISTA HERNANDEZ
70462,13005,175.695,Emily Butler,EMILY BUTLER
70463,16705,69.5929,Francisco Subram,FRANCISCO SUBRAM
70464,15093,2754.0136,Jill Alonso,JILL ALONSO
70465,14801,888.9394,Steven Cox,STEVEN COX
70466,20589,2591.1808,Kristin Rai,KRISTIN RAI
70467,14846,2639.8008,Paula Martin,PAULA MARTIN
70468,14832,2607.7669,Roberto Sanz,ROBERTO SANZ
70469,11645,59.659,Lauren Harris,LAUREN HARRIS
70472,18749,26.2769,Natasha Romero,NATASHA ROMERO
70476,11211,77.3169,Ruben Prasad,RUBEN PRASAD
70477,17468,62.9408,Leah Ma,LEAH MA
70480,20025,104.4004,Donald Chandra,DONALD CHANDRA
70481,20770,55.2169,Crystal Gao,CRYSTAL GAO
70482,13096,26.4869,Fernando Bennett,FERNANDO BENNETT
70483,17180,76.2119,Tony Sharma,TONY SHARMA
70484,17340,32.3323,Alan Cai,ALAN CAI
70486,14607,5.514,Cody Rivera,CODY RIVERA
70487,19044,33.0727,Lauren Perry,LAUREN PERRY
70490,12367,122.0583,Samantha Brown,SAMANTHA BROWN
70492,14934,64.6094,Albert Ortega,ALBERT ORTEGA
70493,14527,5.514,Mathew Navarro,MATHEW NAVARRO
70494,11619,41.2055,Lauren Jones,LAUREN JONES
70495,11204,82.8529,Ruben Madan,RUBEN MADAN
70496,11507,38.675,Marshall Jai,MARSHALL JAI
70497,13197,55.5042,Edwin Pal,EDWIN PAL
70498,11959,114.3565,Alisha Xu,ALISHA XU
70499,13200,26.8184,Edwin Chande,EDWIN CHANDE
70500,12127,38.664,Kelli Raje,KELLI RAJE
70501,20035,2563.589,Donald Srini,DONALD SRINI
70502,16967,2560.2519,Carl Chander,CARL CHANDER
70503,19746,2574.639,Rachel Ross,RACHEL ROSS
70504,13165,2563.589,Spencer Gonzales,SPENCER GONZALES
70505,13210,2563.589,Antonio Washington,ANTONIO WASHINGTON
70506,18839,2635.3919,Matthew Jackson,MATTHEW JACKSON
70507,11420,858.9607,Christy Rai,CHRISTY RAI
70515,18670,1904.9758,Christopher Jones,CHRISTOPHER JONES
70521,11034,879.9557,Joe Perez,JOE PEREZ
70522,13077,2676.9067,Louis Tang,LOUIS TANG
70524,12125,1918.2579,Kelli Pal,KELLI PAL
70525,11287,98.3229,Ruben Carlson,RUBEN CARLSON
70526,14213,30.1444,Seth Kelly,SETH KELLY
70528,15426,9.934,Sean Reed,SEAN REED
70529,18466,59.659,Brandi Martin,BRANDI MARTIN
70530,15666,713.7748,Jimmy Carlson,JIMMY CARLSON
70531,19286,1939.2529,Erik Dominguez,ERIK DOMINGUEZ
70532,11161,43.0729,Karen Walker,KAREN WALKER
70534,11331,71.7919,Grace Lee,GRACE LEE
70535,11223,30.1444,Isabella Moore,ISABELLA MOORE
70536,14561,79.0959,Cole Ramirez,COLE RAMIREZ
70538,11869,106.1574,Warren Yang,WARREN YANG
70540,19541,35.6694,Monica Sai,MONICA SAI
70541,20363,159.6394,Julia Peterson,JULIA PETERSON
70542,20362,77.339,Julia Torres,JULIA TORRES
70543,19810,87.2729,Jasmine Richardson,JASMINE RICHARDSON
70544,17588,15.4479,Logan Johnson,LOGAN JOHNSON
70545,12166,44.1779,Taylor Lewis,TAYLOR LEWIS
70546,18910,66.2779,Whitney Garcia,WHITNEY GARCIA
70547,15286,75.6815,Seth Sanchez,SETH SANCHEZ
70548,13459,62.9519,Colin Liang,COLIN LIANG
70550,15698,46.7194,Marc Navarro,MARC NAVARRO
70554,18001,34.5534,Brent Lin,BRENT LIN
70555,11566,33.6804,Barbara Zhu,BARBARA ZHU
70557,14692,40.0784,Walter Moreno,WALTER MORENO
70559,11498,82.8529,Jenny Shan,JENNY SHAN
70560,11518,79.5158,Destiny Walker,DESTINY WALKER
70561,13175,68.4769,Edwin Deng,EDWIN DENG
70562,12412,153.0204,Ashley Jones,ASHLEY JONES
70563,12786,24.2879,Alexis Hayes,ALEXIS HAYES
70564,19982,651.9058,Nicole Butler,NICOLE BUTLER
70565,19990,606.6229,Nicole Alexander,NICOLE ALEXANDER
70566,16150,696.1169,Hunter Campbell,HUNTER CAMPBELL
70567,16366,2832.5018,Latoya She,LATOYA SHE
70568,13851,2576.8048,Marcus Alexander,MARCUS ALEXANDER
70569,17007,2574.639,Ricardo Shan,RICARDO SHAN
70570,19661,2786.0034,Patricia Malhotra,PATRICIA MALHOTRA
70571,13709,2577.1694,Devin Flores,DEVIN FLORES
70572,11548,1396.5211,Barbara Lin,BARBARA LIN
70574,16205,2709.5042,Tina Subram,TINA SUBRAM
70575,12210,2673.0613,Gail Russell,GAIL RUSSELL
70581,15733,2645.8673,Timothy Edwards,TIMOTHY EDWARDS
70587,18654,1962.4469,Diana Romero,DIANA ROMERO
70588,18606,1934.8329,Stacy Alvarez,STACY ALVAREZ
70593,11029,835.7447,Joe Gonzalez,JOE GONZALEZ
70594,11039,867.7786,Julia Davis,JULIA DAVIS
70596,19255,1879.594,Victor Suarez,VICTOR SUAREZ
70597,13082,2709.5042,Madison Powell,MADISON POWELL
70598,11763,41.9127,Olivia Anderson,OLIVIA ANDERSON
70600,11951,9.934,Kayla Davis,KAYLA DAVIS
70602,14794,2535.964,Sebastian Cox,SEBASTIAN COX
70603,12827,2640.9279,Rafael He,RAFAEL HE
70605,11860,38.664,Emma Taylor,EMMA TAYLOR
70606,11176,69.5929,Morgan Miller,MORGAN MILLER
70607,11231,2.5305,Ruben Sanchez,RUBEN SANCHEZ
70609,11262,35.6584,Natalie Wilson,NATALIE WILSON
70613,15536,106.1574,Pamela Sai,PAMELA SAI
70615,11276,36.023,Natalie Martin,NATALIE MARTIN
70616,11632,30.1444,Lauren Taylor,LAUREN TAYLOR
70619,14282,11.039,Felicia Gutierrez,FELICIA GUTIERREZ
70622,20122,142.5119,Ronald Madan,RONALD MADAN
70624,17173,5.514,Eric Wright,ERIC WRIGHT
70625,17160,5.514,Connor Wright,CONNOR WRIGHT
70627,16903,5.514,Kelvin Huang,KELVIN HUANG
70628,15635,85.0519,Jimmy Ashe,JIMMY ASHE
70631,11566,28.1554,Barbara Zhu,BARBARA ZHU
70634,13837,99.4169,Linda Rubio,LINDA RUBIO
70635,17645,140.6444,Sandra Liu,SANDRA LIU
70636,12718,114.8758,Omar Hu,OMAR HU
70637,16129,624.314,Kellie Serrano,KELLIE SERRANO
70638,13397,2648.6187,Xavier Henderson,XAVIER HENDERSON
70639,18066,2591.1808,Justin Harris,JUSTIN HARRIS
70640,17433,2587.3133,Thomas Thompson,THOMAS THOMPSON
70641,15347,937.5594,Brenda Kapoor,BRENDA KAPOOR
70642,20470,2582.6834,Corey Chavez,COREY CHAVEZ
70643,17000,2535.964,Hunter Hernandez,HUNTER HERNANDEZ
70644,17365,2618.8058,Krystal Ye,KRYSTAL YE
70645,13579,868.8947,Miguel Diaz,MIGUEL DIAZ
70646,16261,2676.9067,Kyle Gonzalez,KYLE GONZALEZ
70650,17312,987.2844,Jose Moore,JOSE MOORE
70651,11046,2696.189,Julia Wilson,JULIA WILSON
70652,15784,2574.639,Troy Suri,TROY SURI
70653,15786,2560.2519,Isaiah Collins,ISAIAH COLLINS
70654,11088,895.4036,Jennifer Miller,JENNIFER MILLER
70671,11038,820.2968,Joe Diaz,JOE DIAZ
70672,13089,2673.0613,Madison Flores,MADISON FLORES
70674,17314,77.3169,Thomas Robinson,THOMAS ROBINSON
70678,14521,59.659,Mathew Ferrier,MATHEW FERRIER
70680,15828,135.1305,Troy Rodriguez,TROY RODRIGUEZ
70681,15437,2.5305,Candace Sanchez,CANDACE SANCHEZ
70682,20598,2560.2519,Kaitlyn Price,KAITLYN PRICE
70683,14831,2579.5783,Evan Howard,EVAN HOWARD
70684,11633,2.5305,Marshall Nara,MARSHALL NARA
70685,11211,2.5305,Ruben Prasad,RUBEN PRASAD
70687,11287,37.5479,Ruben Carlson,RUBEN CARLSON
70691,15172,77.3169,Charles Bailey,CHARLES BAILEY
70692,20101,75.0627,Destiny Griffin,DESTINY GRIFFIN
70693,17145,15.4479,Mitchell Andersen,MITCHELL ANDERSEN
70694,14506,44.1779,Adrian Gray,ADRIAN GRAY
70695,13463,118.1908,Dalton Patterson,DALTON PATTERSON
70701,17708,32.5754,Samuel Garcia,SAMUEL GARCIA
70702,11232,41.2055,Isabella White,ISABELLA WHITE
70703,11978,44.189,Kayla Martinez,KAYLA MARTINEZ
70704,12147,188.1042,Dawn Zhang,DAWN ZHANG
70705,12795,46.7194,Abigail Barnes,ABIGAIL BARNES
70706,12199,82.8529,Abigail Foster,ABIGAIL FOSTER
70707,14455,82.8529,Damien Nara,DAMIEN NARA
70708,12063,38.675,Kelli Zhou,KELLI ZHOU
70709,15007,138.0919,Renee Romero,RENEE ROMERO
70710,12389,55.239,Samantha Thompson,SAMANTHA THOMPSON
70711,13385,2615.4687,Briana Ruiz,BRIANA RUIZ
70712,17462,2580.1529,Leah Zhu,LEAH ZHU
70713,17425,2646.4198,Naomi Torres,NAOMI TORRES
70714,16916,2690.5866,Jerry Nara,JERRY NARA
70715,15325,885.9559,Jillian Garcia,JILLIAN GARCIA
70716,15339,927.6254,Ian Morris,IAN MORRIS
70717,17423,2538.4944,Aaron Hall,AARON HALL
70718,17134,2626.5408,Mitchell Lal,MITCHELL LAL
70719,16979,2566.1194,Carl Raji,CARL RAJI
70720,17412,2668.564,Thomas Taylor,THOMAS TAYLOR
70721,17413,2614.3637,Karen Zhu,KAREN ZHU
70724,12123,858.9607,Kelli Jai,KELLI JAI
70729,18204,613.2419,Benjamin Lewis,BENJAMIN LEWIS
70730,13106,2624.3529,Louis Nara,LOUIS NARA
70731,15799,2598.9158,Carlos Stewart,CARLOS STEWART
70734,15395,2673.0613,Cody Rogers,CODY ROGERS
70741,18684,1939.2529,Diana Ortega,DIANA ORTEGA
70745,13558,596.689,Miguel Patterson,MIGUEL PATTERSON
70748,11031,835.7447,Julia Williams,JULIA WILLIAMS
70749,14676,820.2968,Eduardo Cooper,EDUARDO COOPER
70750,13620,2673.0613,Walter Ortega,WALTER ORTEGA
70751,13626,2732.7203,Blake Hayes,BLAKE HAYES
70753,14321,30.1444,Angel Torres,ANGEL TORRES
70754,14124,27.614,Joy Torres,JOY TORRES
70755,19579,33.139,Emma Russell,EMMA RUSSELL
70756,19090,62.9519,Megan Murphy,MEGAN MURPHY
70758,15823,43.0729,Bryce Stewart,BRYCE STEWART
70759,13044,38.664,Louis Sun,LOUIS SUN
70760,19582,40.0784,Emma Diaz,EMMA DIAZ
70761,19325,2566.1194,Olivia Gray,OLIVIA GRAY
70762,19903,2646.4198,Kathryn Shen,KATHRYN SHEN
70763,12618,2591.1808,Sarah Henderson,SARAH HENDERSON
70764,19339,2598.9158,Olivia Bennett,OLIVIA BENNETT
70765,12816,2701.6366,Trevor Wood,TREVOR WOOD
70766,15667,753.5769,Nathan Edwards,NATHAN EDWARDS
70767,11300,65.7254,Marshall Shen,MARSHALL SHEN
70768,11883,38.664,Emma Robinson,EMMA ROBINSON
70773,16731,43.0729,Martin Vance,MARTIN VANCE
70774,14359,149.1529,Anne Hernandez,ANNE HERNANDEZ
70775,12158,55.2169,Dawn Yang,DAWN YANG
70778,20493,26.4869,Keith Xu,KEITH XU
70780,13922,62.9519,Lucas Powell,LUCAS POWELL
70781,13445,83.9469,Briana Ashe,BRIANA ASHE
70783,14201,36.023,Masato Kawai,MASATO KAWAI
70784,14156,216.127,Marcus Brooks,MARCUS BROOKS
70785,17955,70.6869,Vincent Lu,VINCENT LU
70787,19368,35.6694,Olivia Gonzales,OLIVIA GONZALES
70789,18015,41.1834,Brent Ma,BRENT MA
70790,18016,38.6529,Christian Brown,CHRISTIAN BROWN
70791,14815,70.6869,Roberto Townsend,ROBERTO TOWNSEND
70792,14530,40.0784,Sheila Alonso,SHEILA ALONSO
70793,12324,8.0444,Colleen Shan,COLLEEN SHAN
70794,11702,46.7194,Pedro Romero,PEDRO ROMERO
70795,12962,82.8529,Dakota Butler,DAKOTA BUTLER
70796,18356,33.0727,Frank Sanz,FRANK SANZ
70797,17542,2587.8769,Brittney Zhou,BRITTNEY ZHOU
70798,17552,2604.7944,Austin Martinez,AUSTIN MARTINEZ
70800,12130,2649.8453,Taylor Williams,TAYLOR WILLIAMS
70801,17927,1268.2859,Justin Jackson,JUSTIN JACKSON
70804,13018,630.9108,Robyn Alonso,ROBYN ALONSO
70805,17299,888.9504,Alan Chen,ALAN CHEN
70806,16156,2535.964,Thomas Campbell,THOMAS CAMPBELL
70807,15765,2563.589,Connor Collins,CONNOR COLLINS
70808,15490,2673.0613,Rachael Kapoor,RACHAEL KAPOOR
70811,20546,1323.1823,April Pal,APRIL PAL
70812,20656,1297.8004,Lindsey Luo,LINDSEY LUO
70813,14882,1276.8054,Seth Howard,SETH HOWARD
70818,13823,635.3529,Marcus Coleman,MARCUS COLEMAN
70819,17202,2688.5092,Isaac Wright,ISAAC WRIGHT
70820,11048,829.0815,Julia Taylor,JULIA TAYLOR
70821,11358,896.5086,Christy Zhu,CHRISTY ZHU
70822,13078,2673.0613,Madison Coleman,MADISON COLEMAN
70823,12697,76.2119,Elizabeth Hayes,ELIZABETH HAYES
70824,16162,164.0373,Molly Lopez,MOLLY LOPEZ
70828,19197,2607.2033,Philip Navarro,PHILIP NAVARRO
70829,20590,2590.4073,Kaitlyn James,KAITLYN JAMES
70833,11847,55.239,Emma Johnson,EMMA JOHNSON
70836,18892,77.339,Andrew Martinez,ANDREW MARTINEZ
70837,20333,77.339,Chloe Diaz,CHLOE DIAZ
70838,17164,14.2987,Tony Deng,TONY DENG
70844,15686,44.1779,Marc Jimenez,MARC JIMENEZ
70845,12831,44.1779,Rafael Hu,RAFAEL HU
70846,11276,44.189,Natalie Martin,NATALIE MARTIN
70847,12224,93.9029,Dawn Jai,DAWN JAI
70848,19991,659.6408,Nicole Russell,NICOLE RUSSELL
70849,17470,2574.639,Leah Liang,LEAH LIANG
70850,15314,876.7733,Jillian Rana,JILLIAN RANA
70851,15291,982.8644,Jillian Suri,JILLIAN SURI
70852,17008,2560.2519,Ricardo Jai,RICARDO JAI
70853,17010,2635.3919,Ricardo Pal,RICARDO PAL
70854,17363,2587.8769,Naomi Alonso,NAOMI ALONSO
70855,17393,2657.4256,José Martinez,JOSÉ MARTINEZ
70859,15266,954.6648,Jared Sanchez,JARED SANCHEZ
70860,15732,2547.0029,Billy Hernandez,BILLY HERNANDEZ
70863,17595,1973.4969,Stacey Wu,STACEY WU
70864,18589,1954.7008,Kelvin Zhu,KELVIN ZHU
70865,18609,1973.4969,Janelle Perez,JANELLE PEREZ
70870,11035,835.7447,Julia Brown,JULIA BROWN
70871,14672,835.7447,Jamie Ramos,JAMIE RAMOS
70874,15607,32.0229,Hunter Evans,HUNTER EVANS
70875,19092,83.9469,Megan Rivera,MEGAN RIVERA
70878,16552,2810.5012,Kara Kumar,KARA KUMAR
70879,17648,2591.1808,Jonathan Moore,JONATHAN MOORE
70880,19916,2601.1148,Nicole Ward,NICOLE WARD
70881,12826,2604.4298,Trevor Perry,TREVOR PERRY
70882,19070,2547.0029,Lauren Russell,LAUREN RUSSELL
70883,19263,648.6019,Erik Martin,ERIK MARTIN
70891,13290,25.3377,Gavin Powell,GAVIN POWELL
70893,15878,87.2729,Jason Perez,JASON PEREZ
70894,18576,87.2729,Kathleen Torres,KATHLEEN TORRES
70895,18660,77.339,Daniel Rodriguez,DANIEL RODRIGUEZ
70896,18455,71.2394,Larry Ramos,LARRY RAMOS
70897,12964,5.514,Dakota Simmons,DAKOTA SIMMONS
70899,14663,115.9698,Garrett Cooper,GARRETT COOPER
70900,19847,24.2879,Lindsay Nath,LINDSAY NATH
70903,14983,40.0784,Randall Carlson,RANDALL CARLSON
70905,16601,8.0444,Isaiah Hill,ISAIAH HILL
70906,11268,101.6269,Natalie Anderson,NATALIE ANDERSON
70907,11703,41.2055,Megan Walker,MEGAN WALKER
70908,12629,59.6369,Sarah Patterson,SARAH PATTERSON
70909,13588,16.5529,Jon Luo,JON LUO
70910,12564,82.3004,Alejandro Goel,ALEJANDRO GOEL
70911,16365,2751.6489,Katrina Anand,KATRINA ANAND
70912,17441,2657.4698,Thomas Lewis,THOMAS LEWIS
70913,15284,995.5387,Heidi Rodriguez,HEIDI RODRIGUEZ
70914,13711,2630.4194,Robin Hernandez,ROBIN HERNANDEZ
70915,18961,2618.8058,Chelsea Rodriguez,CHELSEA RODRIGUEZ
70916,17203,2658.63,Hunter Martinez,HUNTER MARTINEZ
70921,12584,620.9769,Ashley Hughes,ASHLEY HUGHES
70922,18202,624.314,Benjamin Rodriguez,BENJAMIN RODRIGUEZ
70923,18203,656.3479,Todd Lin,TODD LIN
70924,11168,858.9607,Roy Dominguez,ROY DOMINGUEZ
70927,17654,1944.7669,Sandra Lin,SANDRA LIN
70928,18646,1918.2579,Tyler Walker,TYLER WALKER
70929,18567,1879.594,Kathleen Alonso,KATHLEEN ALONSO
70930,18568,1914.1473,Zachary Thompson,ZACHARY THOMPSON
70931,18597,1945.3194,Stacy Gomez,STACY GOMEZ
70932,18598,1879.594,Tyler Taylor,TYLER TAYLOR
70936,14261,1381.0732,Felicia Ruiz,FELICIA RUIZ
70937,13112,1408.1347,Louis Becker,LOUIS BECKER
70939,19256,1918.2579,Brianna McDonald,BRIANNA MCDONALD
70942,14674,102.1904,Jamie Carlson,JAMIE CARLSON
70943,15149,32.0229,Kendra Romero,KENDRA ROMERO
70944,13995,33.1279,Seth Hayes,SETH HAYES
70945,17245,43.0729,Terry Nara,TERRY NARA
70947,16614,35.6694,Nichole Chande,NICHOLE CHANDE
70948,15253,77.3169,Brian Sanchez,BRIAN SANCHEZ
70949,19604,26.2769,Grace Cooper,GRACE COOPER
70951,18741,66.8194,Natasha Hernandez,NATASHA HERNANDEZ
70952,18294,2.5305,Jorge Wu,JORGE WU
70953,15094,2832.5018,Chase Murphy,CHASE MURPHY
70954,14778,2591.1808,Sean Cox,SEAN COX
70955,19944,2566.1194,Julie Xu,JULIE XU
70956,16253,596.689,Hunter Gonzalez,HUNTER GONZALEZ
70957,19285,1934.8329,Erik Torres,ERIK TORRES
70958,16497,2.5305,Kelsey Xie,KELSEY XIE
70962,18970,147.5065,Orlando Ramos,ORLANDO RAMOS
70963,18830,132.5779,Dana Alvarez,DANA ALVAREZ
70964,20311,132.5779,Bradley Goel,BRADLEY GOEL
70965,17684,5.514,Jonathan Williams,JONATHAN WILLIAMS
70966,15159,8.0444,Paula Vazquez,PAULA VAZQUEZ
70967,14837,129.2298,Roberto Ortega,ROBERTO ORTEGA
70968,16825,67.9023,Isaiah Allen,ISAIAH ALLEN
70969,13673,104.4004,Wyatt Henderson,WYATT HENDERSON
70972,11389,76.2119,Jasmine Davis,JASMINE DAVIS
70973,19484,43.0729,Raymond Rodriguez,RAYMOND RODRIGUEZ
70974,13544,76.2119,Jon Ye,JON YE
70975,13609,98.3119,Walter Serrano,WALTER SERRANO
70977,15075,5.514,Mason Murphy,MASON MURPHY
70978,14363,153.0204,Devin Torres,DEVIN TORRES
70979,12425,99.4279,Ashley Thomas,ASHLEY THOMAS
70980,12455,24.2879,Sarah Smith,SARAH SMITH
70981,12175,38.675,Anna Jones,ANNA JONES
70982,12663,76.2119,Clayton Nath,CLAYTON NATH
70983,12626,9.934,Clayton Deng,CLAYTON DENG
70984,18826,106.5662,Dana Gomez,DANA GOMEZ
70985,17582,2650.3094,Brittney Zeng,BRITTNEY ZENG
70986,18067,2630.4194,Justin Martin,JUSTIN MARTIN
70987,17537,2563.589,Elijah Allen,ELIJAH ALLEN
70988,17545,2587.8769,Cameron Rodriguez,CAMERON RODRIGUEZ
70989,17580,2657.4919,Jonathan Davis,JONATHAN DAVIS
70990,15256,937.5594,Nathaniel Sanchez,NATHANIEL SANCHEZ
70991,17424,2677.9454,Thomas Jackson,THOMAS JACKSON
70992,13247,2615.4908,Robyn Carlson,ROBYN CARLSON
70993,16969,2696.189,Melody Torres,MELODY TORRES
70994,16981,2561.3016,Carl Anand,CARL ANAND
70995,18971,2598.9158,Veronica Chandra,VERONICA CHANDRA
70996,17140,2563.589,Mitchell Jai,MITCHELL JAI
70997,18135,2649.8453,David Garcia,DAVID GARCIA
70998,12307,2634.3974,Colleen Tang,COLLEEN TANG
71003,15753,2596.7279,Billy Gutierrez,BILLY GUTIERREZ
71013,18762,1950.2808,Joshua Williams,JOSHUA WILLIAMS
71014,18596,1961.8944,Daniel Harris,DANIEL HARRIS
71016,13406,635.3529,Briana Diaz,BRIANA DIAZ
71018,12125,2671.9453,Kelli Pal,KELLI PAL
71020,13135,2673.0613,Edwin Wu,EDWIN WU
71022,19181,1918.2579,Philip Diaz,PHILIP DIAZ
71023,13081,2644.3313,Madison Perry,MADISON PERRY
71025,19569,83.9469,Emma Simmons,EMMA SIMMONS
71027,12361,27.0615,Lacey Yang,LACEY YANG
71028,19048,2566.1194,Lauren Patterson,LAUREN PATTERSON
71029,19058,2588.9266,Craig Jiménez,CRAIG JIMÉNEZ
71030,12846,2639.8008,Trevor Bryant,TREVOR BRYANT
71031,19260,654.4584,Victor Rubio,VICTOR RUBIO
71036,11185,44.1779,Morgan Jackson,MORGAN JACKSON
71041,20511,16.5529,Keith Chande,KEITH CHANDE
71042,18101,71.2394,Wesley Zhou,WESLEY ZHOU
71043,19221,66.2779,Victor Martin,VICTOR MARTIN
71045,16718,15.4479,Francisco Rodriguez,FRANCISCO RODRIGUEZ
71046,13833,118.1908,Linda Suarez,LINDA SUAREZ
71047,18048,71.7919,Jeffery Lin,JEFFERY LIN
71048,20727,33.6804,Morgan Long,MORGAN LONG
71052,16264,44.1779,Gabriel Gonzalez,GABRIEL GONZALEZ
71055,12955,82.8529,Robyn Jimenez,ROBYN JIMENEZ
71056,12044,107.1408,Gail Moore,GAIL MOORE
71057,14327,35.6031,Kristy Alonso,KRISTY ALONSO
71058,16124,678.9673,Kristopher Perez,KRISTOPHER PEREZ
71059,12423,2574.6279,Ashley Anderson,ASHLEY ANDERSON
71060,13380,2626.5408,Willie Tang,WILLIE TANG
71061,16968,2570.1858,Carlos King,CARLOS KING
71062,17002,2576.8048,Noah Hernandez,NOAH HERNANDEZ
71063,17013,2653.6023,Gabriel Wright,GABRIEL WRIGHT
71064,13370,2574.639,Oscar Ross,OSCAR ROSS
71065,17268,2563.589,Caleb Lopez,CALEB LOPEZ
71066,17364,2598.9158,Krystal Zhou,KRYSTAL ZHOU
71067,11242,862.8061,Ruben Gomez,RUBEN GOMEZ
71068,13259,1342.4093,Roger Liang,ROGER LIANG
71069,13553,1342.4093,Miguel Perry,MIGUEL PERRY
71070,15653,858.9607,Mason Evans,MASON EVANS
71071,11612,2673.0613,Marshall Chander,MARSHALL CHANDER
71072,18331,1297.8004,Nicholas Rodriguez,NICHOLAS RODRIGUEZ
71073,15808,2624.3529,Evan Stewart,EVAN STEWART
71074,16155,2696.7194,Molly Mehta,MOLLY MEHTA
71075,15726,2590.4073,Isaac Edwards,ISAAC EDWARDS
71076,15754,2591.1808,Gabriel Collins,GABRIEL COLLINS
71077,11089,924.1336,Jennifer Wilson,JENNIFER WILSON
71083,20468,1238.1415,Jennifer Ward,JENNIFER WARD
71084,18790,1909.7384,Meghan Moreno,MEGHAN MORENO
71087,13556,650.8008,Jon Zhu,JON ZHU
71089,13579,663.5083,Miguel Diaz,MIGUEL DIAZ
71092,13090,2673.0613,Wyatt Griffin,WYATT GRIFFIN
71093,13141,30.1444,Spencer Ross,SPENCER ROSS
71094,11760,141.3848,Marshall Ashe,MARSHALL ASHE
71095,15803,34.5534,Troy Srini,TROY SRINI
71096,16178,77.3169,Tina Kapoor,TINA KAPOOR
71097,15020,34.5534,Juan Bell,JUAN BELL
71098,19667,166.7998,Patricia Prasad,PATRICIA PRASAD
71099,13116,175.695,Louis Anand,LOUIS ANAND
71100,12352,27.0615,Colleen Anand,COLLEEN ANAND
71101,12858,2566.1194,Rafael Kumar,RAFAEL KUMAR
71102,20573,2668.564,Kristin Xu,KRISTIN XU
71103,14847,2618.8058,Lance Alvarez,LANCE ALVAREZ
71104,18005,2622.6844,Brent Zhao,BRENT ZHAO
71105,11330,2.5305,Grace Lewis,GRACE LEWIS
71107,11185,2.5305,Morgan Jackson,MORGAN JACKSON
71116,11640,104.3783,Pedro Patel,PEDRO PATEL
71117,14586,77.3169,Micheal Gill,MICHEAL GILL
71118,11833,11.039,Victoria Clark,VICTORIA CLARK
71119,20079,5.514,Joel Prasad,JOEL PRASAD
71121,11214,176.789,Ruben Rana,RUBEN RANA
71122,12900,24.2879,Jaclyn Chen,JACLYN CHEN
71123,15866,62.9519,Robert Perez,ROBERT PEREZ
71124,19897,659.6408,Nicole Blue,NICOLE BLUE
71125,17563,2649.6906,Caleb Allen,CALEB ALLEN
71126,19710,2598.9158,Kristina Fernandez,KRISTINA FERNANDEZ
71127,18127,2673.0613,Wesley Zeng,WESLEY ZENG
71128,12308,2682.9953,Hannah Lee,HANNAH LEE
71131,15211,927.6254,Chase Rivera,CHASE RIVERA
71132,11047,2696.189,Julia Moore,JULIA MOORE
71133,15802,2646.4419,Angel Stewart,ANGEL STEWART
71140,17858,1879.594,Carrie Moreno,CARRIE MORENO
71147,11050,858.9607,Julia Thomas,JULIA THOMAS
71148,13129,2673.0613,Fernando Alexander,FERNANDO ALEXANDER
71149,13130,2644.3313,Fernando Russell,FERNANDO RUSSELL
71150,19274,1879.594,Nelson Harrison,NELSON HARRISON
71151,13629,2666.4313,Javier Muñoz,JAVIER MUÑOZ
71152,13040,66.2779,Robyn Romero,ROBYN ROMERO
71153,11215,142.534,Isabella Brown,ISABELLA BROWN
71158,13002,112.6658,Jaclyn Ferrier,JACLYN FERRIER
71159,13627,132.6,Edward Price,EDWARD PRICE
71160,16548,2699.9018,Kara Xu,KARA XU
71161,19945,2602.2529,Julie Luo,JULIE LUO
71162,12175,132.6,Anna Jones,ANNA JONES
71164,13071,33.139,Madison Barnes,MADISON BARNES
71166,15974,77.339,Jordan Roberts,JORDAN ROBERTS
71167,18843,77.339,Matthew Martin,MATTHEW MARTIN
71169,15479,94.9748,Nancy Lopez,NANCY LOPEZ
71170,19026,83.9469,Gary Munoz,GARY MUNOZ
71171,15298,8.0444,Jillian Patel,JILLIAN PATEL
71172,17874,38.6529,Carrie Serrano,CARRIE SERRANO
71173,14934,132.5779,Albert Ortega,ALBERT ORTEGA
71175,12403,74.3334,Samantha Walker,SAMANTHA WALKER
71177,17757,60.7529,Susan Ye,SUSAN YE
71178,13500,44.1779,Jeremiah Henderson,JEREMIAH HENDERSON
71179,15162,82.8529,Bryan Bailey,BRYAN BAILEY
71180,12434,82.8529,Ashley Martin,ASHLEY MARTIN
71181,11569,38.664,Chloe Jones,CHLOE JONES
71182,15323,888.9394,Jared Morris,JARED MORRIS
71183,13384,2643.1158,Willie Luo,WILLIE LUO
71184,15409,866.8394,Candace Arun,CANDACE ARUN
71185,17135,2629.3144,Jack King,JACK KING
71186,13161,2587.8769,Edwin Gao,EDWIN GAO
71190,12301,2673.0613,Hannah Clark,HANNAH CLARK
71191,12291,2644.3313,Colleen Zheng,COLLEEN ZHENG
71196,18335,2715.3497,Zachary Davis,ZACHARY DAVIS
71207,17656,639.1983,Sandra Zhou,SANDRA ZHOU
71213,18679,1879.594,Orlando Diaz,ORLANDO DIAZ
71214,12123,728.6812,Kelli Jai,KELLI JAI
71217,13160,2644.3313,Edwin Zhu,EDWIN ZHU
71219,19188,1914.1473,Nelson Moreno,NELSON MORENO
71220,11502,48.5979,Jenny Pal,JENNY PAL
71221,16179,41.1834,Adam Campbell,ADAM CAMPBELL
71222,17327,100.4998,Alan Liang,ALAN LIANG
71223,18451,83.3944,Zachary Taylor,ZACHARY TAYLOR
71224,14313,44.1779,Lucas Ward,LUCAS WARD
71226,15021,9.934,Sebastian Bell,SEBASTIAN BELL
71227,14798,905.5254,Bryan Cox,BRYAN COX
71228,14819,859.0712,Lucas Cox,LUCAS COX
71229,12825,2618.8058,Rafael Liang,RAFAEL LIANG
71230,20548,2595.6008,April Andersen,APRIL ANDERSEN
71231,17986,2607.2033,Brent Wang,BRENT WANG
71232,11713,69.5929,Brianna Davis,BRIANNA DAVIS
71233,11505,69.5929,Destiny Garcia,DESTINY GARCIA
71234,11176,23.7465,Morgan Miller,MORGAN MILLER
71235,11203,30.1444,Morgan Walker,MORGAN WALKER
71236,11875,99.4169,Tamara He,TAMARA HE
71237,17619,101.6048,Cameron Jones,CAMERON JONES
71238,16117,95.5273,Kristopher Lopez,KRISTOPHER LOPEZ
71239,14552,77.339,Mathew Rubio,MATHEW RUBIO
71241,13465,83.9469,Dalton Hughes,DALTON HUGHES
71242,17817,54.6754,Samuel Taylor,SAMUEL TAYLOR
71243,20056,159.6173,Donald Martinez,DONALD MARTINEZ
71246,13096,155.1973,Fernando Bennett,FERNANDO BENNETT
71247,12536,9.934,Samantha Hughes,SAMANTHA HUGHES
71248,18317,24.2879,Jorge Ma,JORGE MA
71249,19995,683.9729,Nicole Diaz,NICOLE DIAZ
71250,13398,2566.1194,Willie Johnsen,WILLIE JOHNSEN
71251,19855,2552.5169,Lindsay Raji,LINDSAY RAJI
71252,17524,2560.2519,Valerie Hu,VALERIE HU
71253,18788,2598.9158,Joshua Harris,JOSHUA HARRIS
71254,18954,987.2844,Chelsea Lopez,CHELSEA LOPEZ
71255,13401,2602.264,Willie Raje,WILLIE RAJE
71256,17005,2625.9773,Ricardo Lal,RICARDO LAL
71257,17264,2570.1858,Jose Brown,JOSE BROWN
71260,18136,2644.3313,Randy Wang,RANDY WANG
71262,12321,2649.8453,Madison Miller,MADISON MILLER
71266,16483,596.689,Misty Nath,MISTY NATH
71267,15789,2692.8519,Troy Chandra,TROY CHANDRA
71268,13107,2598.9158,Fernando Jenkins,FERNANDO JENKINS
71269,11090,830.2307,Jennifer Moore,JENNIFER MOORE
71270,11084,835.7447,Roy Kapoor,ROY KAPOOR
71272,20091,622.0708,Destiny Washington,DESTINY WASHINGTON
71273,20076,612.1369,Destiny Perry,DESTINY PERRY
71274,20078,695.0119,Destiny Powell,DESTINY POWELL
71278,13139,2644.3313,Spencer Wood,SPENCER WOOD
71279,13110,1342.4093,Fernando Perry,FERNANDO PERRY
71280,19174,1879.594,Casey Ortega,CASEY ORTEGA
71285,16267,656.3479,Jason Gonzalez,JASON GONZALEZ
71286,16608,33.139,Mason Lopez,MASON LOPEZ
71288,20314,75.0627,Bradley Raji,BRADLEY RAJI
71290,18280,101.1959,Alexander Anderson,ALEXANDER ANDERSON
71291,16540,2778.9977,Kara Deng,KARA DENG
71292,15664,650.8008,Jimmy Ramos,JIMMY RAMOS
71293,11223,43.0729,Isabella Moore,ISABELLA MOORE
71296,11253,32.0229,Natalie Johnson,NATALIE JOHNSON
71297,16479,79.0959,Misty Chander,MISTY CHANDER
71298,11223,33.1279,Isabella Moore,ISABELLA MOORE
71301,20488,16.5529,Keith Deng,KEITH DENG
71302,18985,104.4004,Nicholas Davis,NICHOLAS DAVIS
71303,18230,5.514,Brandon Anderson,BRANDON ANDERSON
71304,18911,71.2394,Joseph Williams,JOSEPH WILLIAMS
71306,11581,77.3169,Barbara Zeng,BARBARA ZENG
71307,16312,70.6869,Casey Rai,CASEY RAI
71308,19376,32.5754,Victoria Stewart,VICTORIA STEWART
71309,19430,70.6869,Victoria Barnes,VICTORIA BARNES
71313,16325,183.7394,Jose Nelson,JOSE NELSON
71315,14446,41.2055,Lawrence Romero,LAWRENCE ROMERO
71316,16847,62.9519,Isaac Young,ISAAC YOUNG
71317,15494,138.6444,Rachael Sai,RACHAEL SAI
71318,12415,82.8529,Ashley Miller,ASHLEY MILLER
71319,19992,648.6019,Tara Lal,TARA LAL
71320,16783,2715.3497,Evan Scott,EVAN SCOTT
71321,20034,2618.8169,Donald Madan,DONALD MADAN
71322,17553,2588.9266,Cameron Lee,CAMERON LEE
71323,17508,2569.0366,Jackson Hall,JACKSON HALL
71324,17420,2619.0931,Karen Guo,KAREN GUO
71325,17421,2626.5408,Karen He,KAREN HE
71326,17006,2656.9283,Ricardo Sharma,RICARDO SHARMA
71327,13246,2618.8058,Damien Jai,DAMIEN JAI
71328,18126,2673.0613,Wesley Cai,WESLEY CAI
71329,17207,2710.6092,Jose Johnson,JOSE JOHNSON
71330,17218,2659.7792,Terry Xie,TERRY XIE
71331,18332,1297.8004,Alan Zhang,ALAN ZHANG
71332,17926,1256.8602,David Taylor,DAVID TAYLOR
71333,15724,2552.5169,Billy Martin,BILLY MARTIN
71342,18638,1945.3194,Daniel Walker,DANIEL WALKER
71343,18565,1977.3423,Zachary Martin,ZACHARY MARTIN
71345,13769,606.6229,Richard Wood,RICHARD WOOD
71346,11425,630.3694,Jasmine Lee,JASMINE LEE
71347,19283,1949.1869,Olivia Stewart,OLIVIA STEWART
71348,11912,2652.3757,Elizabeth Wilson,ELIZABETH WILSON
71350,13619,2688.5092,Walter Rubio,WALTER RUBIO
71351,11277,8.7848,Ruben Vazquez,RUBEN VAZQUEZ
71352,11803,82.3004,Victoria Wilson,VICTORIA WILSON
71353,17311,77.3169,Jose Wilson,JOSE WILSON
71356,15605,16.5529,Ricky Blanco,RICKY BLANCO
71357,15123,55.239,Ian Murphy,IAN MURPHY
71358,11119,55.239,Roy Subram,ROY SUBRAM
71359,13617,59.6479,Walter Sanz,WALTER SANZ
71361,18734,2.5305,Michael Thomas,MICHAEL THOMAS
71362,11921,9.934,Elizabeth White,ELIZABETH WHITE
71363,19807,15.4479,Alicia Beck,ALICIA BECK
71364,16461,932.5869,Misty Kumar,MISTY KUMAR
71365,14822,905.5254,Dalton Cox,DALTON COX
71366,12804,2618.8058,Oscar Gonzales,OSCAR GONZALES
71367,12813,2561.3016,Oscar Hayes,OSCAR HAYES
71368,11710,69.5929,Pedro Torres,PEDRO TORRES
71373,19411,33.139,Douglas Vance,DOUGLAS VANCE
71374,20531,71.7919,April Tang,APRIL TANG
71375,18115,15.4479,Christian Walker,CHRISTIAN WALKER
71376,17452,5.514,Jose Allen,JOSE ALLEN
71377,11276,5.514,Natalie Martin,NATALIE MARTIN
71378,11287,66.2779,Ruben Carlson,RUBEN CARLSON
71379,16651,15.4479,Alison Shan,ALISON SHAN
71380,17517,44.1779,Valerie Liang,VALERIE LIANG
71381,15978,8.0444,Henry Garcia,HENRY GARCIA
71382,15962,68.4658,Henry Madan,HENRY MADAN
71384,20756,8.0444,Crystal Lin,CRYSTAL LIN
71386,13317,62.9519,Julian Bennett,JULIAN BENNETT
71388,17801,139.1527,Candice Zhou,CANDICE ZHOU
71390,19468,6.9394,Nelson Rubio,NELSON RUBIO
71394,16187,5.514,Tina Malhotra,TINA MALHOTRA
71396,14547,76.2119,Mathew Suarez,MATHEW SUAREZ
71397,16460,44.1779,Misty Yuan,MISTY YUAN
71398,17814,114.8648,Nathan Moore,NATHAN MOORE
71399,12148,82.8529,Taylor Jackson,TAYLOR JACKSON
71400,11254,155.1973,Natalie Williams,NATALIE WILLIAMS
71401,19646,94.4554,Grace Jenkins,GRACE JENKINS
71402,12968,24.2879,Dakota Gonzales,DAKOTA GONZALES
71403,12652,55.239,Elizabeth Price,ELIZABETH PRICE
71404,12470,55.239,Alejandro Li,ALEJANDRO LI
71405,16121,678.9894,Kristopher Rodriguez,KRISTOPHER RODRIGUEZ
71406,17592,2580.1419,Stacey Yang,STACEY YANG
71407,17475,2619.9108,Leah Hu,LEAH HU
71408,18351,2563.589,Frank Ramos,FRANK RAMOS
71409,17417,2602.264,Karen Liang,KAREN LIANG
71410,16983,2604.7944,Samuel King,SAMUEL KING
71411,13362,2535.964,Willie Liang,WILLIE LIANG
71412,13357,2610.3084,Willie Zhu,WILLIE ZHU
71413,11609,2710.6092,Anna Rodriguez,ANNA RODRIGUEZ
71415,15648,1918.2579,Isaiah Evans,ISAIAH EVANS
71416,13103,2649.8453,Fernando Coleman,FERNANDO COLEMAN
71417,13114,2634.3974,Fernando Patterson,FERNANDO PATTERSON
71418,12586,624.314,Clayton Lin,CLAYTON LIN
71419,15213,850.2865,Teresa Dominguez,TERESA DOMINGUEZ
71420,17861,1933.7058,Ethan Clark,ETHAN CLARK
71423,13126,2653.1161,Edwin Liu,EDWIN LIU
71424,13131,2644.3313,Edwin Huang,EDWIN HUANG
71428,11758,30.1444,Ross Madan,ROSS MADAN
71429,15034,104.3783,Cody Bell,CODY BELL
71430,18793,33.6804,Joshua Thompson,JOSHUA THOMPSON
71432,11361,55.239,Christy Ma,CHRISTY MA
71433,17766,2587.8769,Logan Harris,LOGAN HARRIS
71434,20553,2602.2529,Kaitlyn Reed,KAITLYN REED
71436,11211,30.1444,Ruben Prasad,RUBEN PRASAD
71440,16795,75.0627,Mario Xu,MARIO XU
71441,16813,15.4479,Melody Alvarez,MELODY ALVAREZ
71443,15272,71.2394,Adrian Sanchez,ADRIAN SANCHEZ
71444,14922,5.514,Lucas Cook,LUCAS COOK
71445,15743,44.1779,Hunter Collins,HUNTER COLLINS
71447,14178,95.6709,Sean Kelly,SEAN KELLY
71448,16264,24.2879,Gabriel Gonzalez,GABRIEL GONZALEZ
71449,18622,71.7919,Stacy Blanco,STACY BLANCO
71450,13780,65.7365,Monique Vazquez,MONIQUE VAZQUEZ
71456,11131,62.9629,Kaitlyn Taylor,KAITLYN TAYLOR
71458,14582,55.2279,Xavier Ramirez,XAVIER RAMIREZ
71459,13092,123.7158,Wyatt Diaz,WYATT DIAZ
71460,11486,38.664,Jenny Tang,JENNY TANG
71461,17612,2598.9158,Cameron Smith,CAMERON SMITH
71462,17536,2626.5408,Jesse Hall,JESSE HALL
71463,17427,2621.0158,Thomas White,THOMAS WHITE
71464,15337,927.6254,Richard Morris,RICHARD MORRIS
71465,17362,2552.5169,Krystal Wu,KRYSTAL WU
71472,15729,2566.1194,Jesse Edwards,JESSE EDWARDS
71473,15751,2624.3529,Kevin Collins,KEVIN COLLINS
71474,15752,2582.6834,Diane Suarez,DIANE SUAREZ
71482,18792,1961.8944,Joshua Martin,JOSHUA MARTIN
71483,17655,1934.8329,James Lewis,JAMES LEWIS
71485,13119,2644.3313,Fernando Washington,FERNANDO WASHINGTON
71486,19254,1879.594,Brianna Powell,BRIANNA POWELL
71490,12161,8.7848,Dawn Wu,DAWN WU
71491,11971,65.7254,Kayla Harrison,KAYLA HARRISON
71492,11795,38.664,Ross Ruiz,ROSS RUIZ
71493,12371,30.1444,Samantha Miller,SAMANTHA MILLER
71494,11367,30.1444,Rachel Robinson,RACHEL ROBINSON
71495,19265,46.7194,Brianna Butler,BRIANNA BUTLER
71496,15224,38.664,Paula Ramos,PAULA RAMOS
71497,15720,38.664,Marc Schmidt,MARC SCHMIDT
71498,17072,82.3004,Timothy Hernandez,TIMOTHY HERNANDEZ
71499,12682,175.695,Omar Yang,OMAR YANG
71500,11237,2709.8357,Isabella Garcia,ISABELLA GARCIA
71503,20172,2708.6865,Phillip Mehta,PHILLIP MEHTA
71504,16551,2861.2981,Kara Yuan,KARA YUAN
71505,13141,148.0479,Spencer Ross,SPENCER ROSS
71506,14796,982.8423,Roberto Jiménez,ROBERTO JIMÉNEZ
71507,19930,2577.1694,Nicole Ramirez,NICOLE RAMIREZ
71508,17651,2650.8619,Cameron Moore,CAMERON MOORE
71509,19912,2681.7798,Nicole Cox,NICOLE COX
71510,20584,2604.7944,Kaitlyn Torres,KAITLYN TORRES
71511,15651,624.314,Jimmy Travers,JIMMY TRAVERS
71512,15663,651.9279,Jonathan Edwards,JONATHAN EDWARDS
71515,19642,40.432,Grace Henderson,GRACE HENDERSON
71517,17450,136.9979,Leah Huang,LEAH HUANG
71518,16787,44.1779,Mario Xie,MARIO XIE
71519,15387,5.514,Diane Ruiz,DIANE RUIZ
71520,15327,44.1779,Garrett Morris,GARRETT MORRIS
71522,15299,8.0444,Jillian Vance,JILLIAN VANCE
71523,15177,8.0444,Kendra Ortega,KENDRA ORTEGA
71524,14766,5.514,Danny Gill,DANNY GILL
71525,16034,8.0444,Luke Turner,LUKE TURNER
71528,12594,32.034,Ashley Gonzales,ASHLEY GONZALES
71533,15102,40.0784,Jill Gill,JILL GILL
71535,15748,62.9519,Jose Collins,JOSE COLLINS
71536,11681,82.8529,Megan Anderson,MEGAN ANDERSON
71537,18320,34.2219,Jorge Guo,JORGE GUO
71538,17453,2626.5408,Thomas Walker,THOMAS WALKER
71539,15343,850.2865,Seth Morris,SETH MORRIS
71540,13269,2570.1858,Roger Cai,ROGER CAI
71541,13226,2633.1377,Antonio Russell,ANTONIO RUSSELL
71542,17103,2673.0613,Shaun Andersen,SHAUN ANDERSEN
71544,13104,2682.9953,Louis Chande,LOUIS CHANDE
71545,17320,898.8844,Alan Sun,ALAN SUN
71549,18563,1934.8329,Zachary Harris,ZACHARY HARRIS
71550,18608,1895.0419,Anthony Moore,ANTHONY MOORE
71552,12133,596.689,Taylor Brown,TAYLOR BROWN
71555,11918,2644.3313,Elizabeth Thomas,ELIZABETH THOMAS
71564,16342,51.3494,Luis Nelson,LUIS NELSON
71566,20263,23.7465,Cindy Gray,CINDY GRAY
71567,15217,11.039,Teresa Blanco,TERESA BLANCO
71568,20713,2916.0287,Morgan Henderson,MORGAN HENDERSON
71569,19442,905.5254,Victoria Jenkins,VICTORIA JENKINS
71570,17966,905.5254,Vincent Ma,VINCENT MA
71571,14941,2763.5719,Isaac Morgan,ISAAC MORGAN
71572,12829,2604.4408,Trevor Long,TREVOR LONG
71573,14843,2580.1419,Patrick Howard,PATRICK HOWARD
71574,11313,2.5305,Grace White,GRACE WHITE
71578,18968,77.3169,Veronica Kapoor,VERONICA KAPOOR
71579,14574,42.9624,Richard Ramirez,RICHARD RAMIREZ
71582,19635,104.4004,Cassandra Garcia,CASSANDRA GARCIA
71583,16642,44.1779,Alison Xu,ALISON XU
71584,16337,8.0444,Katrina Kumar,KATRINA KUMAR
71585,14410,62.9519,Patrick Peterson,PATRICK PETERSON
71586,15049,79.5269,Gina Jiménez,GINA JIMÉNEZ
71587,15052,41.2055,Gina Alonso,GINA ALONSO
71588,12851,79.0959,Rafael Luo,RAFAEL LUO
71589,12822,83.9469,Trevor Henderson,TREVOR HENDERSON
71593,16574,44.1779,Kara Becker,KARA BECKER
71594,12048,82.8529,Kelli Wang,KELLI WANG
71595,12068,38.675,Abigail Lewis,ABIGAIL LEWIS
71596,12836,43.6144,Trevor Flores,TREVOR FLORES
71597,16912,2630.4194,Sean Allen,SEAN ALLEN
71598,16989,2563.589,Carlos Hernandez,CARLOS HERNANDEZ
71599,18882,2566.1194,Andrew Taylor,ANDREW TAYLOR
71600,17401,2574.639,Karen Lin,KAREN LIN
71609,15723,2646.4419,Marc Ortega,MARC ORTEGA
71618,18802,1981.7844,Joshua Rodriguez,JOSHUA RODRIGUEZ
71619,18616,1911.6169,Stacy Torres,STACY TORRES
71620,18639,1879.594,Orlando Gomez,ORLANDO GOMEZ
71621,18607,1934.8329,Anthony Wilson,ANTHONY WILSON
71623,12128,2682.9953,Kelli Chande,KELLI CHANDE
71624,15142,27.614,Kendra Munoz,KENDRA MUNOZ
71625,18195,94.4554,Benjamin Martinez,BENJAMIN MARTINEZ
71628,11966,6.9394,Kayla White,KAYLA WHITE
71629,14823,899.9894,Jeremy Cox,JEREMY COX
71630,18019,2552.5169,Christopher Brown,CHRISTOPHER BROWN
71631,19073,2560.2519,Craig Gill,CRAIG GILL
71634,19290,668.4808,Nelson Torres,NELSON TORRES
71635,11757,30.1444,Olivia Moore,OLIVIA MOORE
71636,11849,65.1729,Gerald Sara,GERALD SARA
71637,11223,27.614,Isabella Moore,ISABELLA MOORE
71641,11861,40.432,Tamara Lu,TAMARA LU
71644,20523,16.5529,Jennifer Washington,JENNIFER WASHINGTON
71646,16891,66.2779,Jerry Yuan,JERRY YUAN
71648,15956,5.514,Henry Chapman,HENRY CHAPMAN
71649,15332,44.1779,Charles Morris,CHARLES MORRIS
71650,17212,68.4769,Robert White,ROBERT WHITE
71651,19333,38.9292,Olivia Brooks,OLIVIA BROOKS
71652,14970,77.339,Randall Navarro,RANDALL NAVARRO
71653,19176,70.6869,Philip Gomez,PHILIP GOMEZ
71654,12818,79.0959,Trevor Barnes,TREVOR BARNES
71658,13466,44.189,Dalton Flores,DALTON FLORES
71659,13282,62.9519,Roger Shen,ROGER SHEN
71660,12366,82.8529,Lacey Wu,LACEY WU
71661,14333,90.0133,Kristy Torres,KRISTY TORRES
71662,12070,38.675,Petr Lazecky,PETR LAZECKY
71663,12556,9.934,Ashley Price,ASHLEY PRICE
71664,12368,38.664,Lacey Lin,LACEY LIN
71665,16136,624.314,Isaac Phillips,ISAAC PHILLIPS
71666,17591,2582.6834,Stacey Liu,STACEY LIU
71667,17594,2626.5408,Austin Rodriguez,AUSTIN RODRIGUEZ
71668,15341,927.6254,Jillian Rodriguez,JILLIAN RODRIGUEZ
71669,15410,924.7856,Dalton Rogers,DALTON ROGERS
71670,15288,874.5744,Xavier Sanchez,XAVIER SANCHEZ
71671,18231,2668.564,Austin Moore,AUSTIN MOORE
71672,18951,2580.1419,Orlando Serrano,ORLANDO SERRANO
71673,15657,921.1391,Jimmy Vazquez,JIMMY VAZQUEZ
71676,15800,2596.7279,Troy Arun,TROY ARUN
71677,15801,2577.1694,Troy Madan,TROY MADAN
71688,13122,2673.0613,Robyn Dominguez,ROBYN DOMINGUEZ
71695,12145,8.7848,Kelli Anand,KELLI ANAND
71696,13149,33.1279,Spencer Powell,SPENCER POWELL
71697,17316,41.9569,Thomas Clark,THOMAS CLARK
71699,16611,36.023,Nichole Andersen,NICHOLE ANDERSEN
71700,14680,55.239,Ian Cooper,IAN COOPER
71701,17301,55.239,Alan Li,ALAN LI
71702,15132,65.1729,Angel Bailey,ANGEL BAILEY
71703,12679,175.695,Elizabeth West,ELIZABETH WEST
71704,14126,79.0959,Timothy Brooks,TIMOTHY BROOKS
71705,16566,2647.5358,Kara Chavez,KARA CHAVEZ
71706,19311,2640.9279,Frank Diaz,FRANK DIAZ
71708,11500,70.6869,Destiny Harris,DESTINY HARRIS
71710,11253,44.1779,Natalie Johnson,NATALIE JOHNSON
71713,19217,66.8194,Philip Rubio,PHILIP RUBIO
71716,11520,54.6754,Destiny Hall,DESTINY HALL
71718,11833,77.3169,Victoria Clark,VICTORIA CLARK
71720,15157,16.5529,Cole Bailey,COLE BAILEY
71721,11861,55.2169,Tamara Lu,TAMARA LU
71723,16722,5.514,Isaiah Adams,ISAIAH ADAMS
71725,16047,5.514,Andre Patel,ANDRE PATEL
71727,17826,33.139,Nathan Thomas,NATHAN THOMAS
71728,14964,54.1119,Randall Alonso,RANDALL ALONSO
71729,16188,44.1779,Alex Campbell,ALEX CAMPBELL
71730,15713,5.514,Marc Serrano,MARC SERRANO
71731,12872,54.1119,Tristan Long,TRISTAN LONG
71732,11222,82.8529,Ruben Lopez,RUBEN LOPEZ
71733,11794,46.7194,Victoria Williams,VICTORIA WILLIAMS
71734,12064,52.9737,Abigail Robinson,ABIGAIL ROBINSON
71735,11980,109.9144,Kayla Rodriguez,KAYLA RODRIGUEZ
71736,20648,2715.3497,Lindsey Shen,LINDSEY SHEN
71737,13852,2535.964,Marcus Russell,MARCUS RUSSELL
71738,17446,2635.3808,Cameron Thomas,CAMERON THOMAS
71739,16914,2609.9548,Connor Hernandez,CONNOR HERNANDEZ
71740,16915,2624.3529,Timothy Allen,TIMOTHY ALLEN
71741,18785,2597.8108,Joshua Jackson,JOSHUA JACKSON
71742,17017,2577.1694,Ricardo Raje,RICARDO RAJE
71743,13706,2582.6834,Devin Hughes,DEVIN HUGHES
71744,18922,2571.2908,Joseph Moore,JOSEPH MOORE
71745,17141,2626.5408,Samuel Wright,SAMUEL WRIGHT
71746,13225,2566.1194,Roger Chen,ROGER CHEN
71748,17949,868.8947,Vincent Zhou,VINCENT ZHOU
71749,17093,2673.0613,Greg White,GREG WHITE
71755,15793,2563.589,Mason Collins,MASON COLLINS
71756,15734,2602.264,James Collins,JAMES COLLINS
71757,15757,2535.964,Elijah Collins,ELIJAH COLLINS
71758,11167,879.9557,Morgan Jones,MORGAN JONES
71765,20090,606.6229,Destiny Flores,DESTINY FLORES
71767,17865,1977.9169,Justin Anderson,JUSTIN ANDERSON
71768,18655,1918.2579,Daniel Johnson,DANIEL JOHNSON
71770,14673,830.2307,Rob Verhoff,ROB VERHOFF
71771,13618,2673.0613,Blake Russell,BLAKE RUSSELL
71953,12157,8.7848,Taylor Martinez,TAYLOR MARTINEZ
71954,11856,65.1729,Emma Miller,EMMA MILLER
71955,14054,205.8394,Alex Watson,ALEX WATSON
71957,11149,9.934,Kaitlyn Clark,KAITLYN CLARK
71960,15083,2552.5169,Sean Murphy,SEAN MURPHY
71961,12863,2659.6577,Tristan Ross,TRISTAN ROSS
71962,11679,59.659,Megan Taylor,MEGAN TAYLOR
71963,11019,82.3004,Joe Belson,JOE BELSON
71965,11330,93.8808,Grace Lewis,GRACE LEWIS
71969,12892,87.2729,Rafael Black,RAFAEL BLACK
71970,15550,5.514,Thomas Parker,THOMAS PARKER
71972,16099,99.4169,Kellie Vazquez,KELLIE VAZQUEZ
71973,20519,60.7308,Jennifer Patterson,JENNIFER PATTERSON
71974,20084,26.8184,Carol Patterson,CAROL PATTERSON
71975,14787,76.2119,Roberto Ruiz,ROBERTO RUIZ
71976,13684,44.1779,Rodney Gutierrez,RODNEY GUTIERREZ
71977,13441,51.3494,Colin Ye,COLIN YE
71978,11559,38.664,Alyssa Lewis,ALYSSA LEWIS
71979,18824,2646.4419,Matthew Miller,MATTHEW MILLER
71980,18840,2535.964,Matthew White,MATTHEW WHITE
71981,18592,2535.964,Kathleen Ortega,KATHLEEN ORTEGA
71982,18527,2563.589,Leslie Gutierrez,LESLIE GUTIERREZ
71985,16169,2602.2529,Molly Rodriguez,MOLLY RODRIGUEZ
71986,20749,690.5919,Crystal Liu,CRYSTAL LIU
71987,18868,1944.7669,Andrew Williams,ANDREW WILLIAMS
71988,18089,1918.2579,Alexander Johnson,ALEXANDER JOHNSON
71989,18955,1939.2529,Joseph Garcia,JOSEPH GARCIA
71990,18118,1934.8329,Austin Smith,AUSTIN SMITH
71991,19316,1879.594,Olivia Howard,OLIVIA HOWARD
71992,19329,1944.7669,Cory Madan,CORY MADAN
71995,11432,612.1369,Nicole Williams,NICOLE WILLIAMS
71996,11420,2720.5432,Christy Rai,CHRISTY RAI
71997,11929,890.9836,Tammy Raji,TAMMY RAJI
71998,15134,829.0815,Isaiah Bailey,ISAIAH BAILEY
72000,13636,2694.0563,Edward Coleman,EDWARD COLEMAN
72001,11878,8.7848,Emma Martinez,EMMA MARTINEZ
72002,14669,34.5534,Cody Cooper,CODY COOPER
72003,15598,130.3458,Jonathan Evans,JONATHAN EVANS
72007,16287,2604.7944,Casey Yuan,CASEY YUAN
72008,18028,905.5254,Abby Fernandez,ABBY FERNANDEZ
72009,15051,2535.964,Gina Moreno,GINA MORENO
72011,16290,707.6973,Casey Lal,CASEY LAL
72012,16273,687.2658,Bethany Beck,BETHANY BECK
72013,11498,6.9394,Jenny Shan,JENNY SHAN
72014,14265,32.0229,Richard Sanders,RICHARD SANDERS
72015,11019,37.5479,Joe Belson,JOE BELSON
72018,13707,16.5529,Rodney Sanz,RODNEY SANZ
72019,20367,142.5119,Shawn Xie,SHAWN XIE
72020,19138,77.339,Nelson Hernandez,NELSON HERNANDEZ
72021,17429,5.514,Karen Cai,KAREN CAI
72022,17457,60.7529,Jonathan Hall,JONATHAN HALL
72023,17019,60.7529,Ricardo Chande,RICARDO CHANDE
72024,18313,8.0444,Jorge Sun,JORGE SUN
72025,15515,8.0444,Diane Alonso,DIANE ALONSO
72028,18144,35.3269,Randy Liu,RANDY LIU
72029,19354,41.1834,Olivia Patterson,OLIVIA PATTERSON
72032,11558,23.7465,Barbara Lu,BARBARA LU
72034,12326,32.034,Madison Taylor,MADISON TAYLOR
72035,11677,38.675,Megan Wilson,MEGAN WILSON
72036,11659,41.2055,Lauren Rodriguez,LAUREN RODRIGUEZ
72037,13335,79.5269,Julian Long,JULIAN LONG
72038,16800,26.8184,Gabriel Young,GABRIEL YOUNG
72039,12539,9.934,Alejandro Lal,ALEJANDRO LAL
72040,13389,128.1248,Oscar Butler,OSCAR BUTLER
72041,12660,49.7029,Elizabeth Henderson,ELIZABETH HENDERSON
72042,13729,2696.7194,Eduardo Barnes,EDUARDO BARNES
72043,15528,987.2844,Cody Cook,CODY COOK
72044,15529,888.9504,Diane Romero,DIANE ROMERO
72045,15473,850.2865,Carlos Cook,CARLOS COOK
72046,16046,820.2968,Angel Turner,ANGEL TURNER
72051,11264,890.9836,Ruben Romero,RUBEN ROMERO
72054,18362,1906.3571,William Robinson,WILLIAM ROBINSON
72055,18869,1918.2579,Andrew Jones,ANDREW JONES
72056,18976,1934.8329,Veronica Arun,VERONICA ARUN
72057,18806,1973.4969,Meghan Gill,MEGHAN GILL
72061,13035,650.8008,Louis Zhao,LOUIS ZHAO
72062,16684,640.8669,Francisco Chandra,FRANCISCO CHANDRA
72063,12044,9.934,Gail Moore,GAIL MOORE
72064,11791,93.9029,Victoria Smith,VICTORIA SMITH
72065,16618,41.1834,Nichole Rai,NICHOLE RAI
72066,11965,27.0615,Kayla Jackson,KAYLA JACKSON
72067,11071,75.1069,Joe Serrano,JOE SERRANO
72070,16530,905.5254,Hunter Hill,HUNTER HILL
72071,15048,2580.1419,Gina Alvarez,GINA ALVAREZ
72072,15056,2673.4812,Xavier Bell,XAVIER BELL
72073,20567,2624.3529,Kristin Deng,KRISTIN DENG
72074,19364,2612.1869,Nelson Blanco,NELSON BLANCO
72075,11859,38.664,Gerald Subram,GERALD SUBRAM
72080,11211,41.9127,Ruben Prasad,RUBEN PRASAD
72081,11330,42.9624,Grace Lewis,GRACE LEWIS
72082,14904,288.2503,Timothy Ward,TIMOTHY WARD
72083,11802,35.6694,Ross Alvarez,ROSS ALVAREZ
72084,18937,77.339,Orlando Blanco,ORLANDO BLANCO
72085,19237,77.339,Victor Romero,VICTOR ROMERO
72086,18991,77.339,Veronica Garcia,VERONICA GARCIA
72088,16988,5.514,Ricardo Shen,RICARDO SHEN
72089,15318,44.1779,Nathaniel Morris,NATHANIEL MORRIS
72091,19385,129.2298,Shane Raman,SHANE RAMAN
72094,12810,8.0444,Rafael Zhao,RAFAEL ZHAO
72095,18878,2641.9998,Andrew Wilson,ANDREW WILSON
72096,15433,927.6254,Candace Gonzalez,CANDACE GONZALEZ
72097,18378,2696.189,Jésus Munoz,JÉSUS MUNOZ
72099,12133,858.9607,Taylor Brown,TAYLOR BROWN
72105,13024,680.6358,Hannah Barnes,HANNAH BARNES
72106,13974,2618.8169,Joanna Moreno,JOANNA MORENO
72107,13134,2596.7279,Fernando Hayes,FERNANDO HAYES
72108,16352,2619.0931,Jordan Nelson,JORDAN NELSON
72110,15876,2694.0563,Gabriel Perez,GABRIEL PEREZ
72118,19125,1918.2579,Derrick Bradley,DERRICK BRADLEY
72119,19321,1918.2579,Olivia Torres,OLIVIA TORRES
72122,11429,650.8008,Marshall Kumar,MARSHALL KUMAR
72126,11368,940.1451,Christy Guo,CHRISTY GUO
72127,14346,820.2968,Joy Ortega,JOY ORTEGA
72130,14853,32.0229,Chase Howard,CHASE HOWARD
72131,18267,33.139,Curtis Liang,CURTIS LIANG
72134,13670,136.9979,Wyatt Barnes,WYATT BARNES
72135,15791,19.0834,Troy Patel,TROY PATEL
72137,19447,888.9394,Raymond Suri,RAYMOND SURI
72138,16730,76.2119,Evan Adams,EVAN ADAMS
72139,18026,891.4698,Brent Zheng,BRENT ZHENG
72140,14818,875.6241,Ian Cox,IAN COX
72141,19438,2618.8058,Douglas Fernandez,DOUGLAS FERNANDEZ
72142,19439,2626.5408,Douglas Martinez,DOUGLAS MARTINEZ
72143,12834,2563.589,Rafael Zeng,RAFAEL ZENG
72144,16270,651.9058,Denise Perez,DENISE PEREZ
72145,11619,4.409,Lauren Jones,LAUREN JONES
72147,12895,76.2119,Rafael Raji,RAFAEL RAJI
72148,11287,33.139,Ruben Carlson,RUBEN CARLSON
72149,20313,104.4004,Dwayne Martin,DWAYNE MARTIN
72151,20471,81.7369,Jennifer Torres,JENNIFER TORRES
72152,18524,132.5779,Nicholas Walker,NICHOLAS WALKER
72153,16380,136.9979,Latoya Yuan,LATOYA YUAN
72154,14898,46.3548,Albert Jiménez,ALBERT JIMÉNEZ
72155,16296,135.8598,Angel Gonzalez,ANGEL GONZALEZ
72157,13534,40.0784,Jeremiah Diaz,JEREMIAH DIAZ
72158,15634,44.1779,Adam Evans,ADAM EVANS
72159,11655,44.189,Lauren Robinson,LAUREN ROBINSON
72160,11881,155.1973,Tamara She,TAMARA SHE
72161,12641,9.934,Sarah Bryant,SARAH BRYANT
72162,15471,927.6254,Nancy Raman,NANCY RAMAN
72163,16211,648.6019,Tina Fernandez,TINA FERNANDEZ
72164,18393,2535.964,Anthony Rodriguez,ANTHONY RODRIGUEZ
72168,18463,1268.2859,Larry Rubio,LARRY RUBIO
72171,11930,987.2844,Elizabeth Robinson,ELIZABETH ROBINSON
72178,18051,1918.2579,Jeffery Ye,JEFFERY YE
72179,18982,1971.2758,Orlando Carlson,ORLANDO CARLSON
72180,18092,1977.3423,Wesley Yang,WESLEY YANG
72181,19315,1939.2529,Frank Hernandez,FRANK HERNANDEZ
72182,13255,2649.8453,Carson Flores,CARSON FLORES
72183,16286,2634.3974,Jack Gonzalez,JACK GONZALEZ
72184,13630,2634.3974,Briana Dominguez,BRIANA DOMINGUEZ
72185,13643,2644.3313,Edward Long,EDWARD LONG
72186,11253,55.239,Natalie Johnson,NATALIE JOHNSON
72187,11498,38.664,Jenny Shan,JENNY SHAN
72188,11913,27.614,Elizabeth Moore,ELIZABETH MOORE
72190,13184,132.6,Antonio Wood,ANTONIO WOOD
72191,11148,44.1779,Kaitlyn Robinson,KAITLYN ROBINSON
72194,20576,2613.2919,Kristin Yuan,KRISTIN YUAN
72195,20552,2580.1419,Kaitlyn Rogers,KAITLYN ROGERS
72196,13542,2613.2919,Jon Zhou,JON ZHOU
72197,13514,2646.4419,Colin Anand,COLIN ANAND
72199,11314,11.3152,Lacey Rai,LACEY RAI
72201,11262,39.4706,Natalie Wilson,NATALIE WILSON
72203,14079,76.2119,Melinda Serrano,MELINDA SERRANO
72205,16106,36.023,Jack Phillips,JACK PHILLIPS
72208,15340,45.957,Jillian Gonzalez,JILLIAN GONZALEZ
72210,19858,104.4004,Lindsay Anand,LINDSAY ANAND
72211,11331,86.1458,Grace Lee,GRACE LEE
72212,16379,65.1729,Latoya Luo,LATOYA LUO
72214,15973,44.1779,Henry Raman,HENRY RAMAN
72215,15746,5.514,Robert Collins,ROBERT COLLINS
72216,13755,50.7748,Robin Ortega,ROBIN ORTEGA
72217,13375,79.5269,Oscar Perry,OSCAR PERRY
72218,19823,51.3494,Jasmine Gray,JASMINE GRAY
72219,16190,79.5269,Evan Campbell,EVAN CAMPBELL
72220,17854,71.7919,Carrie Hernandez,CARRIE HERNANDEZ
72221,16471,59.0844,Misty Pal,MISTY PAL
72223,20579,27.614,Kaitlyn Howard,KAITLYN HOWARD
72229,12319,5.514,Colleen Kumar,COLLEEN KUMAR
72232,15353,215.7734,Brenda Van,BRENDA VAN
72236,11354,25.3819,Christy Ye,CHRISTY YE
72237,11560,59.659,Barbara Xu,BARBARA XU
72238,16125,650.8008,Molly Suri,MOLLY SURI
72239,18829,2602.2529,Dana Diaz,DANA DIAZ
72240,18849,2615.4908,Matthew Robinson,MATTHEW ROBINSON
72241,15489,997.2183,Jesse Cook,JESSE COOK
72242,18399,2580.1419,William Miller,WILLIAM MILLER
72243,18437,2607.7779,Brandon Brown,BRANDON BROWN
72245,15661,873.2926,Jimmy Serrano,JIMMY SERRANO
72247,18158,2644.3313,Randy Lu,RANDY LU
72248,17811,2682.9953,Candice Sun,CANDICE SUN
72250,18337,2699.9018,Frank Moreno,FRANK MORENO
72253,16620,2560.2519,Nichole Nath,NICHOLE NATH
72254,16351,2535.964,Luke Nelson,LUKE NELSON
72256,11224,858.9607,Isabella Taylor,ISABELLA TAYLOR
72261,18867,1934.8329,Andrew Johnson,ANDREW JOHNSON
72267,15129,896.5086,Kendra Ruiz,KENDRA RUIZ
72268,13958,2634.3974,Seth Jenkins,SETH JENKINS
72271,13036,693.9069,Carol Perry,CAROL PERRY
72272,12128,1949.1869,Kelli Chande,KELLI CHANDE
72274,17906,23.7465,Benjamin Jones,BENJAMIN JONES
72275,18263,101.6048,Janelle Malhotra,JANELLE MALHOTRA
72278,18286,79.0959,Zachary Jones,ZACHARY JONES
72279,15125,55.239,Lucas Murphy,LUCAS MURPHY
72280,13120,102.7319,Edwin West,EDWIN WEST
72281,13564,2601.1148,Jon He,JON HE
72282,15058,2552.5169,Gina Torres,GINA TORRES
72283,20577,2538.4944,Dwayne Vazquez,DWAYNE VAZQUEZ
72284,13538,2574.6279,Jon Wu,JON WU
72285,12843,2696.189,Trevor Foster,TREVOR FOSTER
72286,13513,2585.6669,Jeremy Powell,JEREMY POWELL
72287,14949,2696.189,Brian Morgan,BRIAN MORGAN
72288,11842,65.1729,Gerald Madan,GERALD MADAN
72295,16849,132.5779,Russell Xu,RUSSELL XU
72296,11142,104.4004,Kaitlyn Thompson,KAITLYN THOMPSON
72298,19731,87.2729,Byron Gill,BYRON GILL
72299,20747,77.339,Crystal Li,CRYSTAL LI
72303,14460,106.5883,Jeremy Peterson,JEREMY PETERSON
72304,14612,44.1779,Devin Rivera,DEVIN RIVERA
72305,14490,44.1779,Jonathon Torres,JONATHON TORRES
72306,18631,27.614,Daniel Lewis,DANIEL LEWIS
72310,12611,64.6094,Clayton Guo,CLAYTON GUO
72311,15103,40.0784,Jill Vazquez,JILL VAZQUEZ
72312,13276,24.2879,Gavin Bennett,GAVIN BENNETT
72313,11736,118.2019,Pedro Rubio,PEDRO RUBIO
72314,13151,101.6048,Edwin Lu,EDWIN LU
72315,17585,94.4554,James Williams,JAMES WILLIAMS
72316,18862,2601.6894,Matthew Walker,MATTHEW WALKER
72317,13734,2586.7387,Eduardo Jenkins,EDUARDO JENKINS
72318,15432,888.9504,Candace Martinez,CANDACE MARTINEZ
72319,18416,2618.8058,William Lewis,WILLIAM LEWIS
72320,18481,2562.4508,Brandi Navarro,BRANDI NAVARRO
72321,13702,2538.4944,Rodney Ramos,RODNEY RAMOS
72324,11242,2673.0613,Ruben Gomez,RUBEN GOMEZ
72328,16031,1879.594,Caleb Turner,CALEB TURNER
72331,17504,866.8394,Adam Hall,ADAM HALL
72333,16176,2602.2529,Tina Suri,TINA SURI
72334,16180,2582.6834,Eric Campbell,ERIC CAMPBELL
72338,15905,2649.8453,Johnathan Gonzalez,JOHNATHAN GONZALEZ
72346,20669,1238.1415,Lindsey Chande,LINDSEY CHANDE
72347,19008,1945.3194,Veronica Perez,VERONICA PEREZ
72348,14732,1934.8329,Hector Ramos,HECTOR RAMOS
72349,19293,1934.8329,Erik Serrano,ERIK SERRANO
72351,14713,639.1983,Bryce Richardson,BRYCE RICHARDSON
72354,14163,755.5659,Seth Brooks,SETH BROOKS
72355,11359,838.2751,Christy Gao,CHRISTY GAO
72356,15127,857.8447,Xavier Murphy,XAVIER MURPHY
72358,14039,2673.0613,Xavier James,XAVIER JAMES
72359,14319,70.6869,Kristy Hernandez,KRISTY HERNANDEZ
72361,17731,26.2769,Margaret He,MARGARET HE
72363,15727,38.664,Diane Carlson,DIANE CARLSON
72364,18715,59.659,Orlando Ashe,ORLANDO ASHE
72365,13666,2566.1194,Rodney Alvarez,RODNEY ALVAREZ
72366,17097,927.6033,Kelvin Wu,KELVIN WU
72368,20564,2607.7779,April Anand,APRIL ANAND
72370,11711,66.8194,Brianna Jones,BRIANNA JONES
72371,11131,33.1279,Kaitlyn Taylor,KAITLYN TAYLOR
72374,17687,44.1779,Sandra Zeng,SANDRA ZENG
72375,17132,5.514,Melody Saunders,MELODY SAUNDERS
72377,16749,68.4658,Melody Ruiz,MELODY RUIZ
72378,15190,109.3508,Jeremy Bailey,JEREMY BAILEY
72380,14493,60.7308,Jonathon Gill,JONATHON GILL
72381,14784,132.5779,Sheila Sanz,SHEILA SANZ
72387,11566,28.1554,Barbara Zhu,BARBARA ZHU
72389,13798,40.0784,Richard Gonzales,RICHARD GONZALES
72390,11974,82.8529,Kayla Thompson,KAYLA THOMPSON
72391,11851,38.675,Gerald Rana,GERALD RANA
72392,11857,82.8529,Emma Wilson,EMMA WILSON
72393,16876,118.1908,Mason Allen,MASON ALLEN
72394,12257,55.239,Colleen Liu,COLLEEN LIU
72395,20658,2715.3497,Morgan Cook,MORGAN COOK
72396,16216,678.9894,Caleb Baker,CALEB BAKER
72398,14025,647.4637,Charles James,CHARLES JAMES
72399,18850,2625.9773,Brandy Srini,BRANDY SRINI
72400,18864,2576.8048,Brandy Fernandez,BRANDY FERNANDEZ
72401,18819,2591.1808,Meghan Sanz,MEGHAN SANZ
72402,18560,2615.4908,Zachary Jackson,ZACHARY JACKSON
72403,13733,2621.0158,Eduardo Coleman,EDUARDO COLEMAN
72404,18611,2643.0937,Stacy Munoz,STACY MUNOZ
72405,15506,850.2865,Rachael Sara,RACHAEL SARA
72406,18528,2632.0437,Leslie Dominguez,LESLIE DOMINGUEZ
72407,13462,2625.9773,Dalton Long,DALTON LONG
72408,18513,2587.8769,Leslie Hernandez,LESLIE HERNANDEZ
72409,18460,2587.8769,Larry Sanz,LARRY SANZ
72410,13693,1407.0186,Wyatt Bryant,WYATT BRYANT
72411,19476,1428.0247,Raymond Fernandez,RAYMOND FERNANDEZ
72414,16027,1939.2529,Gabriel Turner,GABRIEL TURNER
72415,16616,2582.6834,Gloria Carlson,GLORIA CARLSON
72416,16630,2646.4419,Thomas Hill,THOMAS HILL
72417,16495,2678.4758,Kelsey Shen,KELSEY SHEN
72418,13110,2563.589,Fernando Perry,FERNANDO PERRY
72420,16000,2673.0613,Bobby Van,BOBBY VAN
72425,15916,2719.394,Manuel Kapoor,MANUEL KAPOOR
72432,18091,1934.8329,Christopher Wilson,CHRISTOPHER WILSON
72434,14164,620.4354,Xavier Brooks,XAVIER BROOKS
72435,18173,2681.8792,Randy Ma,RANDY MA
72437,13646,2634.3974,Edward Hughes,EDWARD HUGHES
72440,13182,132.6,Antonio Bennett,ANTONIO BENNETT
72441,19580,132.5337,Emma Griffin,EMMA GRIFFIN
72442,18279,72.8748,Curtis She,CURTIS SHE
72443,12369,29.8019,Lacey Zhou,LACEY ZHOU
72444,14100,44.1779,Lori Jimenez,LORI JIMENEZ
72445,19578,59.659,Holly Arun,HOLLY ARUN
72446,14682,55.239,Xavier Cooper,XAVIER COOPER
72447,13026,55.239,Tamara Lin,TAMARA LIN
72448,13634,132.6,Javier Navarro,JAVIER NAVARRO
72449,19941,2628.7508,Julie Xie,JULIE XIE
72450,19420,2604.4298,Douglas Arun,DOUGLAS ARUN
72451,16278,606.6229,Casey Deng,CASEY DENG
72452,11752,57.4158,Ross Malhotra,ROSS MALHOTRA
72454,11820,38.6529,Ross Vazquez,ROSS VAZQUEZ
72457,14567,16.5529,Micheal Alonso,MICHEAL ALONSO
72459,18977,142.5119,Nicholas Williams,NICHOLAS WILLIAMS
72460,18550,71.2394,Dylan Walker,DYLAN WALKER
72461,16923,66.2779,Aaron Young,AARON YOUNG
72463,15835,103.8369,Allen Chandra,ALLEN CHANDRA
72464,14408,72.8858,Timothy Peterson,TIMOTHY PETERSON
72465,13934,34.2219,Wendy Moreno,WENDY MORENO
72466,16402,5.514,Latoya Rai,LATOYA RAI
72467,18138,83.9469,David Martinez,DAVID MARTINEZ
72469,20137,87.2508,Ronald Mehta,RONALD MEHTA
72474,16043,44.1779,Kellie Torres,KELLIE TORRES
72475,11166,44.189,Morgan Williams,MORGAN WILLIAMS
72476,11085,82.8529,Jennifer Brown,JENNIFER BROWN
72477,11848,46.7194,Warren Liu,WARREN LIU
72478,13201,55.5042,Antonio Perry,ANTONIO PERRY
72479,18860,2646.4419,Brandy Garcia,BRANDY GARCIA
72480,18537,2535.964,Tyler Brown,TYLER BROWN
72481,15466,888.9504,Diane Jimenez,DIANE JIMENEZ
72482,18512,2596.7279,Dylan Thompson,DYLAN THOMPSON
72483,18395,2624.3529,Jésus Serrano,JÉSUS SERRANO
72484,16657,2566.1194,Alison Andersen,ALISON ANDERSEN
72485,16029,1918.2579,Shirleen Travers,SHIRLEEN TRAVERS
72489,16025,1945.3194,Bob Lopez,BOB LOPEZ
72492,13021,659.6408,Hannah Wood,HANNAH WOOD
72493,14012,2677.9454,Tanya Jimenez,TANYA JIMENEZ
72494,17328,894.4644,Noah Rodriguez,NOAH RODRIGUEZ
72495,13111,2636.4637,Louis Goel,LOUIS GOEL
72499,20744,606.6229,Morgan Russell,MORGAN RUSSELL
72502,14888,1324.8619,Jeremiah Howard,JEREMIAH HOWARD
72503,18525,1918.2579,Leslie Navarro,LESLIE NAVARRO
72504,18980,1934.8329,Veronica Srini,VERONICA SRINI
72505,18998,1972.3808,Nicholas Jackson,NICHOLAS JACKSON
72506,18803,1934.8329,Joshua Lewis,JOSHUA LEWIS
72511,13257,2673.0613,Carson Butler,CARSON BUTLER
72512,15130,820.2968,Jeremy Murphy,JEREMY MURPHY
72515,17234,41.1834,Robert Lopez,ROBERT LOPEZ
72517,13668,8.7848,Wyatt Price,WYATT PRICE
72518,12351,27.0615,Colleen Raji,COLLEEN RAJI
72519,19623,103.2733,Grace James,GRACE JAMES
72520,19474,891.4698,Victoria Russell,VICTORIA RUSSELL
72521,15620,2631.5023,Jimmy Martin,JIMMY MARTIN
72525,19870,41.1834,Christine Yuan,CHRISTINE YUAN
72526,12916,33.139,Aidan Flores,AIDAN FLORES
72527,11262,104.3783,Natalie Wilson,NATALIE WILSON
72529,20540,11.039,April Sharma,APRIL SHARMA
72530,20521,27.8681,Jennifer Hughes,JENNIFER HUGHES
72531,16858,5.514,Elijah Adams,ELIJAH ADAMS
72532,16806,60.7529,Angel Allen,ANGEL ALLEN
72533,15358,44.1779,Alex Rogers,ALEX ROGERS
72534,14764,8.0444,Angel Cox,ANGEL COX
72535,20773,34.2219,Crystal Guo,CRYSTAL GUO
72536,17638,77.3169,Sandra Wang,SANDRA WANG
72537,14187,40.432,Juan Kelly,JUAN KELLY
72538,16941,71.7919,Jack Hernandez,JACK HERNANDEZ
72542,12592,47.4819,Clayton Zhao,CLAYTON ZHAO
72544,11726,177.3083,Pedro Serrano,PEDRO SERRANO
72545,16229,632.3473,Denise Kapoor,DENISE KAPOOR
72546,18514,2640.9058,Leslie Alvarez,LESLIE ALVAREZ
72547,18519,2610.3084,Leslie Moreno,LESLIE MORENO
72548,15422,940.2998,Isaac Reed,ISAAC REED
72549,13482,2562.7823,Colin Xie,COLIN XIE
72550,18420,2668.564,William Walker,WILLIAM WALKER
72551,20708,2580.1529,Amy Wu,AMY WU
72552,18432,2597.8108,Larry Navarro,LARRY NAVARRO
72553,18435,2626.5408,Larry Gutierrez,LARRY GUTIERREZ
72554,18478,2630.4194,Brandi Alonso,BRANDI ALONSO
72555,18457,1378.9958,Nicholas Lee,NICHOLAS LEE
72556,18461,1292.8169,Brandon Lewis,BRANDON LEWIS
72561,16607,2562.7823,Nichole Jai,NICHOLE JAI
72562,17334,850.2865,Alan He,ALAN HE
72566,15567,2644.3313,Pamela Rodriguez,PAMELA RODRIGUEZ
72567,15566,2742.6432,Pamela Martinez,PAMELA MARTINEZ
72574,19357,1966.3144,Olivia Flores,OLIVIA FLORES
72576,19295,1879.594,Erik Ramos,ERIK RAMOS
72578,14774,620.4354,Danny Ramos,DANNY RAMOS
72580,12222,2682.9953,Emily Jones,EMILY JONES
72581,14262,1352.3432,Felicia Diaz,FELICIA DIAZ
72583,19961,98.3229,Julie Andersen,JULIE ANDERSEN
72586,17059,59.659,Johnny Pal,JOHNNY PAL
72590,19454,2647.5358,Victoria Hughes,VICTORIA HUGHES
72593,17778,2678.4979,Susan He,SUSAN HE
72594,19340,2641.9998,Cory Raman,CORY RAMAN
72595,16259,635.3529,Denise Lopez,DENISE LOPEZ
72596,11503,2.5305,Destiny Thompson,DESTINY THOMPSON
72597,12963,9.934,Jaclyn Xie,JACLYN XIE
72599,11194,70.1344,Ruben Vance,RUBEN VANCE
72601,11501,27.614,Destiny Martin,DESTINY MARTIN
72604,20433,82.2783,Peter Nath,PETER NATH
72605,19878,77.339,Christine Jai,CHRISTINE JAI
72606,18993,142.5119,Veronica Fernandez,VERONICA FERNANDEZ
72607,15412,5.514,Carlos Reed,CARLOS REED
72608,16748,65.1729,Martin Sara,MARTIN SARA
72609,20202,50.7748,Alyssa Flores,ALYSSA FLORES
72610,14177,51.7472,Jesse Kelly,JESSE KELLY
72612,16189,44.1779,Tina Sai,TINA SAI
72613,13533,76.2119,Jeremiah Griffin,JEREMIAH GRIFFIN
72614,12530,82.8529,Alejandro Xu,ALEJANDRO XU
72615,15761,109.9144,Aaron Collins,AARON COLLINS
72616,20012,613.2419,Tara Nara,TARA NARA
72617,15503,927.6033,Rachael Smith,RACHAEL SMITH
72618,13724,2535.964,Devin Hayes,DEVIN HAYES
72619,18422,2598.9158,Larry Jimenez,LARRY JIMENEZ
72620,18428,2577.1694,Larry Romero,LARRY ROMERO
72624,16623,2646.4419,Jonathan Hill,JONATHAN HILL
72625,14048,2552.5169,Carlos Watson,CARLOS WATSON
72626,15575,927.6254,Ricky Ruiz,RICKY RUIZ
72629,15889,2688.5092,Johnathan Sai,JOHNATHAN SAI
72634,19156,1909.7384,Megan Butler,MEGAN BUTLER
72635,19108,1879.594,Derrick Alonso,DERRICK ALONSO
72636,14731,1918.2579,Adrian Richardson,ADRIAN RICHARDSON
72639,13134,1381.0732,Fernando Hayes,FERNANDO HAYES
72640,13638,2673.0613,Edward Perry,EDWARD PERRY
72641,14034,59.9463,Ian James,IAN JAMES
72642,15805,102.1904,Troy Prasad,TROY PRASAD
72643,18745,83.9469,Natasha Munoz,NATASHA MUNOZ
72645,11102,77.3169,Jennifer Garcia,JENNIFER GARCIA
72646,15095,2754.0136,Jill Navarro,JILL NAVARRO
72647,19952,15.4479,Julie Lal,JULIE LAL
72649,13572,2615.4908,Miguel Gonzales,MIGUEL GONZALES
72650,17834,2614.3637,Ethan Jones,ETHAN JONES
72651,17978,924.2773,Ryan Jones,RYAN JONES
72652,14834,905.5254,Roberto Rubio,ROBERTO RUBIO
72653,17780,2563.589,Susan Hu,SUSAN HU
72654,19476,2602.264,Raymond Fernandez,RAYMOND FERNANDEZ
72655,14991,2597.8108,Carlos Bell,CARLOS BELL
72656,15614,2741.4056,Ricky Sanz,RICKY SANZ
72660,19322,624.314,Cory Weber,CORY WEBER
72661,16051,624.314,Evan Turner,EVAN TURNER
72662,19302,637.5298,Erik Rubio,ERIK RUBIO
72663,11682,59.659,Pedro Gomez,PEDRO GOMEZ
72664,11507,26.2769,Marshall Jai,MARSHALL JAI
72666,11827,71.7919,Ross Sanz,ROSS SANZ
72667,17579,104.3783,Brittney Cai,BRITTNEY CAI
72668,20532,103.2733,Jennifer Simmons,JENNIFER SIMMONS
72669,11845,55.2169,Victoria Hall,VICTORIA HALL
72670,13941,159.0869,Lucas Hayes,LUCAS HAYES
72671,18833,87.2729,Dana Moreno,DANA MORENO
72672,16917,5.514,James Young,JAMES YOUNG
72673,16725,15.4479,Martin Suri,MARTIN SURI
72675,19939,54.1119,Nicole Kelly,NICOLE KELLY
72676,12751,92.7869,Alexis Coleman,ALEXIS COLEMAN
72677,14816,70.6869,Roberto Dominguez,ROBERTO DOMINGUEZ
72678,19054,24.2879,Craig Gomez,CRAIG GOMEZ
72679,20063,71.7919,Joel Jordan,JOEL JORDAN
72682,19485,6.9394,Nelson Ortega,NELSON ORTEGA
72683,11130,41.2055,Roy Martinez,ROY MARTINEZ
72684,11230,46.7194,Isabella Jackson,ISABELLA JACKSON
72685,11781,82.8529,Warren Zhang,WARREN ZHANG
72686,11676,41.2055,Pedro Rodriguez,PEDRO RODRIGUEZ
72687,14725,99.4279,Hector Gill,HECTOR GILL
72688,16370,24.2879,Alex Nelson,ALEX NELSON
72689,13412,9.934,Simon Pearson,SIMON PEARSON
72690,12477,55.239,Alejandro Yang,ALEJANDRO YANG
72691,12550,65.1729,Samantha Griffin,SAMANTHA GRIFFIN
72692,20002,651.9058,Destiny Morris,DESTINY MORRIS
72693,15525,859.0712,Pamela Suri,PAMELA SURI
72694,14026,651.1323,Devin James,DEVIN JAMES
72695,20033,626.8334,Donald Arun,DONALD ARUN
72696,15428,937.5594,Timothy Reed,TIMOTHY REED
72697,18429,2587.8769,Anthony Lee,ANTHONY LEE
72698,18381,2607.2033,Jésus Alonso,JÉSUS ALONSO
72700,16659,2535.964,Noah Green,NOAH GREEN
72701,16661,2574.6279,Alison Chande,ALISON CHANDE
72706,13022,657.3866,Tamara Yang,TAMARA YANG
72707,13973,2596.7279,Seth Washington,SETH WASHINGTON
72708,16637,2566.1194,Gabriel Hill,GABRIEL HILL
72709,15582,948.5983,Ricky Jimenez,RICKY JIMENEZ
72710,13109,2596.7279,Louis Nath,LOUIS NATH
72711,16820,968.3447,Mario Chande,MARIO CHANDE
72717,18979,1933.7058,Nicholas Jones,NICHOLAS JONES
72718,19294,2011.0448,Olivia Morris,OLIVIA MORRIS
72721,14716,620.9216,Nathaniel Richardson,NATHANIEL RICHARDSON
72722,13607,623.7504,Walter Vazquez,WALTER VAZQUEZ
72723,18177,2671.9453,Randy He,RANDY HE
72727,16685,668.4808,Robert Green,ROBERT GREEN
72728,13970,2673.0613,Joanna Ashe,JOANNA ASHE
72729,14020,2694.0563,Adrian James,ADRIAN JAMES
72730,14030,2673.0613,Richard James,RICHARD JAMES
72731,14031,2673.0613,Marcus James,MARCUS JAMES
72735,13635,132.6,Javier Gutierrez,JAVIER GUTIERREZ
72736,17058,59.659,Johnny Jai,JOHNNY JAI
72737,20716,2597.8108,Amy Lu,AMY LU
72738,16531,937.5373,Kelsey Goel,KELSEY GOEL
72739,16541,935.3383,Elijah Scott,ELIJAH SCOTT
72740,16288,648.6019,Adam Gonzalez,ADAM GONZALEZ
72743,17371,16.5529,Luis Hall,LUIS HALL
72747,11019,136.9979,Joe Belson,JOE BELSON
72749,17273,75.1069,Bethany Kumar,BETHANY KUMAR
72750,16648,8.0444,Alison Kumar,ALISON KUMAR
72751,17131,5.514,Mitchell Yuan,MITCHELL YUAN
72752,15360,5.514,Brenda Madan,BRENDA MADAN
72753,13857,50.7748,Marcus Hayes,MARCUS HAYES
72754,13475,62.9519,Dalton Gonzales,DALTON GONZALES
72755,13727,89.4608,Robin Navarro,ROBIN NAVARRO
72757,12824,49.2167,Trevor Jenkins,TREVOR JENKINS
72758,19055,50.7748,Lauren Butler,LAUREN BUTLER
72759,16403,41.9569,Kevin Carter,KEVIN CARTER
72762,16038,66.2779,Andre Suri,ANDRE SURI
72764,16497,90.0133,Kelsey Xie,KELSEY XIE
72765,14586,44.189,Micheal Gill,MICHEAL GILL
72766,17509,67.9023,Valerie Sun,VALERIE SUN
72767,18578,2598.9158,Kathleen Gill,KATHLEEN GILL
72768,20004,651.9058,Destiny Rogers,DESTINY ROGERS
72769,18497,2574.6279,Dylan Thomas,DYLAN THOMAS
72770,18386,2552.5169,Jésus Gutierrez,JÉSUS GUTIERREZ
72771,18398,2597.8108,William Davis,WILLIAM DAVIS
72773,11001,650.8008,Amber Young,AMBER YOUNG
72774,16629,2602.264,Logan Hill,LOGAN HILL
72775,16636,2601.6894,Alison Shen,ALISON SHEN
72776,11263,862.8061,Natalie Moore,NATALIE MOORE
72781,18103,1918.2579,Justin Walker,JUSTIN WALKER
72782,19002,1911.6169,Veronica Rodriguez,VERONICA RODRIGUEZ
72786,11995,2700.1228,Alexis Jones,ALEXIS JONES
72787,13959,2703.9903,Seth Perry,SETH PERRY
72789,13969,30.1444,Seth Hughes,SETH HUGHES
72790,15240,70.6869,Mason Sanchez,MASON SANCHEZ
72791,18279,106.1574,Curtis She,CURTIS SHE
72792,11913,9.934,Elizabeth Moore,ELIZABETH MOORE
72793,11245,2709.8357,Ruben Ruiz,RUBEN RUIZ
72795,14827,982.8644,Angel Howard,ANGEL HOWARD
72797,16269,659.9723,Denise Sanchez,DENISE SANCHEZ
72798,11330,43.0729,Grace Lewis,GRACE LEWIS
72799,11203,4.409,Morgan Walker,MORGAN WALKER
72801,11142,98.3229,Kaitlyn Thompson,KAITLYN THOMPSON
72804,13239,37.5479,Carson Henderson,CARSON HENDERSON
72807,20697,86.1016,Morgan Watson,MORGAN WATSON
72808,18500,44.1779,Brandi Suarez,BRANDI SUAREZ
72810,19234,132.5779,Brianna Price,BRIANNA PRICE
72811,12203,109.3508,Dawn Deng,DAWN DENG
72812,16505,44.1779,Kelsey Yuan,KELSEY YUAN
72813,13928,94.4554,Lucas Washington,LUCAS WASHINGTON
72814,14972,62.9519,Eduardo Morgan,EDUARDO MORGAN
72817,13830,98.3119,Marcus Long,MARCUS LONG
72818,12098,82.8529,Kelli Shen,KELLI SHEN
72819,16228,629.8169,Angel Baker,ANGEL BAKER
72821,18643,2563.589,Diana Hernandez,DIANA HERNANDEZ
72822,18427,2579.5783,Brandon Johnson,BRANDON JOHNSON
72823,15662,905.9122,James Edwards,JAMES EDWARDS
72824,12298,2644.3313,Hannah Robinson,HANNAH ROBINSON
72833,15850,2694.0563,Richard Stone,RICHARD STONE
72837,19133,1879.594,Derrick Rubio,DERRICK RUBIO
72843,19031,2682.9953,Gary Gutierrez,GARY GUTIERREZ
72844,18166,2644.3313,Christian Harris,CHRISTIAN HARRIS
72845,11992,2644.3313,Alexis Williams,ALEXIS WILLIAMS
72847,14263,1402.0682,Devin Sanders,DEVIN SANDERS
72848,13633,2634.3974,Edward Henderson,EDWARD HENDERSON
72849,11920,2673.0613,Tamara Nath,TAMARA NATH
72850,20051,2686.7412,Shannon Alonso,SHANNON ALONSO
72852,11801,55.239,Ross Hernandez,ROSS HERNANDEZ
72853,15804,70.6869,Isaiah Stewart,ISAIAH STEWART
72854,15787,70.6869,Alex Collins,ALEX COLLINS
72855,14227,71.7919,Alex Sanders,ALEX SANDERS
72856,17493,83.9469,Elijah Hall,ELIJAH HALL
72857,19761,75.0627,Brandy Kapoor,BRANDY KAPOOR
72861,14013,38.664,Cole James,COLE JAMES
72862,19098,2.5305,Derrick Hernandez,DERRICK HERNANDEZ
72865,19446,859.0712,Douglas Perez,DOUGLAS PEREZ
72867,13546,2585.6669,Miguel Henderson,MIGUEL HENDERSON
72868,19453,2601.1148,Victoria Patterson,VICTORIA PATTERSON
72869,15089,2560.2519,Bryce Murphy,BRYCE MURPHY
72870,13545,2574.6279,Miguel Ross,MIGUEL ROSS
72871,20558,2563.589,Kaitlyn Blue,KAITLYN BLUE
72872,19305,687.2658,Frank Gomez,FRANK GOMEZ
72874,11500,87.2619,Destiny Harris,DESTINY HARRIS
72878,19222,60.7529,Victor Gomez,VICTOR GOMEZ
72879,18851,77.339,Brandy Prasad,BRANDY PRASAD
72880,14760,132.5779,Jeremy Richardson,JEREMY RICHARDSON
72881,11223,5.514,Isabella Moore,ISABELLA MOORE
72882,16073,71.2394,Hunter Phillips,HUNTER PHILLIPS
72883,12158,44.1779,Dawn Yang,DAWN YANG
72884,14721,5.514,Sebastian Richardson,SEBASTIAN RICHARDSON
72886,14042,24.2879,Dalton James,DALTON JAMES
72887,14479,90.5658,Sean Gray,SEAN GRAY
72888,16276,8.0444,Bethany Ashe,BETHANY ASHE
72889,15119,36.023,Eduardo Murphy,EDUARDO MURPHY
72890,14698,67.3498,Evan Richardson,EVAN RICHARDSON
72891,12821,55.2058,Rafael Ma,RAFAEL MA
72898,11684,44.189,Megan Jackson,MEGAN JACKSON
72899,11710,38.675,Pedro Torres,PEDRO TORRES
72900,12056,82.8529,Kelli Yang,KELLI YANG
72901,13054,83.9469,Hannah Foster,HANNAH FOSTER
72902,11878,82.8529,Emma Martinez,EMMA MARTINEZ
72903,12875,89.4387,Tristan Flores,TRISTAN FLORES
72904,12662,16.5529,Clayton Rai,CLAYTON RAI
72905,18832,2580.1529,Matthew Taylor,MATTHEW TAYLOR
72906,18581,2598.9158,Daniel Clark,DANIEL CLARK
72907,15474,987.2844,Angel Cook,ANGEL COOK
72908,15427,874.5744,Candace Mehta,CANDACE MEHTA
72909,18441,2630.4194,Brandon Martinez,BRANDON MARTINEZ
72910,20665,2607.2033,Lindsey Pal,LINDSEY PAL
72911,11549,1451.7601,Alyssa Garcia,ALYSSA GARCIA
72912,13794,1396.5211,Monique Rubio,MONIQUE RUBIO
72914,16660,2563.589,Alison Raje,ALISON RAJE
72915,18338,2813.6726,Frank Munoz,FRANK MUNOZ
72916,18462,1297.8004,Daniel Weisman,DANIEL WEISMAN
72919,17332,997.2183,Robert Lee,ROBERT LEE
72920,15268,850.2865,Heidi Mehta,HEIDI MEHTA
72921,13112,2645.8783,Louis Becker,LOUIS BECKER
72922,13957,2596.7279,Wendy Ramos,WENDY RAMOS
72931,18372,1945.3194,Jésus Diaz,JÉSUS DIAZ
72932,19158,1918.2579,Casey Gutierrez,CASEY GUTIERREZ
72933,19120,1911.6169,Derrick Vazquez,DERRICK VAZQUEZ
72934,19131,1906.6554,Derrick Schmidt,DERRICK SCHMIDT
72935,19137,1918.2579,Casey Gomez,CASEY GOMEZ
72936,18865,1966.3144,Brandy Lopez,BRANDY LOPEZ
72937,18866,1879.594,Brandy Martinez,BRANDY MARTINEZ
72938,18914,1907.2079,Joseph Brown,JOSEPH BROWN
72939,18999,1939.2529,Nicholas White,NICHOLAS WHITE
72941,19318,1939.2529,Frank Jimenez,FRANK JIMENEZ
72942,15923,1977.9169,Manuel Sai,MANUEL SAI
72944,19280,1939.2529,Brianna Griffin,BRIANNA GRIFFIN
72948,14171,706.0398,Sabrina Alonso,SABRINA ALONSO
72952,13518,651.1323,Jeremiah Hughes,JEREMIAH HUGHES
72954,12043,9.934,Arthur Wilson,ARTHUR WILSON
72955,11928,8.7848,Tamara Black,TAMARA BLACK
72956,11185,55.239,Morgan Jackson,MORGAN JACKSON
72958,20235,38.6529,Derek Tang,DEREK TANG
72963,15807,50.3659,Troy Sara,TROY SARA
72964,17314,9.934,Thomas Robinson,THOMAS ROBINSON
72965,12691,175.695,Omar Ye,OMAR YE
72966,13767,2576.8048,Richard Bradley,RICHARD BRADLEY
72967,16546,944.7419,Kara Tang,KARA TANG
72970,20569,2668.5308,Kristin Shen,KRISTIN SHEN
72972,19308,606.6229,Frank Ruiz,FRANK RUIZ
72973,11685,69.5929,Pedro Ruiz,PEDRO RUIZ
72974,11463,27.614,Nicole Martinez,NICOLE MARTINEZ
72976,11142,34.5534,Kaitlyn Thompson,KAITLYN THOMPSON
72977,11220,11.3152,Ruben Garcia,RUBEN GARCIA
72978,11212,97.7483,Marshall Cai,MARSHALL CAI
72982,20285,77.339,Bradley Luo,BRADLEY LUO
72985,13179,44.1779,Spencer Hayes,SPENCER HAYES
72986,15373,44.1779,Bryce Rogers,BRYCE ROGERS
72987,16671,5.514,Luke Green,LUKE GREEN
72988,15867,8.0444,Allen Fernandez,ALLEN FERNANDEZ
72989,14403,8.0444,Jesse Peterson,JESSE PETERSON
72991,17642,5.514,Jonathan Wilson,JONATHAN WILSON
72992,19053,27.614,Lauren Washington,LAUREN WASHINGTON
72994,19457,102.1904,Victoria Butler,VICTORIA BUTLER
72998,12870,54.1119,Tristan Powell,TRISTAN POWELL
72999,12790,26.8184,Rafael Liu,RAFAEL LIU
73000,13323,156.8879,Julian Ross,JULIAN ROSS
73001,11608,38.664,Anna Clark,ANNA CLARK
73002,16128,596.689,Alex Phillips,ALEX PHILLIPS
73003,18848,2758.3784,Brandy Madan,BRANDY MADAN
73004,18615,2580.1419,Stacy Gutierrez,STACY GUTIERREZ
73005,13726,2562.7823,Eduardo Bennett,EDUARDO BENNETT
73006,18508,2607.7558,Dylan Harris,DYLAN HARRIS
73007,13853,2574.6279,Marcus Griffin,MARCUS GRIFFIN
73008,18436,2535.964,Anthony Walker,ANTHONY WALKER
73012,16262,2649.8453,Kevin Gonzalez,KEVIN GONZALEZ
73014,18458,1276.8054,Tyler Smith,TYLER SMITH
73016,15580,927.6254,Ricky Alvarez,RICKY ALVAREZ
73020,20751,635.3529,Crystal Yang,CRYSTAL YANG
73021,19282,1920.4016,Brianna Diaz,BRIANNA DIAZ
73026,19032,2659.7792,Gary Dominguez,GARY DOMINGUEZ
73028,17825,2688.5092,Dana Dominguez,DANA DOMINGUEZ
73029,18160,2644.3313,Randy Xu,RANDY XU
73030,15121,879.9557,Richard Murphy,RICHARD MURPHY
73031,11943,905.3376,Kayla Williams,KAYLA WILLIAMS
73036,12369,71.7919,Lacey Zhou,LACEY ZHOU
73038,15804,38.664,Isaiah Stewart,ISAIAH STEWART
73039,14222,55.239,Carlos Sanders,CARLOS SANDERS
73040,15464,2.5305,Lucas Reed,LUCAS REED
73041,15453,2574.6279,Rodrigo Ready,RODRIGO READY
73043,14813,992.7983,Roberto Gutierrez,ROBERTO GUTIERREZ
73044,16550,905.5254,Kara Luo,KARA LUO
73045,12866,2547.0029,Rafael Jai,RAFAEL JAI
73047,16305,596.689,Casey Raje,CASEY RAJE
73048,11254,70.1344,Natalie Williams,NATALIE WILLIAMS
73049,11330,32.0229,Grace Lewis,GRACE LEWIS
73053,18685,43.0729,Jacob Miller,JACOB MILLER
73054,20690,43.6144,Tiffany Cai,TIFFANY CAI
73055,11661,132.5779,Lauren Lewis,LAUREN LEWIS
73056,11724,54.1119,Brianna White,BRIANNA WHITE
73057,15477,8.0444,Nancy Garcia,NANCY GARCIA
73058,16378,15.4479,Latoya Xu,LATOYA XU
73060,16571,14.2987,Jordan Lopez,JORDAN LOPEZ
73061,15650,127.0308,Evan Evans,EVAN EVANS
73067,12893,38.675,Tristan Hayes,TRISTAN HAYES
73068,14082,24.2879,Jared Watson,JARED WATSON
73069,12864,55.2169,Rafael Shan,RAFAEL SHAN
73070,18894,2560.2519,Andrew Robinson,ANDREW ROBINSON
73071,13916,2602.2529,Lucas Coleman,LUCAS COLEMAN
73072,19453,1342.4093,Victoria Patterson,VICTORIA PATTERSON
73074,16658,2535.964,Luis Hill,LUIS HILL
73075,16638,2647.5358,Samuel Adams,SAMUEL ADAMS
73076,13108,2622.0656,Louis Rai,LOUIS RAI
73079,11257,886.0222,Natalie Brown,NATALIE BROWN
73080,19205,1381.0732,Brianna Cooper,BRIANNA COOPER
73087,19016,1934.8329,Gary Diaz,GARY DIAZ
73088,19119,1950.2808,Megan Kelly,MEGAN KELLY
73089,19148,1934.8329,Megan Long,MEGAN LONG
73090,19353,1879.594,Olivia Long,OLIVIA LONG
73095,13258,2634.3974,Roger Ma,ROGER MA
73096,15122,879.9557,Marcus Murphy,MARCUS MURPHY
73097,11372,830.2307,Christy Zheng,CHRISTY ZHENG
73098,14033,2700.1228,Tanya Dominguez,TANYA DOMINGUEZ
73099,16028,1918.2579,Bob Gonzalez,BOB GONZALEZ
73101,13159,38.9292,Edwin Sun,EDWIN SUN
73102,17323,83.9469,Alan Gao,ALAN GAO
73103,19650,46.7194,Cassandra Perez,CASSANDRA PEREZ
73104,19267,46.7194,Erik Diaz,ERIK DIAZ
73106,20607,26.2769,Kaitlyn Ross,KAITLYN ROSS
73107,15602,38.664,Samuel Evans,SAMUEL EVANS
73108,20212,85.0408,George Garcia,GEORGE GARCIA
73109,14054,27.0615,Alex Watson,ALEX WATSON
73110,18620,905.5254,Stacy Vazquez,STACY VAZQUEZ
73111,16554,893.9008,Sean Scott,SEAN SCOTT
73112,15669,2563.589,Jimmy Suarez,JIMMY SUAREZ
73113,20592,2574.9042,Kaitlyn Watson,KAITLYN WATSON
73115,20575,2647.5137,Kaitlyn Cox,KAITLYN COX
73116,17767,2574.6279,Susan Sun,SUSAN SUN
73117,19337,635.3529,Olivia Price,OLIVIA PRICE
73118,16271,630.9108,Bethany Goel,BETHANY GOEL
73119,16268,659.9723,Luis Gonzalez,LUIS GONZALEZ
73120,11500,65.1729,Destiny Harris,DESTINY HARRIS
73124,11215,27.614,Isabella Brown,ISABELLA BROWN
73129,15872,110.5995,Allen Gonzalez,ALLEN GONZALEZ
73131,17360,16.5529,Krystal Holt,KRYSTAL HOLT
73133,20356,87.2729,Julia Richardson,JULIA RICHARDSON
73134,20336,77.339,Chad Sharma,CHAD SHARMA
73135,18311,15.4479,Dylan Wilson,DYLAN WILSON
73136,20762,136.9979,Crystal Zhao,CRYSTAL ZHAO
73137,16084,5.514,Andre Sanchez,ANDRE SANCHEZ
73138,15782,8.0444,Martin Perez,MARTIN PEREZ
73139,15818,5.514,Troy Fernandez,TROY FERNANDEZ
73140,16933,44.1779,Connor Young,CONNOR YOUNG
73141,14781,62.9519,Danny Rubio,DANNY RUBIO
73142,20725,70.6869,Amy He,AMY HE
73143,11487,59.659,Marshall Shan,MARSHALL SHAN
73149,17808,104.9419,Ethan Martinez,ETHAN MARTINEZ
73150,13593,55.2169,Blake Coleman,BLAKE COLEMAN
73151,18876,2574.6279,Andrew Miller,ANDREW MILLER
73152,13730,2640.3533,Robin Gutierrez,ROBIN GUTIERREZ
73153,18566,2629.3254,Anthony Williams,ANTHONY WILLIAMS
73154,20015,624.314,Tara Nath,TARA NATH
73155,20003,640.8669,Tara Andersen,TARA ANDERSEN
73156,18515,2648.6187,Tyler Thompson,TYLER THOMPSON
73157,18511,2724.8527,Dylan Martin,DYLAN MARTIN
73158,13878,2615.4908,Ian Long,IAN LONG
73159,18442,2555.0473,Brandon Miller,BRANDON MILLER
73168,15846,2703.9903,Allen Sai,ALLEN SAI
73173,19109,1909.7384,Megan Peterson,MEGAN PETERSON
73177,11417,2673.0613,Jasmine Clark,JASMINE CLARK
73178,12011,820.2968,Alisha Shan,ALISHA SHAN
73179,13649,2644.3313,Edward Washington,EDWARD WASHINGTON
73180,13955,2700.1228,Seth Ross,SETH ROSS
73185,11142,132.6,Kaitlyn Thompson,KAITLYN THOMPSON
73186,11262,8.7848,Natalie Wilson,NATALIE WILSON
73189,13511,2689.5258,Jeremy Perry,JEREMY PERRY
73190,16572,2699.9018,Kara Nath,KARA NATH
73192,13552,2590.4073,Jon Xu,JON XU
73193,19301,651.9279,Erik Sanz,ERIK SANZ
73197,11300,46.3327,Marshall Shen,MARSHALL SHEN
73198,11091,30.1444,Jennifer Taylor,JENNIFER TAYLOR
73199,11276,40.432,Natalie Martin,NATALIE MARTIN
73201,11276,36.023,Natalie Martin,NATALIE MARTIN
73202,19647,216.127,Grace Perry,GRACE PERRY
73206,13466,11.039,Dalton Flores,DALTON FLORES
73207,11652,87.2729,Lauren Martinez,LAUREN MARTINEZ
73208,17178,15.4479,Tony Lal,TONY LAL
73209,16212,44.1779,Luis Baker,LUIS BAKER
73210,15738,183.7394,Logan Collins,LOGAN COLLINS
73212,12406,38.675,Ashley Smith,ASHLEY SMITH
73213,17855,165.7279,Carrie Alvarez,CARRIE ALVAREZ
73216,18630,54.1119,Stacy Suarez,STACY SUAREZ
73219,14371,41.2055,Anne Navarro,ANNE NAVARRO
73220,11668,82.8529,Pedro Lopez,PEDRO LOPEZ
73221,13306,79.5269,Roger Pal,ROGER PAL
73222,12516,9.934,Alejandro Cai,ALEJANDRO CAI
73223,12594,9.934,Ashley Gonzales,ASHLEY GONZALES
73224,12336,55.239,Madison Harris,MADISON HARRIS
73225,16210,713.7637,Tina Garcia,TINA GARCIA
73226,18594,2570.1858,Stacy Martin,STACY MARTIN
73227,13918,2649.7348,Lucas Jenkins,LUCAS JENKINS
73228,18613,2587.8769,Stacy Navarro,STACY NAVARRO
73229,15530,935.3383,Pamela Chapman,PAMELA CHAPMAN
73230,15520,916.0119,Rachael Gonzalez,RACHAEL GONZALEZ
73231,15472,859.0712,Nancy Subram,NANCY SUBRAM
73232,18532,2591.4681,Janelle Martinez,JANELLE MARTINEZ
73233,18376,2618.8169,William Smith,WILLIAM SMITH
73234,18394,2538.4944,Jésus Blanco,JÉSUS BLANCO
73236,18141,2674.4757,David Clark,DAVID CLARK
73239,13020,596.689,Hannah Bennett,HANNAH BENNETT
73241,16494,2633.1377,Kevin Mitchell,KEVIN MITCHELL
73245,20670,1303.3144,Morgan Murphy,MORGAN MURPHY
73248,18804,2000.5583,Meghan Dominguez,MEGHAN DOMINGUEZ
73250,19309,1918.2579,Olivia Bailey,OLIVIA BAILEY
73252,13580,635.3529,Miguel Hayes,MIGUEL HAYES
73253,11930,820.2968,Elizabeth Robinson,ELIZABETH ROBINSON
73254,13645,2649.8453,Javier Vazquez,JAVIER VAZQUEZ
73256,14038,2644.3313,Seth James,SETH JAMES
73257,11711,132.6,Brianna Jones,BRIANNA JONES
73258,11881,8.7848,Tamara She,TAMARA SHE
73260,18443,66.8194,Larry Gill,LARRY GILL
73261,13008,68.4658,Emily Foster,EMILY FOSTER
73262,15805,38.664,Troy Prasad,TROY PRASAD
73263,17319,9.934,Naomi Moreno,NAOMI MORENO
73264,13624,60.764,Javier Jiménez,JAVIER JIMÉNEZ
73266,16573,905.5254,Kara Goel,KARA GOEL
73270,14950,2602.264,Bryce Morgan,BRYCE MORGAN
73271,15046,2613.3029,Ian Bell,IAN BELL
73272,11650,59.659,Lauren Garcia,LAUREN GARCIA
73273,11315,2.5305,Grace Harris,GRACE HARRIS
73274,13758,32.034,Eduardo Russell,EDUARDO RUSSELL
73275,11784,77.3169,Ross Sanchez,ROSS SANCHEZ
73276,12054,77.3169,Abigail Harris,ABIGAIL HARRIS
73277,11868,103.3065,Emma White,EMMA WHITE
73279,20469,55.2169,Corey Raje,COREY RAJE
73280,11507,132.5779,Marshall Jai,MARSHALL JAI
73281,16855,87.2729,Russell Lal,RUSSELL LAL
73282,19832,77.339,Jasmine Brooks,JASMINE BROOKS
73283,19835,87.2729,Lindsay Pal,LINDSAY PAL
73284,16837,77.339,Logan Adams,LOGAN ADAMS
73285,19210,5.514,Philip Ramos,PHILIP RAMOS
73286,16966,5.514,Alex Young,ALEX YOUNG
73287,16062,8.0444,Kellie Dominguez,KELLIE DOMINGUEZ
73288,15324,56.2887,Paula Ortega,PAULA ORTEGA
73290,18604,24.2879,Tyler Anderson,TYLER ANDERSON
73292,15670,127.0308,Diane Bradley,DIANE BRADLEY
73294,16435,6.9394,Tracy Rai,TRACY RAI
73296,17760,66.2779,Susan Zhao,SUSAN ZHAO
73297,11418,44.1779,Jasmine Rodriguez,JASMINE RODRIGUEZ
73298,12891,24.2879,Tristan Diaz,TRISTAN DIAZ
73299,12899,106.5883,Jaclyn Wang,JACLYN WANG
73300,14274,82.8529,Felicia Alonso,FELICIA ALONSO
73301,12527,96.0908,Alejandro Xie,ALEJANDRO XIE
73302,20649,2749.1185,Morgan Sanchez,MORGAN SANCHEZ
73303,18808,2665.1937,Matthew Smith,MATTHEW SMITH
73304,18838,2626.5408,Brandy Malhotra,BRANDY MALHOTRA
73305,18582,2562.4508,Kathleen Vazquez,KATHLEEN VAZQUEZ
73306,15527,927.6254,Adrian Cook,ADRIAN COOK
73307,15532,891.4698,Pamela Patel,PAMELA PATEL
73308,13712,2566.1194,Robin Alvarez,ROBIN ALVAREZ
73309,12214,2676.9067,Roger Harui,ROGER HARUI
73311,18766,1297.8004,Joshua Davis,JOSHUA DAVIS
73312,18464,1238.1415,Brandon Lee,BRANDON LEE
73313,11929,866.8394,Tammy Raji,TAMMY RAJI
73323,19292,1918.2579,Olivia Sanchez,OLIVIA SANCHEZ
73331,12239,2682.9953,Emily Anderson,EMILY ANDERSON
73332,12216,2709.5042,Emily Smith,EMILY SMITH
73333,14345,820.2968,Cole Torres,COLE TORRES
73335,13964,2644.3313,Wendy Sanz,WENDY SANZ
73336,13118,1381.0732,Edwin Zhang,EDWIN ZHANG
73337,13632,2703.9903,Edward Ross,EDWARD ROSS
73338,14032,2673.0613,Tanya Torres,TANYA TORRES
73339,16167,77.3169,Aaron Campbell,AARON CAMPBELL
73340,14684,34.5534,Jamie Ortega,JAMIE ORTEGA
73341,20222,66.8194,Alyssa Diaz,ALYSSA DIAZ
73344,17292,59.659,Jose Lewis,JOSE LEWIS
73345,13623,60.764,Javier Alvarez,JAVIER ALVAREZ
73346,11966,27.0615,Kayla White,KAYLA WHITE
73347,13504,2591.1808,Briana Munoz,BRIANA MUNOZ
73349,15619,2574.6279,Elijah Evans,ELIJAH EVANS
73351,12841,2602.2529,Trevor Simmons,TREVOR SIMMONS
73352,11276,16.8292,Natalie Martin,NATALIE MARTIN
73353,11200,44.1779,Morgan Lewis,MORGAN LEWIS
73357,19887,87.2729,Nicole Morris,NICOLE MORRIS
73358,19668,132.5779,Patricia Saunders,PATRICIA SAUNDERS
73360,15546,44.1779,Diane Navarro,DIANE NAVARRO
73361,14638,29.8019,Clinton Carlson,CLINTON CARLSON
73362,14437,24.2879,Lawrence Jimenez,LAWRENCE JIMENEZ
73363,13754,62.9519,Robin Rubio,ROBIN RUBIO
73364,15076,106.5883,Paula Gutierrez,PAULA GUTIERREZ
73365,16251,24.2879,Denise Subram,DENISE SUBRAM
73369,17839,33.1279,Dana Rubio,DANA RUBIO
73372,13586,98.3119,Blake Barnes,BLAKE BARNES
73375,11652,49.9902,Lauren Martinez,LAUREN MARTINEZ
73376,12117,44.189,Jessica Lee,JESSICA LEE
73377,16230,683.9729,Isaiah Baker,ISAIAH BAKER
73378,18782,2649.6906,Joshua Thomas,JOSHUA THOMAS
73379,18479,2598.9158,Brandi Romero,BRANDI ROMERO
73380,18480,2574.639,Dylan Williams,DYLAN WILLIAMS
73381,16054,830.2307,Isaac Turner,ISAAC TURNER
73382,16045,885.4697,Carlos Turner,CARLOS TURNER
73383,13606,820.2968,Blake Butler,BLAKE BUTLER
73384,16656,2598.9158,Hunter Adams,HUNTER ADAMS
73392,18465,1297.8004,Larry Ortega,LARRY ORTEGA
73393,13975,2538.4944,Joanna Munoz,JOANNA MUNOZ
73394,17510,874.5744,Gabriel Allen,GABRIEL ALLEN
73395,16349,2563.589,Katrina Chande,KATRINA CHANDE
73397,11252,845.6786,Ruben Alvarez,RUBEN ALVAREZ
73398,16836,858.9607,Mario Ashe,MARIO ASHE
73408,18324,1918.2579,John Davis,JOHN DAVIS
73409,19117,1934.8329,Megan Watson,MEGAN WATSON
73410,18168,2658.63,Christopher Harris,CHRISTOPHER HARRIS
73411,11363,820.2968,Rachel Thompson,RACHEL THOMPSON
73413,12008,54.6754,Alexis Ashe,ALEXIS ASHE
73414,15718,32.0229,Evan Edwards,EVAN EDWARDS
73415,16182,27.614,Tina Chandra,TINA CHANDRA
73419,15077,2561.3016,Jill Gomez,JILL GOMEZ
73420,16945,905.5254,Carl Luo,CARL LUO
73422,17779,2694.4873,Susan Zheng,SUSAN ZHENG
73423,15047,2580.1419,Paula Romero,PAULA ROMERO
73424,20561,2696.189,Kaitlyn Murphy,KAITLYN MURPHY
73425,12867,2535.964,Tristan Coleman,TRISTAN COLEMAN
73426,19942,2580.1419,Nicole Sandberg,NICOLE SANDBERG
73428,11429,683.9729,Marshall Kumar,MARSHALL KUMAR
73429,11143,6.9394,Roy Martin,ROY MARTIN
73431,11091,8.0444,Jennifer Taylor,JENNIFER TAYLOR
73437,11300,109.3398,Marshall Shen,MARSHALL SHEN
73439,18944,99.4169,Joseph Harris,JOSEPH HARRIS
73443,13762,86.7204,Eduardo Griffin,EDUARDO GRIFFIN
73444,19006,77.339,Nicholas Thompson,NICHOLAS THOMPSON
73445,20100,44.1779,Joel Rodriguez,JOEL RODRIGUEZ
73446,19236,132.5779,Victor Muñoz,VICTOR MUÑOZ
73447,17550,5.514,Brittney Lu,BRITTNEY LU
73448,20021,89.4608,Destiny Cooper,DESTINY COOPER
73449,14564,138.114,Garrett Ramirez,GARRETT RAMIREZ
73450,16387,44.1779,Logan Carter,LOGAN CARTER
73451,15424,34.2219,Candace Raman,CANDACE RAMAN
73452,20096,24.2879,Joel Martinez,JOEL MARTINEZ
73453,16258,70.6869,Denise Fernandez,DENISE FERNANDEZ
73454,11437,59.659,Nicole Davis,NICOLE DAVIS
73455,17091,35.6584,Shaun Lal,SHAUN LAL
73456,20065,23.7465,Destiny Ross,DESTINY ROSS
73457,13810,59.0844,Marcus Price,MARCUS PRICE
73460,13775,76.2119,Monique Torres,MONIQUE TORRES
73461,11667,41.2055,Pedro Fernandez,PEDRO FERNANDEZ
73462,16599,5.514,Gloria Ramos,GLORIA RAMOS
73463,13941,82.8529,Lucas Hayes,LUCAS HAYES
73464,16789,2699.9018,Carlos Green,CARLOS GREEN
73465,13736,2538.4944,Eduardo Perry,EDUARDO PERRY
73466,15531,927.6254,Charles Cook,CHARLES COOK
73467,15538,897.7241,Nathan Parker,NATHAN PARKER
73468,18388,2582.6834,William Jones,WILLIAM JONES
73469,18147,2634.3974,Randy Yang,RANDY YANG
73470,16639,2574.6279,Alison Xie,ALISON XIE
73471,18336,2836.314,Janelle Madan,JANELLE MADAN
73475,16026,1939.2529,Kevin Turner,KEVIN TURNER
73480,15997,2634.3974,Bob Chapman,BOB CHAPMAN
73488,18368,1939.2529,William Rodriguez,WILLIAM RODRIGUEZ
73489,18854,1939.2529,Brandy Rana,BRANDY RANA
73491,18858,2000.5583,Brandy Mehta,BRANDY MEHTA
73492,19387,1950.2808,Shane Mehta,SHANE MEHTA
73496,14162,612.1369,Sabrina Alvarez,SABRINA ALVAREZ
73498,11942,858.9607,Kayla Johnson,KAYLA JOHNSON
73499,13953,2703.9903,Wendy Serrano,WENDY SERRANO
73502,13967,1408.1347,Joanna Hernandez,JOANNA HERNANDEZ
73503,11991,2688.5092,Alexis Johnson,ALEXIS JOHNSON
73504,16493,683.9729,Kelsey She,KELSEY SHE
73505,13125,30.1444,Fernando Gonzales,FERNANDO GONZALES
73506,16926,24.2879,Melody Nicholls,MELODY NICHOLLS
73507,11246,2708.6865,Isabella Lee,ISABELLA LEE
73508,15081,2566.1194,Jill Diaz,JILL DIAZ
73509,15062,2602.2529,Gina Gill,GINA GILL
73510,19452,915.4594,Nelson Sanz,NELSON SANZ
73511,15059,2623.2258,Dalton Bell,DALTON BELL
73518,19646,44.1779,Grace Jenkins,GRACE JENKINS
73519,18322,33.6804,Anthony Garcia,ANTHONY GARCIA
73528,19848,136.9979,Jasmine Coleman,JASMINE COLEMAN
73529,11824,11.039,Victoria Garcia,VICTORIA GARCIA
73530,19239,87.2729,Brianna Ross,BRIANNA ROSS
73531,19132,77.339,Megan Wood,MEGAN WOOD
73532,14586,136.9979,Micheal Gill,MICHEAL GILL
73533,16853,5.514,Robert Baker,ROBERT BAKER
73534,16374,16.8292,Isaac Oliver,ISAAC OLIVER
73536,15012,44.1779,Renee Gutierrez,RENEE GUTIERREZ
73537,14621,114.3454,Clinton Romero,CLINTON ROMERO
73538,14252,106.5883,Bryan Sanders,BRYAN SANDERS
73539,13470,62.9519,Briana Jiménez,BRIANA JIMÉNEZ
73540,14551,123.7158,Sheila Romero,SHEILA ROMERO
73541,14690,142.5119,Walter Jimenez,WALTER JIMENEZ
73543,19898,30.1444,Christine Raji,CHRISTINE RAJI
73544,20578,34.5534,Kristin Kumar,KRISTIN KUMAR
73545,19456,41.1834,Victoria Washington,VICTORIA WASHINGTON
73548,13412,40.0784,Simon Pearson,SIMON PEARSON
73550,16300,44.1779,Casey Pal,CASEY PAL
73551,14244,38.675,Krista Suarez,KRISTA SUAREZ
73552,12139,104.9529,Taylor Wilson,TAYLOR WILSON
73553,12778,50.7748,Alexis Alexander,ALEXIS ALEXANDER
73554,18863,2668.5419,Andrew Smith,ANDREW SMITH
73555,18905,2670.1552,Whitney Subram,WHITNEY SUBRAM
73556,18818,2562.7823,Matthew Jones,MATTHEW JONES
73557,18614,2563.589,Anthony Taylor,ANTHONY TAYLOR
73558,14023,635.3529,Joy Moyer,JOY MOYER
73559,13725,2597.8108,Eduardo Price,EDUARDO PRICE
73560,18412,2563.589,William Anderson,WILLIAM ANDERSON
73561,18375,2591.1808,Jésus Alvarez,JÉSUS ALVAREZ
73562,13713,2635.3808,Devin Butler,DEVIN BUTLER
73567,14049,2588.9377,Tanya Rubio,TANYA RUBIO
73568,11259,858.9607,Natalie Miller,NATALIE MILLER
73575,18363,1879.594,William Clark,WILLIAM CLARK
73576,18857,1918.2579,Brandy Subram,BRANDY SUBRAM
73577,11944,874.4086,Kayla Jones,KAYLA JONES
73578,13651,2673.0613,Edward Butler,EDWARD BUTLER
73579,13965,2658.63,Seth Long,SETH LONG
73581,13009,38.9292,Emily Gonzales,EMILY GONZALES
73582,11911,27.614,Tamara Raje,TAMARA RAJE
73583,17067,70.6869,Hunter Jackson,HUNTER JACKSON
73584,15212,70.6869,Juan Rivera,JUAN RIVERA
73586,16481,135.8708,Misty Rai,MISTY RAI
73587,13565,2577.1694,Miguel Washington,MIGUEL WASHINGTON
73588,16561,937.5594,Timothy Scott,TIMOTHY SCOTT
73589,13536,2646.4419,Jeremiah Hayes,JEREMIAH HAYES
73590,19365,2622.1098,Shane Kovar,SHANE KOVAR
73592,17442,98.3229,Connor Hall,CONNOR HALL
73594,11091,30.1444,Jennifer Taylor,JENNIFER TAYLOR
73595,20364,87.2729,Shawn She,SHAWN SHE
73596,13239,16.5529,Carson Henderson,CARSON HENDERSON
73597,18355,77.339,Zachary Miller,ZACHARY MILLER
73598,19154,77.339,Megan Flores,MEGAN FLORES
73599,19230,87.2729,Victor Alvarez,VICTOR ALVAREZ
73600,18791,77.339,Meghan Munoz,MEGHAN MUNOZ
73601,16957,44.1779,Carlos Young,CARLOS YOUNG
73605,11543,59.659,Alyssa Martin,ALYSSA MARTIN
73606,11556,23.7465,Barbara Zhao,BARBARA ZHAO
73607,19384,35.6694,Victoria Reed,VICTORIA REED
73609,14974,131.4508,Randall Dominguez,RANDALL DOMINGUEZ
73610,11086,109.9144,Roy Chandra,ROY CHANDRA
73611,14265,38.675,Richard Sanders,RICHARD SANDERS
73612,14632,82.8529,Clinton Vazquez,CLINTON VAZQUEZ
73613,12544,9.934,Samantha Gonzales,SAMANTHA GONZALES
73614,12311,48.5979,Hannah Hall,HANNAH HALL
73615,18789,2535.964,Orlando Alonso,ORLANDO ALONSO
73616,15537,937.5594,Logan Parker,LOGAN PARKER
73617,18956,937.5594,Joseph Martinez,JOSEPH MARTINEZ
73618,12215,2720.5432,Dawn Kumar,DAWN KUMAR
73625,20753,596.689,Isabella Morris,ISABELLA MORRIS
73628,20736,1265.7554,Morgan Butler,MORGAN BUTLER
73629,19314,1911.6169,Olivia Cox,OLIVIA COX
73630,19313,1934.2694,Olivia Richardson,OLIVIA RICHARDSON
73635,11425,2673.0613,Jasmine Lee,JASMINE LEE
73637,13647,2634.3974,Edward Flores,EDWARD FLORES
73639,13957,1352.3432,Wendy Ramos,WENDY RAMOS
73640,13631,2649.8453,Edward Barnes,EDWARD BARNES
73641,11919,2720.0128,Elizabeth Jackson,ELIZABETH JACKSON
73643,11972,25.3819,Kayla Martin,KAYLA MARTIN
73644,16628,38.6529,Nichole Anand,NICHOLE ANAND
73645,18727,35.6694,Erika Rubio,ERIKA RUBIO
73646,18280,38.6529,Alexander Anderson,ALEXANDER ANDERSON
73650,16181,40.432,Jackson Campbell,JACKSON CAMPBELL
73651,11115,8.7848,Karen Smith,KAREN SMITH
73652,19617,40.0784,Cassandra Arthur,CASSANDRA ARTHUR
73653,14344,69.5929,Sebastian Torres,SEBASTIAN TORRES
73654,16919,15.4479,Jonathan Young,JONATHAN YOUNG
73656,17979,905.5033,Ryan Brown,RYAN BROWN
73657,13537,2576.8048,Miguel Price,MIGUEL PRICE
73658,13567,2604.7944,Joan Navarro,JOAN NAVARRO
73659,12849,2552.5169,Trevor Russell,TREVOR RUSSELL
73660,15668,2580.1419,Samuel Edwards,SAMUEL EDWARDS
73662,20562,2535.964,Dwayne Gill,DWAYNE GILL
73663,11735,38.664,Brianna Clark,BRIANNA CLARK
73665,11131,5.514,Kaitlyn Taylor,KAITLYN TAYLOR
73667,11861,108.8204,Tamara Lu,TAMARA LU
73673,19664,87.2729,Grace Simmons,GRACE SIMMONS
73676,19367,65.1729,Shane Malhotra,SHANE MALHOTRA
73677,14529,64.6094,Angel Ramirez,ANGEL RAMIREZ
73681,13095,82.8529,Louis Shan,LOUIS SHAN
73682,12192,44.189,Dawn He,DAWN HE
73683,13028,54.1229,Hannah Henderson,HANNAH HENDERSON
73684,12879,40.8408,Rafael Chande,RAFAEL CHANDE
73685,12730,9.934,Omar Tang,OMAR TANG
73686,12322,55.239,Madison Wilson,MADISON WILSON
73687,16215,682.7906,Tina Martinez,TINA MARTINEZ
73688,18518,2629.8448,Janelle Lopez,JANELLE LOPEZ
73689,13792,1417.5161,Richard Butler,RICHARD BUTLER
73692,16631,2566.1194,Caleb Scott,CALEB SCOTT
73693,16347,2585.9542,Katrina Raje,KATRINA RAJE
73694,13968,2562.4508,Seth Patterson,SETH PATTERSON
73705,19003,1950.2808,Nicholas Harris,NICHOLAS HARRIS
73706,19319,1966.3144,Olivia Ward,OLIVIA WARD
73709,11360,858.9607,Rachel Harris,RACHEL HARRIS
73710,11365,835.7447,Rachel Garcia,RACHEL GARCIA
73711,11946,820.2968,Kayla Brown,KAYLA BROWN
73712,13648,2673.0613,Javier Browning,JAVIER BROWNING
73715,13637,2688.5092,Edward Jenkins,EDWARD JENKINS
73717,16346,34.5534,Katrina Andersen,KATRINA ANDERSEN
73718,16332,122.6108,Katrina Luo,KATRINA LUO
73719,18262,91.6819,Christopher Lee,CHRISTOPHER LEE
73720,16605,43.0729,Evan Lopez,EVAN LOPEZ
73721,18713,178.2255,Erika Vazquez,ERIKA VAZQUEZ
73722,18744,11.3152,Michael Garcia,MICHAEL GARCIA
73724,16559,2788.9316,Kara Jai,KARA JAI
73726,16308,2618.8058,Jesse Gonzalez,JESSE GONZALEZ
73728,11510,65.1729,Destiny Clark,DESTINY CLARK
73729,11632,44.1779,Lauren Taylor,LAUREN TAYLOR
73734,14282,30.1444,Felicia Gutierrez,FELICIA GUTIERREZ
73737,16133,76.2119,Molly Vance,MOLLY VANCE
73738,14626,16.5529,Xavier Rivera,XAVIER RIVERA
73740,19850,132.5779,Lindsay Goel,LINDSAY GOEL
73741,16649,77.339,Alison Lal,ALISON LAL
73742,16646,142.5119,Elijah Hill,ELIJAH HILL
73743,17472,5.514,Leah Guo,LEAH GUO
73744,18117,15.4479,Wesley Guo,WESLEY GUO
73745,16499,5.514,Kelsey Tang,KELSEY TANG
73746,15010,89.4608,Timothy Bell,TIMOTHY BELL
73747,14547,136.9979,Mathew Suarez,MATHEW SUAREZ
73748,19378,27.614,Victoria Sanchez,VICTORIA SANCHEZ
73752,20011,596.689,Destiny Bell,DESTINY BELL
73753,18881,2607.7779,Whitney Chandra,WHITNEY CHANDRA
73754,18538,2563.589,Dylan Clark,DYLAN CLARK
73755,20013,596.689,Tara Rai,TARA RAI
73756,18533,2658.0444,Leslie Blanco,LESLIE BLANCO
73757,18415,2712.7529,Larry Diaz,LARRY DIAZ
73758,13784,1397.6482,Monique Serrano,MONIQUE SERRANO
73759,16053,820.2968,Sunil Uppal,SUNIL UPPAL
73763,16624,2607.7779,Nichole Goel,NICHOLE GOEL
73764,16348,2585.6669,Connor Nelson,CONNOR NELSON
73765,13118,2619.9108,Edwin Zhang,EDWIN ZHANG
73766,16350,2569.0366,Katrina Chapman,KATRINA CHAPMAN
73767,16159,2585.9542,Gabriel Campbell,GABRIEL CAMPBELL
73768,11261,820.2968,Ruben Alonso,RUBEN ALONSO
73774,18856,1918.2579,Matthew Rodriguez,MATTHEW RODRIGUEZ
73777,19296,1950.2808,Olivia Rogers,OLIVIA ROGERS
73780,14719,733.1012,Juan Richardson,JUAN RICHARDSON
73783,12657,2710.6092,Elizabeth Barnes,ELIZABETH BARNES
73785,11993,2673.0613,Warren Zhao,WARREN ZHAO
73786,13960,2738.2342,Wendy Carlson,WENDY CARLSON
73787,13644,2732.7203,Edward Patterson,EDWARD PATTERSON
73788,16686,640.3033,Francisco Patel,FRANCISCO PATEL
73789,13971,2666.4313,Seth Flores,SETH FLORES
73790,16946,982.8644,Carl Yuan,CARL YUAN
73791,11505,55.239,Destiny Garcia,DESTINY GARCIA
73792,14069,136.9648,Bryce Watson,BRYCE WATSON
73793,15141,32.0229,Isaac Bailey,ISAAC BAILEY
73794,18720,35.6694,Michael Brown,MICHAEL BROWN
73795,18333,30.6859,Alan Wang,ALAN WANG
73796,18271,122.6108,Curtis He,CURTIS HE
73797,20403,8.0444,Shawn Anand,SHAWN ANAND
73799,15796,38.664,Sean Collins,SEAN COLLINS
73800,15594,38.664,Ricky Gutierrez,RICKY GUTIERREZ
73801,13634,14.3429,Javier Navarro,JAVIER NAVARRO
73802,16560,2709.8357,Samuel Perez,SAMUEL PEREZ
73803,16938,1025.9815,Carl Shen,CARL SHEN
73804,14838,924.2773,Lance Martin,LANCE MARTIN
73806,15621,2651.4144,Jason Evans,JASON EVANS
73807,13543,2591.1808,Miguel Barnes,MIGUEL BARNES
73808,12973,9.934,Jaclyn Kumar,JACLYN KUMAR
73809,11173,74.5765,Roy Serrano,ROY SERRANO
73811,11520,102.1904,Destiny Hall,DESTINY HALL
73812,11520,8.0444,Destiny Hall,DESTINY HALL
73815,11276,36.023,Natalie Martin,NATALIE MARTIN
73819,11642,136.9979,Pedro Malhotra,PEDRO MALHOTRA
73823,19709,140.6444,Kristina Garcia,KRISTINA GARCIA
73824,13859,24.2879,Damien Raje,DAMIEN RAJE
73825,15672,99.4169,Jimmy Rubio,JIMMY RUBIO
73826,17201,24.2879,Mason Wright,MASON WRIGHT
73827,19908,54.6754,Nicole Cooper,NICOLE COOPER
73828,13838,79.0959,Linda Ortega,LINDA ORTEGA
73829,12823,42.9624,Trevor Coleman,TREVOR COLEMAN
73832,15919,15.4479,Isaac Perez,ISAAC PEREZ
73833,11310,82.8529,Lacey Nara,LACEY NARA
73834,12532,38.675,Alejandro Luo,ALEJANDRO LUO
73835,12740,49.7029,Kayla Hayes,KAYLA HAYES
73836,18817,2604.7944,Matthew Williams,MATTHEW WILLIAMS
73837,13987,2574.639,Seth Alexander,SETH ALEXANDER
73838,18547,2598.9158,Kathleen Gomez,KATHLEEN GOMEZ
73839,15497,927.6254,Diane Munoz,DIANE MUNOZ
73840,18526,2561.3016,Dylan Robinson,DYLAN ROBINSON
73841,18406,2602.264,Jésus Rubio,JÉSUS RUBIO
73842,18413,2647.5358,William Thomas,WILLIAM THOMAS
73843,20483,2597.8108,Jennifer Brooks,JENNIFER BROOKS
73844,12745,830.2307,Alexis Wood,ALEXIS WOOD
73849,15917,2634.3974,Evan Perez,EVAN PEREZ
73858,19114,1918.2579,Megan James,MEGAN JAMES
73859,19124,1939.2529,Nelson Diaz,NELSON DIAZ
73860,19415,1918.2579,Victoria James,VICTORIA JAMES
73861,19297,1944.7669,Olivia Reed,OLIVIA REED
73864,11429,2680.73,Marshall Kumar,MARSHALL KUMAR
73865,12330,2644.3313,Madison Thomas,MADISON THOMAS
73867,13025,683.9729,Tamara Wu,TAMARA WU
73868,14045,2634.3974,Tanya Suarez,TANYA SUAREZ
73869,11078,15.4479,Joe Sanz,JOE SANZ
73870,13972,30.1444,Joanna Johnston,JOANNA JOHNSTON
73871,14679,41.9569,Marcus Cooper,MARCUS COOPER
73872,12587,55.239,Ashley Washington,ASHLEY WASHINGTON
73873,19573,37.5479,Emma Gonzales,EMMA GONZALES
73874,15078,2602.2529,Isaac Murphy,ISAAC MURPHY
73875,15440,2659.6798,Sebastian Reed,SEBASTIAN REED
73876,16052,607.7279,Andre Sai,ANDRE SAI
73877,11432,687.2658,Nicole Williams,NICOLE WILLIAMS
73878,11711,38.664,Brianna Jones,BRIANNA JONES
73879,11631,86.7204,Lauren Moore,LAUREN MOORE
73886,20695,16.5529,Morgan Ramirez,MORGAN RAMIREZ
73887,15815,55.2169,Sean Stewart,SEAN STEWART
73888,18941,136.9979,Chelsea Prasad,CHELSEA PRASAD
73889,20322,77.339,Chad Shen,CHAD SHEN
73890,20017,87.2729,Destiny Bailey,DESTINY BAILEY
73892,19404,5.514,Nelson Ramos,NELSON RAMOS
73894,17516,44.1779,Cameron Garcia,CAMERON GARCIA
73895,15960,5.514,Henry Arun,HENRY ARUN
73896,15887,44.1779,Johnathan Vance,JOHNATHAN VANCE
73897,15393,8.0444,Steven Rogers,STEVEN ROGERS
73898,17197,62.9519,Noah Jackson,NOAH JACKSON
73899,17880,35.6584,David Wilson,DAVID WILSON
73900,20043,35.6694,Destiny Ramirez,DESTINY RAMIREZ
73904,18156,44.1779,Randy Ye,RANDY YE
73905,11940,38.675,Alisha Chen,ALISHA CHEN
73906,15197,118.1798,Mason Rivera,MASON RIVERA
73907,13311,33.0727,Gavin Griffin,GAVIN GRIFFIN
73908,12482,55.239,Sarah Thompson,SARAH THOMPSON
73909,20659,2725.2836,Dwayne Suarez,DWAYNE SUAREZ
73910,16790,2834.2366,Mario Tang,MARIO TANG
73911,18540,2653.6023,Tyler Davis,TYLER DAVIS
73912,15547,888.9504,Pamela Schmidt,PAMELA SCHMIDT
73914,18426,2610.3084,Larry Alonso,LARRY ALONSO
73915,15660,830.2307,Timothy Evans,TIMOTHY EVANS
73919,13997,2778.9977,Joanna Carlson,JOANNA CARLSON
73922,15267,888.9504,Bryan Sanchez,BRYAN SANCHEZ
73923,16496,2632.0658,Gabriel Mitchell,GABRIEL MITCHELL
73924,11048,2622.1098,Julia Taylor,JULIA TAYLOR
73932,19146,1950.2808,Casey Jiménez,CASEY JIMÉNEZ
73933,12129,1889.5279,Taylor Johnson,TAYLOR JOHNSON
73934,19287,1907.2079,Erik Gill,ERIK GILL
73938,13256,2688.5092,Carson Washington,CARSON WASHINGTON
73939,15133,852.3307,Kendra Diaz,KENDRA DIAZ
73940,13966,2649.8453,Wendy Ortega,WENDY ORTEGA
73941,12088,65.1729,Kelli Cai,KELLI CAI
73942,11114,71.7919,Jennifer Hall,JENNIFER HALL
73943,15584,30.1444,Evan Parker,EVAN PARKER
73944,17076,32.0229,Johnny Raji,JOHNNY RAJI
73945,14677,34.5534,Jamie Suarez,JAMIE SUAREZ
73946,20248,77.3169,Cindy Murphy,CINDY MURPHY
73947,19100,85.0519,Megan Cox,MEGAN COX
73948,11913,8.0444,Elizabeth Moore,ELIZABETH MOORE
73949,17503,38.664,Jack Hall,JACK HALL
73950,13635,70.1344,Javier Gutierrez,JAVIER GUTIERREZ
73951,13120,69.5487,Edwin West,EDWIN WEST
73952,16940,2832.5018,Jordan Hernandez,JORDAN HERNANDEZ
73953,15687,2748.4997,Elijah Edwards,ELIJAH EDWARDS
73954,13155,9.934,Spencer Hughes,SPENCER HUGHES
73956,19940,2696.189,Julie Shen,JULIE SHEN
73958,16289,659.6408,Casey Kumar,CASEY KUMAR
73959,12070,55.239,Petr Lazecky,PETR LAZECKY
73960,11510,30.8958,Destiny Clark,DESTINY CLARK
73971,19638,5.514,Grace Wood,GRACE WOOD
73972,17523,5.514,Evan Hall,EVAN HALL
73973,15877,44.1779,Elijah Perez,ELIJAH PEREZ
73974,15891,44.1779,Johnathan Madan,JOHNATHAN MADAN
73976,16726,8.0444,Martin Kapoor,MARTIN KAPOOR
73978,18035,70.6869,David White,DAVID WHITE
73979,20131,43.0729,Ronald Raman,RONALD RAMAN
73980,12602,40.0784,Clayton Sun,CLAYTON SUN
73983,16542,5.514,Kara Shen,KARA SHEN
73985,17193,66.2779,Tony Chander,TONY CHANDER
73986,11715,99.4279,Pedro Gill,PEDRO GILL
73987,13612,55.2169,Walter Ramos,WALTER RAMOS
73988,12325,38.664,Madison Moore,MADISON MOORE
73989,18783,2610.3084,Meghan Hernandez,MEGHAN HERNANDEZ
73990,18831,2673.5033,Dana Jiménez,DANA JIMÉNEZ
73991,18586,2566.1194,Zachary Clark,ZACHARY CLARK
73992,18610,2538.4944,Stacy Moreno,STACY MORENO
73993,18781,2610.3084,Meghan Diaz,MEGHAN DIAZ
73994,18539,2604.4298,Dylan Rodriguez,DYLAN RODRIGUEZ
73995,15523,937.5594,Rachael Sanchez,RACHAEL SANCHEZ
73996,18516,2657.4256,Leslie Jimenez,LESLIE JIMENEZ
73997,13728,2692.2773,Eduardo Wood,EDUARDO WOOD
73999,18403,2562.4508,Jésus Sanz,JÉSUS SANZ
74000,13700,2590.4073,Devin Perry,DEVIN PERRY
74001,19454,1402.0682,Victoria Hughes,VICTORIA HUGHES
74002,12302,2719.4382,Colleen Deng,COLLEEN DENG
74006,15906,2673.0613,Eric Perez,ERIC PEREZ
74016,20680,1293.3804,Lindsey Raji,LINDSEY RAJI
74017,19157,1879.594,Casey Navarro,CASEY NAVARRO
74018,19276,1950.2808,Brianna Alexander,BRIANNA ALEXANDER
74026,11364,820.2968,Christy Liang,CHRISTY LIANG
74029,13156,654.4584,Spencer Flores,SPENCER FLORES
74031,11500,8.7848,Destiny Harris,DESTINY HARRIS
74032,11369,66.2779,Warren Kumar,WARREN KUMAR
74033,15794,27.614,Troy Malhotra,TROY MALHOTRA
74035,16710,59.659,Kelvin Yang,KELVIN YANG
74036,13548,2574.6279,Miguel Coleman,MIGUEL COLEMAN
74037,13515,2618.8169,Jeremiah Long,JEREMIAH LONG
74038,15087,2584.5619,Brian Murphy,BRIAN MURPHY
74039,15088,2561.3016,Jill Jimenez,JILL JIMENEZ
74040,12830,2582.6834,Trevor Patterson,TREVOR PATTERSON
74041,12957,9.934,Deb Hughes,DEB HUGHES
74042,11501,27.614,Destiny Martin,DESTINY MARTIN
74048,18887,147.5065,Andrew Jackson,ANDREW JACKSON
74049,11738,132.5779,Ross Suri,ROSS SURI
74050,18434,5.514,Daniel Moore,DANIEL MOORE
74051,18996,77.339,Nicholas Anderson,NICHOLAS ANDERSON
74052,15848,44.1779,Eduardo Stewart,EDUARDO STEWART
74053,15110,77.339,Steven Murphy,STEVEN MURPHY
74054,19936,32.0229,Nicole Brooks,NICOLE BROOKS
74055,19356,87.2508,Cory Rodriguez,CORY RODRIGUEZ
74059,11532,46.7194,Alyssa Moore,ALYSSA MOORE
74060,15449,8.0444,Nancy Chapman,NANCY CHAPMAN
74061,13751,107.1408,Eduardo Foster,EDUARDO FOSTER
74062,12963,109.9144,Jaclyn Xie,JACLYN XIE
74063,18827,2574.6279,Dana Ruiz,DANA RUIZ
74064,18561,2640.9058,Kathleen Moreno,KATHLEEN MORENO
74065,15502,888.9504,Rachael Madan,RACHAEL MADAN
74066,15467,937.5594,Nancy Schmidt,NANCY SCHMIDT
74067,15334,937.5594,Devin Morris,DEVIN MORRIS
74068,15475,888.9394,Nancy Mehta,NANCY MEHTA
74070,12762,2602.264,Alexis Patterson,ALEXIS PATTERSON
74071,13777,1352.3432,Richard Johnston,RICHARD JOHNSTON
74072,16033,820.2968,Bobby Sanchez,BOBBY SANCHEZ
74073,12808,820.2968,Oscar Russell,OSCAR RUSSELL
74074,13580,858.9607,Miguel Hayes,MIGUEL HAYES
74077,16612,2563.589,Jesse Lopez,JESSE LOPEZ
74084,19004,1950.2808,Nicholas Martin,NICHOLAS MARTIN
74085,19112,1950.2808,Megan Ramirez,MEGAN RAMIREZ
74086,14730,2087.3119,Steven Richardson,STEVEN RICHARDSON
74089,13606,596.689,Blake Butler,BLAKE BUTLER
74091,14714,622.0708,Sheila Serrano,SHEILA SERRANO
74092,12263,2688.5092,Emily Hall,EMILY HALL
74093,11947,820.2968,Alisha Yang,ALISHA YANG
74096,11877,8.7848,Emma Garcia,EMMA GARCIA
74097,11371,27.614,Marshall Xu,MARSHALL XU
74105,20223,109.3508,George Perez,GEORGE PEREZ
74106,16250,2574.6279,Samuel Gonzalez,SAMUEL GONZALEZ
74107,13570,2618.8058,Miguel Foster,MIGUEL FOSTER
74108,14984,2590.0758,Randall Suarez,RANDALL SUAREZ
74109,19918,2607.7669,Kathryn Jai,KATHRYN JAI
74113,12159,16.5529,Taylor Robinson,TAYLOR ROBINSON
74115,19840,132.5779,Lindsay Chande,LINDSAY CHANDE
74116,18945,87.2729,Chelsea Raman,CHELSEA RAMAN
74117,18834,132.5779,Matthew Anderson,MATTHEW ANDERSON
74120,17967,35.6584,Ryan Smith,RYAN SMITH
74121,19331,32.0229,Olivia James,OLIVIA JAMES
74122,12304,69.5929,Hannah Lewis,HANNAH LEWIS
74125,11717,153.0204,Brianna Moore,BRIANNA MOORE
74126,15615,30.8958,Kyle Evans,KYLE EVANS
74127,13735,2580.1419,Robin Torres,ROBIN TORRES
74129,18400,2662.9948,Jésus Carlson,JÉSUS CARLSON
74131,18418,2566.1194,William Lee,WILLIAM LEE
74132,11512,2563.589,Destiny Rodriguez,DESTINY RODRIGUEZ
74133,13765,1374.4432,Richard Price,RICHARD PRICE
74134,20051,1381.0732,Shannon Alonso,SHANNON ALONSO
74136,14055,2626.5408,Melinda Moreno,MELINDA MORENO
74139,13967,2650.3204,Joanna Hernandez,JOANNA HERNANDEZ
74144,12314,2673.0613,Madison Johnson,MADISON JOHNSON
74145,13650,2634.3974,Javier Serrano,JAVIER SERRANO
74148,11786,38.664,Olivia Lewis,OLIVIA LEWIS
74149,17304,30.1444,Alan Liu,ALAN LIU
74150,15599,34.5534,Ricky Torres,RICKY TORRES
74151,17500,40.8408,Valerie Ye,VALERIE YE
74152,18444,28.1554,Brandon Wilson,BRANDON WILSON
74154,11902,27.0615,Elizabeth Weisman,ELIZABETH WEISMAN
74155,11051,65.1729,Joe Alonso,JOE ALONSO
74156,12666,2.5305,Clayton Goel,CLAYTON GOEL
74157,11884,38.664,Emma Clark,EMMA CLARK
74158,11170,108.2458,Morgan Brown,MORGAN BROWN
74161,11502,36.9402,Jenny Pal,JENNY PAL
74164,14274,40.432,Felicia Alonso,FELICIA ALONSO
74166,16721,55.2169,Francisco Sanchez,FRANCISCO SANCHEZ
74168,19885,136.9979,Nicole Sanchez,NICOLE SANCHEZ
74169,18356,132.5779,Frank Sanz,FRANK SANZ
74171,15495,44.1779,Sean Cook,SEAN COOK
74172,19200,79.5269,Brianna Murphy,BRIANNA MURPHY
74173,14689,5.514,Carlos Richardson,CARLOS RICHARDSON
74174,15060,27.614,Gina Dominguez,GINA DOMINGUEZ
74175,16191,24.2879,Tina Arthur,TINA ARTHUR
74176,20144,133.1083,Ronald Gonzalez,RONALD GONZALEZ
74177,14958,32.5754,Jared Morgan,JARED MORGAN
74182,11640,49.9902,Pedro Patel,PEDRO PATEL
74183,12959,38.675,Jaclyn She,JACLYN SHE
74184,15536,82.8529,Pamela Sai,PAMELA SAI
74185,12148,8.7848,Taylor Jackson,TAYLOR JACKSON
74186,13023,33.1279,Tamara Huang,TAMARA HUANG
74187,19597,28.1554,Holly Lopez,HOLLY LOPEZ
74190,16342,107.0966,Luis Nelson,LUIS NELSON
74191,11715,59.659,Pedro Gill,PEDRO GILL
74192,11276,6.9394,Natalie Martin,NATALIE MARTIN
74194,11530,55.239,Jenny Raji,JENNY RAJI
74196,11276,71.7919,Natalie Martin,NATALIE MARTIN
74199,18320,41.1834,Jorge Guo,JORGE GUO
74200,12055,26.4869,Abigail Martin,ABIGAIL MARTIN
74203,20490,55.2169,Keith Xie,KEITH XIE
74207,14533,101.1959,Isaiah Ramirez,ISAIAH RAMIREZ
74211,17706,44.1779,Jonathan Garcia,JONATHAN GARCIA
74212,11133,79.5158,Kaitlyn Thomas,KAITLYN THOMAS
74213,13797,8.0444,Linda Hernandez,LINDA HERNANDEZ
74214,12205,41.2055,Dawn Shen,DAWN SHEN
74215,13390,110.4337,Oscar Simmons,OSCAR SIMMONS
74216,13321,79.5048,Julian Barnes,JULIAN BARNES
74217,12478,9.934,Alejandro Huang,ALEJANDRO HUANG
74218,11595,38.664,Anna Thomas,ANNA THOMAS
74224,11749,8.7848,Olivia Jones,OLIVIA JONES
74225,18283,9.934,Zachary Williams,ZACHARY WILLIAMS
74226,11300,121.5169,Marshall Shen,MARSHALL SHEN
74228,13071,55.2169,Madison Barnes,MADISON BARNES
74229,18891,132.5779,Andrew Garcia,ANDREW GARCIA
74230,16757,5.514,Adam Scott,ADAM SCOTT
74232,14402,44.1779,Isaac Peterson,ISAAC PETERSON
74233,20508,24.2879,Jennifer Coleman,JENNIFER COLEMAN
74234,20330,79.5048,Chad Yuan,CHAD YUAN
74235,15629,44.1779,Jimmy Diaz,JIMMY DIAZ
74236,16321,8.0444,Gloria Diaz,GLORIA DIAZ
74237,15444,92.7869,Bryan Reed,BRYAN REED
74238,14988,38.675,Xavier Morgan,XAVIER MORGAN
74240,13804,30.1444,Richard Russell,RICHARD RUSSELL
74241,20168,35.6694,Phillip Raman,PHILLIP RAMAN
74244,12740,76.2119,Kayla Hayes,KAYLA HAYES
74245,11185,171.7944,Morgan Jackson,MORGAN JACKSON
74246,11138,44.189,Kaitlyn White,KAITLYN WHITE
74247,12145,138.0919,Kelli Anand,KELLI ANAND
74248,11801,41.2055,Ross Hernandez,ROSS HERNANDEZ
74249,19223,26.8184,Brianna James,BRIANNA JAMES
74250,18812,128.1248,Matthew Johnson,MATTHEW JOHNSON
74251,11856,82.8529,Emma Miller,EMMA MILLER
74252,12646,9.934,Clayton Jai,CLAYTON JAI
74253,11051,71.7919,Joe Alonso,JOE ALONSO
74254,11079,27.614,Jennifer Johnson,JENNIFER JOHNSON
74255,15154,27.614,Kendra Gutierrez,KENDRA GUTIERREZ
74256,17250,38.6529,Gabriel Lopez,GABRIEL LOPEZ
74257,19091,24.2879,Megan Bailey,MEGAN BAILEY
74258,18304,26.8184,Alexander Martin,ALEXANDER MARTIN
74260,16486,40.0784,Kyle Mitchell,KYLE MITCHELL
74261,11733,38.664,Brianna Robinson,BRIANNA ROBINSON
74266,20757,77.339,Carol Zhou,CAROL ZHOU
74267,16368,109.3508,Latoya Deng,LATOYA DENG
74269,14546,136.9979,Timothy Ramirez,TIMOTHY RAMIREZ
74271,12606,53.0069,Ashley Hayes,ASHLEY HAYES
74272,11142,82.8529,Kaitlyn Thompson,KAITLYN THOMPSON
74275,11383,54.1119,Jasmine Smith,JASMINE SMITH
74276,17491,62.9519,Valerie Huang,VALERIE HUANG
74277,16930,51.3494,Jerry Ferrier,JERRY FERRIER
74279,11115,86.7204,Karen Smith,KAREN SMITH
74280,11467,8.7848,Nicole Rodriguez,NICOLE RODRIGUEZ
74281,13124,4.409,Edwin Li,EDWIN LI
74287,17867,132.5558,Abby Madan,ABBY MADAN
74290,12795,132.5779,Abigail Barnes,ABIGAIL BARNES
74293,15306,99.4169,Jillian Madan,JILLIAN MADAN
74294,16240,5.514,Denise Stone,DENISE STONE
74295,18535,24.2879,Tyler Jones,TYLER JONES
74296,16274,5.514,Bethany Raji,BETHANY RAJI
74297,18153,5.514,Randy Lin,RANDY LIN
74298,15448,44.189,Diane Alvarez,DIANE ALVAREZ
74299,14999,46.7194,Renee Hernandez,RENEE HERNANDEZ
74300,14980,62.9519,Randall Serrano,RANDALL SERRANO
74306,11632,85.6154,Lauren Taylor,LAUREN TAYLOR
74307,15796,27.614,Sean Collins,SEAN COLLINS
74308,17237,122.5998,Terry Pal,TERRY PAL
74309,17375,24.2879,Krystal Gao,KRYSTAL GAO
74310,12692,175.695,Elizabeth Russell,ELIZABETH RUSSELL
74313,13760,76.2119,Monique Jimenez,MONIQUE JIMENEZ
74316,11287,42.9624,Ruben Carlson,RUBEN CARLSON
74317,17657,41.1834,Cameron Anderson,CAMERON ANDERSON
74318,18846,146.9319,Matthew Garcia,MATTHEW GARCIA
74319,18507,114.3454,Leslie Gomez,LESLIE GOMEZ
74321,11723,44.1779,Brianna Jackson,BRIANNA JACKSON
74322,18107,15.4479,Wesley Xu,WESLEY XU
74323,12056,44.1779,Kelli Yang,KELLI YANG
74324,14583,5.514,Micheal Travers,MICHEAL TRAVERS
74325,14407,71.2394,Lee Romero,LEE ROMERO
74327,19525,44.1779,Brett Martinez,BRETT MARTINEZ
74328,17939,41.1834,Ethan Thomas,ETHAN THOMAS
74329,13601,49.7029,Blake Patterson,BLAKE PATTERSON
74333,16443,5.514,Jackson Carter,JACKSON CARTER
74334,11645,109.9144,Lauren Harris,LAUREN HARRIS
74335,11294,44.189,Alexandra Smith,ALEXANDRA SMITH
74336,12696,27.614,Oscar Lu,OSCAR LU
74337,20309,75.6815,Bradley Rai,BRADLEY RAI
74338,14019,40.432,Tanya Munoz,TANYA MUNOZ
74339,17296,55.239,Bethany Raheem,BETHANY RAHEEM
74340,19587,103.2733,Holly Raman,HOLLY RAMAN
74341,18730,2.5305,Michael Taylor,MICHAEL TAYLOR
74342,11668,59.659,Pedro Lopez,PEDRO LOPEZ
74344,14371,36.023,Anne Navarro,ANNE NAVARRO
74347,20087,30.1444,Destiny Hughes,DESTINY HUGHES
74350,16071,40.432,Samuel Phillips,SAMUEL PHILLIPS
74351,16816,5.514,Nathan Baker,NATHAN BAKER
74352,18472,87.8144,Dylan Moore,DYLAN MOORE
74353,13919,94.4554,Theresa Carlson,THERESA CARLSON
74354,15259,24.2879,Heidi Prasad,HEIDI PRASAD
74355,14785,54.1119,Brian Cox,BRIAN COX
74356,19937,80.6208,Julie She,JULIE SHE
74357,20136,30.1444,Alyssa Howard,ALYSSA HOWARD
74358,17938,41.1834,David Thomas,DAVID THOMAS
74361,13677,44.1779,Rodney Munoz,RODNEY MUNOZ
74362,11218,41.2055,Ruben Subram,RUBEN SUBRAM
74363,16133,62.9519,Molly Vance,MOLLY VANCE
74364,11435,38.664,Nicole Brown,NICOLE BROWN
74365,15758,70.6869,Billy Gill,BILLY GILL
74366,15186,30.1444,Xavier Bailey,XAVIER BAILEY
74367,19651,65.4713,Patricia Suri,PATRICIA SURI
74368,16633,33.139,Alison Deng,ALISON DENG
74370,14675,55.239,Devin Cooper,DEVIN COOPER
74371,14684,60.764,Jamie Ortega,JAMIE ORTEGA
74372,18330,59.659,Jorge She,JORGE SHE
74373,11091,38.664,Jennifer Taylor,JENNIFER TAYLOR
74374,14265,59.659,Richard Sanders,RICHARD SANDERS
74375,11644,2.5305,Pedro Sai,PEDRO SAI
74376,11309,2.5305,Grace Anderson,GRACE ANDERSON
74377,11235,70.1344,Isabella Martin,ISABELLA MARTIN
74379,11182,43.0729,Morgan Anderson,MORGAN ANDERSON
74381,13762,47.4819,Eduardo Griffin,EDUARDO GRIFFIN
74383,16800,40.432,Gabriel Young,GABRIEL YOUNG
74384,16948,79.0959,Jordan Young,JORDAN YOUNG
74389,20393,16.5529,Julia Coleman,JULIA COLEMAN
74390,20491,26.4869,Jennifer Bennett,JENNIFER BENNETT
74391,20276,142.5119,Chloe Kelly,CHLOE KELLY
74392,17549,44.1779,Cameron Lewis,CAMERON LEWIS
74394,16883,54.1119,Jerry Shen,JERRY SHEN
74395,16239,44.1779,Denise Madan,DENISE MADAN
74396,16070,44.1779,Nathan Phillips,NATHAN PHILLIPS
74397,14482,99.4169,Jonathon Alonso,JONATHON ALONSO
74398,14340,24.2879,Kristy Blanco,KRISTY BLANCO
74399,18642,161.8052,Daniel Martinez,DANIEL MARTINEZ
74400,13798,110.5995,Richard Gonzales,RICHARD GONZALES
74401,13611,42.9624,Blake Gonzales,BLAKE GONZALES
74408,14992,40.0784,Paula Moreno,PAULA MORENO
74410,11985,44.189,Alisha She,ALISHA SHE
74411,12203,46.7194,Dawn Deng,DAWN DENG
74412,12890,79.5269,Rafael Goel,RAFAEL GOEL
74413,12417,65.4934,Ashley Wilson,ASHLEY WILSON
74414,16849,62.9519,Russell Xu,RUSSELL XU
74415,11597,38.664,Barbara Kumar,BARBARA KUMAR
74416,12040,9.934,Abigail Miller,ABIGAIL MILLER
74417,12690,35.6584,Elizabeth Alexander,ELIZABETH ALEXANDER
74420,13157,38.664,Spencer Washington,SPENCER WASHINGTON
74421,19953,25.3819,Nicole Blue,NICOLE BLUE
74422,11236,43.0729,Isabella Thompson,ISABELLA THOMPSON
74424,11659,23.7465,Lauren Rodriguez,LAUREN RODRIGUEZ
74425,11223,54.6754,Isabella Moore,ISABELLA MOORE
74427,16370,36.023,Alex Nelson,ALEX NELSON
74431,13267,16.5529,Roger Holt,ROGER HOLT
74432,13944,11.039,Joy Hernandez,JOY HERNANDEZ
74434,14361,118.1908,Charles Torres,CHARLES TORRES
74435,16576,165.1533,Noah Hill,NOAH HILL
74437,14999,16.8292,Renee Hernandez,RENEE HERNANDEZ
74439,12792,85.0519,Gregory Winston,GREGORY WINSTON
74440,12911,34.2219,Jaclyn Huang,JACLYN HUANG
74441,11552,38.664,Alyssa Robinson,ALYSSA ROBINSON
74443,16488,124.2794,Misty Raji,MISTY RAJI
74446,11262,30.1444,Natalie Wilson,NATALIE WILSON
74447,11277,28.1554,Ruben Vazquez,RUBEN VAZQUEZ
74450,15868,67.4934,José Perez,JOSÉ PEREZ
74451,14632,79.0959,Clinton Vazquez,CLINTON VAZQUEZ
74454,19863,77.339,Christine Stone,CHRISTINE STONE
74455,11211,77.339,Ruben Prasad,RUBEN PRASAD
74456,15574,140.6444,Eric Parker,ERIC PARKER
74457,19150,34.2219,Mary Patterson,MARY PATTERSON
74458,16188,62.9519,Alex Campbell,ALEX CAMPBELL
74459,18155,95.5383,Randy Zhou,RANDY ZHOU
74460,12405,40.432,Samantha Hall,SAMANTHA HALL
74463,11566,40.0784,Barbara Zhu,BARBARA ZHU
74464,11186,41.2055,Ruben Kapoor,RUBEN KAPOOR
74465,11733,176.789,Brianna Robinson,BRIANNA ROBINSON
74466,15856,40.8408,Allen Schmidt,ALLEN SCHMIDT
74467,17338,49.6256,Alan Hu,ALAN HU
74468,17126,62.9519,Mitchell Xie,MITCHELL XIE
74469,13072,38.675,Louis Deng,LOUIS DENG
74470,13172,132.6,Edwin Hu,EDWIN HU
74471,12149,8.7848,Taylor White,TAYLOR WHITE
74472,14228,27.614,Krista Torres,KRISTA TORRES
74473,17068,43.0729,Johnny Nara,JOHNNY NARA
74474,15607,65.7254,Hunter Evans,HUNTER EVANS
74475,13624,4.409,Javier Jiménez,JAVIER JIMÉNEZ
74476,19603,37.5479,Grace Rivera,GRACE RIVERA
74477,11730,38.664,Brianna Garcia,BRIANNA GARCIA
74478,11639,2.5305,Lauren Jackson,LAUREN JACKSON
74479,11085,59.6479,Jennifer Brown,JENNIFER BROWN
74480,11091,32.0229,Jennifer Taylor,JENNIFER TAYLOR
74481,20082,89.0299,Joel Rana,JOEL RANA
74485,18317,43.0729,Jorge Ma,JORGE MA
74487,13096,33.139,Fernando Bennett,FERNANDO BENNETT
74488,12431,77.339,Ashley Harris,ASHLEY HARRIS
74489,18555,5.514,Kathleen Hernandez,KATHLEEN HERNANDEZ
74492,15381,5.514,Juan Rogers,JUAN ROGERS
74493,19411,44.1779,Douglas Vance,DOUGLAS VANCE
74495,16583,46.7194,Adam Lopez,ADAM LOPEZ
74499,14196,76.2119,Bryan Kelly,BRYAN KELLY
74500,19469,43.0729,Raymond Rana,RAYMOND RANA
74501,11957,46.7194,Kayla Moore,KAYLA MOORE
74502,11441,48.5979,Nicole Wilson,NICOLE WILSON
74503,11923,8.7848,Elizabeth Martin,ELIZABETH MARTIN
74504,18719,38.6529,Michael Jones,MICHAEL JONES
74505,18326,38.6529,Jorge Hu,JORGE HU
74506,18466,48.5869,Brandi Martin,BRANDI MARTIN
74507,17057,59.659,Luis Hernandez,LUIS HERNANDEZ
74508,11179,70.1344,Roy Sullivan,ROY SULLIVAN
74509,14282,32.0229,Felicia Gutierrez,FELICIA GUTIERREZ
74511,11498,4.409,Jenny Shan,JENNY SHAN
74513,16772,134.3349,Candice Hu,CANDICE HU
74514,14765,38.5535,Sheila Suarez,SHEILA SUAREZ
74516,11200,214.3479,Morgan Lewis,MORGAN LEWIS
74517,20777,11.039,Crystal Hu,CRYSTAL HU
74518,16902,77.339,Eric Adams,ERIC ADAMS
74519,19711,87.2729,Kristina Lopez,KRISTINA LOPEZ
74520,20126,77.339,Ronald Prasad,RONALD PRASAD
74521,18077,87.2729,Benjamin Thomas,BENJAMIN THOMAS
74522,11824,65.1729,Victoria Garcia,VICTORIA GARCIA
74523,16024,5.514,Kyle Turner,KYLE TURNER
74524,14206,173.032,Devin Kelly,DEVIN KELLY
74525,13830,216.127,Marcus Long,MARCUS LONG
74526,12489,77.3169,Sarah Clark,SARAH CLARK
74529,11927,38.675,Elizabeth Martinez,ELIZABETH MARTINEZ
74530,11938,38.675,Alisha Wang,ALISHA WANG
74531,13094,62.9519,Fernando Price,FERNANDO PRICE
74532,12288,65.1729,Hannah Jackson,HANNAH JACKSON
74533,16698,35.6694,Thomas Green,THOMAS GREEN
74534,18711,83.9469,Jacob Lee,JACOB LEE
74536,11500,2.5305,Destiny Harris,DESTINY HARRIS
74537,13014,132.6,Tamara Li,TAMARA LI
74538,11065,6.9394,Joe Gill,JOE GILL
74540,12430,71.7919,Jon Lal,JON LAL
74541,13708,40.432,Rodney Rubio,RODNEY RUBIO
74543,16815,5.514,Mario Andersen,MARIO ANDERSEN
74544,13481,34.2219,Colin Stone,COLIN STONE
74545,14247,90.0133,Joy Ramos,JOY RAMOS
74546,16462,54.6754,Misty Lal,MISTY LAL
74548,11533,38.675,Alyssa Taylor,ALYSSA TAYLOR
74549,13281,24.2879,Gavin Ross,GAVIN ROSS
74550,12596,9.934,Ashley Bryant,ASHLEY BRYANT
74551,11585,55.239,Barbara Deng,BARBARA DENG
74552,14678,130.3458,Richard Cooper,RICHARD COOPER
74554,20404,138.114,Peter She,PETER SHE
74555,17321,147.4844,Alan Zhu,ALAN ZHU
74557,11094,86.1458,Jennifer Thomas,JENNIFER THOMAS
74558,18742,2.5305,Natasha Alvarez,NATASHA ALVAREZ
74559,12357,27.0615,Samantha Smith,SAMANTHA SMITH
74560,11729,38.664,Brianna Thompson,BRIANNA THOMPSON
74561,11019,132.6,Joe Belson,JOE BELSON
74563,11212,30.1444,Marshall Cai,MARSHALL CAI
74565,14724,42.9624,Jared Richardson,JARED RICHARDSON
74567,20510,80.5877,Jennifer Perry,JENNIFER PERRY
74568,18359,75.6815,John Thompson,JOHN THOMPSON
74569,16008,5.514,Bobby Prasad,BOBBY PRASAD
74571,17356,15.4479,Krystal Yang,KRYSTAL YANG
74572,20499,60.7529,Keith Lal,KEITH LAL
74573,14759,8.0444,Dalton Richardson,DALTON RICHARDSON
74574,14692,77.339,Walter Moreno,WALTER MORENO
74575,15682,77.339,Kyle Edwards,KYLE EDWARDS
74576,19303,44.1779,Erik Ortega,ERIK ORTEGA
74577,19347,30.6859,Cory Fernandez,CORY FERNANDEZ
74579,11519,44.189,Jenny Nath,JENNY NATH
74580,11849,219.884,Gerald Sara,GERALD SARA
74581,11172,99.4058,Roy Blanco,ROY BLANCO
74582,11844,82.8529,Victoria Walker,VICTORIA WALKER
74583,12542,9.934,Samantha Simmons,SAMANTHA SIMMONS
74584,12375,48.5979,Samantha Taylor,SAMANTHA TAYLOR
74586,19796,93.8808,Jasmine Reed,JASMINE REED
74587,12345,4.409,Colleen Goel,COLLEEN GOEL
74588,16480,76.2119,Misty Nara,MISTY NARA
74589,17322,9.934,Jose Taylor,JOSE TAYLOR
74590,14859,9.934,Lance Gutierrez,LANCE GUTIERREZ
74591,13140,54.1119,Spencer Barnes,SPENCER BARNES
74592,11656,2.5305,Pedro Raman,PEDRO RAMAN
74593,11019,71.2394,Joe Belson,JOE BELSON
74596,11176,5.514,Morgan Miller,MORGAN MILLER
74597,11287,33.1279,Ruben Carlson,RUBEN CARLSON
74600,20775,11.039,Crystal He,CRYSTAL HE
74601,19009,87.2729,Gary Martin,GARY MARTIN
74602,17673,5.514,Sandra Liang,SANDRA LIANG
74603,16954,75.1069,Carl Sharma,CARL SHARMA
74604,18341,75.0627,Frank Navarro,FRANK NAVARRO
74605,15293,44.1779,Carlos Morris,CARLOS MORRIS
74606,16502,44.1779,Jack Mitchell,JACK MITCHELL
74607,17210,79.5048,Tony Anand,TONY ANAND
74608,15690,40.432,Jason Edwards,JASON EDWARDS
74613,17819,4.409,Dana Romero,DANA ROMERO
74614,12802,44.1779,Oscar Foster,OSCAR FOSTER
74615,11067,109.9144,Joe Vazquez,JOE VAZQUEZ
74617,12876,40.8408,Rafael Andersen,RAFAEL ANDERSEN
74618,12519,55.239,Samantha Barnes,SAMANTHA BARNES
74619,12955,9.934,Robyn Jimenez,ROBYN JIMENEZ
74620,13963,71.7919,Joy Alvarez,JOY ALVAREZ
74622,17496,130.9315,Valerie Lin,VALERIE LIN
74623,11716,59.659,Brianna Miller,BRIANNA MILLER
74624,11262,59.659,Natalie Wilson,NATALIE WILSON
74625,11142,43.0729,Kaitlyn Thompson,KAITLYN THOMPSON
74626,12062,55.239,Abigail Martinez,ABIGAIL MARTINEZ
74632,16106,26.4869,Jack Phillips,JACK PHILLIPS
74634,11176,159.6394,Morgan Miller,MORGAN MILLER
74636,18952,87.2729,Chelsea Garcia,CHELSEA GARCIA
74637,18969,77.339,Joseph Walker,JOSEPH WALKER
74638,20275,147.5065,Chloe Brooks,CHLOE BROOKS
74639,16861,15.4479,Mohamed Pal,MOHAMED PAL
74640,16862,44.1779,Luis Adams,LUIS ADAMS
74646,14175,40.0784,Mason Kelly,MASON KELLY
74647,12196,38.675,Gail Butler,GAIL BUTLER
74648,13491,134.2023,Colin Kumar,COLIN KUMAR
74649,11349,75.1069,Rachel Anderson,RACHEL ANDERSON
74650,19220,34.2219,Brianna Gray,BRIANNA GRAY
74651,19583,23.7465,Grace Stewart,GRACE STEWART
74652,18748,66.8194,Natasha Alonso,NATASHA ALONSO
74656,15230,103.8369,Teresa Rubio,TERESA RUBIO
74657,19581,97.2069,Holly Srini,HOLLY SRINI
74658,11023,6.9394,Chloe Lee,CHLOE LEE
74660,11277,79.0959,Ruben Vazquez,RUBEN VAZQUEZ
74661,14906,50.3659,Patrick Ward,PATRICK WARD
74662,11698,33.139,Megan Robinson,MEGAN ROBINSON
74665,19895,142.5119,Christine Goel,CHRISTINE GOEL
74666,18385,5.514,Anthony Clark,ANTHONY CLARK
74667,18114,65.1729,Alexander Williams,ALEXANDER WILLIAMS
74668,11823,15.4479,Ross Ramos,ROSS RAMOS
74669,15825,44.1779,Troy Gonzalez,TROY GONZALEZ
74670,16233,126.4783,Denise Patel,DENISE PATEL
74671,14431,24.2879,Jared Peterson,JARED PETERSON
74672,14368,94.4554,Anne Alonso,ANNE ALONSO
74673,13946,24.2879,Seth Bennett,SETH BENNETT
74674,17190,26.8184,Tony Raje,TONY RAJE
74675,19059,94.4554,Craig Moreno,CRAIG MORENO
74676,14179,79.0959,Sabrina Torres,SABRINA TORRES
74677,19304,92.7869,Frank Martin,FRANK MARTIN
74678,19932,27.614,Kathryn Raji,KATHRYN RAJI
74680,14545,37.5479,Sean Ramirez,SEAN RAMIREZ
74683,18013,30.6859,Brent Gao,BRENT GAO
74685,13665,76.2119,Edward Hayes,EDWARD HAYES
74686,16035,5.514,Jordan Turner,JORDAN TURNER
74687,11633,82.8529,Marshall Nara,MARSHALL NARA
74688,12176,46.7194,Anna Brown,ANNA BROWN
74689,12601,9.934,Jarred Gill,JARRED GILL
74690,15231,34.5534,Carlos Sanchez,CARLOS SANCHEZ
74691,18289,94.4554,Jorge Liu,JORGE LIU
74692,19268,44.189,Erik Hernandez,ERIK HERNANDEZ
74694,14679,55.239,Marcus Cooper,MARCUS COOPER
74695,11308,2.5305,Grace Taylor,GRACE TAYLOR
74698,11711,40.432,Brianna Jones,BRIANNA JONES
74699,11176,42.9624,Morgan Miller,MORGAN MILLER
74700,17680,182.5681,Logan Lee,LOGAN LEE
74701,13289,26.4869,Roger Xu,ROGER XU
74705,16076,8.0444,Andre Lopez,ANDRE LOPEZ
74706,12159,44.1779,Taylor Robinson,TAYLOR ROBINSON
74707,14856,44.1779,Lance Romero,LANCE ROMERO
74708,14500,71.2394,Jonathon Ramos,JONATHON RAMOS
74709,16257,80.6208,Thomas Gonzalez,THOMAS GONZALEZ
74713,12803,48.8631,Rafael Zhou,RAFAEL ZHOU
74714,16467,8.0444,Nathan Mitchell,NATHAN MITCHELL
74715,12087,46.7194,Kelli Hu,KELLI HU
74716,13578,49.7029,Jon Shen,JON SHEN
74717,12313,48.5979,Madison Smith,MADISON SMITH
74718,12974,62.9519,Dakota Russell,DAKOTA RUSSELL
74719,13961,96.0798,Seth Powell,SETH POWELL
74720,12410,132.6,Jaime Jimenez,JAIME JIMENEZ
74721,15437,38.6529,Candace Sanchez,CANDACE SANCHEZ
74722,18367,23.7465,Jésus Gomez,JÉSUS GOMEZ
74724,12696,53.0069,Oscar Lu,OSCAR LU
74725,19624,98.3119,Cassandra Prasad,CASSANDRA PRASAD
74726,11819,59.659,Warren Chow,WARREN CHOW
74728,11277,35.6584,Ruben Vazquez,RUBEN VAZQUEZ
74734,19980,104.4004,Tara Xie,TARA XIE
74735,18419,44.1779,Larry Alvarez,LARRY ALVAREZ
74736,11869,32.5754,Warren Yang,WARREN YANG
74737,16918,71.2394,Jerry Rai,JERRY RAI
74738,19000,26.8184,Veronica Gonzalez,VERONICA GONZALEZ
74739,13738,24.2879,Robin Dominguez,ROBIN DOMINGUEZ
74740,13469,79.5269,Dalton Butler,DALTON BUTLER
74741,16285,85.0187,Jordan Gonzalez,JORDAN GONZALEZ
74742,14986,52.9737,Seth Morgan,SETH MORGAN
74743,15111,87.2729,Paula Dominguez,PAULA DOMINGUEZ
74744,17774,30.1444,Susan Liang,SUSAN LIANG
74749,19486,131.4508,Raymond Sanchez,RAYMOND SANCHEZ
74750,11190,44.189,Ruben Patel,RUBEN PATEL
74751,12055,49.9902,Abigail Martin,ABIGAIL MARTIN
74752,12456,24.2879,Jon Goel,JON GOEL
74753,12943,107.1408,Dakota Barnes,DAKOTA BARNES
74754,15594,34.5534,Ricky Gutierrez,RICKY GUTIERREZ
74755,20428,33.139,Dwayne Moreno,DWAYNE MORENO
74758,13040,38.664,Robyn Romero,ROBYN ROMERO
74759,11212,43.0729,Marshall Cai,MARSHALL CAI
74762,15197,38.5535,Mason Rivera,MASON RIVERA
74765,20688,76.2119,Morgan Torres,MORGAN TORRES
74766,20772,80.5877,Crystal Liang,CRYSTAL LIANG
74767,17378,44.1779,Krystal Liang,KRYSTAL LIANG
74768,19872,8.0444,Byron Rubio,BYRON RUBIO
74769,15749,8.0444,Thomas Collins,THOMAS COLLINS
74771,14977,33.1279,Randall Vazquez,RANDALL VAZQUEZ
74774,19915,87.2619,Kathryn Sharma,KATHRYN SHARMA
74775,14143,47.4819,Steven Brooks,STEVEN BROOKS
74778,11228,82.8529,Marshall Zeng,MARSHALL ZENG
74779,11870,229.0444,Tamara Ma,TAMARA MA
74780,12961,82.8529,Carol Washington,CAROL WASHINGTON
74781,13033,50.7748,Louis Ye,LOUIS YE
74782,12233,38.664,Dawn Chander,DAWN CHANDER
74783,12551,55.239,Samantha Diaz,SAMANTHA DIAZ
74784,11276,8.7848,Natalie Martin,NATALIE MARTIN
74785,11874,8.7848,Emma Thompson,EMMA THOMPSON
74786,13669,30.1444,Wyatt Bennett,WYATT BENNETT
74787,19573,26.2769,Emma Gonzales,EMMA GONZALES
74789,14056,87.2729,Evan Watson,EVAN WATSON
74790,17282,69.5929,Warren Shan,WARREN SHAN
74791,17311,9.934,Jose Wilson,JOSE WILSON
74792,11692,59.659,Megan Thompson,MEGAN THOMPSON
74793,11501,135.1305,Destiny Martin,DESTINY MARTIN
74794,11636,2.5305,Pedro Kapoor,PEDRO KAPOOR
74795,11458,71.7919,Nicole Martin,NICOLE MARTIN
74799,12077,33.139,Kelli Gao,KELLI GAO
74800,13701,16.5529,Rodney Serrano,RODNEY SERRANO
74801,11740,55.2169,Brianna Lee,BRIANNA LEE
74802,18499,5.514,Brandi Carlson,BRANDI CARLSON
74804,18920,142.5119,Orlando Vazquez,ORLANDO VAZQUEZ
74806,19063,71.7919,Lauren Gonzales,LAUREN GONZALES
74807,17881,35.6584,Carrie Schmidt,CARRIE SCHMIDT
74808,15760,41.2055,Luis Collins,LUIS COLLINS
74809,12443,33.0727,Jon Chavez,JON CHAVEZ
74810,12334,55.239,Colleen Raje,COLLEEN RAJE
74811,20455,26.2769,Corey Tang,COREY TANG
74814,11680,59.659,Pedro Martin,PEDRO MARTIN
74817,18317,26.2769,Jorge Ma,JORGE MA
74818,13860,32.034,Joy Martin,JOY MARTIN
74820,18749,106.1574,Natasha Romero,NATASHA ROMERO
74822,11520,132.5779,Destiny Hall,DESTINY HALL
74823,18965,136.9979,Chelsea Perez,CHELSEA PEREZ
74824,12097,87.2729,Warren Gao,WARREN GAO
74826,16962,15.4479,Carl Andersen,CARL ANDERSEN
74827,15383,126.4783,Cole Rogers,COLE ROGERS
74828,17708,103.2954,Samuel Garcia,SAMUEL GARCIA
74829,15074,94.4554,Gina Schmidt,GINA SCHMIDT
74830,15113,132.5779,Cody Murphy,CODY MURPHY
74831,17719,43.0729,Nathan Walker,NATHAN WALKER
74833,19491,6.9394,Emma Reed,EMMA REED
74838,12529,94.4554,Samantha Perry,SAMANTHA PERRY
74839,13211,34.2219,Edwin Nath,EDWIN NATH
74840,16848,34.2219,Russell Tang,RUSSELL TANG
74841,17450,33.0727,Leah Huang,LEAH HUANG
74842,13604,49.7029,Blake Flores,BLAKE FLORES
74843,11137,6.9394,Kaitlyn Jackson,KAITLYN JACKSON
74844,13617,27.614,Walter Sanz,WALTER SANZ
74845,13140,227.9063,Spencer Barnes,SPENCER BARNES
74847,13962,55.239,Wendy Suarez,WENDY SUAREZ
74848,14057,55.239,Mason Watson,MASON WATSON
74849,16030,40.0784,Bobby Rodriguez,BOBBY RODRIGUEZ
74850,19104,76.2119,Mary Howard,MARY HOWARD
74851,12034,2.5305,Abigail Johnson,ABIGAIL JOHNSON
74852,17381,175.695,Krystal Guo,KRYSTAL GUO
74853,14086,42.9624,Steven Watson,STEVEN WATSON
74854,12008,27.0615,Alexis Ashe,ALEXIS ASHE
74855,11200,2.5305,Morgan Lewis,MORGAN LEWIS
74856,11507,8.0444,Marshall Jai,MARSHALL JAI
74859,15847,38.6529,Kellie Gomez,KELLIE GOMEZ
74861,15511,16.5529,Sebastian Cook,SEBASTIAN COOK
74862,14096,65.1508,Richard Watson,RICHARD WATSON
74863,20466,16.5529,Corey Andersen,COREY ANDERSEN
74864,18813,142.5119,Meghan Serrano,MEGHAN SERRANO
74865,18073,15.4479,Jeffery Hu,JEFFERY HU
74866,16768,5.514,Candice Zimmerman,CANDICE ZIMMERMAN
74867,15336,8.0444,Jillian Martinez,JILLIAN MARTINEZ
74868,19043,27.614,Gary Ramos,GARY RAMOS
74869,19377,128.0916,Shane Srini,SHANE SRINI
74873,17253,33.139,Terry Black,TERRY BLACK
74874,16635,135.2631,Kevin Hill,KEVIN HILL
74875,16730,79.5269,Evan Adams,EVAN ADAMS
74877,19752,65.1729,Cynthia Martinez,CYNTHIA MARTINEZ
74878,17239,59.659,Thomas Lopez,THOMAS LOPEZ
74879,12690,175.695,Elizabeth Alexander,ELIZABETH ALEXANDER
74880,11188,6.9394,Marshall Hu,MARSHALL HU
74887,11711,5.514,Brianna Jones,BRIANNA JONES
74892,15826,26.4869,Kelvin Zhang,KELVIN ZHANG
74893,20737,142.5119,Crystal Zhang,CRYSTAL ZHANG
74894,15377,77.339,Brenda Fernandez,BRENDA FERNANDEZ
74896,18870,77.339,Andrew Brown,ANDREW BROWN
74897,18505,15.4479,Brandi Ortega,BRANDI ORTEGA
74898,18797,87.2729,Meghan Moyer,MEGHAN MOYER
74899,16723,8.0444,Francisco Perez,FRANCISCO PEREZ
74900,15694,110.5995,Caleb Edwards,CALEB EDWARDS
74902,18618,35.6694,Stacy Gill,STACY GILL
74906,12871,37.5479,Rafael Pal,RAFAEL PAL
74908,11013,82.8529,Joe Raman,JOE RAMAN
74909,11501,153.0204,Destiny Martin,DESTINY MARTIN
74910,12776,41.2055,Omar Raji,OMAR RAJI
74911,16331,33.0727,Katrina Xu,KATRINA XU
74912,16667,26.8184,Connor Hill,CONNOR HILL
74913,11501,8.7848,Destiny Martin,DESTINY MARTIN
74914,16492,101.6158,Jordan Mitchell,JORDAN MITCHELL
74918,12093,9.934,Jessica Moore,JESSICA MOORE
74919,11262,38.664,Natalie Wilson,NATALIE WILSON
74920,11506,80.6208,Carol Martinez,CAROL MARTINEZ
74922,11330,27.614,Grace Lewis,GRACE LEWIS
74923,11276,76.2119,Natalie Martin,NATALIE MARTIN
74925,14341,76.2119,Kristy Ramos,KRISTY RAMOS
74929,14504,55.2169,Jonathon Suarez,JONATHON SUAREZ
74930,18939,77.339,Chelsea Madan,CHELSEA MADAN
74931,17589,66.2779,Stacey Li,STACEY LI
74932,16922,109.3508,Nathan King,NATHAN KING
74935,11209,38.675,Isabella Williams,ISABELLA WILLIAMS
74936,16721,118.1908,Francisco Sanchez,FRANCISCO SANCHEZ
74937,19086,83.9469,Craig Suarez,CRAIG SUAREZ
74939,13005,180.104,Emily Butler,EMILY BUTLER
74940,14557,59.659,Chase Ramirez,CHASE RAMIREZ
74941,11131,55.239,Kaitlyn Taylor,KAITLYN TAYLOR
74949,11823,77.3169,Ross Ramos,ROSS RAMOS
74952,16506,11.039,Luis Mitchell,LUIS MITCHELL
74953,12136,55.2169,Kelli Nath,KELLI NATH
74954,19226,132.5779,Brianna Watson,BRIANNA WATSON
74955,18070,5.514,Christopher Davis,CHRISTOPHER DAVIS
74956,17697,5.514,Margaret Chen,MARGARET CHEN
74957,16060,8.0444,Timothy Turner,TIMOTHY TURNER
74958,16245,5.514,Denise Rana,DENISE RANA
74959,14869,60.7308,Cody Howard,CODY HOWARD
74960,14575,205.4969,Marcus Ramirez,MARCUS RAMIREZ
74961,13731,24.2879,Eduardo Ross,EDUARDO ROSS
74962,16443,68.4658,Jackson Carter,JACKSON CARTER
74963,18159,24.2879,Benjamin Johnson,BENJAMIN JOHNSON
74964,14962,70.6869,Randall Munoz,RANDALL MUNOZ
74966,13707,44.189,Rodney Sanz,RODNEY SANZ
74967,11786,101.6269,Olivia Lewis,OLIVIA LEWIS
74968,13295,79.5269,Gavin Long,GAVIN LONG
74969,16622,77.3169,James Hill,JAMES HILL
74970,19582,28.1554,Emma Diaz,EMMA DIAZ
74971,20257,23.7465,Derek Chande,DEREK CHANDE
74972,14054,77.339,Alex Watson,ALEX WATSON
74974,15758,38.664,Billy Gill,BILLY GILL
74975,11331,43.0729,Grace Lee,GRACE LEE
74977,11502,108.2458,Jenny Pal,JENNY PAL
74978,11219,2.5305,Ruben Mehta,RUBEN MEHTA
74980,11642,98.3229,Pedro Malhotra,PEDRO MALHOTRA
74983,15251,55.2169,Timothy Sanchez,TIMOTHY SANCHEZ
74985,18668,5.514,Daniel Davis,DANIEL DAVIS
74986,15361,44.1779,Evan Rogers,EVAN ROGERS
74987,20745,71.2394,Morgan Griffin,MORGAN GRIFFIN
74988,14258,89.4608,Cody Sanders,CODY SANDERS
74989,13875,26.8184,Desiree Carlson,DESIREE CARLSON
74990,16035,51.3494,Jordan Turner,JORDAN TURNER
74992,18003,70.6869,Ryan Garcia,RYAN GARCIA
74997,12801,32.5754,Abigail Perry,ABIGAIL PERRY
75001,11123,114.8758,Kaitlyn Brown,KAITLYN BROWN
75002,17305,38.664,Alan Yang,ALAN YANG
75003,14321,55.239,Angel Torres,ANGEL TORRES
75004,11229,43.0729,Ruben Rodriguez,RUBEN RODRIGUEZ
75005,19640,30.6859,Grace Ross,GRACE ROSS
75006,12945,113.7598,Jaclyn Guo,JACLYN GUO
75008,12444,71.7919,Ashley Clark,ASHLEY CLARK
75011,18535,33.139,Tyler Jones,TYLER JONES
75012,17391,5.514,Naomi Navarro,NAOMI NAVARRO
75013,18503,136.9979,Brandi Sanz,BRANDI SANZ
75015,14397,44.1779,Sheila Ruiz,SHEILA RUIZ
75016,17686,79.5048,Jonathan Thomas,JONATHAN THOMAS
75017,20551,71.7919,Kaitlyn Morris,KAITLYN MORRIS
75018,18172,41.2055,Austin Jones,AUSTIN JONES
75019,14168,79.5048,Sabrina Moreno,SABRINA MORENO
75020,20169,87.2508,Alyssa Sanders,ALYSSA SANDERS
75022,12606,272.3273,Ashley Hayes,ASHLEY HAYES
75029,12088,123.7158,Kelli Cai,KELLI CAI
75030,12038,27.614,Abigail Jones,ABIGAIL JONES
75033,16175,43.0729,Jordan Campbell,JORDAN CAMPBELL
75034,11118,8.7848,Roy Raman,ROY RAMAN
75035,15263,9.934,Heidi Rana,HEIDI RANA
75036,11711,69.5929,Brianna Jones,BRIANNA JONES
75037,15761,4.409,Aaron Collins,AARON COLLINS
75038,11185,87.8144,Morgan Jackson,MORGAN JACKSON
75040,14079,42.9624,Melinda Serrano,MELINDA SERRANO
75041,18926,168.2694,Joseph Anderson,JOSEPH ANDERSON
75043,20365,77.339,Shawn Deng,SHAWN DENG
75044,20473,16.5529,Jennifer Peterson,JENNIFER PETERSON
75045,18674,136.9979,Diana Ramos,DIANA RAMOS
75046,20298,77.339,Bradley Pal,BRADLEY PAL
75047,17584,44.1779,Brittney She,BRITTNEY SHE
75048,18774,146.9319,Natasha Sanz,NATASHA SANZ
75051,15300,5.514,Jillian Malhotra,JILLIAN MALHOTRA
75052,16303,165.7279,Mason Gonzalez,MASON GONZALEZ
75053,14933,40.8408,Albert Rubio,ALBERT RUBIO
75054,17851,54.6754,Ethan Robinson,ETHAN ROBINSON
75055,20134,164.6229,Ronald Subram,RONALD SUBRAM
75058,12643,103.8369,Clayton Sharma,CLAYTON SHARMA
75059,13338,134.7437,Robyn Ortega,ROBYN ORTEGA
75060,14514,156.8879,Richard Gray,RICHARD GRAY
75061,17283,97.7483,Kelvin Lin,KELVIN LIN
75063,18732,126.4783,Michael Anderson,MICHAEL ANDERSON
75064,12351,75.1069,Colleen Raji,COLLEEN RAJI
75065,16640,36.023,Alison Tang,ALISON TANG
75069,11502,109.3508,Jenny Pal,JENNY PAL
75070,11176,27.614,Morgan Miller,MORGAN MILLER
75073,11875,30.1444,Tamara He,TAMARA HE
75075,13175,132.5558,Edwin Deng,EDWIN DENG
75077,16370,86.1016,Alex Nelson,ALEX NELSON
75079,12939,75.6815,Jaclyn Ma,JACLYN MA
75080,18805,147.5065,Joshua Lee,JOSHUA LEE
75081,13929,85.0519,Lucas Butler,LUCAS BUTLER
75083,13423,44.189,Xavier Washington,XAVIER WASHINGTON
75084,11078,132.6,Joe Sanz,JOE SANZ
75085,11927,18.7187,Elizabeth Martinez,ELIZABETH MARTINEZ
75087,11794,38.664,Victoria Williams,VICTORIA WILLIAMS
75088,14680,125.9258,Ian Cooper,IAN COOPER
75089,19585,66.8194,Grace Sanchez,GRACE SANCHEZ
75091,20601,88.9194,Katie Shen,KATIE SHEN
75093,16170,173.032,Caleb Campbell,CALEB CAMPBELL
75094,16927,8.7848,Samuel Young,SAMUEL YOUNG
75095,11657,59.659,Lauren Clark,LAUREN CLARK
75096,11287,98.3119,Ruben Carlson,RUBEN CARLSON
75100,13350,86.7204,Willie Zhao,WILLIE ZHAO
75101,20201,147.5065,Alyssa Hughes,ALYSSA HUGHES
75102,19893,132.5779,Christine Nath,CHRISTINE NATH
75103,18529,44.1779,Leslie Gill,LESLIE GILL
75104,17151,14.2987,Jose Wright,JOSE WRIGHT
75105,15160,109.3508,Kendra Gill,KENDRA GILL
75106,14474,8.0444,Isaac Gray,ISAAC GRAY
75107,14029,62.9519,Tanya Gutierrez,TANYA GUTIERREZ
75109,14114,94.4554,Alex Brooks,ALEX BROOKS
75110,13753,93.8366,Robin Sanz,ROBIN SANZ
75111,19072,54.1119,Lauren Diaz,LAUREN DIAZ
75116,16402,5.514,Latoya Rai,LATOYA RAI
75117,18178,32.5754,Randy Zheng,RANDY ZHENG
75118,13671,149.4292,Rodney Moreno,RODNEY MORENO
75119,11981,46.7194,Alisha Hu,ALISHA HU
75120,18749,93.8808,Natasha Romero,NATASHA ROMERO
75121,15251,82.8529,Timothy Sanchez,TIMOTHY SANCHEZ
75122,15868,34.2219,José Perez,JOSÉ PEREZ
75123,18759,209.9169,Joshua Johnson,JOSHUA JOHNSON
